=== NFS Most Wanted R36S consolidated gameplay test ===
Thu Sep  4 08:53:14 PM IST 2025
Linux darkosre-r36 4.4.189 #62 SMP Sat Dec 13 08:49:45 CST 2025 aarch64 GNU/Linux
CFW_NAME=dArkOSRE
DEVICE_ARCH=aarch64
DEVICE_HAS_ARMHF=Y
mapper=/roms/ports/nfsmw-maptest/nfsmw_mapper: ELF 32-bit LSB pie executable, ARM, EABI5 version 1 (SYSV), dynamically linked, interpreter /lib/ld-linux-armhf.so.3, BuildID[sha1]=195dca424ad1adcb529f3dbd9bd318b01895fba0, with debug_info, not stripped
GL: forcing the Mali blob from /usr/lib/arm-linux-gnueabihf/libmali-bifrost-g31-rxp0-gbm.so
=== G2 MAP REGRESSION ===
mapping[0]=/roms/ports/nfsmw-maptest/android-libs/libc++_shared.so
module=/roms/ports/nfsmw-maptest/android-libs/libc++_shared.so soname=libc++_shared.so mapped=581632 bytes bias=0xf73b6000
  needed=libc.so
  needed=libdl.so
  rel=3122 plt_rel=1087 relative_fastpath=1168
mapping[1]=/roms/ports/nfsmw-maptest/android-libs/libfmodex.so
module=/roms/ports/nfsmw-maptest/android-libs/libfmodex.so soname=libfmodex.so mapped=1097728 bytes bias=0xf71dc000
  needed=libc.so
  needed=libstdc++.so
  needed=libm.so
  needed=libdl.so
  needed=liblog.so
  rel=1184 plt_rel=462 relative_fastpath=1178
mapping[2]=/roms/ports/nfsmw-maptest/android-libs/libfmodevent.so
module=/roms/ports/nfsmw-maptest/android-libs/libfmodevent.so soname=libfmodevent.so mapped=356352 bytes bias=0xf735f000
  needed=libc.so
  needed=libstdc++.so
  needed=libm.so
  needed=libdl.so
  needed=liblog.so
  needed=libfmodex.so
  rel=932 plt_rel=269 relative_fastpath=754
mapping[3]=/roms/ports/nfsmw-maptest/android-libs/libNimble.so
module=/roms/ports/nfsmw-maptest/android-libs/libNimble.so soname=libNimble.so mapped=20480 bytes bias=0xf76f8000
  needed=libstdc++.so
  needed=libm.so
  needed=libdl.so
  needed=libc.so
  rel=8 plt_rel=30 relative_fastpath=3
mapping[4]=/roms/ports/nfsmw-maptest/android-libs/libapp.so
module=/roms/ports/nfsmw-maptest/android-libs/libapp.so soname=libapp.so mapped=11624448 bytes bias=0xf5bf3000
  needed=libc++_shared.so
  needed=libfmodex.so
  needed=libfmodevent.so
  needed=libGLESv2.so
  needed=libEGL.so
  needed=liblog.so
  needed=libjnigraphics.so
  needed=libNimble.so
  needed=libc.so
  needed=libm.so
  needed=libdl.so
  rel=48533 plt_rel=515 relative_fastpath=45699
G2 PASS: mapped 5 ARM32 modules without guest execution
=== G3 PROVIDER CENSUS (NO GUEST EXECUTION) ===
Target host libraries opened (8): libc.so.6 libm.so.6 libdl.so.2 libpthread.so.0 libEGL.so.1 libEGL.so libGLESv2.so.2 libGLESv2.so
Provider census: imports=982 guest=254 softfp=61 compat=190 host-candidate=476 unbridged=0 missing=1 weak=0
Unbridged Bionic/Android APIs (0 unique):
No target provider found (1 unique):
  __dso_handle
G3-CENSUS PASS: target provider data captured; full relocation remains gated on ABI bridges
=== G5/G6/G8 HOST PREFLIGHTS ===
G5-HOST GLES vendor=ARM renderer=Mali-G31 version=OpenGL ES 3.2 v1.r13p0-01rel0.8747d14aec16ec21ac2b2da252c4ec5f drawable=640x480
G5-HOST PASS SDL=KMSDRM GLES2 frames=3
G6-HOST PASS controller=GO-Super Gamepad joysticks=1
G8-HOST PASS driver=alsa format=44100Hz/2ch queued=4096 bytes
HOST-PREFLIGHT PASS graphics=1 controller=1 audio=1
=== G3 ARM REL RELOCATION PHASE A ===
G3-REL libc++_shared.so total=4209 relative=1168 abs32=1767 glob=187 jump=1087 unresolved=0 first=none
G3-REL libfmodex.so total=1646 relative=1178 abs32=4 glob=2 jump=462 unresolved=0 first=none
G3-REL libfmodevent.so total=1201 relative=754 abs32=178 glob=0 jump=269 unresolved=0 first=none
G3-REL libNimble.so total=38 relative=3 abs32=0 glob=5 jump=30 unresolved=0 first=none
G3-REL libapp.so total=49048 relative=45699 abs32=2799 glob=35 jump=515 unresolved=0 first=none
G3-REL providers guest=3043 softfp=59 host=459 alias=178 blocked=0 missing=0
G3 FULL RELOCATION PASS processed=56142 unresolved=0; host providers retained
=== G4 BIONIC SIGNAL/JUMP SELFTEST ===
G4-SIGNAL PASS: sigaction, sigprocmask and siglongjmp
=== G4 DEPENDENCY-ORDERED CONSTRUCTORS ===
G4-CTOR enter module=libc++_shared.so kind=DT_INIT_ARRAY index=0 address=0xf73ed019
G4-CTOR leave module=libc++_shared.so kind=DT_INIT_ARRAY index=0
G4-CTOR enter module=libfmodex.so kind=DT_INIT_ARRAY index=0 address=0xf720390c
G4-CTOR leave module=libfmodex.so kind=DT_INIT_ARRAY index=0
G4-CTOR enter module=libfmodex.so kind=DT_INIT_ARRAY index=1 address=0xf7204fec
G4-CTOR leave module=libfmodex.so kind=DT_INIT_ARRAY index=1
G4-CTOR enter module=libfmodex.so kind=DT_INIT_ARRAY index=2 address=0xf7220e34
G4-CTOR leave module=libfmodex.so kind=DT_INIT_ARRAY index=2
G4-CTOR enter module=libfmodex.so kind=DT_INIT_ARRAY index=3 address=0xf7224108
G4-CTOR leave module=libfmodex.so kind=DT_INIT_ARRAY index=3
G4-CTOR enter module=libfmodex.so kind=DT_INIT_ARRAY index=4 address=0xf7225014
G4-CTOR leave module=libfmodex.so kind=DT_INIT_ARRAY index=4
G4-CTOR enter module=libfmodex.so kind=DT_INIT_ARRAY index=5 address=0xf72265a4
G4-CTOR leave module=libfmodex.so kind=DT_INIT_ARRAY index=5
G4-CTOR enter module=libfmodex.so kind=DT_INIT_ARRAY index=6 address=0xf7227078
G4-CTOR leave module=libfmodex.so kind=DT_INIT_ARRAY index=6
G4-CTOR enter module=libfmodex.so kind=DT_INIT_ARRAY index=7 address=0xf722b78c
G4-CTOR leave module=libfmodex.so kind=DT_INIT_ARRAY index=7
G4-CTOR enter module=libfmodex.so kind=DT_INIT_ARRAY index=8 address=0xf7232cfc
G4-CTOR leave module=libfmodex.so kind=DT_INIT_ARRAY index=8
G4-CTOR enter module=libfmodex.so kind=DT_INIT_ARRAY index=9 address=0xf7236a3c
G4-CTOR leave module=libfmodex.so kind=DT_INIT_ARRAY index=9
G4-CTOR enter module=libfmodex.so kind=DT_INIT_ARRAY index=10 address=0xf72393d4
G4-CTOR leave module=libfmodex.so kind=DT_INIT_ARRAY index=10
G4-CTOR enter module=libfmodex.so kind=DT_INIT_ARRAY index=11 address=0xf7242910
G4-CTOR leave module=libfmodex.so kind=DT_INIT_ARRAY index=11
G4-CTOR enter module=libfmodex.so kind=DT_INIT_ARRAY index=12 address=0xf72435ac
G4-CTOR leave module=libfmodex.so kind=DT_INIT_ARRAY index=12
G4-CTOR enter module=libfmodex.so kind=DT_INIT_ARRAY index=13 address=0xf7244cb8
G4-CTOR leave module=libfmodex.so kind=DT_INIT_ARRAY index=13
G4-CTOR enter module=libfmodex.so kind=DT_INIT_ARRAY index=14 address=0xf7245514
G4-CTOR leave module=libfmodex.so kind=DT_INIT_ARRAY index=14
G4-CTOR enter module=libfmodex.so kind=DT_INIT_ARRAY index=15 address=0xf72486d4
G4-CTOR leave module=libfmodex.so kind=DT_INIT_ARRAY index=15
G4-CTOR enter module=libfmodex.so kind=DT_INIT_ARRAY index=16 address=0xf7249528
G4-CTOR leave module=libfmodex.so kind=DT_INIT_ARRAY index=16
G4-CTOR enter module=libfmodex.so kind=DT_INIT_ARRAY index=17 address=0xf72498d8
G4-CTOR leave module=libfmodex.so kind=DT_INIT_ARRAY index=17
G4-CTOR enter module=libfmodex.so kind=DT_INIT_ARRAY index=18 address=0xf724c2bc
G4-CTOR leave module=libfmodex.so kind=DT_INIT_ARRAY index=18
G4-CTOR enter module=libfmodex.so kind=DT_INIT_ARRAY index=19 address=0xf724fe14
G4-CTOR leave module=libfmodex.so kind=DT_INIT_ARRAY index=19
G4-CTOR enter module=libfmodex.so kind=DT_INIT_ARRAY index=20 address=0xf7250c5c
G4-CTOR leave module=libfmodex.so kind=DT_INIT_ARRAY index=20
G4-CTOR enter module=libfmodex.so kind=DT_INIT_ARRAY index=21 address=0xf7251c24
G4-CTOR leave module=libfmodex.so kind=DT_INIT_ARRAY index=21
G4-CTOR enter module=libfmodex.so kind=DT_INIT_ARRAY index=22 address=0xf72547d8
G4-CTOR leave module=libfmodex.so kind=DT_INIT_ARRAY index=22
G4-CTOR enter module=libfmodex.so kind=DT_INIT_ARRAY index=23 address=0xf7255870
G4-CTOR leave module=libfmodex.so kind=DT_INIT_ARRAY index=23
G4-CTOR enter module=libfmodex.so kind=DT_INIT_ARRAY index=24 address=0xf7256108
G4-CTOR leave module=libfmodex.so kind=DT_INIT_ARRAY index=24
G4-CTOR enter module=libfmodex.so kind=DT_INIT_ARRAY index=25 address=0xf72586e8
G4-CTOR leave module=libfmodex.so kind=DT_INIT_ARRAY index=25
G4-CTOR enter module=libfmodex.so kind=DT_INIT_ARRAY index=26 address=0xf7259bc0
G4-CTOR leave module=libfmodex.so kind=DT_INIT_ARRAY index=26
G4-CTOR enter module=libfmodex.so kind=DT_INIT_ARRAY index=27 address=0xf725a330
G4-CTOR leave module=libfmodex.so kind=DT_INIT_ARRAY index=27
G4-CTOR enter module=libfmodex.so kind=DT_INIT_ARRAY index=28 address=0xf725adb8
G4-CTOR leave module=libfmodex.so kind=DT_INIT_ARRAY index=28
G4-CTOR enter module=libfmodex.so kind=DT_INIT_ARRAY index=29 address=0xf725b8bc
G4-CTOR leave module=libfmodex.so kind=DT_INIT_ARRAY index=29
G4-CTOR enter module=libfmodex.so kind=DT_INIT_ARRAY index=30 address=0xf725d5ec
G4-CTOR leave module=libfmodex.so kind=DT_INIT_ARRAY index=30
G4-CTOR enter module=libfmodex.so kind=DT_INIT_ARRAY index=31 address=0xf725dff0
G4-CTOR leave module=libfmodex.so kind=DT_INIT_ARRAY index=31
G4-CTOR enter module=libfmodex.so kind=DT_INIT_ARRAY index=32 address=0xf725eeb4
G4-CTOR leave module=libfmodex.so kind=DT_INIT_ARRAY index=32
G4-CTOR enter module=libfmodex.so kind=DT_INIT_ARRAY index=33 address=0xf725f2bc
G4-CTOR leave module=libfmodex.so kind=DT_INIT_ARRAY index=33
G4-CTOR enter module=libfmodex.so kind=DT_INIT_ARRAY index=34 address=0xf725f830
G4-CTOR leave module=libfmodex.so kind=DT_INIT_ARRAY index=34
G4-CTOR enter module=libfmodex.so kind=DT_INIT_ARRAY index=35 address=0xf7262124
G4-CTOR leave module=libfmodex.so kind=DT_INIT_ARRAY index=35
G4-CTOR enter module=libfmodex.so kind=DT_INIT_ARRAY index=36 address=0xf726acfc
G4-CTOR leave module=libfmodex.so kind=DT_INIT_ARRAY index=36
G4-CTOR enter module=libfmodex.so kind=DT_INIT_ARRAY index=37 address=0xf726d288
G4-CTOR leave module=libfmodex.so kind=DT_INIT_ARRAY index=37
G4-CTOR enter module=libfmodex.so kind=DT_INIT_ARRAY index=38 address=0xf7281878
G4-CTOR leave module=libfmodex.so kind=DT_INIT_ARRAY index=38
G4-CTOR enter module=libfmodex.so kind=DT_INIT_ARRAY index=39 address=0xf7281c6c
G4-CTOR leave module=libfmodex.so kind=DT_INIT_ARRAY index=39
G4-CTOR enter module=libfmodex.so kind=DT_INIT_ARRAY index=40 address=0xf728307c
G4-CTOR leave module=libfmodex.so kind=DT_INIT_ARRAY index=40
G4-CTOR enter module=libfmodex.so kind=DT_INIT_ARRAY index=41 address=0xf72838f0
G4-CTOR leave module=libfmodex.so kind=DT_INIT_ARRAY index=41
G4-CTOR enter module=libfmodevent.so kind=DT_INIT_ARRAY index=0 address=0xf73aa740
G4-CTOR leave module=libfmodevent.so kind=DT_INIT_ARRAY index=0
G4-CTOR enter module=libapp.so kind=DT_INIT_ARRAY index=0 address=0xf5c67098
G4-CTOR leave module=libapp.so kind=DT_INIT_ARRAY index=0
G4-CTOR enter module=libapp.so kind=DT_INIT_ARRAY index=1 address=0xf5c66148
G4-CTOR leave module=libapp.so kind=DT_INIT_ARRAY index=1
G4-CTOR enter module=libapp.so kind=DT_INIT_ARRAY index=2 address=0xf5c5b44c
G4-CTOR leave module=libapp.so kind=DT_INIT_ARRAY index=2
G4-CTOR enter module=libapp.so kind=DT_INIT_ARRAY index=3 address=0xf5c5b508
G4-CTOR leave module=libapp.so kind=DT_INIT_ARRAY index=3
G4-CTOR enter module=libapp.so kind=DT_INIT_ARRAY index=4 address=0xf5c5b5f0
G4-CTOR leave module=libapp.so kind=DT_INIT_ARRAY index=4
G4-CTOR enter module=libapp.so kind=DT_INIT_ARRAY index=5 address=0xf5c5b6d8
G4-CTOR leave module=libapp.so kind=DT_INIT_ARRAY index=5
G4-CTOR enter module=libapp.so kind=DT_INIT_ARRAY index=6 address=0xf5c5b7c0
G4-CTOR leave module=libapp.so kind=DT_INIT_ARRAY index=6
G4-CTOR enter module=libapp.so kind=DT_INIT_ARRAY index=7 address=0xf5c5b8a8
G4-CTOR leave module=libapp.so kind=DT_INIT_ARRAY index=7
G4-CTOR enter module=libapp.so kind=DT_INIT_ARRAY index=8 address=0xf5c5b968
G4-CTOR leave module=libapp.so kind=DT_INIT_ARRAY index=8
G4-CTOR enter module=libapp.so kind=DT_INIT_ARRAY index=9 address=0xf5c5bac8
G4-CTOR leave module=libapp.so kind=DT_INIT_ARRAY index=9
G4-CTOR enter module=libapp.so kind=DT_INIT_ARRAY index=10 address=0xf5c5bb4c
G4-CTOR leave module=libapp.so kind=DT_INIT_ARRAY index=10
G4-CTOR enter module=libapp.so kind=DT_INIT_ARRAY index=11 address=0xf5c5bbe0
G4-CTOR leave module=libapp.so kind=DT_INIT_ARRAY index=11
G4-CTOR enter module=libapp.so kind=DT_INIT_ARRAY index=12 address=0xf5c5bbfc
G4-CTOR leave module=libapp.so kind=DT_INIT_ARRAY index=12
G4-CTOR enter module=libapp.so kind=DT_INIT_ARRAY index=13 address=0xf5c5bcf0
G4-CTOR leave module=libapp.so kind=DT_INIT_ARRAY index=13
G4-CTOR enter module=libapp.so kind=DT_INIT_ARRAY index=14 address=0xf5c5bd7c
G4-CTOR leave module=libapp.so kind=DT_INIT_ARRAY index=14
G4-CTOR enter module=libapp.so kind=DT_INIT_ARRAY index=15 address=0xf5c5be18
G4-CTOR leave module=libapp.so kind=DT_INIT_ARRAY index=15
G4-CTOR enter module=libapp.so kind=DT_INIT_ARRAY index=16 address=0xf5c5bf00
G4-CTOR leave module=libapp.so kind=DT_INIT_ARRAY index=16
G4-CTOR enter module=libapp.so kind=DT_INIT_ARRAY index=17 address=0xf5c5bf38
G4-CTOR leave module=libapp.so kind=DT_INIT_ARRAY index=17
G4-CTOR enter module=libapp.so kind=DT_INIT_ARRAY index=18 address=0xf5c5c020
G4-CTOR leave module=libapp.so kind=DT_INIT_ARRAY index=18
G4-CTOR enter module=libapp.so kind=DT_INIT_ARRAY index=19 address=0xf5c5c114
G4-CTOR leave module=libapp.so kind=DT_INIT_ARRAY index=19
G4-CTOR enter module=libapp.so kind=DT_INIT_ARRAY index=20 address=0xf5c5c4c8
G4-CTOR leave module=libapp.so kind=DT_INIT_ARRAY index=20
G4-CTOR enter module=libapp.so kind=DT_INIT_ARRAY index=21 address=0xf5c5c5c4
G4-CTOR leave module=libapp.so kind=DT_INIT_ARRAY index=21
G4-CTOR enter module=libapp.so kind=DT_INIT_ARRAY index=22 address=0xf5c5c5fc
G4-CTOR leave module=libapp.so kind=DT_INIT_ARRAY index=22
G4-CTOR enter module=libapp.so kind=DT_INIT_ARRAY index=23 address=0xf5c5c7ac
G4-CTOR leave module=libapp.so kind=DT_INIT_ARRAY index=23
G4-CTOR enter module=libapp.so kind=DT_INIT_ARRAY index=24 address=0xf5c5c828
G4-CTOR leave module=libapp.so kind=DT_INIT_ARRAY index=24
G4-CTOR enter module=libapp.so kind=DT_INIT_ARRAY index=25 address=0xf5c5c88c
G4-CTOR leave module=libapp.so kind=DT_INIT_ARRAY index=25
G4-CTOR enter module=libapp.so kind=DT_INIT_ARRAY index=26 address=0xf5c5c8a8
G4-CTOR leave module=libapp.so kind=DT_INIT_ARRAY index=26
G4-CTOR enter module=libapp.so kind=DT_INIT_ARRAY index=27 address=0xf5c5c9a8
G4-CTOR leave module=libapp.so kind=DT_INIT_ARRAY index=27
G4-CTOR enter module=libapp.so kind=DT_INIT_ARRAY index=28 address=0xf5c5c9c4
G4-CTOR leave module=libapp.so kind=DT_INIT_ARRAY index=28
G4-CTOR enter module=libapp.so kind=DT_INIT_ARRAY index=29 address=0xf5c5ca94
G4-CTOR leave module=libapp.so kind=DT_INIT_ARRAY index=29
G4-CTOR enter module=libapp.so kind=DT_INIT_ARRAY index=30 address=0xf5c5cab0
G4-CTOR leave module=libapp.so kind=DT_INIT_ARRAY index=30
G4-CTOR enter module=libapp.so kind=DT_INIT_ARRAY index=31 address=0xf5c5cacc
G4-CTOR leave module=libapp.so kind=DT_INIT_ARRAY index=31
G4-CTOR enter module=libapp.so kind=DT_INIT_ARRAY index=32 address=0xf5c5cb2c
G4-CTOR leave module=libapp.so kind=DT_INIT_ARRAY index=32
G4-CTOR enter module=libapp.so kind=DT_INIT_ARRAY index=33 address=0xf5c5cc78
G4-CTOR leave module=libapp.so kind=DT_INIT_ARRAY index=33
G4-CTOR enter module=libapp.so kind=DT_INIT_ARRAY index=34 address=0xf5c5cedc
G4-CTOR leave module=libapp.so kind=DT_INIT_ARRAY index=34
G4-CTOR enter module=libapp.so kind=DT_INIT_ARRAY index=35 address=0xf5c5d140
G4-CTOR leave module=libapp.so kind=DT_INIT_ARRAY index=35
G4-CTOR enter module=libapp.so kind=DT_INIT_ARRAY index=36 address=0xf5c5d3a4
G4-CTOR leave module=libapp.so kind=DT_INIT_ARRAY index=36
G4-CTOR enter module=libapp.so kind=DT_INIT_ARRAY index=37 address=0xf5c5d658
G4-CTOR leave module=libapp.so kind=DT_INIT_ARRAY index=37
G4-CTOR enter module=libapp.so kind=DT_INIT_ARRAY index=38 address=0xf5c5dbbc
G4-CTOR leave module=libapp.so kind=DT_INIT_ARRAY index=38
G4-CTOR enter module=libapp.so kind=DT_INIT_ARRAY index=39 address=0xf5c5dc48
G4-CTOR leave module=libapp.so kind=DT_INIT_ARRAY index=39
G4-CTOR enter module=libapp.so kind=DT_INIT_ARRAY index=40 address=0xf5c5dc78
G4-CTOR leave module=libapp.so kind=DT_INIT_ARRAY index=40
G4-CTOR enter module=libapp.so kind=DT_INIT_ARRAY index=41 address=0xf5c5dcdc
G4-CTOR leave module=libapp.so kind=DT_INIT_ARRAY index=41
G4-CTOR enter module=libapp.so kind=DT_INIT_ARRAY index=42 address=0xf5c5dd68
G4-CTOR leave module=libapp.so kind=DT_INIT_ARRAY index=42
G4-CTOR enter module=libapp.so kind=DT_INIT_ARRAY index=43 address=0xf5c5dd84
G4-CTOR leave module=libapp.so kind=DT_INIT_ARRAY index=43
G4-CTOR enter module=libapp.so kind=DT_INIT_ARRAY index=44 address=0xf5c5de10
G4-CTOR leave module=libapp.so kind=DT_INIT_ARRAY index=44
G4-CTOR enter module=libapp.so kind=DT_INIT_ARRAY index=45 address=0xf5c5de48
G4-CTOR leave module=libapp.so kind=DT_INIT_ARRAY index=45
G4-CTOR enter module=libapp.so kind=DT_INIT_ARRAY index=46 address=0xf5c5ded4
G4-CTOR leave module=libapp.so kind=DT_INIT_ARRAY index=46
G4-CTOR enter module=libapp.so kind=DT_INIT_ARRAY index=47 address=0xf5c5df60
G4-CTOR leave module=libapp.so kind=DT_INIT_ARRAY index=47
G4-CTOR enter module=libapp.so kind=DT_INIT_ARRAY index=48 address=0xf5c5e048
G4-CTOR leave module=libapp.so kind=DT_INIT_ARRAY index=48
G4-CTOR enter module=libapp.so kind=DT_INIT_ARRAY index=49 address=0xf5c5e0b8
G4-CTOR leave module=libapp.so kind=DT_INIT_ARRAY index=49
G4-CTOR enter module=libapp.so kind=DT_INIT_ARRAY index=50 address=0xf5c5e134
G4-CTOR leave module=libapp.so kind=DT_INIT_ARRAY index=50
G4-CTOR enter module=libapp.so kind=DT_INIT_ARRAY index=51 address=0xf5c5e450
G4-CTOR leave module=libapp.so kind=DT_INIT_ARRAY index=51
G4-CTOR enter module=libapp.so kind=DT_INIT_ARRAY index=52 address=0xf5c5e91c
G4-CTOR leave module=libapp.so kind=DT_INIT_ARRAY index=52
G4-CTOR enter module=libapp.so kind=DT_INIT_ARRAY index=53 address=0xf5c5ea1c
G4-CTOR leave module=libapp.so kind=DT_INIT_ARRAY index=53
G4-CTOR enter module=libapp.so kind=DT_INIT_ARRAY index=54 address=0xf5c5ec18
G4-CTOR leave module=libapp.so kind=DT_INIT_ARRAY index=54
G4-CTOR enter module=libapp.so kind=DT_INIT_ARRAY index=55 address=0xf5c5ee34
G4-CTOR leave module=libapp.so kind=DT_INIT_ARRAY index=55
G4-CTOR enter module=libapp.so kind=DT_INIT_ARRAY index=56 address=0xf5c5efe4
G4-CTOR leave module=libapp.so kind=DT_INIT_ARRAY index=56
G4-CTOR enter module=libapp.so kind=DT_INIT_ARRAY index=57 address=0xf5c5f148
G4-CTOR leave module=libapp.so kind=DT_INIT_ARRAY index=57
G4-CTOR enter module=libapp.so kind=DT_INIT_ARRAY index=58 address=0xf5c5f2e8
G4-CTOR leave module=libapp.so kind=DT_INIT_ARRAY index=58
G4-CTOR enter module=libapp.so kind=DT_INIT_ARRAY index=59 address=0xf5c5f488
G4-CTOR leave module=libapp.so kind=DT_INIT_ARRAY index=59
G4-CTOR enter module=libapp.so kind=DT_INIT_ARRAY index=60 address=0xf5c5f620
G4-CTOR leave module=libapp.so kind=DT_INIT_ARRAY index=60
G4-CTOR enter module=libapp.so kind=DT_INIT_ARRAY index=61 address=0xf5c5f7cc
G4-CTOR leave module=libapp.so kind=DT_INIT_ARRAY index=61
G4-CTOR enter module=libapp.so kind=DT_INIT_ARRAY index=62 address=0xf5c5f91c
G4-CTOR leave module=libapp.so kind=DT_INIT_ARRAY index=62
G4-CTOR enter module=libapp.so kind=DT_INIT_ARRAY index=63 address=0xf5c5fa00
G4-CTOR leave module=libapp.so kind=DT_INIT_ARRAY index=63
G4-CTOR enter module=libapp.so kind=DT_INIT_ARRAY index=64 address=0xf5c5fb00
G4-CTOR leave module=libapp.so kind=DT_INIT_ARRAY index=64
G4-CTOR enter module=libapp.so kind=DT_INIT_ARRAY index=65 address=0xf5c60000
G4-CTOR leave module=libapp.so kind=DT_INIT_ARRAY index=65
G4-CTOR enter module=libapp.so kind=DT_INIT_ARRAY index=66 address=0xf5c60028
G4-CTOR leave module=libapp.so kind=DT_INIT_ARRAY index=66
G4-CTOR enter module=libapp.so kind=DT_INIT_ARRAY index=67 address=0xf5c6006c
G4-CTOR leave module=libapp.so kind=DT_INIT_ARRAY index=67
G4-CTOR enter module=libapp.so kind=DT_INIT_ARRAY index=68 address=0xf5c60180
G4-CTOR leave module=libapp.so kind=DT_INIT_ARRAY index=68
G4-CTOR enter module=libapp.so kind=DT_INIT_ARRAY index=69 address=0xf5c60264
G4-CTOR leave module=libapp.so kind=DT_INIT_ARRAY index=69
G4-CTOR enter module=libapp.so kind=DT_INIT_ARRAY index=70 address=0xf5c602f4
G4-CTOR leave module=libapp.so kind=DT_INIT_ARRAY index=70
G4-CTOR enter module=libapp.so kind=DT_INIT_ARRAY index=71 address=0xf5c603ec
G4-CTOR leave module=libapp.so kind=DT_INIT_ARRAY index=71
G4-CTOR enter module=libapp.so kind=DT_INIT_ARRAY index=72 address=0xf5c6059c
G4-CTOR leave module=libapp.so kind=DT_INIT_ARRAY index=72
G4-CTOR enter module=libapp.so kind=DT_INIT_ARRAY index=73 address=0xf5c60684
G4-CTOR leave module=libapp.so kind=DT_INIT_ARRAY index=73
G4-CTOR enter module=libapp.so kind=DT_INIT_ARRAY index=74 address=0xf5c6072c
G4-CTOR leave module=libapp.so kind=DT_INIT_ARRAY index=74
G4-CTOR enter module=libapp.so kind=DT_INIT_ARRAY index=75 address=0xf5c60764
G4-CTOR leave module=libapp.so kind=DT_INIT_ARRAY index=75
G4-CTOR enter module=libapp.so kind=DT_INIT_ARRAY index=76 address=0xf5c6084c
G4-CTOR leave module=libapp.so kind=DT_INIT_ARRAY index=76
G4-CTOR enter module=libapp.so kind=DT_INIT_ARRAY index=77 address=0xf5c60944
G4-CTOR leave module=libapp.so kind=DT_INIT_ARRAY index=77
G4-CTOR enter module=libapp.so kind=DT_INIT_ARRAY index=78 address=0xf5c60bb4
G4-CTOR leave module=libapp.so kind=DT_INIT_ARRAY index=78
G4-CTOR enter module=libapp.so kind=DT_INIT_ARRAY index=79 address=0xf5c60c14
G4-CTOR leave module=libapp.so kind=DT_INIT_ARRAY index=79
G4-CTOR enter module=libapp.so kind=DT_INIT_ARRAY index=80 address=0xf5c60cfc
G4-CTOR leave module=libapp.so kind=DT_INIT_ARRAY index=80
G4-CTOR enter module=libapp.so kind=DT_INIT_ARRAY index=81 address=0xf5c60e7c
G4-CTOR leave module=libapp.so kind=DT_INIT_ARRAY index=81
G4-CTOR enter module=libapp.so kind=DT_INIT_ARRAY index=82 address=0xf5c60f78
G4-CTOR leave module=libapp.so kind=DT_INIT_ARRAY index=82
G4-CTOR enter module=libapp.so kind=DT_INIT_ARRAY index=83 address=0xf5c60fb8
G4-CTOR leave module=libapp.so kind=DT_INIT_ARRAY index=83
G4-CTOR enter module=libapp.so kind=DT_INIT_ARRAY index=84 address=0xf5c6111c
G4-CTOR leave module=libapp.so kind=DT_INIT_ARRAY index=84
G4-CTOR enter module=libapp.so kind=DT_INIT_ARRAY index=85 address=0xf5c61154
G4-CTOR leave module=libapp.so kind=DT_INIT_ARRAY index=85
G4-CTOR enter module=libapp.so kind=DT_INIT_ARRAY index=86 address=0xf5c6124c
G4-CTOR leave module=libapp.so kind=DT_INIT_ARRAY index=86
G4-CTOR enter module=libapp.so kind=DT_INIT_ARRAY index=87 address=0xf5c612f0
G4-CTOR leave module=libapp.so kind=DT_INIT_ARRAY index=87
G4-CTOR enter module=libapp.so kind=DT_INIT_ARRAY index=88 address=0xf5c61320
G4-CTOR leave module=libapp.so kind=DT_INIT_ARRAY index=88
G4-CTOR enter module=libapp.so kind=DT_INIT_ARRAY index=89 address=0xf5c613f0
G4-CTOR leave module=libapp.so kind=DT_INIT_ARRAY index=89
G4-CTOR enter module=libapp.so kind=DT_INIT_ARRAY index=90 address=0xf5c614c0
G4-CTOR leave module=libapp.so kind=DT_INIT_ARRAY index=90
G4-CTOR enter module=libapp.so kind=DT_INIT_ARRAY index=91 address=0xf5c615f8
G4-CTOR leave module=libapp.so kind=DT_INIT_ARRAY index=91
G4-CTOR enter module=libapp.so kind=DT_INIT_ARRAY index=92 address=0xf5c61664
G4-CTOR leave module=libapp.so kind=DT_INIT_ARRAY index=92
G4-CTOR enter module=libapp.so kind=DT_INIT_ARRAY index=93 address=0xf5c61764
G4-CTOR leave module=libapp.so kind=DT_INIT_ARRAY index=93
G4-CTOR enter module=libapp.so kind=DT_INIT_ARRAY index=94 address=0xf5c617b0
G4-CTOR leave module=libapp.so kind=DT_INIT_ARRAY index=94
G4-CTOR enter module=libapp.so kind=DT_INIT_ARRAY index=95 address=0xf5c617e8
G4-CTOR leave module=libapp.so kind=DT_INIT_ARRAY index=95
G4-CTOR enter module=libapp.so kind=DT_INIT_ARRAY index=96 address=0xf5c61858
G4-CTOR leave module=libapp.so kind=DT_INIT_ARRAY index=96
G4-CTOR enter module=libapp.so kind=DT_INIT_ARRAY index=97 address=0xf5c619a4
G4-CTOR leave module=libapp.so kind=DT_INIT_ARRAY index=97
G4-CTOR enter module=libapp.so kind=DT_INIT_ARRAY index=98 address=0xf5c619ec
G4-CTOR leave module=libapp.so kind=DT_INIT_ARRAY index=98
G4-CTOR enter module=libapp.so kind=DT_INIT_ARRAY index=99 address=0xf5c61a14
G4-CTOR leave module=libapp.so kind=DT_INIT_ARRAY index=99
G4-CTOR enter module=libapp.so kind=DT_INIT_ARRAY index=100 address=0xf5c61a3c
G4-CTOR leave module=libapp.so kind=DT_INIT_ARRAY index=100
G4-CTOR enter module=libapp.so kind=DT_INIT_ARRAY index=101 address=0xf5c61a64
G4-CTOR leave module=libapp.so kind=DT_INIT_ARRAY index=101
G4-CTOR enter module=libapp.so kind=DT_INIT_ARRAY index=102 address=0xf5c61ad4
G4-CTOR leave module=libapp.so kind=DT_INIT_ARRAY index=102
G4-CTOR enter module=libapp.so kind=DT_INIT_ARRAY index=103 address=0xf5c61afc
G4-CTOR leave module=libapp.so kind=DT_INIT_ARRAY index=103
G4-CTOR enter module=libapp.so kind=DT_INIT_ARRAY index=104 address=0xf5c61f0c
G4-CTOR leave module=libapp.so kind=DT_INIT_ARRAY index=104
G4-CTOR enter module=libapp.so kind=DT_INIT_ARRAY index=105 address=0xf5c61fc0
G4-CTOR leave module=libapp.so kind=DT_INIT_ARRAY index=105
G4-CTOR enter module=libapp.so kind=DT_INIT_ARRAY index=106 address=0xf5c61fe8
G4-CTOR leave module=libapp.so kind=DT_INIT_ARRAY index=106
G4-CTOR enter module=libapp.so kind=DT_INIT_ARRAY index=107 address=0xf5c62010
G4-CTOR leave module=libapp.so kind=DT_INIT_ARRAY index=107
G4-CTOR enter module=libapp.so kind=DT_INIT_ARRAY index=108 address=0xf5c6206c
G4-CTOR leave module=libapp.so kind=DT_INIT_ARRAY index=108
G4-CTOR enter module=libapp.so kind=DT_INIT_ARRAY index=109 address=0xf5c620fc
G4-CTOR leave module=libapp.so kind=DT_INIT_ARRAY index=109
G4-CTOR enter module=libapp.so kind=DT_INIT_ARRAY index=110 address=0xf5c621e4
G4-CTOR leave module=libapp.so kind=DT_INIT_ARRAY index=110
G4-CTOR enter module=libapp.so kind=DT_INIT_ARRAY index=111 address=0xf5c62270
G4-CTOR leave module=libapp.so kind=DT_INIT_ARRAY index=111
G4-CTOR enter module=libapp.so kind=DT_INIT_ARRAY index=112 address=0xf5c62298
G4-CTOR leave module=libapp.so kind=DT_INIT_ARRAY index=112
G4-CTOR enter module=libapp.so kind=DT_INIT_ARRAY index=113 address=0xf5c622f4
G4-CTOR leave module=libapp.so kind=DT_INIT_ARRAY index=113
G4-CTOR enter module=libapp.so kind=DT_INIT_ARRAY index=114 address=0xf5c62364
G4-CTOR leave module=libapp.so kind=DT_INIT_ARRAY index=114
G4-CTOR enter module=libapp.so kind=DT_INIT_ARRAY index=115 address=0xf5c6238c
G4-CTOR leave module=libapp.so kind=DT_INIT_ARRAY index=115
G4-CTOR enter module=libapp.so kind=DT_INIT_ARRAY index=116 address=0xf5c623b4
G4-CTOR leave module=libapp.so kind=DT_INIT_ARRAY index=116
G4-CTOR enter module=libapp.so kind=DT_INIT_ARRAY index=117 address=0xf5c623dc
G4-CTOR leave module=libapp.so kind=DT_INIT_ARRAY index=117
G4-CTOR enter module=libapp.so kind=DT_INIT_ARRAY index=118 address=0xf5c62404
G4-CTOR leave module=libapp.so kind=DT_INIT_ARRAY index=118
G4-CTOR enter module=libapp.so kind=DT_INIT_ARRAY index=119 address=0xf5c624b0
G4-CTOR leave module=libapp.so kind=DT_INIT_ARRAY index=119
G4-CTOR enter module=libapp.so kind=DT_INIT_ARRAY index=120 address=0xf5c627dc
G4-CTOR leave module=libapp.so kind=DT_INIT_ARRAY index=120
G4-CTOR enter module=libapp.so kind=DT_INIT_ARRAY index=121 address=0xf5c62900
G4-CTOR leave module=libapp.so kind=DT_INIT_ARRAY index=121
G4-CTOR enter module=libapp.so kind=DT_INIT_ARRAY index=122 address=0xf5c62928
G4-CTOR leave module=libapp.so kind=DT_INIT_ARRAY index=122
G4-CTOR enter module=libapp.so kind=DT_INIT_ARRAY index=123 address=0xf5c62950
G4-CTOR leave module=libapp.so kind=DT_INIT_ARRAY index=123
G4-CTOR enter module=libapp.so kind=DT_INIT_ARRAY index=124 address=0xf5c62978
G4-CTOR leave module=libapp.so kind=DT_INIT_ARRAY index=124
G4-CTOR enter module=libapp.so kind=DT_INIT_ARRAY index=125 address=0xf5c629d4
G4-CTOR leave module=libapp.so kind=DT_INIT_ARRAY index=125
G4-CTOR enter module=libapp.so kind=DT_INIT_ARRAY index=126 address=0xf5c629fc
G4-CTOR leave module=libapp.so kind=DT_INIT_ARRAY index=126
G4-CTOR enter module=libapp.so kind=DT_INIT_ARRAY index=127 address=0xf5c62a24
G4-CTOR leave module=libapp.so kind=DT_INIT_ARRAY index=127
G4-CTOR enter module=libapp.so kind=DT_INIT_ARRAY index=128 address=0xf5c62dd0
G4-CTOR leave module=libapp.so kind=DT_INIT_ARRAY index=128
G4-CTOR enter module=libapp.so kind=DT_INIT_ARRAY index=129 address=0xf5c63054
G4-CTOR leave module=libapp.so kind=DT_INIT_ARRAY index=129
G4-CTOR enter module=libapp.so kind=DT_INIT_ARRAY index=130 address=0xf5c63154
G4-CTOR leave module=libapp.so kind=DT_INIT_ARRAY index=130
G4-CTOR enter module=libapp.so kind=DT_INIT_ARRAY index=131 address=0xf5c631e8
G4-CTOR leave module=libapp.so kind=DT_INIT_ARRAY index=131
G4-CTOR enter module=libapp.so kind=DT_INIT_ARRAY index=132 address=0xf5c633a8
G4-CTOR leave module=libapp.so kind=DT_INIT_ARRAY index=132
G4-CTOR enter module=libapp.so kind=DT_INIT_ARRAY index=133 address=0xf5c63550
G4-CTOR leave module=libapp.so kind=DT_INIT_ARRAY index=133
G4-CTOR enter module=libapp.so kind=DT_INIT_ARRAY index=134 address=0xf5c63578
G4-CTOR leave module=libapp.so kind=DT_INIT_ARRAY index=134
G4-CTOR enter module=libapp.so kind=DT_INIT_ARRAY index=135 address=0xf5c635d4
G4-CTOR leave module=libapp.so kind=DT_INIT_ARRAY index=135
G4-CTOR enter module=libapp.so kind=DT_INIT_ARRAY index=136 address=0xf5c635fc
G4-CTOR leave module=libapp.so kind=DT_INIT_ARRAY index=136
G4-CTOR enter module=libapp.so kind=DT_INIT_ARRAY index=137 address=0xf5c63890
G4-CTOR leave module=libapp.so kind=DT_INIT_ARRAY index=137
G4-CTOR enter module=libapp.so kind=DT_INIT_ARRAY index=138 address=0xf5c639cc
G4-CTOR leave module=libapp.so kind=DT_INIT_ARRAY index=138
G4-CTOR enter module=libapp.so kind=DT_INIT_ARRAY index=139 address=0xf5c63c48
G4-CTOR leave module=libapp.so kind=DT_INIT_ARRAY index=139
G4-CTOR enter module=libapp.so kind=DT_INIT_ARRAY index=140 address=0xf5c63ec4
G4-CTOR leave module=libapp.so kind=DT_INIT_ARRAY index=140
G4-CTOR enter module=libapp.so kind=DT_INIT_ARRAY index=141 address=0xf5c642e4
G4-CTOR leave module=libapp.so kind=DT_INIT_ARRAY index=141
G4-CTOR enter module=libapp.so kind=DT_INIT_ARRAY index=142 address=0xf5c646ec
G4-CTOR leave module=libapp.so kind=DT_INIT_ARRAY index=142
G4-CTOR enter module=libapp.so kind=DT_INIT_ARRAY index=143 address=0xf5c64758
G4-CTOR leave module=libapp.so kind=DT_INIT_ARRAY index=143
G4-CTOR enter module=libapp.so kind=DT_INIT_ARRAY index=144 address=0xf5c647cc
G4-CTOR leave module=libapp.so kind=DT_INIT_ARRAY index=144
G4-CTOR enter module=libapp.so kind=DT_INIT_ARRAY index=145 address=0xf5c648c4
G4-CTOR leave module=libapp.so kind=DT_INIT_ARRAY index=145
G4-CTOR enter module=libapp.so kind=DT_INIT_ARRAY index=146 address=0xf5c649ac
G4-CTOR leave module=libapp.so kind=DT_INIT_ARRAY index=146
G4-CTOR enter module=libapp.so kind=DT_INIT_ARRAY index=147 address=0xf5c64aa4
G4-CTOR leave module=libapp.so kind=DT_INIT_ARRAY index=147
G4-CTOR enter module=libapp.so kind=DT_INIT_ARRAY index=148 address=0xf5c64b8c
G4-CTOR leave module=libapp.so kind=DT_INIT_ARRAY index=148
G4-CTOR enter module=libapp.so kind=DT_INIT_ARRAY index=149 address=0xf5c64ce0
G4-CTOR leave module=libapp.so kind=DT_INIT_ARRAY index=149
G4-CTOR enter module=libapp.so kind=DT_INIT_ARRAY index=150 address=0xf5c64d14
G4-CTOR leave module=libapp.so kind=DT_INIT_ARRAY index=150
G4-CTOR enter module=libapp.so kind=DT_INIT_ARRAY index=151 address=0xf5c64d44
G4-CTOR leave module=libapp.so kind=DT_INIT_ARRAY index=151
G4-CTOR enter module=libapp.so kind=DT_INIT_ARRAY index=152 address=0xf5c64d84
G4-CTOR leave module=libapp.so kind=DT_INIT_ARRAY index=152
G4-CTOR enter module=libapp.so kind=DT_INIT_ARRAY index=153 address=0xf5c64e78
G4-CTOR leave module=libapp.so kind=DT_INIT_ARRAY index=153
G4-CTOR enter module=libapp.so kind=DT_INIT_ARRAY index=154 address=0xf5c64f5c
G4-CTOR leave module=libapp.so kind=DT_INIT_ARRAY index=154
G4-CTOR enter module=libapp.so kind=DT_INIT_ARRAY index=155 address=0xf5c65044
G4-CTOR leave module=libapp.so kind=DT_INIT_ARRAY index=155
G4-CTOR enter module=libapp.so kind=DT_INIT_ARRAY index=156 address=0xf5c6508c
G4-CTOR leave module=libapp.so kind=DT_INIT_ARRAY index=156
G4-CTOR enter module=libapp.so kind=DT_INIT_ARRAY index=157 address=0xf5c65134
G4-CTOR leave module=libapp.so kind=DT_INIT_ARRAY index=157
G4-CTOR enter module=libapp.so kind=DT_INIT_ARRAY index=158 address=0xf5c6517c
G4-CTOR leave module=libapp.so kind=DT_INIT_ARRAY index=158
G4-CTOR enter module=libapp.so kind=DT_INIT_ARRAY index=159 address=0xf5c651c4
G4-CTOR leave module=libapp.so kind=DT_INIT_ARRAY index=159
G4-CTOR enter module=libapp.so kind=DT_INIT_ARRAY index=160 address=0xf5c653a4
G4-CTOR leave module=libapp.so kind=DT_INIT_ARRAY index=160
G4-CTOR enter module=libapp.so kind=DT_INIT_ARRAY index=161 address=0xf5c654dc
G4-CTOR leave module=libapp.so kind=DT_INIT_ARRAY index=161
G4-CTOR enter module=libapp.so kind=DT_INIT_ARRAY index=162 address=0xf5c65540
G4-CTOR leave module=libapp.so kind=DT_INIT_ARRAY index=162
G4-CTOR enter module=libapp.so kind=DT_INIT_ARRAY index=163 address=0xf5c659b4
G4-CTOR leave module=libapp.so kind=DT_INIT_ARRAY index=163
G4-CTOR enter module=libapp.so kind=DT_INIT_ARRAY index=164 address=0xf5c65a10
G4-CTOR leave module=libapp.so kind=DT_INIT_ARRAY index=164
G4-CTOR enter module=libapp.so kind=DT_INIT_ARRAY index=165 address=0xf5c65e84
G4-CTOR leave module=libapp.so kind=DT_INIT_ARRAY index=165
G4-CTOR enter module=libapp.so kind=DT_INIT_ARRAY index=166 address=0xf5c65ef8
G4-CTOR leave module=libapp.so kind=DT_INIT_ARRAY index=166
G4-CTOR enter module=libapp.so kind=DT_INIT_ARRAY index=167 address=0xf5c65f6c
G4-CTOR leave module=libapp.so kind=DT_INIT_ARRAY index=167
G4-CTOR enter module=libapp.so kind=DT_INIT_ARRAY index=168 address=0xf5c65fe0
G4-CTOR leave module=libapp.so kind=DT_INIT_ARRAY index=168
G4-CTOR enter module=libapp.so kind=DT_INIT_ARRAY index=169 address=0xf5c66060
G4-CTOR leave module=libapp.so kind=DT_INIT_ARRAY index=169
G4-CTOR enter module=libapp.so kind=DT_INIT_ARRAY index=170 address=0xf6220a70
G4-CTOR leave module=libapp.so kind=DT_INIT_ARRAY index=170
G4-CTOR enter module=libapp.so kind=DT_INIT_ARRAY index=171 address=0xf5c66264
G4-CTOR leave module=libapp.so kind=DT_INIT_ARRAY index=171
G4-CTOR enter module=libapp.so kind=DT_INIT_ARRAY index=172 address=0xf5c66268
G4-CTOR leave module=libapp.so kind=DT_INIT_ARRAY index=172
G4-CTOR enter module=libapp.so kind=DT_INIT_ARRAY index=173 address=0xf5c662ec
G4-CTOR leave module=libapp.so kind=DT_INIT_ARRAY index=173
G4-CTOR enter module=libapp.so kind=DT_INIT_ARRAY index=174 address=0xf5c663bc
G4-CTOR leave module=libapp.so kind=DT_INIT_ARRAY index=174
G4-CTOR enter module=libapp.so kind=DT_INIT_ARRAY index=175 address=0xf5c667d4
G4-CTOR leave module=libapp.so kind=DT_INIT_ARRAY index=175
G4-CTOR enter module=libapp.so kind=DT_INIT_ARRAY index=176 address=0xf5c6680c
G4-CTOR leave module=libapp.so kind=DT_INIT_ARRAY index=176
G4-CTOR enter module=libapp.so kind=DT_INIT_ARRAY index=177 address=0xf5c66a8c
G4-CTOR leave module=libapp.so kind=DT_INIT_ARRAY index=177
G4-CTOR enter module=libapp.so kind=DT_INIT_ARRAY index=178 address=0xf5c66d0c
G4-CTOR leave module=libapp.so kind=DT_INIT_ARRAY index=178
G4-CTOR enter module=libapp.so kind=DT_INIT_ARRAY index=179 address=0xf5c66dec
G4-CTOR leave module=libapp.so kind=DT_INIT_ARRAY index=179
G4-CTOR enter module=libapp.so kind=DT_INIT_ARRAY index=180 address=0xf5c66e94
G4-CTOR leave module=libapp.so kind=DT_INIT_ARRAY index=180
G4-CTOR enter module=libapp.so kind=DT_INIT_ARRAY index=181 address=0xf5c66ed4
G4-CTOR leave module=libapp.so kind=DT_INIT_ARRAY index=181
G4-CTOR enter module=libapp.so kind=DT_INIT_ARRAY index=182 address=0xf5c670fc
G4-CTOR leave module=libapp.so kind=DT_INIT_ARRAY index=182
G4-CTOR enter module=libapp.so kind=DT_INIT_ARRAY index=183 address=0xf5c67100
G4-CTOR leave module=libapp.so kind=DT_INIT_ARRAY index=183
G4-CTOR enter module=libapp.so kind=DT_INIT_ARRAY index=184 address=0xf5c67220
G4-CTOR leave module=libapp.so kind=DT_INIT_ARRAY index=184
G4-CTOR enter module=libapp.so kind=DT_INIT_ARRAY index=185 address=0xf5c6729c
G4-CTOR leave module=libapp.so kind=DT_INIT_ARRAY index=185
G4-CTOR enter module=libapp.so kind=DT_INIT_ARRAY index=186 address=0xf5c6733c
G4-CTOR leave module=libapp.so kind=DT_INIT_ARRAY index=186
G4-CTOR enter module=libapp.so kind=DT_INIT_ARRAY index=187 address=0xf5c67631
G4-CTOR leave module=libapp.so kind=DT_INIT_ARRAY index=187
G4-CTOR enter module=libapp.so kind=DT_INIT_ARRAY index=188 address=0xf5c677b1
G4-CTOR leave module=libapp.so kind=DT_INIT_ARRAY index=188
G4-CTOR PASS initializers=233
G4-OBB PASS path=/roms/ports/nfsmw-maptest/main.1003128.com.ea.games.nfs13_row.obb entries=2411
G5-RUNTIME PASS persistent GLES drawable=640x480
G6-RUNTIME PASS controller=GO-Super Gamepad
G4-BITMAP create width=32 height=16 stride=128
G4-BITMAP PASS RGBA=32x16 stride=128 fallback-font=1
=== G4 libNimble JNI_OnLoad ===
G4-JNI GetEnv version=0x00010006
G4-JNI FindClass name=com/ea/nimble/bridge/BaseNativeCallback
G4-JNI FindClass name=java/lang/Class
G4-JNI FindClass name=java/lang/ClassLoader
G4-JNI GetMethodID name=getClassLoader signature=()Ljava/lang/ClassLoader; id=0xab1c1d78
G4-JNI GetMethodID name=loadClass signature=(Ljava/lang/String;)Ljava/lang/Class; id=0xab1c1e7c
G4-JNI leave libNimble JNI_OnLoad version=0x00010006
=== G4 libapp JNI_OnLoad ===
G4-JNI GetEnv version=0x00010002
G4-JNI leave libapp JNI_OnLoad version=0x00010002
=== G4 nativeOnCreate ===
G4-JNI GetMethodID name=forEach signature=(Ljava/lang/String;)[Ljava/lang/String; id=0xab1c1f80
G4-JNI GetMethodID name=getAssetSize signature=(Ljava/lang/String;)I id=0xab1c2084
G4-JNI GetMethodID name=getObbFullPath signature=()Ljava/lang/String; id=0xab1c2188
G4-JNI GetStaticMethodID name=isAnyMusicPlaying signature=()Z id=0xab1c228c
G4-JNI GetMethodID name=useAssetsFileSystem signature=()Z id=0xab1c2390
G4-JNI GetMethodID name=isObbAssets signature=()Z id=0xab1c2494
G4-JNI GetMethodID name=isFullApkAssets signature=()Z id=0xab1c2598
G4-JNI GetEnv version=0x00010002
G4-JNI FindClass name=java/io/File
G4-JNI GetMethodID name=getAbsolutePath signature=()Ljava/lang/String; id=0xab1c269c
G4-JNI FindClass name=android/os/Environment
G4-JNI GetStaticMethodID name=getExternalStorageDirectory signature=()Ljava/io/File; id=0xab1c27a0
G4-JNI GetMethodID name=getFilesDir signature=()Ljava/io/File; id=0xab1c28a4
G4-JNI GetMethodID name=getPackageName signature=()Ljava/lang/String; id=0xab1c29a8
G4-JNI GetMethodID name=getPerformanceScore signature=()F id=0xab1c2aac
G4-JNI GetMethodID name=getTotalMemory signature=()I id=0xab1c2bb0
G4-JNI FindClass name=android/util/DisplayMetrics
G4-JNI GetMethodID name=getDisplayMetrics signature=()Landroid/util/DisplayMetrics; id=0xab1c2cb4
G4-JNI GetFieldID name=density signature=F
G4-JNI GetFieldID name=densityDpi signature=I
G4-JNI GetFieldID name=widthPixels signature=I
G4-JNI GetFieldID name=heightPixels signature=I
G4-JNI FindClass name=com/ea/ironmonkey/GameActivityMain
G4-JNI GetStaticMethodID name=GetDeviceName signature=()Ljava/lang/String; id=0xab1c2db8
G4-JNI GetStaticMethodID name=GetDeviceLocale signature=()Ljava/lang/String; id=0xab1c2ebc
G4-JNI FindClass name=com/ea/ironmonkey/GameActivityMain
G4-JNI GetStaticMethodID name=GetDefaultLanguage signature=()Ljava/lang/String; id=0xab1c2fc0
G4-JNI FindClass name=com/ea/ironmonkey/GameActivityMain
G4-JNI GetStaticMethodID name=GetApplicationVersion signature=()Ljava/lang/String; id=0xab1c30c4
G4-JNI GetStaticMethodID name=getOsVersion signature=()Ljava/lang/String; id=0xab1c31c8
android[4] info: InternalStorageDirectory = ./files

android[4] info: ExternalStorageDirectory = ./Android/data/com.ea.games.nfs13_row

android[4] info: DeviceName = R36S

android[4] info: DefaultLanguage = en

android[4] info: ApplicationVersion = 1.3.128

android[4] info: ScreenDensity = 1

android[4] info: ScreenDensityDPI = 160

android[4] info: ScreenWidthPixels = 640

android[4] info: ScreenHeightPixels = 480

android[4] info: ContentScale (derived) = 1

android[4] info: PerformanceScore = 100

android[4] info: TotalMemoryMb = 768

android[4] info: OsVersion = 4.4.4

android[4] info: Tier = Higest

G4-JNI GetStaticMethodID name=isAmazon signature=()Z id=0xab1c32cc
G4-JNI GetEnv version=0x00010002
G4-JNI GetEnv version=0x00010002
G4-JNI GetEnv version=0x00010002
G4-JNI GetMethodID name=getRunLoop signature=()Lcom/ea/ironmonkey/RunLoop; id=0xab1c33d0
G4-JNI GetEnv version=0x00010002
G4-JNI GetMethodID name=start signature=()V id=0xab1c34d4
android[4] info: Tier = Higest

G4-JNI GetEnv version=0x00010002
G4-JNI FindClass name=android/app/NativeActivity
G4-JNI FindClass name=java/lang/ClassLoader
G4-JNI UNKNOWN table call guest-return=0xf5e57ef4
G4-JNI GetStaticMethodID name=getInstance signature=(Landroid/content/Context;)Lcom/bda/controller/Controller; id=0xab1c35d8
G4-JNI GetMethodID name=init signature=()Z id=0xab1c36dc
G4-JNI GetMethodID name=exit signature=()V id=0xab1c37e0
G4-JNI GetMethodID name=getAxisValue signature=(I)F id=0xab1c38e4
G4-JNI GetMethodID name=getInfo signature=(I)I id=0xab1c39e8
G4-JNI GetMethodID name=getKeyCode signature=(I)I id=0xab1c3aec
G4-JNI GetMethodID name=getState signature=(I)I id=0xab1c3bf0
G4-JNI GetMethodID name=onPause signature=()V id=0xab1c3cf4
G4-JNI GetMethodID name=onResume signature=()V id=0xab1c3df8
G4-JNI GetMethodID name=setListener signature=(Lcom/bda/controller/ControllerListener;Landroid/os/Handler;)V id=0xab1c3efc
G4-JNI FindClass name=android/app/NativeActivity
G4-JNI FindClass name=java/lang/ClassLoader
G4-JNI UNKNOWN table call guest-return=0xf5e58ccc
G4-JNI GetMethodID name=getAction signature=()I id=0xab1c4000
G4-JNI GetMethodID name=getControllerId signature=()I id=0xab1c4104
G4-JNI GetMethodID name=getEventTime signature=()J id=0xab1c4208
G4-JNI GetMethodID name=getKeyCode signature=()I id=0xab1c430c
G4-JNI FindClass name=android/app/NativeActivity
G4-JNI FindClass name=java/lang/ClassLoader
G4-JNI UNKNOWN table call guest-return=0xf5e5a784
G4-JNI GetMethodID name=findPointerIndex signature=(I)I id=0xab1c4410
G4-JNI GetMethodID name=getAxisValue signature=(II)F id=0xab1c4514
G4-JNI GetMethodID name=getPointerCount signature=()I id=0xab1c4618
G4-JNI GetMethodID name=getPointerId signature=(I)I id=0xab1c471c
G4-JNI GetMethodID name=getRawX signature=()F id=0xab1c4820
G4-JNI GetMethodID name=getRawY signature=()F id=0xab1c4924
G4-JNI GetMethodID name=getX signature=()F id=0xab1c4a28
G4-JNI GetMethodID name=getX signature=(I)F id=0xab1c4b2c
G4-JNI GetMethodID name=getXPrecision signature=()F id=0xab1c4c30
G4-JNI GetMethodID name=getY signature=()F id=0xab1c4d34
G4-JNI GetMethodID name=getY signature=(I)F id=0xab1c4e38
G4-JNI GetMethodID name=getYPrecision signature=()F id=0xab1c4f3c
G4-JNI FindClass name=android/app/NativeActivity
G4-JNI FindClass name=java/lang/ClassLoader
G4-JNI UNKNOWN table call guest-return=0xf5e5ae10
G4-JNI GetMethodID name=getState signature=()I id=0xab1c5040
G4-JNI GetFieldID name=mIsBound signature=Z
G4-JNI FindClass name=android/content/Intent
G4-JNI GetMethodID name=<init> signature=(Ljava/lang/String;)V id=0xab1c5144
G4-JNI GetMethodID name=setPackage signature=(Ljava/lang/String;)Landroid/content/Intent; id=0xab1c5248
G4-JNI GetFieldID name=mContext signature=Landroid/content/Context;
G4-JNI GetFieldID name=mServiceConnection signature=Lcom/bda/controller/Controller$ServiceConnection;
G4-JNI FindClass name=android/content/Context
G4-JNI GetMethodID name=startService signature=(Landroid/content/Intent;)Landroid/content/ComponentName; id=0xab1c534c
G4-JNI GetMethodID name=bindService signature=(Landroid/content/Intent;Landroid/content/ServiceConnection;I)Z id=0xab1c5450
G4-JNI FindClass name=android/app/NativeActivity
G4-JNI FindClass name=java/lang/ClassLoader
G4-JNI UNKNOWN table call guest-return=0xf5e59f1c
G4-JNI GetMethodID name=<init> signature=()V id=0xab1c5554
G4-JNI PASS JNI_OnLoad/nativeOnCreate methods=56
=== G5 GAME SURFACE ===
G4-JNI GetEnv version=0x00010002
G4-JNI FindClass name=android/view/ViewRoot
G4-JNI GetMethodID name=setProcessPositionEvents signature=(Z)V id=0xab1c5658
G4-JNI GetMethodID name=GetViewRoot signature=()Landroid/view/ViewParent; id=0xab1c575c
android[4] ResourceManager: ContextLost() 

android[4] ResourceManager: mIAssetV.empty()? 1 mTextureV.empty()? 1

G5-SURFACE PASS lifecycle returned
android[2] trace: ....................(KK) MogaController :: Inside nativeOnStateEvent

android[2] trace: (KK) MogaController :: Inside nativeOnStateEvent ....................

android[2] trace: ....................(KK) MogaController :: Inside nativeOnStateEvent

android[2] trace: (KK) MogaController :: Inside nativeOnStateEvent ....................

android[2] trace: ....................(KK) MogaController :: Inside nativeOnStateEvent

android[2] trace: (KK) MogaController :: Inside nativeOnStateEvent ....................

G6-MOGA connected product=MOGA-Pro
=== G6/G7 GAME LOOP (Back+Start exits) ===
android[2] trace: ....................(KK) MogaController :: Inside NativeOnMotionEvent

android[2] trace: (KK) MogaController :: Inside NativeOnMotionEvent ....................

G6-MOGA motion frame=0 axes=0,0,0,0,0,0
G7-FRAME enter=0
android[4] info: OpenGL-ES extensions: GL_ARM_rgba8 GL_ARM_mali_shader_binary GL_OES_depth24 GL_OES_depth_texture GL_OES_depth_texture_cube_map
android[4] info:  GL_OES_packed_depth_stencil GL_OES_rgb8_rgba8 GL_EXT_read_format_bgra GL_OES_compressed_paletted_texture GL_OES_compressed_ET
android[4] info: C1_RGB8_texture GL_OES_standard_derivatives GL_OES_EGL_image GL_OES_EGL_image_external GL_OES_EGL_image_external_essl3 GL_OES_
android[4] info: EGL_sync GL_OES_texture_npot GL_OES_vertex_half_float GL_OES_required_internalformat GL_OES_vertex_array_object GL_OES_mapbuff
android[4] info: er GL_EXT_texture_format_BGRA8888 GL_EXT_texture_rg GL_EXT_texture_type_2_10_10_10_REV GL_OES_fbo_render_mipmap GL_OES_element
android[4] info: _index_uint GL_EXT_shadow_samplers GL_OES_texture_compression_astc GL_KHR_texture_compression_astc_ldr GL_KHR_texture_compress
android[4] info: ion_astc_hdr GL_KHR_texture_compression_astc_sliced_3d GL_EXT_texture_compression_astc_decode_mode GL_EXT_texture_compression_
android[4] info: astc_decode_mode_rgb9e5 GL_KHR_debug GL_EXT_occlusion_query_boolean GL_EXT_disjoint_timer_query GL_EXT_blend_minmax GL_EXT_dis
android[4] info: card_framebuffer GL_OES_get_program_binary GL_OES_texture_3D GL_EXT_texture_storage GL_EXT_multisampled_render_to_texture GL_O
android[4] info: ES_surfaceless_context GL_OES_texture_stencil8 GL_EXT_shader_pixel_local_storage GL_ARM_shader_framebuffer_fetch GL_ARM_shader
android[4] info: _framebuffer_fetch_depth_stencil GL_ARM_mali_program_binary GL_EXT_sRGB GL_EXT_sRGB_write_control GL_EXT_texture_sRGB_decode G
android[4] info: L_EXT_texture_sRGB_R8 GL_EXT_texture_sRGB_RG8 GL_KHR_blend_equation_advanced GL_KHR_blend_equation_advanced_coherent GL_OES_te
android[4] info: xture_storage_multisample_2d_array GL_OES_shader_image_atomic GL_EXT_robustness GL_EXT_draw_buffers_indexed GL_OES_draw_buffer
android[4] info: s_indexed GL_EXT_texture_border_clamp GL_OES_texture_border_clamp GL_EXT_texture_cube_map_array GL_OES_texture_cube_map_array 
android[4] info: GL_OES_sample_variables GL_OES_sample_shading GL_OES_shader_multisample_interpolation GL_EXT_shader_io_blocks GL_OES_shader_io
android[4] info: _blocks GL_EXT_tessellation_shader GL_OES_tessellation_shader GL_EXT_primitive_bounding_box GL_OES_primitive_bounding_box GL_E
android[4] info: XT_geometry_shader GL_OES_geometry_shader GL_ANDROID_extension_pack_es31a GL_EXT_gpu_shader5 GL_OES_gpu_shader5 GL_EXT_texture
android[4] info: _buffer GL_OES_texture_buffer GL_EXT_copy_image GL_OES_copy_image GL_EXT_shader_non_constant_global_initializers GL_EXT_color_
android[4] info: buffer_half_float GL_EXT_color_buffer_float GL_EXT_YUV_target GL_OVR_multiview GL_OVR_multiview2 GL_OVR_multiview_multisampled
android[4] info: _render_to_texture GL_KHR_robustness GL_KHR_robust_buffer_access_behavior GL_EXT_draw_elements_base_vertex GL_OES_draw_element
android[4] info: s_base_vertex GL_EXT_buffer_storage 

android[4] info: Renderer: Mali-G31

G4-JNI GetEnv version=0x00010002
G4-JNI GetMethodID name=getGameGLSurfaceView signature=()Lcom/ea/ironmonkey/GameGLSurfaceView; id=0xab1c5860
G4-JNI GetMethodID name=getWidth signature=()I id=0xab1c5964
G4-JNI GetMethodID name=getHeight signature=()I id=0xab1c5a68
android[5] warn: OpenGL Renderer: Mali-G31

android[5] warn: Isis Renderer Capabilities:

android[5] warn: 	Max Texture Size:      8192

android[5] warn: 	FB Max Samples:        0

android[5] warn: 	EXT: FB Discard:       1

android[5] warn: 	EXT: Occlusion Queries 0

android[5] warn: 	EXT: Texture Max Level 0

android[5] warn: 	EXT: Framebuffer Fetch 0

android[5] warn: 	EXT: Depth Texture     1

android[5] warn: 	EXT: VAO               1

android[4] info: Tier = Higest

android[2] trace: PERFORMANCE - level = 4

android[5] warn: Primary view size: 640  480

G4-JNI GetEnv version=0x00010002
G4-JNI GetMethodID name=getAccelerometer signature=()Lcom/ea/ironmonkey/Accelerometer; id=0xab1c5b6c
G4-JNI GetMethodID name=setFrequency signature=(F)V id=0xab1c5c70
G4-JNI GetMethodID name=setBufferSize signature=(I)V id=0xab1c5d74
G4-JNI GetMethodID name=getSamples signature=(I[I[F)I id=0xab1c5e78
G4-JNI GetEnv version=0x00010002
G4-JNI FindClass name=com/ea/ironmonkey/BitmapGraphics
G4-JNI GetStaticMethodID name=createPaintFromFamilyName signature=(Ljava/lang/String;F)Landroid/graphics/Paint; id=0xab1c5f7c
G4-JNI GetMethodID name=getTextSize signature=()F id=0xab1c6080
G4-JNI GetMethodID name=setTextSize signature=(F)V id=0xab1c6184
G4-JNI FindClass name=android/graphics/Paint$FontMetricsInt
G4-JNI GetMethodID name=getFontMetricsInt signature=()Landroid/graphics/Paint$FontMetricsInt; id=0xab1c6288
G4-JNI GetFieldID name=ascent signature=I
G4-JNI GetFieldID name=descent signature=I
G4-JNI GetFieldID name=bottom signature=I
G4-JNI GetFieldID name=top signature=I
G4-JNI GetFieldID name=leading signature=I
G4-JNI GetMethodID name=measureText signature=(Ljava/lang/String;)F id=0xab1c638c
android[4] EAStdC.Printf: [NimbleWrapper] ICoreAllocator::GetDefaultAllocator() is 0xf66cdb1c
android[4] EAStdC.Printf: [NimbleWrapper] alloc free check
android[4] EAStdC.Printf: [NimbleWrapper] NimbleWrapper::NimbleWrapper()
android[4] EAStdC.Printf: [NimbleWrapper] NimbleWrapper::Init(), allocator=f66cdb1c
android[4] EAStdC.Printf: [NimbleWrapper] NimbleWrapper::FinishInitialization()
android[4] EAStdC.Printf: [Graphics] OpenGLES20::OpenGLES20()
android[4] EAStdC.Printf: [Graphics] OpenGLES20Ext::OpenGLES20Ext()
android[4] EAStdC.Printf: [Graphics] OpenGLES20Ext::LoadExtensions()...
android[4] EAStdC.Printf: [Graphics] ...OpenGLES20Ext::LoadExtensions()
android[4] EAStdC.Printf: [NimbleWrapper] NimbleWrapper::InitNimble()
G4-JNI GetEnv version=0x00010006
G4-JNI GetEnv version=0x00010006
G4-JNI GetEnv version=0x00010006
G4-JNI GetMethodID name=<init> signature=(I)V id=0xab1c6490
G4-JNI GetStaticMethodID name=registerReceiver signature=(Ljava/lang/String;Landroid/content/BroadcastReceiver;)V id=0xab1c6594
G4-JNI GetEnv version=0x00010006
G4-JNI GetEnv version=0x00010006
android[4] EAStdC.Printf: [nimble] telemetry enabled=yes
G4-JNI GetEnv version=0x00010006
G4-JNI GetEnv version=0x00010006
G4-JNI GetEnv version=0x00010006
G4-JNI GetStaticMethodID name=getComponent signature=()Lcom/ea/nimble/tracking/ITracking; id=0xab1c6698
G4-JNI GetMethodID name=setEnable signature=(Z)V id=0xab1c679c
android[4] EAStdC.Printf: [nimble] im::nimble::SaveTelemetryEnabledState(), val=yes
DEBUG: sendTrackingMessage!
G4-JNI GetEnv version=0x00010006
G4-JNI GetMethodID name=getEnable signature=()Z id=0xab1c68a0
G4-JNI GetEnv version=0x00010002
G4-JNI GetEnv version=0x00010002
android[2] trace: AddSKU: texture_etc

android[2] trace: Aspect=1333

android[2] trace: AddSKU: 1x

android[2] trace: AddSKU: 2x

G4-JNI GetEnv version=0x00010002
android[2] trace: Mounting SKU: texture_etc to /published

android[2] trace: Mounting SKU: 1x to /published

android[2] trace: Mounting SKU: 2x to /published

android[2] trace: Locale: Language id=en locale id=en

android[2] trace: Locale: Language id=fr locale id=fr

android[2] trace: Locale: Language id=de locale id=de

android[2] trace: Locale: Language id=it locale id=it

android[2] trace: Locale: Language id=ja locale id=ja

android[2] trace: Locale: Language id=es locale id=es

android[2] trace: Locale: Language id=zh-Hans locale id=cn

android[2] trace: Locale: Language id=zh locale id=cn

android[2] trace: Locale: Language id=ko locale id=kr

android[2] trace: Locale: Language id=nl locale id=nl

android[2] trace: Locale: Language id=pt locale id=pt

android[2] trace: Locale: Language id=ru locale id=ru

G4-JNI GetEnv version=0x00010002
G4-JNI GetEnv version=0x00010002
android[4] EAStdC.Printf: [NimbleWrapper] NimbleWrapper::SetLanguage()
android[4] EAStdC.Printf: [NimbleWrapper] SLG3
G4-JNI GetEnv version=0x00010002
G4-JNI GetEnv version=0x00010002
G4-JNI FindClass name=com/ea/ironmonkey/BitmapGraphics
G4-JNI GetStaticMethodID name=createPaintFromFile signature=(Ljava/lang/String;F)Landroid/graphics/Paint; id=0xab1c69a4
G4-JNI FindClass name=android/graphics/Paint$FontMetricsInt
G4-JNI GetEnv version=0x00010002
G4-JNI FindClass name=com/ea/ironmonkey/BitmapGraphics
G4-JNI FindClass name=android/graphics/Paint$FontMetricsInt
G4-JNI GetEnv version=0x00010002
G4-JNI GetEnv version=0x00010002
G4-JNI FindClass name=com/ea/ironmonkey/BitmapGraphics
G4-JNI FindClass name=android/graphics/Paint$FontMetricsInt
G4-JNI GetEnv version=0x00010002
G4-JNI FindClass name=com/ea/ironmonkey/BitmapGraphics
G4-JNI FindClass name=android/graphics/Paint$FontMetricsInt
G4-JNI GetEnv version=0x00010002
G4-JNI GetEnv version=0x00010002
G4-JNI FindClass name=com/ea/ironmonkey/BitmapGraphics
G4-JNI FindClass name=android/graphics/Paint$FontMetricsInt
G4-JNI GetEnv version=0x00010002
G4-JNI FindClass name=com/ea/ironmonkey/BitmapGraphics
G4-JNI FindClass name=android/graphics/Paint$FontMetricsInt
G4-JNI GetEnv version=0x00010002
G4-JNI GetEnv version=0x00010002
G4-JNI FindClass name=com/ea/ironmonkey/BitmapGraphics
G4-JNI FindClass name=android/graphics/Paint$FontMetricsInt
G4-JNI GetEnv version=0x00010002
G4-JNI FindClass name=com/ea/ironmonkey/BitmapGraphics
G4-JNI FindClass name=android/graphics/Paint$FontMetricsInt
G4-JNI GetEnv version=0x00010002
G4-JNI GetEnv version=0x00010002
G4-JNI FindClass name=com/ea/ironmonkey/BitmapGraphics
G4-JNI FindClass name=android/graphics/Paint$FontMetricsInt
G4-JNI GetEnv version=0x00010002
G4-JNI FindClass name=com/ea/ironmonkey/BitmapGraphics
G4-JNI FindClass name=android/graphics/Paint$FontMetricsInt
G4-JNI GetEnv version=0x00010002
G4-JNI GetEnv version=0x00010002
G4-JNI FindClass name=com/ea/ironmonkey/BitmapGraphics
G4-JNI FindClass name=android/graphics/Paint$FontMetricsInt
G4-JNI GetEnv version=0x00010002
G4-JNI FindClass name=com/ea/ironmonkey/BitmapGraphics
G4-JNI FindClass name=android/graphics/Paint$FontMetricsInt
G4-JNI GetEnv version=0x00010002
G4-JNI GetEnv version=0x00010002
G4-JNI FindClass name=com/ea/ironmonkey/BitmapGraphics
G4-JNI FindClass name=android/graphics/Paint$FontMetricsInt
G4-JNI GetEnv version=0x00010002
G4-JNI FindClass name=com/ea/ironmonkey/BitmapGraphics
G4-JNI FindClass name=android/graphics/Paint$FontMetricsInt
G4-JNI GetEnv version=0x00010002
G4-JNI GetEnv version=0x00010002
G4-JNI FindClass name=com/ea/ironmonkey/BitmapGraphics
G4-JNI FindClass name=android/graphics/Paint$FontMetricsInt
G4-JNI GetEnv version=0x00010002
G4-JNI FindClass name=com/ea/ironmonkey/BitmapGraphics
G4-JNI FindClass name=android/graphics/Paint$FontMetricsInt
G4-JNI GetEnv version=0x00010002
G4-JNI GetEnv version=0x00010002
G4-JNI FindClass name=com/ea/ironmonkey/BitmapGraphics
G4-JNI FindClass name=android/graphics/Paint$FontMetricsInt
G4-JNI GetEnv version=0x00010002
G4-JNI FindClass name=com/ea/ironmonkey/BitmapGraphics
G4-JNI FindClass name=android/graphics/Paint$FontMetricsInt
G4-JNI GetEnv version=0x00010002
G4-JNI GetEnv version=0x00010002
G4-JNI FindClass name=com/ea/ironmonkey/BitmapGraphics
G4-JNI FindClass name=android/graphics/Paint$FontMetricsInt
G4-JNI GetEnv version=0x00010002
G4-JNI FindClass name=com/ea/ironmonkey/BitmapGraphics
G4-JNI FindClass name=android/graphics/Paint$FontMetricsInt
G4-JNI GetEnv version=0x00010002
G4-JNI GetEnv version=0x00010002
G4-JNI FindClass name=com/ea/ironmonkey/BitmapGraphics
G4-JNI FindClass name=android/graphics/Paint$FontMetricsInt
G4-JNI GetEnv version=0x00010002
G4-JNI FindClass name=com/ea/ironmonkey/BitmapGraphics
G4-JNI FindClass name=android/graphics/Paint$FontMetricsInt
G4-JNI GetEnv version=0x00010002
G4-JNI GetEnv version=0x00010002
G4-JNI FindClass name=com/ea/ironmonkey/BitmapGraphics
G4-JNI FindClass name=android/graphics/Paint$FontMetricsInt
G4-JNI GetEnv version=0x00010002
G4-JNI FindClass name=com/ea/ironmonkey/BitmapGraphics
G4-JNI FindClass name=android/graphics/Paint$FontMetricsInt
G4-JNI GetEnv version=0x00010002
G4-JNI GetEnv version=0x00010002
G4-JNI FindClass name=com/ea/ironmonkey/BitmapGraphics
G4-JNI FindClass name=android/graphics/Paint$FontMetricsInt
G4-JNI GetEnv version=0x00010002
G4-JNI FindClass name=com/ea/ironmonkey/BitmapGraphics
G4-JNI FindClass name=android/graphics/Paint$FontMetricsInt
G4-JNI GetEnv version=0x00010002
G4-JNI GetEnv version=0x00010002
G4-JNI FindClass name=com/ea/ironmonkey/BitmapGraphics
G4-JNI FindClass name=android/graphics/Paint$FontMetricsInt
G4-JNI GetEnv version=0x00010002
G4-JNI FindClass name=com/ea/ironmonkey/BitmapGraphics
G4-JNI FindClass name=android/graphics/Paint$FontMetricsInt
G4-JNI GetEnv version=0x00010002
G4-JNI GetEnv version=0x00010002
G4-JNI FindClass name=com/ea/ironmonkey/BitmapGraphics
G4-JNI FindClass name=android/graphics/Paint$FontMetricsInt
G4-JNI GetEnv version=0x00010002
G4-JNI FindClass name=com/ea/ironmonkey/BitmapGraphics
G4-JNI FindClass name=android/graphics/Paint$FontMetricsInt
G4-JNI GetEnv version=0x00010002
G4-JNI GetEnv version=0x00010002
G4-JNI FindClass name=com/ea/ironmonkey/BitmapGraphics
G4-JNI FindClass name=android/graphics/Paint$FontMetricsInt
G4-JNI GetEnv version=0x00010002
G4-JNI FindClass name=com/ea/ironmonkey/BitmapGraphics
G4-JNI FindClass name=android/graphics/Paint$FontMetricsInt
G4-JNI GetEnv version=0x00010002
G4-JNI FindClass name=com/ea/ironmonkey/BitmapGraphics
G4-JNI FindClass name=android/graphics/Paint$FontMetricsInt
G4-JNI GetEnv version=0x00010002
G4-JNI FindClass name=com/ea/ironmonkey/BitmapGraphics
G4-JNI FindClass name=android/graphics/Paint$FontMetricsInt
G4-JNI GetEnv version=0x00010002
G4-JNI GetEnv version=0x00010002
G4-JNI FindClass name=com/ea/ironmonkey/BitmapGraphics
G4-JNI FindClass name=android/graphics/Paint$FontMetricsInt
G4-JNI GetEnv version=0x00010002
G4-JNI FindClass name=com/ea/ironmonkey/BitmapGraphics
G4-JNI FindClass name=android/graphics/Paint$FontMetricsInt
G4-JNI GetEnv version=0x00010002
G4-JNI GetEnv version=0x00010002
G4-JNI FindClass name=com/ea/ironmonkey/BitmapGraphics
G4-JNI FindClass name=android/graphics/Paint$FontMetricsInt
G4-JNI GetEnv version=0x00010002
G4-JNI FindClass name=com/ea/ironmonkey/BitmapGraphics
G4-JNI FindClass name=android/graphics/Paint$FontMetricsInt
G4-JNI GetEnv version=0x00010002
G4-JNI GetEnv version=0x00010002
G4-JNI FindClass name=com/ea/ironmonkey/BitmapGraphics
G4-JNI FindClass name=android/graphics/Paint$FontMetricsInt
G4-JNI GetEnv version=0x00010002
G4-JNI FindClass name=com/ea/ironmonkey/BitmapGraphics
G4-JNI FindClass name=android/graphics/Paint$FontMetricsInt
G4-JNI GetEnv version=0x00010002
G4-JNI GetEnv version=0x00010002
G4-JNI FindClass name=com/ea/ironmonkey/BitmapGraphics
G4-JNI FindClass name=android/graphics/Paint$FontMetricsInt
G4-JNI GetEnv version=0x00010002
G4-JNI FindClass name=com/ea/ironmonkey/BitmapGraphics
G4-JNI FindClass name=android/graphics/Paint$FontMetricsInt
G4-JNI GetEnv version=0x00010002
G4-JNI GetEnv version=0x00010002
G4-JNI FindClass name=com/ea/ironmonkey/BitmapGraphics
G4-JNI FindClass name=android/graphics/Paint$FontMetricsInt
G4-JNI GetEnv version=0x00010002
G4-JNI FindClass name=com/ea/ironmonkey/BitmapGraphics
G4-JNI FindClass name=android/graphics/Paint$FontMetricsInt
G4-JNI GetEnv version=0x00010002
G4-JNI GetEnv version=0x00010002
G4-JNI FindClass name=com/ea/ironmonkey/BitmapGraphics
G4-JNI FindClass name=android/graphics/Paint$FontMetricsInt
G4-JNI GetEnv version=0x00010002
G4-JNI FindClass name=com/ea/ironmonkey/BitmapGraphics
G4-JNI FindClass name=android/graphics/Paint$FontMetricsInt
G4-JNI GetEnv version=0x00010002
G4-JNI GetEnv version=0x00010002
G4-JNI FindClass name=com/ea/ironmonkey/BitmapGraphics
G4-JNI FindClass name=android/graphics/Paint$FontMetricsInt
G4-JNI GetEnv version=0x00010002
G4-JNI FindClass name=com/ea/ironmonkey/BitmapGraphics
G4-JNI FindClass name=android/graphics/Paint$FontMetricsInt
G4-JNI GetEnv version=0x00010002
G4-JNI GetEnv version=0x00010002
G4-JNI FindClass name=com/ea/ironmonkey/BitmapGraphics
G4-JNI FindClass name=android/graphics/Paint$FontMetricsInt
G4-JNI GetEnv version=0x00010002
G4-JNI FindClass name=com/ea/ironmonkey/BitmapGraphics
G4-JNI FindClass name=android/graphics/Paint$FontMetricsInt
G4-JNI GetEnv version=0x00010002
G4-JNI GetEnv version=0x00010002
G4-JNI FindClass name=com/ea/ironmonkey/BitmapGraphics
G4-JNI FindClass name=android/graphics/Paint$FontMetricsInt
G4-JNI GetEnv version=0x00010002
G4-JNI FindClass name=com/ea/ironmonkey/BitmapGraphics
G4-JNI FindClass name=android/graphics/Paint$FontMetricsInt
G4-JNI GetEnv version=0x00010002
G4-JNI GetEnv version=0x00010002
G4-JNI FindClass name=com/ea/ironmonkey/BitmapGraphics
G4-JNI FindClass name=android/graphics/Paint$FontMetricsInt
G4-JNI GetEnv version=0x00010002
G4-JNI FindClass name=com/ea/ironmonkey/BitmapGraphics
G4-JNI FindClass name=android/graphics/Paint$FontMetricsInt
G4-JNI GetEnv version=0x00010002
G4-JNI GetEnv version=0x00010002
G4-JNI FindClass name=com/ea/ironmonkey/BitmapGraphics
G4-JNI FindClass name=android/graphics/Paint$FontMetricsInt
G4-JNI GetEnv version=0x00010002
G4-JNI FindClass name=com/ea/ironmonkey/BitmapGraphics
G4-JNI FindClass name=android/graphics/Paint$FontMetricsInt
G4-JNI GetEnv version=0x00010002
G4-JNI GetEnv version=0x00010002
G4-JNI FindClass name=com/ea/ironmonkey/BitmapGraphics
G4-JNI FindClass name=android/graphics/Paint$FontMetricsInt
G4-JNI GetEnv version=0x00010002
G4-JNI FindClass name=com/ea/ironmonkey/BitmapGraphics
G4-JNI FindClass name=android/graphics/Paint$FontMetricsInt
G4-JNI GetEnv version=0x00010002
G4-JNI GetEnv version=0x00010002
G4-JNI FindClass name=com/ea/ironmonkey/BitmapGraphics
G4-JNI FindClass name=android/graphics/Paint$FontMetricsInt
G4-JNI GetEnv version=0x00010002
G4-JNI FindClass name=com/ea/ironmonkey/BitmapGraphics
G4-JNI FindClass name=android/graphics/Paint$FontMetricsInt
G4-JNI GetEnv version=0x00010002
G4-JNI GetEnv version=0x00010002
G4-JNI FindClass name=com/ea/ironmonkey/BitmapGraphics
G4-JNI FindClass name=android/graphics/Paint$FontMetricsInt
G4-JNI GetEnv version=0x00010002
G4-JNI FindClass name=com/ea/ironmonkey/BitmapGraphics
G4-JNI FindClass name=android/graphics/Paint$FontMetricsInt
G4-JNI GetEnv version=0x00010002
G4-JNI GetEnv version=0x00010002
G4-JNI FindClass name=com/ea/ironmonkey/BitmapGraphics
G4-JNI FindClass name=android/graphics/Paint$FontMetricsInt
G4-JNI GetEnv version=0x00010002
G4-JNI FindClass name=com/ea/ironmonkey/BitmapGraphics
G4-JNI FindClass name=android/graphics/Paint$FontMetricsInt
G4-JNI GetEnv version=0x00010002
G4-JNI GetEnv version=0x00010002
G4-JNI FindClass name=com/ea/ironmonkey/BitmapGraphics
G4-JNI FindClass name=android/graphics/Paint$FontMetricsInt
G4-JNI GetEnv version=0x00010002
G4-JNI FindClass name=com/ea/ironmonkey/BitmapGraphics
G4-JNI FindClass name=android/graphics/Paint$FontMetricsInt
G4-JNI GetEnv version=0x00010002
G4-JNI GetEnv version=0x00010002
G4-JNI FindClass name=com/ea/ironmonkey/BitmapGraphics
G4-JNI FindClass name=android/graphics/Paint$FontMetricsInt
G4-JNI GetEnv version=0x00010002
G4-JNI FindClass name=com/ea/ironmonkey/BitmapGraphics
G4-JNI FindClass name=android/graphics/Paint$FontMetricsInt
G4-JNI GetEnv version=0x00010002
G4-JNI GetEnv version=0x00010002
G4-JNI FindClass name=com/ea/ironmonkey/BitmapGraphics
G4-JNI FindClass name=android/graphics/Paint$FontMetricsInt
G4-JNI GetEnv version=0x00010002
G4-JNI FindClass name=com/ea/ironmonkey/BitmapGraphics
G4-JNI FindClass name=android/graphics/Paint$FontMetricsInt
G4-JNI GetEnv version=0x00010002
G4-JNI GetEnv version=0x00010002
G4-JNI FindClass name=com/ea/ironmonkey/BitmapGraphics
G4-JNI FindClass name=android/graphics/Paint$FontMetricsInt
G4-JNI GetEnv version=0x00010002
G4-JNI FindClass name=com/ea/ironmonkey/BitmapGraphics
G4-JNI FindClass name=android/graphics/Paint$FontMetricsInt
G4-JNI GetEnv version=0x00010002
G4-JNI GetEnv version=0x00010002
G4-JNI FindClass name=com/ea/ironmonkey/BitmapGraphics
G4-JNI FindClass name=android/graphics/Paint$FontMetricsInt
G4-JNI GetEnv version=0x00010002
G4-JNI FindClass name=com/ea/ironmonkey/BitmapGraphics
G4-JNI FindClass name=android/graphics/Paint$FontMetricsInt
G4-JNI GetEnv version=0x00010002
G4-JNI GetEnv version=0x00010002
G4-JNI FindClass name=com/ea/ironmonkey/BitmapGraphics
G4-JNI FindClass name=android/graphics/Paint$FontMetricsInt
G4-JNI GetEnv version=0x00010002
G4-JNI FindClass name=com/ea/ironmonkey/BitmapGraphics
G4-JNI FindClass name=android/graphics/Paint$FontMetricsInt
G4-JNI GetEnv version=0x00010002
G4-JNI GetEnv version=0x00010002
G4-JNI UNKNOWN table call guest-return=0xf61349a8
G4-JNI GetEnv version=0x00010002
android[2] trace: FlowManager splash.sba sba

android[2] trace: FlowManager splash_1333.sba sba

android[5] layouts/warning: LayoutEntity not in cache, reloading: splash

android[5] layouts/warning: LayoutEntity not in cache, reloading: spinner

android[5] layouts/warning: LayoutEntity not in cache, reloading: btn_screen_continue

android[5] layouts/warning: LayoutEntity not in cache, reloading: rollout_vingette

android[5] layouts/warning: TexturePack image not found for layout Sprite: bars_dividers/rollout_vingette.tif

android[5] layouts/warning: TexturePack image not found for layout Sprite: splash/speed_line_2.tif

android[5] layouts/warning: TexturePack image not found for layout Sprite: splash/speed_line.tif

android[5] layouts/warning: TexturePack image not found for layout Sprite: splash/triangles.tif

android[5] layouts/warning: TexturePack image not found for layout Sprite: splash/fm_logo_blur.tif

android[5] layouts/warning: TexturePack image not found for layout Sprite: splash/fm_logo.tif

android[5] layouts/warning: TexturePack image not found for layout Sprite: splash/nfs_blur_shapes.tif

android[5] layouts/warning: TexturePack image not found for layout Sprite: splash/car.tif

android[5] layouts/warning: TexturePack image not found for layout Sprite: images/messaging_white_flare.tif

android[5] layouts/warning: TexturePack image not found for layout Sprite: splash/most_wanted_logo.tif

android[5] layouts/warning: TexturePack image not found for layout Sprite: splash/ea_logo_blur.tif

android[5] layouts/warning: TexturePack image not found for layout Sprite: splash/ea_logo.tif

android[5] layouts/warning: TexturePack image not found for layout Sprite: icons/spinner_circle_mw.tif

android[5] layouts/warning: TexturePack image not found for layout Sprite: splash/car_splash_iphone.tif

android[2] trace: LayoutScreen::LayoutScreen OptionsSettingsScreen != 0

android[6] layouts/error: Unable to locate layout entity: tip_area

android[5] warn: Lock: Is being locked. Lock count: 1

android[4] ResourceManager: Add texture: /published/texturepacks_ui/splash_1333.sba_0

G4-JNI GetEnv version=0x00010002
android[2] trace: Kindle sound low latency fix

android[4] Sound/SoundManager/info: Sample Rate: 24000, Format: 2, Output Channels: 2, Max Input Channels: 2, Resample Method: 1

G4-JNI GetEnv version=0x00010002
G4-JNI GetEnv version=0x00010002
G4-JNI GetMethodID name=getNotchesBoundingRects signature=()[[I id=0xab1c6aa8
G4-JNI GetEnv version=0x00010002
android[2] trace: NFSSoundSubSystem::LoadUISounds() - memory used = 0 MB

android[2] trace: ShowMogaHighlight start

android[2] trace: ShowMogaHighlight 1

android[2] trace: ShowMogaHighlight end

G4-JNI GetEnv version=0x00010002
G4-JNI GetEnv version=0x00010002
G4-JNI FindClass name=com/ea/ironmonkey/BitmapGraphics
G4-JNI GetMethodID name=<init> signature=(II)V id=0xab1c6bac
G4-BITMAP create width=512 height=512 stride=2048
G4-JNI GetEnv version=0x00010002
G4-JNI GetMethodID name=clear signature=()V id=0xab1c6cb0
G4-JNI GetEnv version=0x00010002
G4-JNI GetMethodID name=drawString signature=(Landroid/graphics/Paint;Ljava/lang/String;II)V id=0xab1c6db4
G4-JNI GetEnv version=0x00010002
G4-JNI GetEnv version=0x00010002
G4-JNI GetEnv version=0x00010002
G4-JNI GetEnv version=0x00010002
G4-JNI GetEnv version=0x00010002
G4-JNI GetEnv version=0x00010002
G4-JNI GetEnv version=0x00010002
G4-JNI GetEnv version=0x00010002
G4-JNI GetEnv version=0x00010002
G4-JNI GetEnv version=0x00010002
G4-JNI GetEnv version=0x00010002
G4-JNI GetEnv version=0x00010002
G4-JNI GetEnv version=0x00010002
G4-JNI GetEnv version=0x00010002
G4-JNI GetEnv version=0x00010002
G4-JNI GetEnv version=0x00010002
G4-JNI GetEnv version=0x00010002
G4-JNI GetEnv version=0x00010002
G4-JNI GetEnv version=0x00010002
G4-JNI GetEnv version=0x00010002
G4-JNI GetEnv version=0x00010002
G4-JNI GetEnv version=0x00010002
G4-JNI GetEnv version=0x00010002
G4-JNI GetEnv version=0x00010002
G4-JNI GetEnv version=0x00010002
G4-JNI GetEnv version=0x00010002
G4-JNI GetEnv version=0x00010002
G4-JNI GetEnv version=0x00010002
G4-JNI GetEnv version=0x00010002
G4-JNI GetEnv version=0x00010002
G4-JNI GetEnv version=0x00010002
G4-JNI GetEnv version=0x00010002
G4-JNI GetMethodID name=getBitmap signature=()Landroid/graphics/Bitmap; id=0xab1c6eb8
G7-FRAME leave=0
G7-FRAME enter=1
G7-FRAME leave=1
G7-FRAME enter=2
G7-FRAME leave=2
G7-FRAME enter=3
G7-FRAME leave=3
G7-FRAME enter=4
G7-FRAME leave=4
G7-FRAME enter=5
G7-FRAME leave=5
G7-FRAME enter=6
G7-FRAME leave=6
G7-FRAME enter=7
G7-FRAME leave=7
G7-FRAME enter=8
G7-FRAME leave=8
G7-FRAME enter=9
G7-FRAME leave=9
android[6] Sound/SoundManager/error: FMOD result of SoundManager::createSound: An error occured that wasn't supposed to.  Contact support. 

android[5] Sound/SoundManager/warn: SoundManager::createSound - 'ui/ui/splash_firemonkeys': failure.

android[2] trace: UI play sound: ui/ui/splash_firemonkeys

G4-JNI GetEnv version=0x00010006
G4-JNI GetEnv version=0x00010006
G4-JNI GetEnv version=0x00010006
G4-JNI GetEnv version=0x00010006
G4-JNI GetStaticMethodID name=getComponent signature=()Lcom/ea/nimble/INetwork; id=0xab1c6fbc
G4-JNI GetMethodID name=getStatus signature=()Lcom/ea/nimble/Network$Status; id=0xab1c70c0
G4-JNI GetMethodID name=ordinal signature=()I id=0xab1c71c4
android[2] trace: MoGaConTrOlLeR :: ....................(KK) MogaController :: Inside nativeOnKeyEvent 

android[2] trace: ....................(KK) MogaController :: Inside nativeOnKeyEvent 96

android[2] trace: MoGaConTrOlLeR :: ....................(KK) Key Event Key A AAAA .....................

android[2] trace: MoGaConTrOlLeR :: ....................(KK) Key Event Key Down .....................

android[2] trace: MoGaConTrOlLeR :: ....................(KK) Listener Key Press .....................

android[2] trace: MoGaConTrOlLeR :: ....................(KK) AndroidKeyCode :: MogaKeyCode (Start of func) .....................

android[2] trace: MoGaConTrOlLeR :: ....................(KK) AndroidKeyCode :: MogaKeyCode Key Press A .....................

android[2] trace: MoGaConTrOlLeR :: (KK) MogaController :: Inside nativeOnKeyEvent ....................

G6-MOGA key frame=267 code=96 state=down
G4-JNI GetEnv version=0x00010002
G4-JNI GetMethodID name=CallGC signature=()V id=0xab1c72c8
android[5] flow/FlowNode/warn: Validate node  `/menus/demo_billing_prompt': Screen `Billing' not registered

android[5] flow/FlowNode/warn: Validate node  `/menus/options/main': Node `/menus/demo_billing_prompt' for output `PURCHASE' not valid

android[5] flow/FlowNode/warn: Validate node  `/menus/store/store': Node `/menus/options/main' for output `OPTIONS' not valid

android[5] flow/FlowNode/warn: Validate node  `/menus/profile/profile': Node `/menus/store/store' for output `STORE' not valid

android[5] flow/FlowNode/warn: Validate node  `/menus/garage/garage_grid': Node `/menus/profile/profile' for output `PROFILE' not valid

android[5] flow/FlowNode/warn: Validate node  `/menus/profile/profile_comparison': Node `/menus/garage/garage_grid' for output `GARAGE' not valid

android[5] flow/FlowNode/warn: Validate node  `/menus/map_overworld': Node `/menus/profile/profile_comparison' for output `MOSTWANTEDCOMPARISON' not valid

android[5] flow/FlowNode/warn: Validate node  `/tutorial_check': Node `/menus/map_overworld' for output `MAP' not valid

android[5] flow/FlowNode/warn: Validate node  `/update_check': Node `/tutorial_check' for output `SKIP' not valid

android[5] flow/FlowNode/warn: Validate node  `default': Node `/update_check' for output `DEFAULT' not valid

android[4] ResourceManager: Add texture: /published/texturepacks_ui/mwl_ai_avatars.sba_0

android[2] trace: MusicManager::SetPlaylist(): playlist=Loading fade=true

android[2] trace: MusicManager::PlayNextTrack() try, fade=true, soundManager.IsInitialized()=true, soundManager.IsUserMusicPlaying()=false

android[2] trace: MusicManager::PlayTrack(): track=published/sounds/music/loading_01.mp3 fade=true

G4-JNI GetEnv version=0x00010002
G4-JNI GetEnv version=0x00010002
android[2] trace: MusicManager::PlayNextTrack() try, fade=true, soundManager.IsInitialized()=true, soundManager.IsUserMusicPlaying()=false

android[2] trace: MusicManager::PlayTrack(): track=published/sounds/music/loading_01.mp3 fade=true

G4-JNI GetEnv version=0x00010002
android[2] trace: MoGaConTrOlLeR :: ....................(KK) MogaController :: Inside nativeOnKeyEvent 

android[2] trace: ....................(KK) MogaController :: Inside nativeOnKeyEvent 96

android[2] trace: MoGaConTrOlLeR :: ....................(KK) Key Event Key A AAAA .....................

android[2] trace: MoGaConTrOlLeR :: ....................(KK) Key Event Key up .....................

android[2] trace: MoGaConTrOlLeR :: ....................(KK) Listener Key Release .....................

android[2] trace: MoGaConTrOlLeR :: ....................(KK) AndroidKeyCode :: MogaKeyCode (Start of func) .....................

android[2] trace: MoGaConTrOlLeR :: ....................(KK) AndroidKeyCode :: MogaKeyCode Key Press A .....................

android[2] trace: MoGaConTrOlLeR :: (KK) MogaController :: Inside nativeOnKeyEvent ....................

G6-MOGA key frame=275 code=96 state=up
android[2] trace: MusicManager::PlayNextTrack() try, fade=true, soundManager.IsInitialized()=true, soundManager.IsUserMusicPlaying()=false

android[2] trace: MusicManager::PlayTrack(): track=published/sounds/music/loading_01.mp3 fade=true

G4-JNI GetEnv version=0x00010002
android[2] trace: MusicManager::PlayNextTrack() try, fade=true, soundManager.IsInitialized()=true, soundManager.IsUserMusicPlaying()=false

android[2] trace: MusicManager::PlayTrack(): track=published/sounds/music/loading_01.mp3 fade=true

G4-JNI GetEnv version=0x00010002
android[2] trace: MusicManager::PlayNextTrack() try, fade=true, soundManager.IsInitialized()=true, soundManager.IsUserMusicPlaying()=false

android[2] trace: MusicManager::PlayTrack(): track=published/sounds/music/loading_01.mp3 fade=true

G4-JNI GetEnv version=0x00010002
android[2] trace: MusicManager::PlayNextTrack() try, fade=true, soundManager.IsInitialized()=true, soundManager.IsUserMusicPlaying()=false

android[2] trace: MusicManager::PlayTrack(): track=published/sounds/music/loading_01.mp3 fade=true

G4-JNI GetEnv version=0x00010002
android[2] trace: MusicManager::PlayNextTrack() try, fade=true, soundManager.IsInitialized()=true, soundManager.IsUserMusicPlaying()=false

android[2] trace: MusicManager::PlayTrack(): track=published/sounds/music/loading_01.mp3 fade=true

G4-JNI GetEnv version=0x00010002
android[5] warn: Database of RaceEvent prefabs has no entry with ID event1_race

android[2] trace: MusicManager::PlayNextTrack() try, fade=true, soundManager.IsInitialized()=true, soundManager.IsUserMusicPlaying()=false

android[2] trace: MusicManager::PlayTrack(): track=published/sounds/music/loading_01.mp3 fade=true

G4-JNI GetEnv version=0x00010002
android[2] trace: Tutorial: m_DrivingTutorialProgress=0/8

android[2] trace: Tutorial: m_FrontEndTutorialProgress=0/5

android[2] trace: Tutorial: Achiv=0

DEBUG: sendTrackingMessage!
G4-JNI GetEnv version=0x00010006
android[4] info: -- Most Wanted List Updated --

android[4] info: 1. You(0 PTS)

android[4] info: -- Most Wanted List Updated --

android[4] info: 1. MSTWNTD(20000 PTS)

android[4] info: 2. FANGD(19000 PTS)

android[4] info: 3. GDZLLR(18000 PTS)

android[4] info: 4. HONEY(17000 PTS)

android[4] info: 5. KRIEG(16000 PTS)

android[4] info: 6. GU1LTY(15000 PTS)

android[4] info: 7. SPIDER(14000 PTS)

android[4] info: 8. GTMC(13000 PTS)

android[4] info: 9. SNWBLND(12000 PTS)

android[4] info: 10. JAPAN4(11000 PTS)

android[4] info: 11. You(0 PTS)

DEBUG: sendTrackingMessage!
G4-JNI GetEnv version=0x00010006
DEBUG: sendTrackingMessage!
G4-JNI GetEnv version=0x00010006
G4-JNI GetEnv version=0x00010002
android[2] trace: MusicManager::PlayNextTrack() try, fade=true, soundManager.IsInitialized()=true, soundManager.IsUserMusicPlaying()=false

android[2] trace: MusicManager::PlayTrack(): track=published/sounds/music/loading_01.mp3 fade=true

G4-JNI GetEnv version=0x00010002
android[2] trace: MusicManager::PlayNextTrack() try, fade=true, soundManager.IsInitialized()=true, soundManager.IsUserMusicPlaying()=false

android[2] trace: MusicManager::PlayTrack(): track=published/sounds/music/loading_01.mp3 fade=true

G4-JNI GetEnv version=0x00010002
android[2] trace: MusicManager::PlayNextTrack() try, fade=true, soundManager.IsInitialized()=true, soundManager.IsUserMusicPlaying()=false

android[2] trace: MusicManager::PlayTrack(): track=published/sounds/music/loading_01.mp3 fade=true

G4-JNI GetEnv version=0x00010002
android[2] trace: MusicManager::PlayNextTrack() try, fade=true, soundManager.IsInitialized()=true, soundManager.IsUserMusicPlaying()=false

android[2] trace: MusicManager::PlayTrack(): track=published/sounds/music/loading_01.mp3 fade=true

G4-JNI GetEnv version=0x00010002
android[2] trace: MusicManager::PlayNextTrack() try, fade=true, soundManager.IsInitialized()=true, soundManager.IsUserMusicPlaying()=false

android[2] trace: MusicManager::PlayTrack(): track=published/sounds/music/loading_01.mp3 fade=true

G4-JNI GetEnv version=0x00010002
android[2] trace: MusicManager::PlayNextTrack() try, fade=true, soundManager.IsInitialized()=true, soundManager.IsUserMusicPlaying()=false

android[2] trace: MusicManager::PlayTrack(): track=published/sounds/music/loading_01.mp3 fade=true

G4-JNI GetEnv version=0x00010002
android[2] trace: MusicManager::PlayNextTrack() try, fade=true, soundManager.IsInitialized()=true, soundManager.IsUserMusicPlaying()=false

android[2] trace: MusicManager::PlayTrack(): track=published/sounds/music/loading_01.mp3 fade=true

G4-JNI GetEnv version=0x00010002
android[2] trace: MusicManager::PlayNextTrack() try, fade=true, soundManager.IsInitialized()=true, soundManager.IsUserMusicPlaying()=false

android[2] trace: MusicManager::PlayTrack(): track=published/sounds/music/loading_01.mp3 fade=true

G4-JNI GetEnv version=0x00010002
android[2] trace: MusicManager::PlayNextTrack() try, fade=true, soundManager.IsInitialized()=true, soundManager.IsUserMusicPlaying()=false

android[2] trace: MusicManager::PlayTrack(): track=published/sounds/music/loading_01.mp3 fade=true

G4-JNI GetEnv version=0x00010002
android[2] trace: MusicManager::PlayNextTrack() try, fade=true, soundManager.IsInitialized()=true, soundManager.IsUserMusicPlaying()=false

android[2] trace: MusicManager::PlayTrack(): track=published/sounds/music/loading_01.mp3 fade=true

G4-JNI GetEnv version=0x00010002
android[2] trace: MusicManager::PlayNextTrack() try, fade=true, soundManager.IsInitialized()=true, soundManager.IsUserMusicPlaying()=false

android[2] trace: MusicManager::PlayTrack(): track=published/sounds/music/loading_01.mp3 fade=true

G4-JNI GetEnv version=0x00010002
android[2] trace: MusicManager::PlayNextTrack() try, fade=true, soundManager.IsInitialized()=true, soundManager.IsUserMusicPlaying()=false

android[2] trace: MusicManager::PlayTrack(): track=published/sounds/music/loading_01.mp3 fade=true

G4-JNI GetEnv version=0x00010002
android[2] trace: MusicManager::PlayNextTrack() try, fade=true, soundManager.IsInitialized()=true, soundManager.IsUserMusicPlaying()=false

android[2] trace: MusicManager::PlayTrack(): track=published/sounds/music/loading_01.mp3 fade=true

G4-JNI GetEnv version=0x00010002
android[2] trace: MusicManager::PlayNextTrack() try, fade=true, soundManager.IsInitialized()=true, soundManager.IsUserMusicPlaying()=false

android[2] trace: MusicManager::PlayTrack(): track=published/sounds/music/loading_01.mp3 fade=true

G4-JNI GetEnv version=0x00010002
android[2] trace: MusicManager::PlayNextTrack() try, fade=true, soundManager.IsInitialized()=true, soundManager.IsUserMusicPlaying()=false

android[2] trace: MusicManager::PlayTrack(): track=published/sounds/music/loading_01.mp3 fade=true

G4-JNI GetEnv version=0x00010002
android[2] trace: MusicManager::PlayNextTrack() try, fade=true, soundManager.IsInitialized()=true, soundManager.IsUserMusicPlaying()=false

android[2] trace: MusicManager::PlayTrack(): track=published/sounds/music/loading_01.mp3 fade=true

G4-JNI GetEnv version=0x00010002
android[2] trace: MusicManager::PlayNextTrack() try, fade=true, soundManager.IsInitialized()=true, soundManager.IsUserMusicPlaying()=false

android[2] trace: MusicManager::PlayTrack(): track=published/sounds/music/loading_01.mp3 fade=true

G4-JNI GetEnv version=0x00010002
android[2] trace: MusicManager::PlayNextTrack() try, fade=true, soundManager.IsInitialized()=true, soundManager.IsUserMusicPlaying()=false

android[2] trace: MusicManager::PlayTrack(): track=published/sounds/music/loading_01.mp3 fade=true

G4-JNI GetEnv version=0x00010002
android[2] trace: MusicManager::PlayNextTrack() try, fade=true, soundManager.IsInitialized()=true, soundManager.IsUserMusicPlaying()=false

android[2] trace: MusicManager::PlayTrack(): track=published/sounds/music/loading_01.mp3 fade=true

G4-JNI GetEnv version=0x00010002
G7-FRAME enter=300
android[2] trace: MusicManager::PlayNextTrack() try, fade=true, soundManager.IsInitialized()=true, soundManager.IsUserMusicPlaying()=false

android[2] trace: MusicManager::PlayTrack(): track=published/sounds/music/loading_01.mp3 fade=true

G4-JNI GetEnv version=0x00010002
G7-FRAME leave=300
android[2] trace: MusicManager::PlayNextTrack() try, fade=true, soundManager.IsInitialized()=true, soundManager.IsUserMusicPlaying()=false

android[2] trace: MusicManager::PlayTrack(): track=published/sounds/music/loading_01.mp3 fade=true

G4-JNI GetEnv version=0x00010002
android[2] trace: MusicManager::PlayNextTrack() try, fade=true, soundManager.IsInitialized()=true, soundManager.IsUserMusicPlaying()=false

android[2] trace: MusicManager::PlayTrack(): track=published/sounds/music/loading_01.mp3 fade=true

G4-JNI GetEnv version=0x00010002
android[2] trace: MusicManager::PlayNextTrack() try, fade=true, soundManager.IsInitialized()=true, soundManager.IsUserMusicPlaying()=false

android[2] trace: MusicManager::PlayTrack(): track=published/sounds/music/loading_01.mp3 fade=true

G4-JNI GetEnv version=0x00010002
G4-JNI GetEnv version=0x00010002
G4-JNI GetEnv version=0x00010002
G4-JNI GetEnv version=0x00010002
G4-JNI GetEnv version=0x00010002
G4-JNI GetEnv version=0x00010002
G4-JNI GetEnv version=0x00010002
G4-JNI GetEnv version=0x00010002
G4-JNI GetEnv version=0x00010002
G4-JNI GetEnv version=0x00010002
G4-JNI GetEnv version=0x00010002
G4-JNI GetEnv version=0x00010002
G4-JNI GetEnv version=0x00010002
G4-JNI GetEnv version=0x00010002
G4-JNI GetEnv version=0x00010002
G4-JNI GetEnv version=0x00010002
G4-JNI GetEnv version=0x00010002
G4-JNI GetEnv version=0x00010002
G4-JNI GetEnv version=0x00010002
G4-JNI GetEnv version=0x00010002
G4-JNI GetEnv version=0x00010002
G4-JNI GetEnv version=0x00010002
G4-JNI GetEnv version=0x00010002
G4-JNI GetEnv version=0x00010002
G4-JNI GetEnv version=0x00010002
G4-JNI GetEnv version=0x00010002
G4-JNI GetEnv version=0x00010002
G4-JNI GetEnv version=0x00010002
G4-JNI GetEnv version=0x00010002
G4-JNI GetEnv version=0x00010002
G4-JNI GetEnv version=0x00010002
G4-JNI GetEnv version=0x00010002
G4-JNI GetEnv version=0x00010002
G4-JNI GetEnv version=0x00010002
G4-JNI GetEnv version=0x00010002
G4-JNI GetEnv version=0x00010002
G4-JNI GetEnv version=0x00010002
G4-JNI GetEnv version=0x00010002
G4-JNI GetEnv version=0x00010002
G4-JNI GetEnv version=0x00010002
G4-JNI GetEnv version=0x00010002
G4-JNI GetEnv version=0x00010002
G4-JNI GetEnv version=0x00010002
G4-JNI GetEnv version=0x00010002
G4-JNI GetEnv version=0x00010002
G4-JNI GetEnv version=0x00010002
G4-JNI GetEnv version=0x00010002
G4-JNI GetEnv version=0x00010002
G4-JNI GetEnv version=0x00010002
G4-JNI GetEnv version=0x00010002
G4-JNI GetEnv version=0x00010002
G4-JNI GetEnv version=0x00010002
G4-JNI GetEnv version=0x00010002
G4-JNI GetEnv version=0x00010002
G4-JNI GetEnv version=0x00010002
G4-JNI GetEnv version=0x00010002
G4-JNI GetEnv version=0x00010002
G4-JNI GetEnv version=0x00010002
G4-JNI GetEnv version=0x00010002
G4-JNI GetEnv version=0x00010002
G4-JNI GetEnv version=0x00010002
G4-JNI GetEnv version=0x00010002
G4-JNI GetEnv version=0x00010002
android[2] trace: MusicManager::PlayNextTrack() try, fade=true, soundManager.IsInitialized()=true, soundManager.IsUserMusicPlaying()=false

android[2] trace: MusicManager::PlayTrack(): track=published/sounds/music/loading_01.mp3 fade=true

G4-JNI GetEnv version=0x00010002
android[2] trace: MusicManager::PlayNextTrack() try, fade=true, soundManager.IsInitialized()=true, soundManager.IsUserMusicPlaying()=false

android[2] trace: MusicManager::PlayTrack(): track=published/sounds/music/loading_01.mp3 fade=true

G4-JNI GetEnv version=0x00010002
android[2] trace: MusicManager::PlayNextTrack() try, fade=true, soundManager.IsInitialized()=true, soundManager.IsUserMusicPlaying()=false

android[2] trace: MusicManager::PlayTrack(): track=published/sounds/music/loading_01.mp3 fade=true

G4-JNI GetEnv version=0x00010002
android[2] trace: MusicManager::PlayNextTrack() try, fade=true, soundManager.IsInitialized()=true, soundManager.IsUserMusicPlaying()=false

android[2] trace: MusicManager::PlayTrack(): track=published/sounds/music/loading_01.mp3 fade=true

G4-JNI GetEnv version=0x00010002
android[2] trace: MusicManager::PlayNextTrack() try, fade=true, soundManager.IsInitialized()=true, soundManager.IsUserMusicPlaying()=false

android[2] trace: MusicManager::PlayTrack(): track=published/sounds/music/loading_01.mp3 fade=true

G4-JNI GetEnv version=0x00010002
android[2] trace: MusicManager::PlayNextTrack() try, fade=true, soundManager.IsInitialized()=true, soundManager.IsUserMusicPlaying()=false

android[2] trace: MusicManager::PlayTrack(): track=published/sounds/music/loading_01.mp3 fade=true

G4-JNI GetEnv version=0x00010002
android[2] trace: MusicManager::PlayNextTrack() try, fade=true, soundManager.IsInitialized()=true, soundManager.IsUserMusicPlaying()=false

android[2] trace: MusicManager::PlayTrack(): track=published/sounds/music/loading_01.mp3 fade=true

G4-JNI GetEnv version=0x00010002
android[2] trace: MusicManager::PlayNextTrack() try, fade=true, soundManager.IsInitialized()=true, soundManager.IsUserMusicPlaying()=false

android[2] trace: MusicManager::PlayTrack(): track=published/sounds/music/loading_01.mp3 fade=true

G4-JNI GetEnv version=0x00010002
android[4] ResourceManager: Add texture: /published/texturepacks_ui/map.sba_0

android[4] ResourceManager: Add texture: /published/texturepacks_ui/map.sba_1

android[2] trace: MusicManager::PlayNextTrack() try, fade=true, soundManager.IsInitialized()=true, soundManager.IsUserMusicPlaying()=false

android[2] trace: MusicManager::PlayTrack(): track=published/sounds/music/loading_01.mp3 fade=true

G4-JNI GetEnv version=0x00010002
android[2] trace: MusicManager::PlayNextTrack() try, fade=true, soundManager.IsInitialized()=true, soundManager.IsUserMusicPlaying()=false

android[2] trace: MusicManager::PlayTrack(): track=published/sounds/music/loading_01.mp3 fade=true

G4-JNI GetEnv version=0x00010002
android[2] trace: MusicManager::PlayNextTrack() try, fade=true, soundManager.IsInitialized()=true, soundManager.IsUserMusicPlaying()=false

android[2] trace: MusicManager::PlayTrack(): track=published/sounds/music/loading_01.mp3 fade=true

G4-JNI GetEnv version=0x00010002
android[2] trace: MusicManager::PlayNextTrack() try, fade=true, soundManager.IsInitialized()=true, soundManager.IsUserMusicPlaying()=false

android[2] trace: MusicManager::PlayTrack(): track=published/sounds/music/loading_01.mp3 fade=true

G4-JNI GetEnv version=0x00010002
android[2] trace: MusicManager::PlayNextTrack() try, fade=true, soundManager.IsInitialized()=true, soundManager.IsUserMusicPlaying()=false

android[2] trace: MusicManager::PlayTrack(): track=published/sounds/music/loading_01.mp3 fade=true

G4-JNI GetEnv version=0x00010002
android[2] trace: MusicManager::PlayNextTrack() try, fade=true, soundManager.IsInitialized()=true, soundManager.IsUserMusicPlaying()=false

android[2] trace: MusicManager::PlayTrack(): track=published/sounds/music/loading_01.mp3 fade=true

G4-JNI GetEnv version=0x00010002
android[2] trace: MusicManager::PlayNextTrack() try, fade=true, soundManager.IsInitialized()=true, soundManager.IsUserMusicPlaying()=false

android[2] trace: MusicManager::PlayTrack(): track=published/sounds/music/loading_01.mp3 fade=true

G4-JNI GetEnv version=0x00010002
android[2] trace: MusicManager::PlayNextTrack() try, fade=true, soundManager.IsInitialized()=true, soundManager.IsUserMusicPlaying()=false

android[2] trace: MusicManager::PlayTrack(): track=published/sounds/music/loading_01.mp3 fade=true

G4-JNI GetEnv version=0x00010002
android[2] trace: MusicManager::PlayNextTrack() try, fade=true, soundManager.IsInitialized()=true, soundManager.IsUserMusicPlaying()=false

android[2] trace: MusicManager::PlayTrack(): track=published/sounds/music/loading_01.mp3 fade=true

G4-JNI GetEnv version=0x00010002
android[2] trace: MusicManager::PlayNextTrack() try, fade=true, soundManager.IsInitialized()=true, soundManager.IsUserMusicPlaying()=false

android[2] trace: MusicManager::PlayTrack(): track=published/sounds/music/loading_01.mp3 fade=true

G4-JNI GetEnv version=0x00010002
android[2] trace: MusicManager::PlayNextTrack() try, fade=true, soundManager.IsInitialized()=true, soundManager.IsUserMusicPlaying()=false

android[2] trace: MusicManager::PlayTrack(): track=published/sounds/music/loading_01.mp3 fade=true

G4-JNI GetEnv version=0x00010002
android[2] trace: MusicManager::PlayNextTrack() try, fade=true, soundManager.IsInitialized()=true, soundManager.IsUserMusicPlaying()=false

android[2] trace: MusicManager::PlayTrack(): track=published/sounds/music/loading_01.mp3 fade=true

G4-JNI GetEnv version=0x00010002
android[2] trace: MusicManager::PlayNextTrack() try, fade=true, soundManager.IsInitialized()=true, soundManager.IsUserMusicPlaying()=false

android[2] trace: MusicManager::PlayTrack(): track=published/sounds/music/loading_01.mp3 fade=true

G4-JNI GetEnv version=0x00010002
android[2] trace: MusicManager::PlayNextTrack() try, fade=true, soundManager.IsInitialized()=true, soundManager.IsUserMusicPlaying()=false

android[2] trace: MusicManager::PlayTrack(): track=published/sounds/music/loading_01.mp3 fade=true

G4-JNI GetEnv version=0x00010002
android[2] trace: MusicManager::PlayNextTrack() try, fade=true, soundManager.IsInitialized()=true, soundManager.IsUserMusicPlaying()=false

android[2] trace: MusicManager::PlayTrack(): track=published/sounds/music/loading_01.mp3 fade=true

G4-JNI GetEnv version=0x00010002
android[2] trace: MusicManager::PlayNextTrack() try, fade=true, soundManager.IsInitialized()=true, soundManager.IsUserMusicPlaying()=false

android[2] trace: MusicManager::PlayTrack(): track=published/sounds/music/loading_01.mp3 fade=true

G4-JNI GetEnv version=0x00010002
android[2] trace: MusicManager::PlayNextTrack() try, fade=true, soundManager.IsInitialized()=true, soundManager.IsUserMusicPlaying()=false

android[2] trace: MusicManager::PlayTrack(): track=published/sounds/music/loading_01.mp3 fade=true

G4-JNI GetEnv version=0x00010002
android[2] trace: MusicManager::PlayNextTrack() try, fade=true, soundManager.IsInitialized()=true, soundManager.IsUserMusicPlaying()=false

android[2] trace: MusicManager::PlayTrack(): track=published/sounds/music/loading_01.mp3 fade=true

G4-JNI GetEnv version=0x00010002
android[2] trace: MusicManager::PlayNextTrack() try, fade=true, soundManager.IsInitialized()=true, soundManager.IsUserMusicPlaying()=false

android[2] trace: MusicManager::PlayTrack(): track=published/sounds/music/loading_01.mp3 fade=true

G4-JNI GetEnv version=0x00010002
android[2] trace: MusicManager::PlayNextTrack() try, fade=true, soundManager.IsInitialized()=true, soundManager.IsUserMusicPlaying()=false

android[2] trace: MusicManager::PlayTrack(): track=published/sounds/music/loading_01.mp3 fade=true

G4-JNI GetEnv version=0x00010002
android[2] trace: MusicManager::PlayNextTrack() try, fade=true, soundManager.IsInitialized()=true, soundManager.IsUserMusicPlaying()=false

android[2] trace: MusicManager::PlayTrack(): track=published/sounds/music/loading_01.mp3 fade=true

G4-JNI GetEnv version=0x00010002
android[2] trace: MusicManager::PlayNextTrack() try, fade=true, soundManager.IsInitialized()=true, soundManager.IsUserMusicPlaying()=false

android[2] trace: MusicManager::PlayTrack(): track=published/sounds/music/loading_01.mp3 fade=true

G4-JNI GetEnv version=0x00010002
android[2] trace: MusicManager::PlayNextTrack() try, fade=true, soundManager.IsInitialized()=true, soundManager.IsUserMusicPlaying()=false

android[2] trace: MusicManager::PlayTrack(): track=published/sounds/music/loading_01.mp3 fade=true

G4-JNI GetEnv version=0x00010002
android[2] trace: MusicManager::PlayNextTrack() try, fade=true, soundManager.IsInitialized()=true, soundManager.IsUserMusicPlaying()=false

android[2] trace: MusicManager::PlayTrack(): track=published/sounds/music/loading_01.mp3 fade=true

G4-JNI GetEnv version=0x00010002
android[2] trace: MusicManager::PlayNextTrack() try, fade=true, soundManager.IsInitialized()=true, soundManager.IsUserMusicPlaying()=false

android[2] trace: MusicManager::PlayTrack(): track=published/sounds/music/loading_01.mp3 fade=true

G4-JNI GetEnv version=0x00010002
android[2] trace: MusicManager::PlayNextTrack() try, fade=true, soundManager.IsInitialized()=true, soundManager.IsUserMusicPlaying()=false

android[2] trace: MusicManager::PlayTrack(): track=published/sounds/music/loading_01.mp3 fade=true

G4-JNI GetEnv version=0x00010002
android[2] trace: MusicManager::PlayNextTrack() try, fade=true, soundManager.IsInitialized()=true, soundManager.IsUserMusicPlaying()=false

android[2] trace: MusicManager::PlayTrack(): track=published/sounds/music/loading_01.mp3 fade=true

G4-JNI GetEnv version=0x00010002
android[2] trace: MusicManager::PlayNextTrack() try, fade=true, soundManager.IsInitialized()=true, soundManager.IsUserMusicPlaying()=false

android[2] trace: MusicManager::PlayTrack(): track=published/sounds/music/loading_01.mp3 fade=true

G4-JNI GetEnv version=0x00010002
android[2] trace: MusicManager::PlayNextTrack() try, fade=true, soundManager.IsInitialized()=true, soundManager.IsUserMusicPlaying()=false

android[2] trace: MusicManager::PlayTrack(): track=published/sounds/music/loading_01.mp3 fade=true

G4-JNI GetEnv version=0x00010002
android[2] trace: MusicManager::PlayNextTrack() try, fade=true, soundManager.IsInitialized()=true, soundManager.IsUserMusicPlaying()=false

android[2] trace: MusicManager::PlayTrack(): track=published/sounds/music/loading_01.mp3 fade=true

G4-JNI GetEnv version=0x00010002
android[2] trace: MusicManager::PlayNextTrack() try, fade=true, soundManager.IsInitialized()=true, soundManager.IsUserMusicPlaying()=false

android[2] trace: MusicManager::PlayTrack(): track=published/sounds/music/loading_01.mp3 fade=true

G4-JNI GetEnv version=0x00010002
android[2] trace: MusicManager::PlayNextTrack() try, fade=true, soundManager.IsInitialized()=true, soundManager.IsUserMusicPlaying()=false

android[2] trace: MusicManager::PlayTrack(): track=published/sounds/music/loading_01.mp3 fade=true

G4-JNI GetEnv version=0x00010002
android[2] trace: MusicManager::PlayNextTrack() try, fade=true, soundManager.IsInitialized()=true, soundManager.IsUserMusicPlaying()=false

android[2] trace: MusicManager::PlayTrack(): track=published/sounds/music/loading_01.mp3 fade=true

G4-JNI GetEnv version=0x00010002
android[2] trace: MusicManager::PlayNextTrack() try, fade=true, soundManager.IsInitialized()=true, soundManager.IsUserMusicPlaying()=false

android[2] trace: MusicManager::PlayTrack(): track=published/sounds/music/loading_01.mp3 fade=true

G4-JNI GetEnv version=0x00010002
android[2] trace: MusicManager::PlayNextTrack() try, fade=true, soundManager.IsInitialized()=true, soundManager.IsUserMusicPlaying()=false

android[2] trace: MusicManager::PlayTrack(): track=published/sounds/music/loading_01.mp3 fade=true

G4-JNI GetEnv version=0x00010002
android[2] trace: MusicManager::PlayNextTrack() try, fade=true, soundManager.IsInitialized()=true, soundManager.IsUserMusicPlaying()=false

android[2] trace: MusicManager::PlayTrack(): track=published/sounds/music/loading_01.mp3 fade=true

G4-JNI GetEnv version=0x00010002
G4-JNI GetEnv version=0x00010002
G4-JNI GetEnv version=0x00010002
G4-JNI GetEnv version=0x00010002
G4-JNI GetEnv version=0x00010002
G4-JNI GetEnv version=0x00010002
G4-JNI GetEnv version=0x00010002
G4-JNI GetEnv version=0x00010002
G4-JNI GetEnv version=0x00010002
G4-JNI GetEnv version=0x00010002
G4-JNI GetEnv version=0x00010002
G4-JNI GetEnv version=0x00010002
G4-JNI GetEnv version=0x00010002
G4-JNI GetEnv version=0x00010002
G4-JNI GetEnv version=0x00010002
G4-JNI GetEnv version=0x00010002
G4-JNI GetEnv version=0x00010002
G4-JNI GetEnv version=0x00010002
G4-JNI GetEnv version=0x00010002
G4-JNI GetEnv version=0x00010002
G4-JNI GetEnv version=0x00010002
G4-JNI GetEnv version=0x00010002
G4-JNI GetEnv version=0x00010002
G4-JNI GetEnv version=0x00010002
G4-JNI GetEnv version=0x00010002
G4-JNI GetEnv version=0x00010002
G4-JNI GetEnv version=0x00010002
G4-JNI GetEnv version=0x00010002
G4-JNI GetEnv version=0x00010002
G4-JNI GetEnv version=0x00010002
G4-JNI GetEnv version=0x00010002
G4-JNI GetEnv version=0x00010002
G4-JNI GetEnv version=0x00010002
G4-JNI GetEnv version=0x00010002
G4-JNI GetEnv version=0x00010002
G4-JNI GetEnv version=0x00010002
G4-JNI GetEnv version=0x00010002
G4-JNI GetEnv version=0x00010002
G4-JNI GetEnv version=0x00010002
G4-JNI GetEnv version=0x00010002
G4-JNI GetEnv version=0x00010002
G4-JNI GetEnv version=0x00010002
G4-JNI GetEnv version=0x00010002
G4-JNI GetEnv version=0x00010002
G4-JNI GetEnv version=0x00010002
G4-JNI GetEnv version=0x00010002
G4-JNI GetEnv version=0x00010002
G4-JNI GetEnv version=0x00010002
G4-JNI GetEnv version=0x00010002
G4-JNI GetEnv version=0x00010002
G4-JNI GetEnv version=0x00010002
G4-JNI GetEnv version=0x00010002
G4-JNI GetEnv version=0x00010002
G4-JNI GetEnv version=0x00010002
G4-JNI GetEnv version=0x00010002
G4-JNI GetEnv version=0x00010002
G4-JNI GetEnv version=0x00010002
G4-JNI GetEnv version=0x00010002
G4-JNI GetEnv version=0x00010002
G4-JNI GetEnv version=0x00010002
G4-JNI GetEnv version=0x00010002
G4-JNI GetEnv version=0x00010002
G4-JNI GetEnv version=0x00010002
G4-JNI GetEnv version=0x00010002
G4-JNI GetEnv version=0x00010002
G4-JNI GetEnv version=0x00010002
G4-JNI GetEnv version=0x00010002
G4-JNI GetEnv version=0x00010002
G4-JNI GetEnv version=0x00010002
G4-JNI GetEnv version=0x00010002
G4-JNI GetEnv version=0x00010002
android[2] trace: MusicManager::PlayNextTrack() try, fade=true, soundManager.IsInitialized()=true, soundManager.IsUserMusicPlaying()=false

android[2] trace: MusicManager::PlayTrack(): track=published/sounds/music/loading_01.mp3 fade=true

G4-JNI GetEnv version=0x00010002
android[2] trace: MusicManager::PlayNextTrack() try, fade=true, soundManager.IsInitialized()=true, soundManager.IsUserMusicPlaying()=false

android[2] trace: MusicManager::PlayTrack(): track=published/sounds/music/loading_01.mp3 fade=true

G4-JNI GetEnv version=0x00010002
android[2] trace: MusicManager::PlayNextTrack() try, fade=true, soundManager.IsInitialized()=true, soundManager.IsUserMusicPlaying()=false

android[2] trace: MusicManager::PlayTrack(): track=published/sounds/music/loading_01.mp3 fade=true

G4-JNI GetEnv version=0x00010002
android[2] trace: MusicManager::PlayNextTrack() try, fade=true, soundManager.IsInitialized()=true, soundManager.IsUserMusicPlaying()=false

android[2] trace: MusicManager::PlayTrack(): track=published/sounds/music/loading_01.mp3 fade=true

G4-JNI GetEnv version=0x00010002
android[2] trace: MusicManager::PlayNextTrack() try, fade=true, soundManager.IsInitialized()=true, soundManager.IsUserMusicPlaying()=false

android[2] trace: MusicManager::PlayTrack(): track=published/sounds/music/loading_01.mp3 fade=true

G4-JNI GetEnv version=0x00010002
android[2] trace: MusicManager::PlayNextTrack() try, fade=true, soundManager.IsInitialized()=true, soundManager.IsUserMusicPlaying()=false

android[2] trace: MusicManager::PlayTrack(): track=published/sounds/music/loading_01.mp3 fade=true

G4-JNI GetEnv version=0x00010002
android[2] trace: MusicManager::PlayNextTrack() try, fade=true, soundManager.IsInitialized()=true, soundManager.IsUserMusicPlaying()=false

android[2] trace: MusicManager::PlayTrack(): track=published/sounds/music/loading_01.mp3 fade=true

G4-JNI GetEnv version=0x00010002
android[2] trace: MusicManager::PlayNextTrack() try, fade=true, soundManager.IsInitialized()=true, soundManager.IsUserMusicPlaying()=false

android[2] trace: MusicManager::PlayTrack(): track=published/sounds/music/loading_01.mp3 fade=true

G4-JNI GetEnv version=0x00010002
android[2] trace: MusicManager::PlayNextTrack() try, fade=true, soundManager.IsInitialized()=true, soundManager.IsUserMusicPlaying()=false

android[2] trace: MusicManager::PlayTrack(): track=published/sounds/music/loading_01.mp3 fade=true

G4-JNI GetEnv version=0x00010002
android[2] trace: MusicManager::PlayNextTrack() try, fade=true, soundManager.IsInitialized()=true, soundManager.IsUserMusicPlaying()=false

android[2] trace: MusicManager::PlayTrack(): track=published/sounds/music/loading_01.mp3 fade=true

G4-JNI GetEnv version=0x00010002
android[2] trace: MusicManager::PlayNextTrack() try, fade=true, soundManager.IsInitialized()=true, soundManager.IsUserMusicPlaying()=false

android[2] trace: MusicManager::PlayTrack(): track=published/sounds/music/loading_01.mp3 fade=true

G4-JNI GetEnv version=0x00010002
android[2] trace: MusicManager::PlayNextTrack() try, fade=true, soundManager.IsInitialized()=true, soundManager.IsUserMusicPlaying()=false

android[2] trace: MusicManager::PlayTrack(): track=published/sounds/music/loading_01.mp3 fade=true

G4-JNI GetEnv version=0x00010002
android[2] trace: MusicManager::PlayNextTrack() try, fade=true, soundManager.IsInitialized()=true, soundManager.IsUserMusicPlaying()=false

android[2] trace: MusicManager::PlayTrack(): track=published/sounds/music/loading_01.mp3 fade=true

G4-JNI GetEnv version=0x00010002
android[2] trace: MusicManager::PlayNextTrack() try, fade=true, soundManager.IsInitialized()=true, soundManager.IsUserMusicPlaying()=false

android[2] trace: MusicManager::PlayTrack(): track=published/sounds/music/loading_01.mp3 fade=true

G4-JNI GetEnv version=0x00010002
android[2] trace: MusicManager::PlayNextTrack() try, fade=true, soundManager.IsInitialized()=true, soundManager.IsUserMusicPlaying()=false

android[2] trace: MusicManager::PlayTrack(): track=published/sounds/music/loading_01.mp3 fade=true

G4-JNI GetEnv version=0x00010002
android[2] trace: MusicManager::PlayNextTrack() try, fade=true, soundManager.IsInitialized()=true, soundManager.IsUserMusicPlaying()=false

android[2] trace: MusicManager::PlayTrack(): track=published/sounds/music/loading_01.mp3 fade=true

G4-JNI GetEnv version=0x00010002
android[2] trace: MusicManager::PlayNextTrack() try, fade=true, soundManager.IsInitialized()=true, soundManager.IsUserMusicPlaying()=false

android[2] trace: MusicManager::PlayTrack(): track=published/sounds/music/loading_01.mp3 fade=true

G4-JNI GetEnv version=0x00010002
android[2] trace: MusicManager::PlayNextTrack() try, fade=true, soundManager.IsInitialized()=true, soundManager.IsUserMusicPlaying()=false

android[2] trace: MusicManager::PlayTrack(): track=published/sounds/music/loading_01.mp3 fade=true

G4-JNI GetEnv version=0x00010002
android[2] trace: MusicManager::PlayNextTrack() try, fade=true, soundManager.IsInitialized()=true, soundManager.IsUserMusicPlaying()=false

android[2] trace: MusicManager::PlayTrack(): track=published/sounds/music/loading_01.mp3 fade=true

G4-JNI GetEnv version=0x00010002
android[2] trace: MusicManager::PlayNextTrack() try, fade=true, soundManager.IsInitialized()=true, soundManager.IsUserMusicPlaying()=false

android[2] trace: MusicManager::PlayTrack(): track=published/sounds/music/loading_01.mp3 fade=true

G4-JNI GetEnv version=0x00010002
android[2] trace: MusicManager::PlayNextTrack() try, fade=true, soundManager.IsInitialized()=true, soundManager.IsUserMusicPlaying()=false

android[2] trace: MusicManager::PlayTrack(): track=published/sounds/music/loading_01.mp3 fade=true

G4-JNI GetEnv version=0x00010002
android[2] trace: MusicManager::PlayNextTrack() try, fade=true, soundManager.IsInitialized()=true, soundManager.IsUserMusicPlaying()=false

android[2] trace: MusicManager::PlayTrack(): track=published/sounds/music/loading_01.mp3 fade=true

G4-JNI GetEnv version=0x00010002
android[2] trace: MusicManager::PlayNextTrack() try, fade=true, soundManager.IsInitialized()=true, soundManager.IsUserMusicPlaying()=false

android[2] trace: MusicManager::PlayTrack(): track=published/sounds/music/loading_01.mp3 fade=true

G4-JNI GetEnv version=0x00010002
android[2] trace: MusicManager::PlayNextTrack() try, fade=true, soundManager.IsInitialized()=true, soundManager.IsUserMusicPlaying()=false

android[2] trace: MusicManager::PlayTrack(): track=published/sounds/music/loading_01.mp3 fade=true

G4-JNI GetEnv version=0x00010002
android[2] trace: MusicManager::PlayNextTrack() try, fade=true, soundManager.IsInitialized()=true, soundManager.IsUserMusicPlaying()=false

android[2] trace: MusicManager::PlayTrack(): track=published/sounds/music/loading_01.mp3 fade=true

G4-JNI GetEnv version=0x00010002
android[2] trace: MusicManager::PlayNextTrack() try, fade=true, soundManager.IsInitialized()=true, soundManager.IsUserMusicPlaying()=false

android[2] trace: MusicManager::PlayTrack(): track=published/sounds/music/loading_01.mp3 fade=true

G4-JNI GetEnv version=0x00010002
android[2] trace: MusicManager::PlayNextTrack() try, fade=true, soundManager.IsInitialized()=true, soundManager.IsUserMusicPlaying()=false

android[2] trace: MusicManager::PlayTrack(): track=published/sounds/music/loading_01.mp3 fade=true

G4-JNI GetEnv version=0x00010002
android[4] ResourceManager: Add texture: /published/texturepacks_ui/menu.sba_0

android[4] ResourceManager: Add texture: /published/texturepacks_ui/menu.sba_1

android[4] ResourceManager: Add texture: /published/texturepacks_ui/menu.sba_2

android[2] trace: MusicManager::PlayNextTrack() try, fade=true, soundManager.IsInitialized()=true, soundManager.IsUserMusicPlaying()=false

android[2] trace: MusicManager::PlayTrack(): track=published/sounds/music/loading_01.mp3 fade=true

G4-JNI GetEnv version=0x00010002
android[4] ResourceManager: Add texture: /published/texturepacks_ui/masks.sba_0

android[4] ResourceManager: Add asset: /published/textures/cars/texture_brakelight_additive.sba

android[4] ResourceManager: Add asset: /published/textures/cars/texture_headlight_additive.sba

android[4] ResourceManager: Add asset: /published/textures/environments/garage/texture_concrete_floor_1024_alt.sba

android[2] trace: MusicManager::PlayNextTrack() try, fade=true, soundManager.IsInitialized()=true, soundManager.IsUserMusicPlaying()=false

android[2] trace: MusicManager::PlayTrack(): track=published/sounds/music/loading_01.mp3 fade=true

G4-JNI GetEnv version=0x00010002
android[4] ResourceManager: Add asset: /published/textures/environments/garage/texture_garage_skydome.sba

android[2] trace: MusicManager::PlayNextTrack() try, fade=true, soundManager.IsInitialized()=true, soundManager.IsUserMusicPlaying()=false

android[2] trace: MusicManager::PlayTrack(): track=published/sounds/music/loading_01.mp3 fade=true

G4-JNI GetEnv version=0x00010002
android[2] trace: MusicManager::PlayNextTrack() try, fade=true, soundManager.IsInitialized()=true, soundManager.IsUserMusicPlaying()=false

android[2] trace: MusicManager::PlayTrack(): track=published/sounds/music/loading_01.mp3 fade=true

G4-JNI GetEnv version=0x00010002
android[2] trace: MusicManager::PlayNextTrack() try, fade=true, soundManager.IsInitialized()=true, soundManager.IsUserMusicPlaying()=false

android[2] trace: MusicManager::PlayTrack(): track=published/sounds/music/loading_01.mp3 fade=true

G4-JNI GetEnv version=0x00010002
android[2] trace: MusicManager::PlayNextTrack() try, fade=true, soundManager.IsInitialized()=true, soundManager.IsUserMusicPlaying()=false

android[2] trace: MusicManager::PlayTrack(): track=published/sounds/music/loading_01.mp3 fade=true

G4-JNI GetEnv version=0x00010002
android[2] trace: MusicManager::PlayNextTrack() try, fade=true, soundManager.IsInitialized()=true, soundManager.IsUserMusicPlaying()=false

android[2] trace: MusicManager::PlayTrack(): track=published/sounds/music/loading_01.mp3 fade=true

G4-JNI GetEnv version=0x00010002
android[4] ResourceManager: Add asset: /published/textures/environments/garage/texture_concrete_floor_1024.sba

android[5] warn: WARNING: loading model directly: /published/models/cutscenerig/garage.m3g

android[5] serialization_old/warn: Field "useOffset" not found!

android[4] ResourceManager: Add asset: /published/textures/environments/garage/texture_hemispheremap.sba

android[2] trace: MusicManager::PlayNextTrack() try, fade=true, soundManager.IsInitialized()=true, soundManager.IsUserMusicPlaying()=false

android[2] trace: MusicManager::PlayTrack(): track=published/sounds/music/loading_01.mp3 fade=true

G4-JNI GetEnv version=0x00010002
android[2] trace: MusicManager::PlayNextTrack() try, fade=true, soundManager.IsInitialized()=true, soundManager.IsUserMusicPlaying()=false

android[2] trace: MusicManager::PlayTrack(): track=published/sounds/music/loading_01.mp3 fade=true

G4-JNI GetEnv version=0x00010002
android[4] ResourceManager: Add asset: /published/textures/environments/garage/texture_hemispheremap_vinyl.sba

android[5] layouts/warning: SetAnimation: Animation load_complete not found in node /[NoID]/[NoID]

android[2] trace: MusicManager::PlayNextTrack() try, fade=true, soundManager.IsInitialized()=true, soundManager.IsUserMusicPlaying()=false

android[2] trace: MusicManager::PlayTrack(): track=published/sounds/music/loading_01.mp3 fade=true

G4-JNI GetEnv version=0x00010002
android[2] trace: MusicManager::PlayNextTrack() try, fade=true, soundManager.IsInitialized()=true, soundManager.IsUserMusicPlaying()=false

android[2] trace: MusicManager::PlayTrack(): track=published/sounds/music/loading_01.mp3 fade=true

G4-JNI GetEnv version=0x00010002
android[2] trace: MusicManager::PlayNextTrack() try, fade=true, soundManager.IsInitialized()=true, soundManager.IsUserMusicPlaying()=false

android[2] trace: MusicManager::PlayTrack(): track=published/sounds/music/loading_01.mp3 fade=true

G4-JNI GetEnv version=0x00010002
android[2] trace: MusicManager::PlayNextTrack() try, fade=true, soundManager.IsInitialized()=true, soundManager.IsUserMusicPlaying()=false

android[2] trace: MusicManager::PlayTrack(): track=published/sounds/music/loading_01.mp3 fade=true

G4-JNI GetEnv version=0x00010002
android[2] trace: MusicManager::PlayNextTrack() try, fade=true, soundManager.IsInitialized()=true, soundManager.IsUserMusicPlaying()=false

android[2] trace: MusicManager::PlayTrack(): track=published/sounds/music/loading_01.mp3 fade=true

G4-JNI GetEnv version=0x00010002
android[2] trace: MusicManager::PlayNextTrack() try, fade=true, soundManager.IsInitialized()=true, soundManager.IsUserMusicPlaying()=false

android[2] trace: MusicManager::PlayTrack(): track=published/sounds/music/loading_01.mp3 fade=true

G4-JNI GetEnv version=0x00010002
android[2] trace: MusicManager::PlayNextTrack() try, fade=true, soundManager.IsInitialized()=true, soundManager.IsUserMusicPlaying()=false

android[2] trace: MusicManager::PlayTrack(): track=published/sounds/music/loading_01.mp3 fade=true

G4-JNI GetEnv version=0x00010002
android[2] trace: MusicManager::PlayNextTrack() try, fade=true, soundManager.IsInitialized()=true, soundManager.IsUserMusicPlaying()=false

android[2] trace: MusicManager::PlayTrack(): track=published/sounds/music/loading_01.mp3 fade=true

G4-JNI GetEnv version=0x00010002
android[2] trace: MusicManager::PlayNextTrack() try, fade=true, soundManager.IsInitialized()=true, soundManager.IsUserMusicPlaying()=false

android[2] trace: MusicManager::PlayTrack(): track=published/sounds/music/loading_01.mp3 fade=true

G4-JNI GetEnv version=0x00010002
android[2] trace: MusicManager::PlayNextTrack() try, fade=true, soundManager.IsInitialized()=true, soundManager.IsUserMusicPlaying()=false

android[2] trace: MusicManager::PlayTrack(): track=published/sounds/music/loading_01.mp3 fade=true

G4-JNI GetEnv version=0x00010002
android[2] trace: MusicManager::PlayNextTrack() try, fade=true, soundManager.IsInitialized()=true, soundManager.IsUserMusicPlaying()=false

android[2] trace: MusicManager::PlayTrack(): track=published/sounds/music/loading_01.mp3 fade=true

G4-JNI GetEnv version=0x00010002
android[2] trace: MusicManager::PlayNextTrack() try, fade=true, soundManager.IsInitialized()=true, soundManager.IsUserMusicPlaying()=false

android[2] trace: MusicManager::PlayTrack(): track=published/sounds/music/loading_01.mp3 fade=true

G4-JNI GetEnv version=0x00010002
android[2] trace: MusicManager::PlayNextTrack() try, fade=true, soundManager.IsInitialized()=true, soundManager.IsUserMusicPlaying()=false

android[2] trace: MusicManager::PlayTrack(): track=published/sounds/music/loading_01.mp3 fade=true

G4-JNI GetEnv version=0x00010002
android[2] trace: MusicManager::PlayNextTrack() try, fade=true, soundManager.IsInitialized()=true, soundManager.IsUserMusicPlaying()=false

android[2] trace: MusicManager::PlayTrack(): track=published/sounds/music/loading_01.mp3 fade=true

G4-JNI GetEnv version=0x00010002
android[2] trace: MusicManager::PlayNextTrack() try, fade=true, soundManager.IsInitialized()=true, soundManager.IsUserMusicPlaying()=false

android[2] trace: MusicManager::PlayTrack(): track=published/sounds/music/loading_01.mp3 fade=true

G4-JNI GetEnv version=0x00010002
android[2] trace: MusicManager::PlayNextTrack() try, fade=true, soundManager.IsInitialized()=true, soundManager.IsUserMusicPlaying()=false

android[2] trace: MusicManager::PlayTrack(): track=published/sounds/music/loading_01.mp3 fade=true

G4-JNI GetEnv version=0x00010002
android[2] trace: MusicManager::PlayNextTrack() try, fade=true, soundManager.IsInitialized()=true, soundManager.IsUserMusicPlaying()=false

android[2] trace: MusicManager::PlayTrack(): track=published/sounds/music/loading_01.mp3 fade=true

G4-JNI GetEnv version=0x00010002
android[2] trace: MusicManager::PlayNextTrack() try, fade=true, soundManager.IsInitialized()=true, soundManager.IsUserMusicPlaying()=false

android[2] trace: MusicManager::PlayTrack(): track=published/sounds/music/loading_01.mp3 fade=true

G4-JNI GetEnv version=0x00010002
android[2] trace: MusicManager::PlayNextTrack() try, fade=true, soundManager.IsInitialized()=true, soundManager.IsUserMusicPlaying()=false

android[2] trace: MusicManager::PlayTrack(): track=published/sounds/music/loading_01.mp3 fade=true

G4-JNI GetEnv version=0x00010002
android[2] trace: MusicManager::PlayNextTrack() try, fade=true, soundManager.IsInitialized()=true, soundManager.IsUserMusicPlaying()=false

android[2] trace: MusicManager::PlayTrack(): track=published/sounds/music/loading_01.mp3 fade=true

G4-JNI GetEnv version=0x00010002
android[2] trace: MusicManager::PlayNextTrack() try, fade=true, soundManager.IsInitialized()=true, soundManager.IsUserMusicPlaying()=false

android[2] trace: MusicManager::PlayTrack(): track=published/sounds/music/loading_01.mp3 fade=true

G4-JNI GetEnv version=0x00010002
android[2] trace: MusicManager::PlayNextTrack() try, fade=true, soundManager.IsInitialized()=true, soundManager.IsUserMusicPlaying()=false

android[2] trace: MusicManager::PlayTrack(): track=published/sounds/music/loading_01.mp3 fade=true

G4-JNI GetEnv version=0x00010002
android[2] trace: MusicManager::PlayNextTrack() try, fade=true, soundManager.IsInitialized()=true, soundManager.IsUserMusicPlaying()=false

android[2] trace: MusicManager::PlayTrack(): track=published/sounds/music/loading_01.mp3 fade=true

G4-JNI GetEnv version=0x00010002
android[2] trace: MusicManager::PlayNextTrack() try, fade=true, soundManager.IsInitialized()=true, soundManager.IsUserMusicPlaying()=false

android[2] trace: MusicManager::PlayTrack(): track=published/sounds/music/loading_01.mp3 fade=true

G4-JNI GetEnv version=0x00010002
android[2] trace: MusicManager::PlayNextTrack() try, fade=true, soundManager.IsInitialized()=true, soundManager.IsUserMusicPlaying()=false

android[2] trace: MusicManager::PlayTrack(): track=published/sounds/music/loading_01.mp3 fade=true

G4-JNI GetEnv version=0x00010002
android[2] trace: MusicManager::PlayNextTrack() try, fade=true, soundManager.IsInitialized()=true, soundManager.IsUserMusicPlaying()=false

android[2] trace: MusicManager::PlayTrack(): track=published/sounds/music/loading_01.mp3 fade=true

G4-JNI GetEnv version=0x00010002
android[2] trace: MusicManager::PlayNextTrack() try, fade=true, soundManager.IsInitialized()=true, soundManager.IsUserMusicPlaying()=false

android[2] trace: MusicManager::PlayTrack(): track=published/sounds/music/loading_01.mp3 fade=true

G4-JNI GetEnv version=0x00010002
android[2] trace: MusicManager::PlayNextTrack() try, fade=true, soundManager.IsInitialized()=true, soundManager.IsUserMusicPlaying()=false

android[2] trace: MusicManager::PlayTrack(): track=published/sounds/music/loading_01.mp3 fade=true

G4-JNI GetEnv version=0x00010002
android[2] trace: MusicManager::PlayNextTrack() try, fade=true, soundManager.IsInitialized()=true, soundManager.IsUserMusicPlaying()=false

android[2] trace: MusicManager::PlayTrack(): track=published/sounds/music/loading_01.mp3 fade=true

G4-JNI GetEnv version=0x00010002
android[2] trace: MusicManager::PlayNextTrack() try, fade=true, soundManager.IsInitialized()=true, soundManager.IsUserMusicPlaying()=false

android[2] trace: MusicManager::PlayTrack(): track=published/sounds/music/loading_01.mp3 fade=true

G4-JNI GetEnv version=0x00010002
android[2] trace: MusicManager::PlayNextTrack() try, fade=true, soundManager.IsInitialized()=true, soundManager.IsUserMusicPlaying()=false

android[2] trace: MusicManager::PlayTrack(): track=published/sounds/music/loading_01.mp3 fade=true

G4-JNI GetEnv version=0x00010002
android[2] trace: MusicManager::PlayNextTrack() try, fade=true, soundManager.IsInitialized()=true, soundManager.IsUserMusicPlaying()=false

android[2] trace: MusicManager::PlayTrack(): track=published/sounds/music/loading_01.mp3 fade=true

G4-JNI GetEnv version=0x00010002
android[2] trace: MusicManager::PlayNextTrack() try, fade=true, soundManager.IsInitialized()=true, soundManager.IsUserMusicPlaying()=false

android[2] trace: MusicManager::PlayTrack(): track=published/sounds/music/loading_01.mp3 fade=true

G4-JNI GetEnv version=0x00010002
android[2] trace: MusicManager::PlayNextTrack() try, fade=true, soundManager.IsInitialized()=true, soundManager.IsUserMusicPlaying()=false

android[2] trace: MusicManager::PlayTrack(): track=published/sounds/music/loading_01.mp3 fade=true

G4-JNI GetEnv version=0x00010002
android[2] trace: MusicManager::PlayNextTrack() try, fade=true, soundManager.IsInitialized()=true, soundManager.IsUserMusicPlaying()=false

android[2] trace: MusicManager::PlayTrack(): track=published/sounds/music/loading_01.mp3 fade=true

G4-JNI GetEnv version=0x00010002
android[2] trace: MusicManager::PlayNextTrack() try, fade=true, soundManager.IsInitialized()=true, soundManager.IsUserMusicPlaying()=false

android[2] trace: MusicManager::PlayTrack(): track=published/sounds/music/loading_01.mp3 fade=true

G4-JNI GetEnv version=0x00010002
android[2] trace: MusicManager::PlayNextTrack() try, fade=true, soundManager.IsInitialized()=true, soundManager.IsUserMusicPlaying()=false

android[2] trace: MusicManager::PlayTrack(): track=published/sounds/music/loading_01.mp3 fade=true

G4-JNI GetEnv version=0x00010002
android[2] trace: MusicManager::PlayNextTrack() try, fade=true, soundManager.IsInitialized()=true, soundManager.IsUserMusicPlaying()=false

android[2] trace: MusicManager::PlayTrack(): track=published/sounds/music/loading_01.mp3 fade=true

G4-JNI GetEnv version=0x00010002
android[2] trace: MusicManager::PlayNextTrack() try, fade=true, soundManager.IsInitialized()=true, soundManager.IsUserMusicPlaying()=false

android[2] trace: MusicManager::PlayTrack(): track=published/sounds/music/loading_01.mp3 fade=true

G4-JNI GetEnv version=0x00010002
android[2] trace: MusicManager::PlayNextTrack() try, fade=true, soundManager.IsInitialized()=true, soundManager.IsUserMusicPlaying()=false

android[2] trace: MusicManager::PlayTrack(): track=published/sounds/music/loading_01.mp3 fade=true

G4-JNI GetEnv version=0x00010002
android[2] trace: MusicManager::PlayNextTrack() try, fade=true, soundManager.IsInitialized()=true, soundManager.IsUserMusicPlaying()=false

android[2] trace: MusicManager::PlayTrack(): track=published/sounds/music/loading_01.mp3 fade=true

G4-JNI GetEnv version=0x00010002
android[2] trace: MusicManager::PlayNextTrack() try, fade=true, soundManager.IsInitialized()=true, soundManager.IsUserMusicPlaying()=false

android[2] trace: MusicManager::PlayTrack(): track=published/sounds/music/loading_01.mp3 fade=true

G4-JNI GetEnv version=0x00010002
android[2] trace: MusicManager::PlayNextTrack() try, fade=true, soundManager.IsInitialized()=true, soundManager.IsUserMusicPlaying()=false

android[2] trace: MusicManager::PlayTrack(): track=published/sounds/music/loading_01.mp3 fade=true

G4-JNI GetEnv version=0x00010002
android[2] trace: MusicManager::PlayNextTrack() try, fade=true, soundManager.IsInitialized()=true, soundManager.IsUserMusicPlaying()=false

android[2] trace: MusicManager::PlayTrack(): track=published/sounds/music/loading_01.mp3 fade=true

G4-JNI GetEnv version=0x00010002
android[2] trace: MusicManager::PlayNextTrack() try, fade=true, soundManager.IsInitialized()=true, soundManager.IsUserMusicPlaying()=false

android[2] trace: MusicManager::PlayTrack(): track=published/sounds/music/loading_01.mp3 fade=true

G4-JNI GetEnv version=0x00010002
android[2] trace: MusicManager::PlayNextTrack() try, fade=true, soundManager.IsInitialized()=true, soundManager.IsUserMusicPlaying()=false

android[2] trace: MusicManager::PlayTrack(): track=published/sounds/music/loading_01.mp3 fade=true

G4-JNI GetEnv version=0x00010002
android[2] trace: MusicManager::PlayNextTrack() try, fade=true, soundManager.IsInitialized()=true, soundManager.IsUserMusicPlaying()=false

android[2] trace: MusicManager::PlayTrack(): track=published/sounds/music/loading_01.mp3 fade=true

G4-JNI GetEnv version=0x00010002
android[2] trace: MusicManager::PlayNextTrack() try, fade=true, soundManager.IsInitialized()=true, soundManager.IsUserMusicPlaying()=false

android[2] trace: MusicManager::PlayTrack(): track=published/sounds/music/loading_01.mp3 fade=true

G4-JNI GetEnv version=0x00010002
android[2] trace: MusicManager::PlayNextTrack() try, fade=true, soundManager.IsInitialized()=true, soundManager.IsUserMusicPlaying()=false

android[2] trace: MusicManager::PlayTrack(): track=published/sounds/music/loading_01.mp3 fade=true

G4-JNI GetEnv version=0x00010002
android[2] trace: MusicManager::PlayNextTrack() try, fade=true, soundManager.IsInitialized()=true, soundManager.IsUserMusicPlaying()=false

android[2] trace: MusicManager::PlayTrack(): track=published/sounds/music/loading_01.mp3 fade=true

G4-JNI GetEnv version=0x00010002
android[2] trace: MusicManager::PlayNextTrack() try, fade=true, soundManager.IsInitialized()=true, soundManager.IsUserMusicPlaying()=false

android[2] trace: MusicManager::PlayTrack(): track=published/sounds/music/loading_01.mp3 fade=true

G4-JNI GetEnv version=0x00010002
android[2] trace: MusicManager::PlayNextTrack() try, fade=true, soundManager.IsInitialized()=true, soundManager.IsUserMusicPlaying()=false

android[2] trace: MusicManager::PlayTrack(): track=published/sounds/music/loading_01.mp3 fade=true

G4-JNI GetEnv version=0x00010002
android[2] trace: MusicManager::PlayNextTrack() try, fade=true, soundManager.IsInitialized()=true, soundManager.IsUserMusicPlaying()=false

android[2] trace: MusicManager::PlayTrack(): track=published/sounds/music/loading_01.mp3 fade=true

G4-JNI GetEnv version=0x00010002
android[2] trace: MusicManager::PlayNextTrack() try, fade=true, soundManager.IsInitialized()=true, soundManager.IsUserMusicPlaying()=false

android[2] trace: MusicManager::PlayTrack(): track=published/sounds/music/loading_01.mp3 fade=true

G4-JNI GetEnv version=0x00010002
android[2] trace: MusicManager::PlayNextTrack() try, fade=true, soundManager.IsInitialized()=true, soundManager.IsUserMusicPlaying()=false

android[2] trace: MusicManager::PlayTrack(): track=published/sounds/music/loading_01.mp3 fade=true

G4-JNI GetEnv version=0x00010002
android[2] trace: MusicManager::PlayNextTrack() try, fade=true, soundManager.IsInitialized()=true, soundManager.IsUserMusicPlaying()=false

android[2] trace: MusicManager::PlayTrack(): track=published/sounds/music/loading_01.mp3 fade=true

G4-JNI GetEnv version=0x00010002
android[2] trace: MusicManager::PlayNextTrack() try, fade=true, soundManager.IsInitialized()=true, soundManager.IsUserMusicPlaying()=false

android[2] trace: MusicManager::PlayTrack(): track=published/sounds/music/loading_01.mp3 fade=true

G4-JNI GetEnv version=0x00010002
android[2] trace: MusicManager::PlayNextTrack() try, fade=true, soundManager.IsInitialized()=true, soundManager.IsUserMusicPlaying()=false

android[2] trace: MusicManager::PlayTrack(): track=published/sounds/music/loading_01.mp3 fade=true

G4-JNI GetEnv version=0x00010002
android[2] trace: MusicManager::PlayNextTrack() try, fade=true, soundManager.IsInitialized()=true, soundManager.IsUserMusicPlaying()=false

android[2] trace: MusicManager::PlayTrack(): track=published/sounds/music/loading_01.mp3 fade=true

G4-JNI GetEnv version=0x00010002
android[2] trace: MusicManager::PlayNextTrack() try, fade=true, soundManager.IsInitialized()=true, soundManager.IsUserMusicPlaying()=false

android[2] trace: MusicManager::PlayTrack(): track=published/sounds/music/loading_01.mp3 fade=true

G4-JNI GetEnv version=0x00010002
android[2] trace: MusicManager::PlayNextTrack() try, fade=true, soundManager.IsInitialized()=true, soundManager.IsUserMusicPlaying()=false

android[2] trace: MusicManager::PlayTrack(): track=published/sounds/music/loading_01.mp3 fade=true

G4-JNI GetEnv version=0x00010002
android[2] trace: MusicManager::PlayNextTrack() try, fade=true, soundManager.IsInitialized()=true, soundManager.IsUserMusicPlaying()=false

android[2] trace: MusicManager::PlayTrack(): track=published/sounds/music/loading_01.mp3 fade=true

G4-JNI GetEnv version=0x00010002
android[2] trace: MusicManager::PlayNextTrack() try, fade=true, soundManager.IsInitialized()=true, soundManager.IsUserMusicPlaying()=false

android[2] trace: MusicManager::PlayTrack(): track=published/sounds/music/loading_01.mp3 fade=true

G4-JNI GetEnv version=0x00010002
android[2] trace: MusicManager::PlayNextTrack() try, fade=true, soundManager.IsInitialized()=true, soundManager.IsUserMusicPlaying()=false

android[2] trace: MusicManager::PlayTrack(): track=published/sounds/music/loading_01.mp3 fade=true

G4-JNI GetEnv version=0x00010002
android[2] trace: MusicManager::PlayNextTrack() try, fade=true, soundManager.IsInitialized()=true, soundManager.IsUserMusicPlaying()=false

android[2] trace: MusicManager::PlayTrack(): track=published/sounds/music/loading_01.mp3 fade=true

G4-JNI GetEnv version=0x00010002
android[2] trace: MusicManager::PlayNextTrack() try, fade=true, soundManager.IsInitialized()=true, soundManager.IsUserMusicPlaying()=false

android[2] trace: MusicManager::PlayTrack(): track=published/sounds/music/loading_01.mp3 fade=true

G4-JNI GetEnv version=0x00010002
android[2] trace: MusicManager::PlayNextTrack() try, fade=true, soundManager.IsInitialized()=true, soundManager.IsUserMusicPlaying()=false

android[2] trace: MusicManager::PlayTrack(): track=published/sounds/music/loading_01.mp3 fade=true

G4-JNI GetEnv version=0x00010002
android[2] trace: MusicManager::PlayNextTrack() try, fade=true, soundManager.IsInitialized()=true, soundManager.IsUserMusicPlaying()=false

android[2] trace: MusicManager::PlayTrack(): track=published/sounds/music/loading_01.mp3 fade=true

G4-JNI GetEnv version=0x00010002
android[2] trace: MusicManager::PlayNextTrack() try, fade=true, soundManager.IsInitialized()=true, soundManager.IsUserMusicPlaying()=false

android[2] trace: MusicManager::PlayTrack(): track=published/sounds/music/loading_01.mp3 fade=true

G4-JNI GetEnv version=0x00010002
android[2] trace: MusicManager::PlayNextTrack() try, fade=true, soundManager.IsInitialized()=true, soundManager.IsUserMusicPlaying()=false

android[2] trace: MusicManager::PlayTrack(): track=published/sounds/music/loading_01.mp3 fade=true

G4-JNI GetEnv version=0x00010002
android[2] trace: MusicManager::PlayNextTrack() try, fade=true, soundManager.IsInitialized()=true, soundManager.IsUserMusicPlaying()=false

android[2] trace: MusicManager::PlayTrack(): track=published/sounds/music/loading_01.mp3 fade=true

G4-JNI GetEnv version=0x00010002
android[2] trace: MusicManager::PlayNextTrack() try, fade=true, soundManager.IsInitialized()=true, soundManager.IsUserMusicPlaying()=false

android[2] trace: MusicManager::PlayTrack(): track=published/sounds/music/loading_01.mp3 fade=true

G4-JNI GetEnv version=0x00010002
android[2] trace: MusicManager::PlayNextTrack() try, fade=true, soundManager.IsInitialized()=true, soundManager.IsUserMusicPlaying()=false

android[2] trace: MusicManager::PlayTrack(): track=published/sounds/music/loading_01.mp3 fade=true

G4-JNI GetEnv version=0x00010002
android[2] trace: MusicManager::PlayNextTrack() try, fade=true, soundManager.IsInitialized()=true, soundManager.IsUserMusicPlaying()=false

android[2] trace: MusicManager::PlayTrack(): track=published/sounds/music/loading_01.mp3 fade=true

G4-JNI GetEnv version=0x00010002
android[2] trace: MusicManager::PlayNextTrack() try, fade=true, soundManager.IsInitialized()=true, soundManager.IsUserMusicPlaying()=false

android[2] trace: MusicManager::PlayTrack(): track=published/sounds/music/loading_01.mp3 fade=true

G4-JNI GetEnv version=0x00010002
android[2] trace: MusicManager::PlayNextTrack() try, fade=true, soundManager.IsInitialized()=true, soundManager.IsUserMusicPlaying()=false

android[2] trace: MusicManager::PlayTrack(): track=published/sounds/music/loading_01.mp3 fade=true

G4-JNI GetEnv version=0x00010002
android[2] trace: MusicManager::PlayNextTrack() try, fade=true, soundManager.IsInitialized()=true, soundManager.IsUserMusicPlaying()=false

android[2] trace: MusicManager::PlayTrack(): track=published/sounds/music/loading_01.mp3 fade=true

G4-JNI GetEnv version=0x00010002
android[2] trace: MusicManager::PlayNextTrack() try, fade=true, soundManager.IsInitialized()=true, soundManager.IsUserMusicPlaying()=false

android[2] trace: MusicManager::PlayTrack(): track=published/sounds/music/loading_01.mp3 fade=true

G4-JNI GetEnv version=0x00010002
android[2] trace: MusicManager::PlayNextTrack() try, fade=true, soundManager.IsInitialized()=true, soundManager.IsUserMusicPlaying()=false

android[2] trace: MusicManager::PlayTrack(): track=published/sounds/music/loading_01.mp3 fade=true

G4-JNI GetEnv version=0x00010002
android[2] trace: MusicManager::PlayNextTrack() try, fade=true, soundManager.IsInitialized()=true, soundManager.IsUserMusicPlaying()=false

android[2] trace: MusicManager::PlayTrack(): track=published/sounds/music/loading_01.mp3 fade=true

G4-JNI GetEnv version=0x00010002
android[2] trace: MusicManager::PlayNextTrack() try, fade=true, soundManager.IsInitialized()=true, soundManager.IsUserMusicPlaying()=false

android[2] trace: MusicManager::PlayTrack(): track=published/sounds/music/loading_01.mp3 fade=true

G4-JNI GetEnv version=0x00010002
android[2] trace: MusicManager::PlayNextTrack() try, fade=true, soundManager.IsInitialized()=true, soundManager.IsUserMusicPlaying()=false

android[2] trace: MusicManager::PlayTrack(): track=published/sounds/music/loading_01.mp3 fade=true

G4-JNI GetEnv version=0x00010002
android[2] trace: MusicManager::PlayNextTrack() try, fade=true, soundManager.IsInitialized()=true, soundManager.IsUserMusicPlaying()=false

android[2] trace: MusicManager::PlayTrack(): track=published/sounds/music/loading_01.mp3 fade=true

G4-JNI GetEnv version=0x00010002
android[2] trace: MusicManager::PlayNextTrack() try, fade=true, soundManager.IsInitialized()=true, soundManager.IsUserMusicPlaying()=false

android[2] trace: MusicManager::PlayTrack(): track=published/sounds/music/loading_01.mp3 fade=true

G4-JNI GetEnv version=0x00010002
android[2] trace: MusicManager::PlayNextTrack() try, fade=true, soundManager.IsInitialized()=true, soundManager.IsUserMusicPlaying()=false

android[2] trace: MusicManager::PlayTrack(): track=published/sounds/music/loading_01.mp3 fade=true

G4-JNI GetEnv version=0x00010002
android[2] trace: MusicManager::PlayNextTrack() try, fade=true, soundManager.IsInitialized()=true, soundManager.IsUserMusicPlaying()=false

android[2] trace: MusicManager::PlayTrack(): track=published/sounds/music/loading_01.mp3 fade=true

G4-JNI GetEnv version=0x00010002
android[2] trace: MusicManager::PlayNextTrack() try, fade=true, soundManager.IsInitialized()=true, soundManager.IsUserMusicPlaying()=false

android[2] trace: MusicManager::PlayTrack(): track=published/sounds/music/loading_01.mp3 fade=true

G4-JNI GetEnv version=0x00010002
android[2] trace: MusicManager::PlayNextTrack() try, fade=true, soundManager.IsInitialized()=true, soundManager.IsUserMusicPlaying()=false

android[2] trace: MusicManager::PlayTrack(): track=published/sounds/music/loading_01.mp3 fade=true

G4-JNI GetEnv version=0x00010002
android[2] trace: MusicManager::PlayNextTrack() try, fade=true, soundManager.IsInitialized()=true, soundManager.IsUserMusicPlaying()=false

android[2] trace: MusicManager::PlayTrack(): track=published/sounds/music/loading_01.mp3 fade=true

G4-JNI GetEnv version=0x00010002
android[2] trace: MusicManager::PlayNextTrack() try, fade=true, soundManager.IsInitialized()=true, soundManager.IsUserMusicPlaying()=false

android[2] trace: MusicManager::PlayTrack(): track=published/sounds/music/loading_01.mp3 fade=true

G4-JNI GetEnv version=0x00010002
android[2] trace: MusicManager::PlayNextTrack() try, fade=true, soundManager.IsInitialized()=true, soundManager.IsUserMusicPlaying()=false

android[2] trace: MusicManager::PlayTrack(): track=published/sounds/music/loading_01.mp3 fade=true

G4-JNI GetEnv version=0x00010002
android[2] trace: MusicManager::PlayNextTrack() try, fade=true, soundManager.IsInitialized()=true, soundManager.IsUserMusicPlaying()=false

android[2] trace: MusicManager::PlayTrack(): track=published/sounds/music/loading_01.mp3 fade=true

G4-JNI GetEnv version=0x00010002
android[2] trace: MusicManager::PlayNextTrack() try, fade=true, soundManager.IsInitialized()=true, soundManager.IsUserMusicPlaying()=false

android[2] trace: MusicManager::PlayTrack(): track=published/sounds/music/loading_01.mp3 fade=true

G4-JNI GetEnv version=0x00010002
android[2] trace: MusicManager::PlayNextTrack() try, fade=true, soundManager.IsInitialized()=true, soundManager.IsUserMusicPlaying()=false

android[2] trace: MusicManager::PlayTrack(): track=published/sounds/music/loading_01.mp3 fade=true

G4-JNI GetEnv version=0x00010002
android[2] trace: MusicManager::PlayNextTrack() try, fade=true, soundManager.IsInitialized()=true, soundManager.IsUserMusicPlaying()=false

android[2] trace: MusicManager::PlayTrack(): track=published/sounds/music/loading_01.mp3 fade=true

G4-JNI GetEnv version=0x00010002
android[2] trace: MusicManager::PlayNextTrack() try, fade=true, soundManager.IsInitialized()=true, soundManager.IsUserMusicPlaying()=false

android[2] trace: MusicManager::PlayTrack(): track=published/sounds/music/loading_01.mp3 fade=true

G4-JNI GetEnv version=0x00010002
android[2] trace: MusicManager::PlayNextTrack() try, fade=true, soundManager.IsInitialized()=true, soundManager.IsUserMusicPlaying()=false

android[2] trace: MusicManager::PlayTrack(): track=published/sounds/music/loading_01.mp3 fade=true

G4-JNI GetEnv version=0x00010002
android[2] trace: MusicManager::PlayNextTrack() try, fade=true, soundManager.IsInitialized()=true, soundManager.IsUserMusicPlaying()=false

android[2] trace: MusicManager::PlayTrack(): track=published/sounds/music/loading_01.mp3 fade=true

G4-JNI GetEnv version=0x00010002
android[2] trace: MusicManager::PlayNextTrack() try, fade=true, soundManager.IsInitialized()=true, soundManager.IsUserMusicPlaying()=false

android[2] trace: MusicManager::PlayTrack(): track=published/sounds/music/loading_01.mp3 fade=true

G4-JNI GetEnv version=0x00010002
android[2] trace: MusicManager::PlayNextTrack() try, fade=true, soundManager.IsInitialized()=true, soundManager.IsUserMusicPlaying()=false

android[2] trace: MusicManager::PlayTrack(): track=published/sounds/music/loading_01.mp3 fade=true

G4-JNI GetEnv version=0x00010002
android[2] trace: MusicManager::PlayNextTrack() try, fade=true, soundManager.IsInitialized()=true, soundManager.IsUserMusicPlaying()=false

android[2] trace: MusicManager::PlayTrack(): track=published/sounds/music/loading_01.mp3 fade=true

G4-JNI GetEnv version=0x00010002
android[2] trace: MusicManager::PlayNextTrack() try, fade=true, soundManager.IsInitialized()=true, soundManager.IsUserMusicPlaying()=false

android[2] trace: MusicManager::PlayTrack(): track=published/sounds/music/loading_01.mp3 fade=true

G4-JNI GetEnv version=0x00010002
android[2] trace: MusicManager::PlayNextTrack() try, fade=true, soundManager.IsInitialized()=true, soundManager.IsUserMusicPlaying()=false

android[2] trace: MusicManager::PlayTrack(): track=published/sounds/music/loading_01.mp3 fade=true

G4-JNI GetEnv version=0x00010002
android[2] trace: MusicManager::PlayNextTrack() try, fade=true, soundManager.IsInitialized()=true, soundManager.IsUserMusicPlaying()=false

android[2] trace: MusicManager::PlayTrack(): track=published/sounds/music/loading_01.mp3 fade=true

G4-JNI GetEnv version=0x00010002
android[2] trace: MusicManager::PlayNextTrack() try, fade=true, soundManager.IsInitialized()=true, soundManager.IsUserMusicPlaying()=false

android[2] trace: MusicManager::PlayTrack(): track=published/sounds/music/loading_01.mp3 fade=true

G4-JNI GetEnv version=0x00010002
android[2] trace: MusicManager::PlayNextTrack() try, fade=true, soundManager.IsInitialized()=true, soundManager.IsUserMusicPlaying()=false

android[2] trace: MusicManager::PlayTrack(): track=published/sounds/music/loading_01.mp3 fade=true

G4-JNI GetEnv version=0x00010002
android[2] trace: MusicManager::PlayNextTrack() try, fade=true, soundManager.IsInitialized()=true, soundManager.IsUserMusicPlaying()=false

android[2] trace: MusicManager::PlayTrack(): track=published/sounds/music/loading_01.mp3 fade=true

G4-JNI GetEnv version=0x00010002
android[2] trace: MusicManager::PlayNextTrack() try, fade=true, soundManager.IsInitialized()=true, soundManager.IsUserMusicPlaying()=false

android[2] trace: MusicManager::PlayTrack(): track=published/sounds/music/loading_01.mp3 fade=true

G4-JNI GetEnv version=0x00010002
android[2] trace: MusicManager::PlayNextTrack() try, fade=true, soundManager.IsInitialized()=true, soundManager.IsUserMusicPlaying()=false

android[2] trace: MusicManager::PlayTrack(): track=published/sounds/music/loading_01.mp3 fade=true

G4-JNI GetEnv version=0x00010002
android[2] trace: MusicManager::PlayNextTrack() try, fade=true, soundManager.IsInitialized()=true, soundManager.IsUserMusicPlaying()=false

android[2] trace: MusicManager::PlayTrack(): track=published/sounds/music/loading_01.mp3 fade=true

G4-JNI GetEnv version=0x00010002
android[2] trace: MusicManager::PlayNextTrack() try, fade=true, soundManager.IsInitialized()=true, soundManager.IsUserMusicPlaying()=false

android[2] trace: MusicManager::PlayTrack(): track=published/sounds/music/loading_01.mp3 fade=true

G4-JNI GetEnv version=0x00010002
android[2] trace: MusicManager::PlayNextTrack() try, fade=true, soundManager.IsInitialized()=true, soundManager.IsUserMusicPlaying()=false

android[2] trace: MusicManager::PlayTrack(): track=published/sounds/music/loading_01.mp3 fade=true

G4-JNI GetEnv version=0x00010002
android[2] trace: MusicManager::PlayNextTrack() try, fade=true, soundManager.IsInitialized()=true, soundManager.IsUserMusicPlaying()=false

android[2] trace: MusicManager::PlayTrack(): track=published/sounds/music/loading_01.mp3 fade=true

G4-JNI GetEnv version=0x00010002
android[2] trace: MusicManager::PlayNextTrack() try, fade=true, soundManager.IsInitialized()=true, soundManager.IsUserMusicPlaying()=false

android[2] trace: MusicManager::PlayTrack(): track=published/sounds/music/loading_01.mp3 fade=true

G4-JNI GetEnv version=0x00010002
android[2] trace: MusicManager::PlayNextTrack() try, fade=true, soundManager.IsInitialized()=true, soundManager.IsUserMusicPlaying()=false

android[2] trace: MusicManager::PlayTrack(): track=published/sounds/music/loading_01.mp3 fade=true

G4-JNI GetEnv version=0x00010002
android[2] trace: MusicManager::PlayNextTrack() try, fade=true, soundManager.IsInitialized()=true, soundManager.IsUserMusicPlaying()=false

android[2] trace: MusicManager::PlayTrack(): track=published/sounds/music/loading_01.mp3 fade=true

G4-JNI GetEnv version=0x00010002
android[2] trace: MusicManager::PlayNextTrack() try, fade=true, soundManager.IsInitialized()=true, soundManager.IsUserMusicPlaying()=false

android[2] trace: MusicManager::PlayTrack(): track=published/sounds/music/loading_01.mp3 fade=true

G4-JNI GetEnv version=0x00010002
android[2] trace: MusicManager::PlayNextTrack() try, fade=true, soundManager.IsInitialized()=true, soundManager.IsUserMusicPlaying()=false

android[2] trace: MusicManager::PlayTrack(): track=published/sounds/music/loading_01.mp3 fade=true

G4-JNI GetEnv version=0x00010002
android[2] trace: MusicManager::PlayNextTrack() try, fade=true, soundManager.IsInitialized()=true, soundManager.IsUserMusicPlaying()=false

android[2] trace: MusicManager::PlayTrack(): track=published/sounds/music/loading_01.mp3 fade=true

G4-JNI GetEnv version=0x00010002
android[2] trace: MusicManager::PlayNextTrack() try, fade=true, soundManager.IsInitialized()=true, soundManager.IsUserMusicPlaying()=false

android[2] trace: MusicManager::PlayTrack(): track=published/sounds/music/loading_01.mp3 fade=true

G4-JNI GetEnv version=0x00010002
android[2] trace: MusicManager::PlayNextTrack() try, fade=true, soundManager.IsInitialized()=true, soundManager.IsUserMusicPlaying()=false

android[2] trace: MusicManager::PlayTrack(): track=published/sounds/music/loading_01.mp3 fade=true

G4-JNI GetEnv version=0x00010002
android[2] trace: MusicManager::PlayNextTrack() try, fade=true, soundManager.IsInitialized()=true, soundManager.IsUserMusicPlaying()=false

android[2] trace: MusicManager::PlayTrack(): track=published/sounds/music/loading_01.mp3 fade=true

G4-JNI GetEnv version=0x00010002
android[2] trace: MusicManager::PlayNextTrack() try, fade=true, soundManager.IsInitialized()=true, soundManager.IsUserMusicPlaying()=false

android[2] trace: MusicManager::PlayTrack(): track=published/sounds/music/loading_01.mp3 fade=true

G4-JNI GetEnv version=0x00010002
android[2] trace: MusicManager::PlayNextTrack() try, fade=true, soundManager.IsInitialized()=true, soundManager.IsUserMusicPlaying()=false

android[2] trace: MusicManager::PlayTrack(): track=published/sounds/music/loading_01.mp3 fade=true

G4-JNI GetEnv version=0x00010002
android[2] trace: MusicManager::PlayNextTrack() try, fade=true, soundManager.IsInitialized()=true, soundManager.IsUserMusicPlaying()=false

android[2] trace: MusicManager::PlayTrack(): track=published/sounds/music/loading_01.mp3 fade=true

G4-JNI GetEnv version=0x00010002
android[2] trace: MusicManager::PlayNextTrack() try, fade=true, soundManager.IsInitialized()=true, soundManager.IsUserMusicPlaying()=false

android[2] trace: MusicManager::PlayTrack(): track=published/sounds/music/loading_01.mp3 fade=true

G4-JNI GetEnv version=0x00010002
android[2] trace: MusicManager::PlayNextTrack() try, fade=true, soundManager.IsInitialized()=true, soundManager.IsUserMusicPlaying()=false

android[2] trace: MusicManager::PlayTrack(): track=published/sounds/music/loading_01.mp3 fade=true

G4-JNI GetEnv version=0x00010002
android[2] trace: MusicManager::PlayNextTrack() try, fade=true, soundManager.IsInitialized()=true, soundManager.IsUserMusicPlaying()=false

android[2] trace: MusicManager::PlayTrack(): track=published/sounds/music/loading_01.mp3 fade=true

G4-JNI GetEnv version=0x00010002
G4-JNI GetEnv version=0x00010006
android[2] trace: MusicManager::PlayNextTrack() try, fade=true, soundManager.IsInitialized()=true, soundManager.IsUserMusicPlaying()=false

android[2] trace: MusicManager::PlayTrack(): track=published/sounds/music/loading_01.mp3 fade=true

G4-JNI GetEnv version=0x00010002
android[2] trace: MusicManager::PlayNextTrack() try, fade=true, soundManager.IsInitialized()=true, soundManager.IsUserMusicPlaying()=false

android[2] trace: MusicManager::PlayTrack(): track=published/sounds/music/loading_01.mp3 fade=true

G4-JNI GetEnv version=0x00010002
android[2] trace: MusicManager::PlayNextTrack() try, fade=true, soundManager.IsInitialized()=true, soundManager.IsUserMusicPlaying()=false

android[2] trace: MusicManager::PlayTrack(): track=published/sounds/music/loading_01.mp3 fade=true

G4-JNI GetEnv version=0x00010002
android[2] trace: MusicManager::PlayNextTrack() try, fade=true, soundManager.IsInitialized()=true, soundManager.IsUserMusicPlaying()=false

android[2] trace: MusicManager::PlayTrack(): track=published/sounds/music/loading_01.mp3 fade=true

G4-JNI GetEnv version=0x00010002
android[2] trace: MusicManager::PlayNextTrack() try, fade=true, soundManager.IsInitialized()=true, soundManager.IsUserMusicPlaying()=false

android[2] trace: MusicManager::PlayTrack(): track=published/sounds/music/loading_01.mp3 fade=true

G4-JNI GetEnv version=0x00010002
android[2] trace: MusicManager::PlayNextTrack() try, fade=true, soundManager.IsInitialized()=true, soundManager.IsUserMusicPlaying()=false

android[2] trace: MusicManager::PlayTrack(): track=published/sounds/music/loading_01.mp3 fade=true

G4-JNI GetEnv version=0x00010002
android[2] trace: MusicManager::PlayNextTrack() try, fade=true, soundManager.IsInitialized()=true, soundManager.IsUserMusicPlaying()=false

android[2] trace: MusicManager::PlayTrack(): track=published/sounds/music/loading_01.mp3 fade=true

G4-JNI GetEnv version=0x00010002
android[2] trace: MusicManager::PlayNextTrack() try, fade=true, soundManager.IsInitialized()=true, soundManager.IsUserMusicPlaying()=false

android[2] trace: MusicManager::PlayTrack(): track=published/sounds/music/loading_01.mp3 fade=true

G4-JNI GetEnv version=0x00010002
android[2] trace: MusicManager::PlayNextTrack() try, fade=true, soundManager.IsInitialized()=true, soundManager.IsUserMusicPlaying()=false

android[2] trace: MusicManager::PlayTrack(): track=published/sounds/music/loading_01.mp3 fade=true

G4-JNI GetEnv version=0x00010002
android[2] trace: MusicManager::PlayNextTrack() try, fade=true, soundManager.IsInitialized()=true, soundManager.IsUserMusicPlaying()=false

android[2] trace: MusicManager::PlayTrack(): track=published/sounds/music/loading_01.mp3 fade=true

G4-JNI GetEnv version=0x00010002
android[2] trace: MusicManager::PlayNextTrack() try, fade=true, soundManager.IsInitialized()=true, soundManager.IsUserMusicPlaying()=false

android[2] trace: MusicManager::PlayTrack(): track=published/sounds/music/loading_01.mp3 fade=true

G4-JNI GetEnv version=0x00010002
android[2] trace: MusicManager::PlayNextTrack() try, fade=true, soundManager.IsInitialized()=true, soundManager.IsUserMusicPlaying()=false

android[2] trace: MusicManager::PlayTrack(): track=published/sounds/music/loading_01.mp3 fade=true

G4-JNI GetEnv version=0x00010002
android[2] trace: MusicManager::PlayNextTrack() try, fade=true, soundManager.IsInitialized()=true, soundManager.IsUserMusicPlaying()=false

android[2] trace: MusicManager::PlayTrack(): track=published/sounds/music/loading_01.mp3 fade=true

G4-JNI GetEnv version=0x00010002
android[2] trace: MusicManager::PlayNextTrack() try, fade=true, soundManager.IsInitialized()=true, soundManager.IsUserMusicPlaying()=false

android[2] trace: MusicManager::PlayTrack(): track=published/sounds/music/loading_01.mp3 fade=true

G4-JNI GetEnv version=0x00010002
android[2] trace: MusicManager::PlayNextTrack() try, fade=true, soundManager.IsInitialized()=true, soundManager.IsUserMusicPlaying()=false

android[2] trace: MusicManager::PlayTrack(): track=published/sounds/music/loading_01.mp3 fade=true

G4-JNI GetEnv version=0x00010002
android[2] trace: MusicManager::PlayNextTrack() try, fade=true, soundManager.IsInitialized()=true, soundManager.IsUserMusicPlaying()=false

android[2] trace: MusicManager::PlayTrack(): track=published/sounds/music/loading_01.mp3 fade=true

G4-JNI GetEnv version=0x00010002
android[2] trace: MusicManager::PlayNextTrack() try, fade=true, soundManager.IsInitialized()=true, soundManager.IsUserMusicPlaying()=false

android[2] trace: MusicManager::PlayTrack(): track=published/sounds/music/loading_01.mp3 fade=true

G4-JNI GetEnv version=0x00010002
android[2] trace: MusicManager::PlayNextTrack() try, fade=true, soundManager.IsInitialized()=true, soundManager.IsUserMusicPlaying()=false

android[2] trace: MusicManager::PlayTrack(): track=published/sounds/music/loading_01.mp3 fade=true

G4-JNI GetEnv version=0x00010002
android[2] trace: MusicManager::PlayNextTrack() try, fade=true, soundManager.IsInitialized()=true, soundManager.IsUserMusicPlaying()=false

android[2] trace: MusicManager::PlayTrack(): track=published/sounds/music/loading_01.mp3 fade=true

G4-JNI GetEnv version=0x00010002
android[2] trace: MusicManager::PlayNextTrack() try, fade=true, soundManager.IsInitialized()=true, soundManager.IsUserMusicPlaying()=false

android[2] trace: MusicManager::PlayTrack(): track=published/sounds/music/loading_01.mp3 fade=true

G4-JNI GetEnv version=0x00010002
android[2] trace: MusicManager::PlayNextTrack() try, fade=true, soundManager.IsInitialized()=true, soundManager.IsUserMusicPlaying()=false

android[2] trace: MusicManager::PlayTrack(): track=published/sounds/music/loading_01.mp3 fade=true

G4-JNI GetEnv version=0x00010002
android[2] trace: MusicManager::PlayNextTrack() try, fade=true, soundManager.IsInitialized()=true, soundManager.IsUserMusicPlaying()=false

android[2] trace: MusicManager::PlayTrack(): track=published/sounds/music/loading_01.mp3 fade=true

G4-JNI GetEnv version=0x00010002
android[2] trace: MusicManager::PlayNextTrack() try, fade=true, soundManager.IsInitialized()=true, soundManager.IsUserMusicPlaying()=false

android[2] trace: MusicManager::PlayTrack(): track=published/sounds/music/loading_01.mp3 fade=true

G4-JNI GetEnv version=0x00010002
android[2] trace: MusicManager::PlayNextTrack() try, fade=true, soundManager.IsInitialized()=true, soundManager.IsUserMusicPlaying()=false

android[2] trace: MusicManager::PlayTrack(): track=published/sounds/music/loading_01.mp3 fade=true

G4-JNI GetEnv version=0x00010002
android[2] trace: MusicManager::PlayNextTrack() try, fade=true, soundManager.IsInitialized()=true, soundManager.IsUserMusicPlaying()=false

android[2] trace: MusicManager::PlayTrack(): track=published/sounds/music/loading_01.mp3 fade=true

G4-JNI GetEnv version=0x00010002
android[2] trace: MusicManager::PlayNextTrack() try, fade=true, soundManager.IsInitialized()=true, soundManager.IsUserMusicPlaying()=false

android[2] trace: MusicManager::PlayTrack(): track=published/sounds/music/loading_01.mp3 fade=true

G4-JNI GetEnv version=0x00010002
android[2] trace: MusicManager::PlayNextTrack() try, fade=true, soundManager.IsInitialized()=true, soundManager.IsUserMusicPlaying()=false

android[2] trace: MusicManager::PlayTrack(): track=published/sounds/music/loading_01.mp3 fade=true

G4-JNI GetEnv version=0x00010002
android[2] trace: MusicManager::PlayNextTrack() try, fade=true, soundManager.IsInitialized()=true, soundManager.IsUserMusicPlaying()=false

android[2] trace: MusicManager::PlayTrack(): track=published/sounds/music/loading_01.mp3 fade=true

G4-JNI GetEnv version=0x00010002
android[2] trace: MusicManager::PlayNextTrack() try, fade=true, soundManager.IsInitialized()=true, soundManager.IsUserMusicPlaying()=false

android[2] trace: MusicManager::PlayTrack(): track=published/sounds/music/loading_01.mp3 fade=true

G4-JNI GetEnv version=0x00010002
android[2] trace: MusicManager::PlayNextTrack() try, fade=true, soundManager.IsInitialized()=true, soundManager.IsUserMusicPlaying()=false

android[2] trace: MusicManager::PlayTrack(): track=published/sounds/music/loading_01.mp3 fade=true

G4-JNI GetEnv version=0x00010002
android[2] trace: MusicManager::PlayNextTrack() try, fade=true, soundManager.IsInitialized()=true, soundManager.IsUserMusicPlaying()=false

android[2] trace: MusicManager::PlayTrack(): track=published/sounds/music/loading_01.mp3 fade=true

G4-JNI GetEnv version=0x00010002
android[2] trace: MusicManager::PlayNextTrack() try, fade=true, soundManager.IsInitialized()=true, soundManager.IsUserMusicPlaying()=false

android[2] trace: MusicManager::PlayTrack(): track=published/sounds/music/loading_01.mp3 fade=true

G4-JNI GetEnv version=0x00010002
android[2] trace: MusicManager::PlayNextTrack() try, fade=true, soundManager.IsInitialized()=true, soundManager.IsUserMusicPlaying()=false

android[2] trace: MusicManager::PlayTrack(): track=published/sounds/music/loading_01.mp3 fade=true

G4-JNI GetEnv version=0x00010002
android[2] trace: MusicManager::PlayNextTrack() try, fade=true, soundManager.IsInitialized()=true, soundManager.IsUserMusicPlaying()=false

android[2] trace: MusicManager::PlayTrack(): track=published/sounds/music/loading_01.mp3 fade=true

G4-JNI GetEnv version=0x00010002
android[2] trace: MusicManager::PlayNextTrack() try, fade=true, soundManager.IsInitialized()=true, soundManager.IsUserMusicPlaying()=false

android[2] trace: MusicManager::PlayTrack(): track=published/sounds/music/loading_01.mp3 fade=true

G4-JNI GetEnv version=0x00010002
android[2] trace: MusicManager::PlayNextTrack() try, fade=true, soundManager.IsInitialized()=true, soundManager.IsUserMusicPlaying()=false

android[2] trace: MusicManager::PlayTrack(): track=published/sounds/music/loading_01.mp3 fade=true

G4-JNI GetEnv version=0x00010002
android[2] trace: MusicManager::PlayNextTrack() try, fade=true, soundManager.IsInitialized()=true, soundManager.IsUserMusicPlaying()=false

android[2] trace: MusicManager::PlayTrack(): track=published/sounds/music/loading_01.mp3 fade=true

G4-JNI GetEnv version=0x00010002
android[2] trace: MusicManager::PlayNextTrack() try, fade=true, soundManager.IsInitialized()=true, soundManager.IsUserMusicPlaying()=false

android[2] trace: MusicManager::PlayTrack(): track=published/sounds/music/loading_01.mp3 fade=true

G4-JNI GetEnv version=0x00010002
android[2] trace: MusicManager::PlayNextTrack() try, fade=true, soundManager.IsInitialized()=true, soundManager.IsUserMusicPlaying()=false

android[2] trace: MusicManager::PlayTrack(): track=published/sounds/music/loading_01.mp3 fade=true

G4-JNI GetEnv version=0x00010002
android[2] trace: MusicManager::PlayNextTrack() try, fade=true, soundManager.IsInitialized()=true, soundManager.IsUserMusicPlaying()=false

android[2] trace: MusicManager::PlayTrack(): track=published/sounds/music/loading_01.mp3 fade=true

G4-JNI GetEnv version=0x00010002
android[2] trace: MusicManager::PlayNextTrack() try, fade=true, soundManager.IsInitialized()=true, soundManager.IsUserMusicPlaying()=false

android[2] trace: MusicManager::PlayTrack(): track=published/sounds/music/loading_01.mp3 fade=true

G4-JNI GetEnv version=0x00010002
android[2] trace: MusicManager::PlayNextTrack() try, fade=true, soundManager.IsInitialized()=true, soundManager.IsUserMusicPlaying()=false

android[2] trace: MusicManager::PlayTrack(): track=published/sounds/music/loading_01.mp3 fade=true

G4-JNI GetEnv version=0x00010002
android[2] trace: MusicManager::PlayNextTrack() try, fade=true, soundManager.IsInitialized()=true, soundManager.IsUserMusicPlaying()=false

android[2] trace: MusicManager::PlayTrack(): track=published/sounds/music/loading_01.mp3 fade=true

G4-JNI GetEnv version=0x00010002
android[2] trace: MusicManager::PlayNextTrack() try, fade=true, soundManager.IsInitialized()=true, soundManager.IsUserMusicPlaying()=false

android[2] trace: MusicManager::PlayTrack(): track=published/sounds/music/loading_01.mp3 fade=true

G4-JNI GetEnv version=0x00010002
android[2] trace: MusicManager::PlayNextTrack() try, fade=true, soundManager.IsInitialized()=true, soundManager.IsUserMusicPlaying()=false

android[2] trace: MusicManager::PlayTrack(): track=published/sounds/music/loading_01.mp3 fade=true

G4-JNI GetEnv version=0x00010002
android[2] trace: MusicManager::PlayNextTrack() try, fade=true, soundManager.IsInitialized()=true, soundManager.IsUserMusicPlaying()=false

android[2] trace: MusicManager::PlayTrack(): track=published/sounds/music/loading_01.mp3 fade=true

G4-JNI GetEnv version=0x00010002
android[2] trace: MusicManager::PlayNextTrack() try, fade=true, soundManager.IsInitialized()=true, soundManager.IsUserMusicPlaying()=false

android[2] trace: MusicManager::PlayTrack(): track=published/sounds/music/loading_01.mp3 fade=true

G4-JNI GetEnv version=0x00010002
android[2] trace: MusicManager::PlayNextTrack() try, fade=true, soundManager.IsInitialized()=true, soundManager.IsUserMusicPlaying()=false

android[2] trace: MusicManager::PlayTrack(): track=published/sounds/music/loading_01.mp3 fade=true

G4-JNI GetEnv version=0x00010002
android[2] trace: MusicManager::PlayNextTrack() try, fade=true, soundManager.IsInitialized()=true, soundManager.IsUserMusicPlaying()=false

android[2] trace: MusicManager::PlayTrack(): track=published/sounds/music/loading_01.mp3 fade=true

G4-JNI GetEnv version=0x00010002
android[2] trace: MusicManager::PlayNextTrack() try, fade=true, soundManager.IsInitialized()=true, soundManager.IsUserMusicPlaying()=false

android[2] trace: MusicManager::PlayTrack(): track=published/sounds/music/loading_01.mp3 fade=true

G4-JNI GetEnv version=0x00010002
android[2] trace: MusicManager::PlayNextTrack() try, fade=true, soundManager.IsInitialized()=true, soundManager.IsUserMusicPlaying()=false

android[2] trace: MusicManager::PlayTrack(): track=published/sounds/music/loading_01.mp3 fade=true

G4-JNI GetEnv version=0x00010002
android[2] trace: MusicManager::PlayNextTrack() try, fade=true, soundManager.IsInitialized()=true, soundManager.IsUserMusicPlaying()=false

android[2] trace: MusicManager::PlayTrack(): track=published/sounds/music/loading_01.mp3 fade=true

G4-JNI GetEnv version=0x00010002
android[2] trace: MusicManager::PlayNextTrack() try, fade=true, soundManager.IsInitialized()=true, soundManager.IsUserMusicPlaying()=false

android[2] trace: MusicManager::PlayTrack(): track=published/sounds/music/loading_01.mp3 fade=true

G4-JNI GetEnv version=0x00010002
android[2] trace: MusicManager::PlayNextTrack() try, fade=true, soundManager.IsInitialized()=true, soundManager.IsUserMusicPlaying()=false

android[2] trace: MusicManager::PlayTrack(): track=published/sounds/music/loading_01.mp3 fade=true

G4-JNI GetEnv version=0x00010002
android[2] trace: MusicManager::PlayNextTrack() try, fade=true, soundManager.IsInitialized()=true, soundManager.IsUserMusicPlaying()=false

android[2] trace: MusicManager::PlayTrack(): track=published/sounds/music/loading_01.mp3 fade=true

G4-JNI GetEnv version=0x00010002
android[2] trace: MusicManager::PlayNextTrack() try, fade=true, soundManager.IsInitialized()=true, soundManager.IsUserMusicPlaying()=false

android[2] trace: MusicManager::PlayTrack(): track=published/sounds/music/loading_01.mp3 fade=true

G4-JNI GetEnv version=0x00010002
android[2] trace: MusicManager::PlayNextTrack() try, fade=true, soundManager.IsInitialized()=true, soundManager.IsUserMusicPlaying()=false

android[2] trace: MusicManager::PlayTrack(): track=published/sounds/music/loading_01.mp3 fade=true

G4-JNI GetEnv version=0x00010002
android[2] trace: MusicManager::PlayNextTrack() try, fade=true, soundManager.IsInitialized()=true, soundManager.IsUserMusicPlaying()=false

android[2] trace: MusicManager::PlayTrack(): track=published/sounds/music/loading_01.mp3 fade=true

G4-JNI GetEnv version=0x00010002
android[2] trace: MusicManager::PlayNextTrack() try, fade=true, soundManager.IsInitialized()=true, soundManager.IsUserMusicPlaying()=false

android[2] trace: MusicManager::PlayTrack(): track=published/sounds/music/loading_01.mp3 fade=true

G4-JNI GetEnv version=0x00010002
G4-JNI GetEnv version=0x00010002
G4-JNI GetEnv version=0x00010002
G4-JNI GetEnv version=0x00010002
G4-JNI GetEnv version=0x00010002
G4-JNI GetEnv version=0x00010002
G4-JNI GetEnv version=0x00010002
G4-JNI GetEnv version=0x00010002
G4-JNI GetEnv version=0x00010002
G4-JNI GetEnv version=0x00010002
G4-JNI GetEnv version=0x00010002
G4-JNI GetEnv version=0x00010002
G4-JNI GetEnv version=0x00010002
G4-JNI GetEnv version=0x00010002
G4-JNI GetEnv version=0x00010002
G4-JNI GetEnv version=0x00010002
G4-JNI GetEnv version=0x00010002
android[2] trace: MusicManager::PlayNextTrack() try, fade=true, soundManager.IsInitialized()=true, soundManager.IsUserMusicPlaying()=false

android[2] trace: MusicManager::PlayTrack(): track=published/sounds/music/loading_01.mp3 fade=true

G4-JNI GetEnv version=0x00010002
android[2] trace: MusicManager::PlayNextTrack() try, fade=true, soundManager.IsInitialized()=true, soundManager.IsUserMusicPlaying()=false

android[2] trace: MusicManager::PlayTrack(): track=published/sounds/music/loading_01.mp3 fade=true

G4-JNI GetEnv version=0x00010002
android[2] trace: MusicManager::PlayNextTrack() try, fade=true, soundManager.IsInitialized()=true, soundManager.IsUserMusicPlaying()=false

android[2] trace: MusicManager::PlayTrack(): track=published/sounds/music/loading_01.mp3 fade=true

G4-JNI GetEnv version=0x00010002
android[2] trace: MusicManager::PlayNextTrack() try, fade=true, soundManager.IsInitialized()=true, soundManager.IsUserMusicPlaying()=false

android[2] trace: MusicManager::PlayTrack(): track=published/sounds/music/loading_01.mp3 fade=true

G4-JNI GetEnv version=0x00010002
android[2] trace: MusicManager::PlayNextTrack() try, fade=true, soundManager.IsInitialized()=true, soundManager.IsUserMusicPlaying()=false

android[2] trace: MusicManager::PlayTrack(): track=published/sounds/music/loading_01.mp3 fade=true

G4-JNI GetEnv version=0x00010002
android[2] trace: MusicManager::PlayNextTrack() try, fade=true, soundManager.IsInitialized()=true, soundManager.IsUserMusicPlaying()=false

android[2] trace: MusicManager::PlayTrack(): track=published/sounds/music/loading_01.mp3 fade=true

G4-JNI GetEnv version=0x00010002
android[2] trace: MusicManager::PlayNextTrack() try, fade=true, soundManager.IsInitialized()=true, soundManager.IsUserMusicPlaying()=false

android[2] trace: MusicManager::PlayTrack(): track=published/sounds/music/loading_01.mp3 fade=true

G4-JNI GetEnv version=0x00010002
android[2] trace: MusicManager::PlayNextTrack() try, fade=true, soundManager.IsInitialized()=true, soundManager.IsUserMusicPlaying()=false

android[2] trace: MusicManager::PlayTrack(): track=published/sounds/music/loading_01.mp3 fade=true

G4-JNI GetEnv version=0x00010002
android[2] trace: MusicManager::PlayNextTrack() try, fade=true, soundManager.IsInitialized()=true, soundManager.IsUserMusicPlaying()=false

android[2] trace: MusicManager::PlayTrack(): track=published/sounds/music/loading_01.mp3 fade=true

G4-JNI GetEnv version=0x00010002
android[2] trace: MusicManager::PlayNextTrack() try, fade=true, soundManager.IsInitialized()=true, soundManager.IsUserMusicPlaying()=false

android[2] trace: MusicManager::PlayTrack(): track=published/sounds/music/loading_01.mp3 fade=true

G4-JNI GetEnv version=0x00010002
android[2] trace: MusicManager::PlayNextTrack() try, fade=true, soundManager.IsInitialized()=true, soundManager.IsUserMusicPlaying()=false

android[2] trace: MusicManager::PlayTrack(): track=published/sounds/music/loading_01.mp3 fade=true

G4-JNI GetEnv version=0x00010002
android[2] trace: MusicManager::PlayNextTrack() try, fade=true, soundManager.IsInitialized()=true, soundManager.IsUserMusicPlaying()=false

android[2] trace: MusicManager::PlayTrack(): track=published/sounds/music/loading_01.mp3 fade=true

G4-JNI GetEnv version=0x00010002
android[2] trace: MusicManager::PlayNextTrack() try, fade=true, soundManager.IsInitialized()=true, soundManager.IsUserMusicPlaying()=false

android[2] trace: MusicManager::PlayTrack(): track=published/sounds/music/loading_01.mp3 fade=true

G4-JNI GetEnv version=0x00010002
android[2] trace: MusicManager::PlayNextTrack() try, fade=true, soundManager.IsInitialized()=true, soundManager.IsUserMusicPlaying()=false

android[2] trace: MusicManager::PlayTrack(): track=published/sounds/music/loading_01.mp3 fade=true

G4-JNI GetEnv version=0x00010002
android[2] trace: MusicManager::PlayNextTrack() try, fade=true, soundManager.IsInitialized()=true, soundManager.IsUserMusicPlaying()=false

android[2] trace: MusicManager::PlayTrack(): track=published/sounds/music/loading_01.mp3 fade=true

G4-JNI GetEnv version=0x00010002
android[2] trace: MusicManager::PlayNextTrack() try, fade=true, soundManager.IsInitialized()=true, soundManager.IsUserMusicPlaying()=false

android[2] trace: MusicManager::PlayTrack(): track=published/sounds/music/loading_01.mp3 fade=true

G4-JNI GetEnv version=0x00010002
android[2] trace: MusicManager::PlayNextTrack() try, fade=true, soundManager.IsInitialized()=true, soundManager.IsUserMusicPlaying()=false

android[2] trace: MusicManager::PlayTrack(): track=published/sounds/music/loading_01.mp3 fade=true

G4-JNI GetEnv version=0x00010002
android[2] trace: MusicManager::PlayNextTrack() try, fade=true, soundManager.IsInitialized()=true, soundManager.IsUserMusicPlaying()=false

android[2] trace: MusicManager::PlayTrack(): track=published/sounds/music/loading_01.mp3 fade=true

G4-JNI GetEnv version=0x00010002
android[2] trace: MusicManager::PlayNextTrack() try, fade=true, soundManager.IsInitialized()=true, soundManager.IsUserMusicPlaying()=false

android[2] trace: MusicManager::PlayTrack(): track=published/sounds/music/loading_01.mp3 fade=true

G4-JNI GetEnv version=0x00010002
android[2] trace: MusicManager::PlayNextTrack() try, fade=true, soundManager.IsInitialized()=true, soundManager.IsUserMusicPlaying()=false

android[2] trace: MusicManager::PlayTrack(): track=published/sounds/music/loading_01.mp3 fade=true

G4-JNI GetEnv version=0x00010002
android[2] trace: MusicManager::PlayNextTrack() try, fade=true, soundManager.IsInitialized()=true, soundManager.IsUserMusicPlaying()=false

android[2] trace: MusicManager::PlayTrack(): track=published/sounds/music/loading_01.mp3 fade=true

G4-JNI GetEnv version=0x00010002
android[2] trace: MusicManager::PlayNextTrack() try, fade=true, soundManager.IsInitialized()=true, soundManager.IsUserMusicPlaying()=false

android[2] trace: MusicManager::PlayTrack(): track=published/sounds/music/loading_01.mp3 fade=true

G4-JNI GetEnv version=0x00010002
android[2] trace: MusicManager::PlayNextTrack() try, fade=true, soundManager.IsInitialized()=true, soundManager.IsUserMusicPlaying()=false

android[2] trace: MusicManager::PlayTrack(): track=published/sounds/music/loading_01.mp3 fade=true

G4-JNI GetEnv version=0x00010002
android[2] trace: MusicManager::PlayNextTrack() try, fade=true, soundManager.IsInitialized()=true, soundManager.IsUserMusicPlaying()=false

android[2] trace: MusicManager::PlayTrack(): track=published/sounds/music/loading_01.mp3 fade=true

G4-JNI GetEnv version=0x00010002
android[2] trace: MusicManager::PlayNextTrack() try, fade=true, soundManager.IsInitialized()=true, soundManager.IsUserMusicPlaying()=false

android[2] trace: MusicManager::PlayTrack(): track=published/sounds/music/loading_01.mp3 fade=true

G4-JNI GetEnv version=0x00010002
android[2] trace: MusicManager::PlayNextTrack() try, fade=true, soundManager.IsInitialized()=true, soundManager.IsUserMusicPlaying()=false

android[2] trace: MusicManager::PlayTrack(): track=published/sounds/music/loading_01.mp3 fade=true

G4-JNI GetEnv version=0x00010002
android[2] trace: MusicManager::PlayNextTrack() try, fade=true, soundManager.IsInitialized()=true, soundManager.IsUserMusicPlaying()=false

android[2] trace: MusicManager::PlayTrack(): track=published/sounds/music/loading_01.mp3 fade=true

G4-JNI GetEnv version=0x00010002
android[2] trace: MusicManager::PlayNextTrack() try, fade=true, soundManager.IsInitialized()=true, soundManager.IsUserMusicPlaying()=false

android[2] trace: MusicManager::PlayTrack(): track=published/sounds/music/loading_01.mp3 fade=true

G4-JNI GetEnv version=0x00010002
android[2] trace: MusicManager::PlayNextTrack() try, fade=true, soundManager.IsInitialized()=true, soundManager.IsUserMusicPlaying()=false

android[2] trace: MusicManager::PlayTrack(): track=published/sounds/music/loading_01.mp3 fade=true

G4-JNI GetEnv version=0x00010002
G7-FRAME enter=600
android[2] trace: MusicManager::PlayNextTrack() try, fade=true, soundManager.IsInitialized()=true, soundManager.IsUserMusicPlaying()=false

android[2] trace: MusicManager::PlayTrack(): track=published/sounds/music/loading_01.mp3 fade=true

G4-JNI GetEnv version=0x00010002
G7-FRAME leave=600
android[2] trace: MusicManager::PlayNextTrack() try, fade=true, soundManager.IsInitialized()=true, soundManager.IsUserMusicPlaying()=false

android[2] trace: MusicManager::PlayTrack(): track=published/sounds/music/loading_01.mp3 fade=true

G4-JNI GetEnv version=0x00010002
android[2] trace: MusicManager::PlayNextTrack() try, fade=true, soundManager.IsInitialized()=true, soundManager.IsUserMusicPlaying()=false

android[2] trace: MusicManager::PlayTrack(): track=published/sounds/music/loading_01.mp3 fade=true

G4-JNI GetEnv version=0x00010002
android[2] trace: MusicManager::PlayNextTrack() try, fade=true, soundManager.IsInitialized()=true, soundManager.IsUserMusicPlaying()=false

android[2] trace: MusicManager::PlayTrack(): track=published/sounds/music/loading_01.mp3 fade=true

G4-JNI GetEnv version=0x00010002
android[2] trace: MusicManager::PlayNextTrack() try, fade=true, soundManager.IsInitialized()=true, soundManager.IsUserMusicPlaying()=false

android[2] trace: MusicManager::PlayTrack(): track=published/sounds/music/loading_01.mp3 fade=true

G4-JNI GetEnv version=0x00010002
android[2] trace: MusicManager::PlayNextTrack() try, fade=true, soundManager.IsInitialized()=true, soundManager.IsUserMusicPlaying()=false

android[2] trace: MusicManager::PlayTrack(): track=published/sounds/music/loading_01.mp3 fade=true

G4-JNI GetEnv version=0x00010002
android[2] trace: MusicManager::PlayNextTrack() try, fade=true, soundManager.IsInitialized()=true, soundManager.IsUserMusicPlaying()=false

android[2] trace: MusicManager::PlayTrack(): track=published/sounds/music/loading_01.mp3 fade=true

G4-JNI GetEnv version=0x00010002
android[2] trace: MusicManager::PlayNextTrack() try, fade=true, soundManager.IsInitialized()=true, soundManager.IsUserMusicPlaying()=false

android[2] trace: MusicManager::PlayTrack(): track=published/sounds/music/loading_01.mp3 fade=true

G4-JNI GetEnv version=0x00010002
android[2] trace: MusicManager::PlayNextTrack() try, fade=true, soundManager.IsInitialized()=true, soundManager.IsUserMusicPlaying()=false

android[2] trace: MusicManager::PlayTrack(): track=published/sounds/music/loading_01.mp3 fade=true

G4-JNI GetEnv version=0x00010002
android[2] trace: MusicManager::PlayNextTrack() try, fade=true, soundManager.IsInitialized()=true, soundManager.IsUserMusicPlaying()=false

android[2] trace: MusicManager::PlayTrack(): track=published/sounds/music/loading_01.mp3 fade=true

G4-JNI GetEnv version=0x00010002
android[2] trace: MusicManager::PlayNextTrack() try, fade=true, soundManager.IsInitialized()=true, soundManager.IsUserMusicPlaying()=false

android[2] trace: MusicManager::PlayTrack(): track=published/sounds/music/loading_01.mp3 fade=true

G4-JNI GetEnv version=0x00010002
android[2] trace: MusicManager::PlayNextTrack() try, fade=true, soundManager.IsInitialized()=true, soundManager.IsUserMusicPlaying()=false

android[2] trace: MusicManager::PlayTrack(): track=published/sounds/music/loading_01.mp3 fade=true

G4-JNI GetEnv version=0x00010002
android[2] trace: MusicManager::PlayNextTrack() try, fade=true, soundManager.IsInitialized()=true, soundManager.IsUserMusicPlaying()=false

android[2] trace: MusicManager::PlayTrack(): track=published/sounds/music/loading_01.mp3 fade=true

G4-JNI GetEnv version=0x00010002
android[2] trace: MusicManager::PlayNextTrack() try, fade=true, soundManager.IsInitialized()=true, soundManager.IsUserMusicPlaying()=false

android[2] trace: MusicManager::PlayTrack(): track=published/sounds/music/loading_01.mp3 fade=true

G4-JNI GetEnv version=0x00010002
android[2] trace: MusicManager::PlayNextTrack() try, fade=true, soundManager.IsInitialized()=true, soundManager.IsUserMusicPlaying()=false

android[2] trace: MusicManager::PlayTrack(): track=published/sounds/music/loading_01.mp3 fade=true

G4-JNI GetEnv version=0x00010002
android[2] trace: MusicManager::PlayNextTrack() try, fade=true, soundManager.IsInitialized()=true, soundManager.IsUserMusicPlaying()=false

android[2] trace: MusicManager::PlayTrack(): track=published/sounds/music/loading_01.mp3 fade=true

G4-JNI GetEnv version=0x00010002
android[2] trace: MusicManager::PlayNextTrack() try, fade=true, soundManager.IsInitialized()=true, soundManager.IsUserMusicPlaying()=false

android[2] trace: MusicManager::PlayTrack(): track=published/sounds/music/loading_01.mp3 fade=true

G4-JNI GetEnv version=0x00010002
android[2] trace: MusicManager::PlayNextTrack() try, fade=true, soundManager.IsInitialized()=true, soundManager.IsUserMusicPlaying()=false

android[2] trace: MusicManager::PlayTrack(): track=published/sounds/music/loading_01.mp3 fade=true

G4-JNI GetEnv version=0x00010002
android[2] trace: MusicManager::PlayNextTrack() try, fade=true, soundManager.IsInitialized()=true, soundManager.IsUserMusicPlaying()=false

android[2] trace: MusicManager::PlayTrack(): track=published/sounds/music/loading_01.mp3 fade=true

G4-JNI GetEnv version=0x00010002
android[2] trace: MusicManager::PlayNextTrack() try, fade=true, soundManager.IsInitialized()=true, soundManager.IsUserMusicPlaying()=false

android[2] trace: MusicManager::PlayTrack(): track=published/sounds/music/loading_01.mp3 fade=true

G4-JNI GetEnv version=0x00010002
android[2] trace: MusicManager::PlayNextTrack() try, fade=true, soundManager.IsInitialized()=true, soundManager.IsUserMusicPlaying()=false

android[2] trace: MusicManager::PlayTrack(): track=published/sounds/music/loading_01.mp3 fade=true

G4-JNI GetEnv version=0x00010002
android[2] trace: MusicManager::PlayNextTrack() try, fade=true, soundManager.IsInitialized()=true, soundManager.IsUserMusicPlaying()=false

android[2] trace: MusicManager::PlayTrack(): track=published/sounds/music/loading_01.mp3 fade=true

G4-JNI GetEnv version=0x00010002
android[2] trace: MusicManager::PlayNextTrack() try, fade=true, soundManager.IsInitialized()=true, soundManager.IsUserMusicPlaying()=false

android[2] trace: MusicManager::PlayTrack(): track=published/sounds/music/loading_01.mp3 fade=true

G4-JNI GetEnv version=0x00010002
android[2] trace: MusicManager::PlayNextTrack() try, fade=true, soundManager.IsInitialized()=true, soundManager.IsUserMusicPlaying()=false

android[2] trace: MusicManager::PlayTrack(): track=published/sounds/music/loading_01.mp3 fade=true

G4-JNI GetEnv version=0x00010002
android[2] trace: MusicManager::PlayNextTrack() try, fade=true, soundManager.IsInitialized()=true, soundManager.IsUserMusicPlaying()=false

android[2] trace: MusicManager::PlayTrack(): track=published/sounds/music/loading_01.mp3 fade=true

G4-JNI GetEnv version=0x00010002
android[2] trace: MusicManager::PlayNextTrack() try, fade=true, soundManager.IsInitialized()=true, soundManager.IsUserMusicPlaying()=false

android[2] trace: MusicManager::PlayTrack(): track=published/sounds/music/loading_01.mp3 fade=true

G4-JNI GetEnv version=0x00010002
android[2] trace: MusicManager::PlayNextTrack() try, fade=true, soundManager.IsInitialized()=true, soundManager.IsUserMusicPlaying()=false

android[2] trace: MusicManager::PlayTrack(): track=published/sounds/music/loading_01.mp3 fade=true

G4-JNI GetEnv version=0x00010002
android[2] trace: MusicManager::PlayNextTrack() try, fade=true, soundManager.IsInitialized()=true, soundManager.IsUserMusicPlaying()=false

android[2] trace: MusicManager::PlayTrack(): track=published/sounds/music/loading_01.mp3 fade=true

G4-JNI GetEnv version=0x00010002
android[2] trace: MusicManager::PlayNextTrack() try, fade=true, soundManager.IsInitialized()=true, soundManager.IsUserMusicPlaying()=false

android[2] trace: MusicManager::PlayTrack(): track=published/sounds/music/loading_01.mp3 fade=true

G4-JNI GetEnv version=0x00010002
android[2] trace: MusicManager::PlayNextTrack() try, fade=true, soundManager.IsInitialized()=true, soundManager.IsUserMusicPlaying()=false

android[2] trace: MusicManager::PlayTrack(): track=published/sounds/music/loading_01.mp3 fade=true

G4-JNI GetEnv version=0x00010002
android[2] trace: MusicManager::PlayNextTrack() try, fade=true, soundManager.IsInitialized()=true, soundManager.IsUserMusicPlaying()=false

android[2] trace: MusicManager::PlayTrack(): track=published/sounds/music/loading_01.mp3 fade=true

G4-JNI GetEnv version=0x00010002
android[2] trace: MusicManager::PlayNextTrack() try, fade=true, soundManager.IsInitialized()=true, soundManager.IsUserMusicPlaying()=false

android[2] trace: MusicManager::PlayTrack(): track=published/sounds/music/loading_01.mp3 fade=true

G4-JNI GetEnv version=0x00010002
android[2] trace: MusicManager::PlayNextTrack() try, fade=true, soundManager.IsInitialized()=true, soundManager.IsUserMusicPlaying()=false

android[2] trace: MusicManager::PlayTrack(): track=published/sounds/music/loading_01.mp3 fade=true

G4-JNI GetEnv version=0x00010002
android[2] trace: MusicManager::PlayNextTrack() try, fade=true, soundManager.IsInitialized()=true, soundManager.IsUserMusicPlaying()=false

android[2] trace: MusicManager::PlayTrack(): track=published/sounds/music/loading_01.mp3 fade=true

G4-JNI GetEnv version=0x00010002
android[2] trace: MusicManager::PlayNextTrack() try, fade=true, soundManager.IsInitialized()=true, soundManager.IsUserMusicPlaying()=false

android[2] trace: MusicManager::PlayTrack(): track=published/sounds/music/loading_01.mp3 fade=true

G4-JNI GetEnv version=0x00010002
android[2] trace: MusicManager::PlayNextTrack() try, fade=true, soundManager.IsInitialized()=true, soundManager.IsUserMusicPlaying()=false

android[2] trace: MusicManager::PlayTrack(): track=published/sounds/music/loading_01.mp3 fade=true

G4-JNI GetEnv version=0x00010002
android[2] trace: MusicManager::PlayNextTrack() try, fade=true, soundManager.IsInitialized()=true, soundManager.IsUserMusicPlaying()=false

android[2] trace: MusicManager::PlayTrack(): track=published/sounds/music/loading_01.mp3 fade=true

G4-JNI GetEnv version=0x00010002
android[2] trace: MusicManager::PlayNextTrack() try, fade=true, soundManager.IsInitialized()=true, soundManager.IsUserMusicPlaying()=false

android[2] trace: MusicManager::PlayTrack(): track=published/sounds/music/loading_01.mp3 fade=true

G4-JNI GetEnv version=0x00010002
android[2] trace: MusicManager::PlayNextTrack() try, fade=true, soundManager.IsInitialized()=true, soundManager.IsUserMusicPlaying()=false

android[2] trace: MusicManager::PlayTrack(): track=published/sounds/music/loading_01.mp3 fade=true

G4-JNI GetEnv version=0x00010002
android[2] trace: MusicManager::PlayNextTrack() try, fade=true, soundManager.IsInitialized()=true, soundManager.IsUserMusicPlaying()=false

android[2] trace: MusicManager::PlayTrack(): track=published/sounds/music/loading_01.mp3 fade=true

G4-JNI GetEnv version=0x00010002
android[2] trace: MusicManager::PlayNextTrack() try, fade=true, soundManager.IsInitialized()=true, soundManager.IsUserMusicPlaying()=false

android[2] trace: MusicManager::PlayTrack(): track=published/sounds/music/loading_01.mp3 fade=true

G4-JNI GetEnv version=0x00010002
android[2] trace: MusicManager::PlayNextTrack() try, fade=true, soundManager.IsInitialized()=true, soundManager.IsUserMusicPlaying()=false

android[2] trace: MusicManager::PlayTrack(): track=published/sounds/music/loading_01.mp3 fade=true

G4-JNI GetEnv version=0x00010002
android[2] trace: MusicManager::PlayNextTrack() try, fade=true, soundManager.IsInitialized()=true, soundManager.IsUserMusicPlaying()=false

android[2] trace: MusicManager::PlayTrack(): track=published/sounds/music/loading_01.mp3 fade=true

G4-JNI GetEnv version=0x00010002
android[2] trace: MusicManager::PlayNextTrack() try, fade=true, soundManager.IsInitialized()=true, soundManager.IsUserMusicPlaying()=false

android[2] trace: MusicManager::PlayTrack(): track=published/sounds/music/loading_01.mp3 fade=true

G4-JNI GetEnv version=0x00010002
android[2] trace: MusicManager::PlayNextTrack() try, fade=true, soundManager.IsInitialized()=true, soundManager.IsUserMusicPlaying()=false

android[2] trace: MusicManager::PlayTrack(): track=published/sounds/music/loading_01.mp3 fade=true

G4-JNI GetEnv version=0x00010002
android[2] trace: MusicManager::PlayNextTrack() try, fade=true, soundManager.IsInitialized()=true, soundManager.IsUserMusicPlaying()=false

android[2] trace: MusicManager::PlayTrack(): track=published/sounds/music/loading_01.mp3 fade=true

G4-JNI GetEnv version=0x00010002
android[2] trace: MusicManager::PlayNextTrack() try, fade=true, soundManager.IsInitialized()=true, soundManager.IsUserMusicPlaying()=false

android[2] trace: MusicManager::PlayTrack(): track=published/sounds/music/loading_01.mp3 fade=true

G4-JNI GetEnv version=0x00010002
android[2] trace: MusicManager::PlayNextTrack() try, fade=true, soundManager.IsInitialized()=true, soundManager.IsUserMusicPlaying()=false

android[2] trace: MusicManager::PlayTrack(): track=published/sounds/music/loading_01.mp3 fade=true

G4-JNI GetEnv version=0x00010002
android[2] trace: MusicManager::PlayNextTrack() try, fade=true, soundManager.IsInitialized()=true, soundManager.IsUserMusicPlaying()=false

android[2] trace: MusicManager::PlayTrack(): track=published/sounds/music/loading_01.mp3 fade=true

G4-JNI GetEnv version=0x00010002
android[2] trace: MusicManager::PlayNextTrack() try, fade=true, soundManager.IsInitialized()=true, soundManager.IsUserMusicPlaying()=false

android[2] trace: MusicManager::PlayTrack(): track=published/sounds/music/loading_01.mp3 fade=true

G4-JNI GetEnv version=0x00010002
android[2] trace: MusicManager::PlayNextTrack() try, fade=true, soundManager.IsInitialized()=true, soundManager.IsUserMusicPlaying()=false

android[2] trace: MusicManager::PlayTrack(): track=published/sounds/music/loading_01.mp3 fade=true

G4-JNI GetEnv version=0x00010002
android[2] trace: MusicManager::PlayNextTrack() try, fade=true, soundManager.IsInitialized()=true, soundManager.IsUserMusicPlaying()=false

android[2] trace: MusicManager::PlayTrack(): track=published/sounds/music/loading_01.mp3 fade=true

G4-JNI GetEnv version=0x00010002
android[2] trace: MusicManager::PlayNextTrack() try, fade=true, soundManager.IsInitialized()=true, soundManager.IsUserMusicPlaying()=false

android[2] trace: MusicManager::PlayTrack(): track=published/sounds/music/loading_01.mp3 fade=true

G4-JNI GetEnv version=0x00010002
android[2] trace: MusicManager::PlayNextTrack() try, fade=true, soundManager.IsInitialized()=true, soundManager.IsUserMusicPlaying()=false

android[2] trace: MusicManager::PlayTrack(): track=published/sounds/music/loading_01.mp3 fade=true

G4-JNI GetEnv version=0x00010002
android[2] trace: MusicManager::PlayNextTrack() try, fade=true, soundManager.IsInitialized()=true, soundManager.IsUserMusicPlaying()=false

android[2] trace: MusicManager::PlayTrack(): track=published/sounds/music/loading_01.mp3 fade=true

G4-JNI GetEnv version=0x00010002
android[2] trace: MusicManager::PlayNextTrack() try, fade=true, soundManager.IsInitialized()=true, soundManager.IsUserMusicPlaying()=false

android[2] trace: MusicManager::PlayTrack(): track=published/sounds/music/loading_01.mp3 fade=true

G4-JNI GetEnv version=0x00010002
android[2] trace: MusicManager::PlayNextTrack() try, fade=true, soundManager.IsInitialized()=true, soundManager.IsUserMusicPlaying()=false

android[2] trace: MusicManager::PlayTrack(): track=published/sounds/music/loading_01.mp3 fade=true

G4-JNI GetEnv version=0x00010002
android[2] trace: MusicManager::PlayNextTrack() try, fade=true, soundManager.IsInitialized()=true, soundManager.IsUserMusicPlaying()=false

android[2] trace: MusicManager::PlayTrack(): track=published/sounds/music/loading_01.mp3 fade=true

G4-JNI GetEnv version=0x00010002
android[2] trace: MusicManager::PlayNextTrack() try, fade=true, soundManager.IsInitialized()=true, soundManager.IsUserMusicPlaying()=false

android[2] trace: MusicManager::PlayTrack(): track=published/sounds/music/loading_01.mp3 fade=true

G4-JNI GetEnv version=0x00010002
android[2] trace: MusicManager::PlayNextTrack() try, fade=true, soundManager.IsInitialized()=true, soundManager.IsUserMusicPlaying()=false

android[2] trace: MusicManager::PlayTrack(): track=published/sounds/music/loading_01.mp3 fade=true

G4-JNI GetEnv version=0x00010002
android[2] trace: MusicManager::PlayNextTrack() try, fade=true, soundManager.IsInitialized()=true, soundManager.IsUserMusicPlaying()=false

android[2] trace: MusicManager::PlayTrack(): track=published/sounds/music/loading_01.mp3 fade=true

G4-JNI GetEnv version=0x00010002
android[2] trace: MusicManager::PlayNextTrack() try, fade=true, soundManager.IsInitialized()=true, soundManager.IsUserMusicPlaying()=false

android[2] trace: MusicManager::PlayTrack(): track=published/sounds/music/loading_01.mp3 fade=true

G4-JNI GetEnv version=0x00010002
android[2] trace: MusicManager::PlayNextTrack() try, fade=true, soundManager.IsInitialized()=true, soundManager.IsUserMusicPlaying()=false

android[2] trace: MusicManager::PlayTrack(): track=published/sounds/music/loading_01.mp3 fade=true

G4-JNI GetEnv version=0x00010002
android[2] trace: MusicManager::PlayNextTrack() try, fade=true, soundManager.IsInitialized()=true, soundManager.IsUserMusicPlaying()=false

android[2] trace: MusicManager::PlayTrack(): track=published/sounds/music/loading_01.mp3 fade=true

G4-JNI GetEnv version=0x00010002
android[2] trace: MusicManager::PlayNextTrack() try, fade=true, soundManager.IsInitialized()=true, soundManager.IsUserMusicPlaying()=false

android[2] trace: MusicManager::PlayTrack(): track=published/sounds/music/loading_01.mp3 fade=true

G4-JNI GetEnv version=0x00010002
android[2] trace: MusicManager::PlayNextTrack() try, fade=true, soundManager.IsInitialized()=true, soundManager.IsUserMusicPlaying()=false

android[2] trace: MusicManager::PlayTrack(): track=published/sounds/music/loading_01.mp3 fade=true

G4-JNI GetEnv version=0x00010002
android[2] trace: MusicManager::PlayNextTrack() try, fade=true, soundManager.IsInitialized()=true, soundManager.IsUserMusicPlaying()=false

android[2] trace: MusicManager::PlayTrack(): track=published/sounds/music/loading_01.mp3 fade=true

G4-JNI GetEnv version=0x00010002
android[2] trace: MusicManager::PlayNextTrack() try, fade=true, soundManager.IsInitialized()=true, soundManager.IsUserMusicPlaying()=false

android[2] trace: MusicManager::PlayTrack(): track=published/sounds/music/loading_01.mp3 fade=true

G4-JNI GetEnv version=0x00010002
android[2] trace: MusicManager::PlayNextTrack() try, fade=true, soundManager.IsInitialized()=true, soundManager.IsUserMusicPlaying()=false

android[2] trace: MusicManager::PlayTrack(): track=published/sounds/music/loading_01.mp3 fade=true

G4-JNI GetEnv version=0x00010002
android[2] trace: MusicManager::PlayNextTrack() try, fade=true, soundManager.IsInitialized()=true, soundManager.IsUserMusicPlaying()=false

android[2] trace: MusicManager::PlayTrack(): track=published/sounds/music/loading_01.mp3 fade=true

G4-JNI GetEnv version=0x00010002
android[2] trace: MusicManager::PlayNextTrack() try, fade=true, soundManager.IsInitialized()=true, soundManager.IsUserMusicPlaying()=false

android[2] trace: MusicManager::PlayTrack(): track=published/sounds/music/loading_01.mp3 fade=true

G4-JNI GetEnv version=0x00010002
android[2] trace: MusicManager::PlayNextTrack() try, fade=true, soundManager.IsInitialized()=true, soundManager.IsUserMusicPlaying()=false

android[2] trace: MusicManager::PlayTrack(): track=published/sounds/music/loading_01.mp3 fade=true

G4-JNI GetEnv version=0x00010002
android[2] trace: MusicManager::PlayNextTrack() try, fade=true, soundManager.IsInitialized()=true, soundManager.IsUserMusicPlaying()=false

android[2] trace: MusicManager::PlayTrack(): track=published/sounds/music/loading_01.mp3 fade=true

G4-JNI GetEnv version=0x00010002
android[2] trace: MusicManager::PlayNextTrack() try, fade=true, soundManager.IsInitialized()=true, soundManager.IsUserMusicPlaying()=false

android[2] trace: MusicManager::PlayTrack(): track=published/sounds/music/loading_01.mp3 fade=true

G4-JNI GetEnv version=0x00010002
android[2] trace: MusicManager::PlayNextTrack() try, fade=true, soundManager.IsInitialized()=true, soundManager.IsUserMusicPlaying()=false

android[2] trace: MusicManager::PlayTrack(): track=published/sounds/music/loading_01.mp3 fade=true

G4-JNI GetEnv version=0x00010002
android[2] trace: MusicManager::PlayNextTrack() try, fade=true, soundManager.IsInitialized()=true, soundManager.IsUserMusicPlaying()=false

android[2] trace: MusicManager::PlayTrack(): track=published/sounds/music/loading_01.mp3 fade=true

G4-JNI GetEnv version=0x00010002
android[2] trace: MusicManager::PlayNextTrack() try, fade=true, soundManager.IsInitialized()=true, soundManager.IsUserMusicPlaying()=false

android[2] trace: MusicManager::PlayTrack(): track=published/sounds/music/loading_01.mp3 fade=true

G4-JNI GetEnv version=0x00010002
android[2] trace: MusicManager::PlayNextTrack() try, fade=true, soundManager.IsInitialized()=true, soundManager.IsUserMusicPlaying()=false

android[2] trace: MusicManager::PlayTrack(): track=published/sounds/music/loading_01.mp3 fade=true

G4-JNI GetEnv version=0x00010002
android[2] trace: MusicManager::PlayNextTrack() try, fade=true, soundManager.IsInitialized()=true, soundManager.IsUserMusicPlaying()=false

android[2] trace: MusicManager::PlayTrack(): track=published/sounds/music/loading_01.mp3 fade=true

G4-JNI GetEnv version=0x00010002
android[2] trace: MusicManager::PlayNextTrack() try, fade=true, soundManager.IsInitialized()=true, soundManager.IsUserMusicPlaying()=false

android[2] trace: MusicManager::PlayTrack(): track=published/sounds/music/loading_01.mp3 fade=true

G4-JNI GetEnv version=0x00010002
android[2] trace: MusicManager::PlayNextTrack() try, fade=true, soundManager.IsInitialized()=true, soundManager.IsUserMusicPlaying()=false

android[2] trace: MusicManager::PlayTrack(): track=published/sounds/music/loading_01.mp3 fade=true

G4-JNI GetEnv version=0x00010002
android[2] trace: MusicManager::PlayNextTrack() try, fade=true, soundManager.IsInitialized()=true, soundManager.IsUserMusicPlaying()=false

android[2] trace: MusicManager::PlayTrack(): track=published/sounds/music/loading_01.mp3 fade=true

G4-JNI GetEnv version=0x00010002
android[2] trace: MusicManager::PlayNextTrack() try, fade=true, soundManager.IsInitialized()=true, soundManager.IsUserMusicPlaying()=false

android[2] trace: MusicManager::PlayTrack(): track=published/sounds/music/loading_01.mp3 fade=true

G4-JNI GetEnv version=0x00010002
android[2] trace: MusicManager::PlayNextTrack() try, fade=true, soundManager.IsInitialized()=true, soundManager.IsUserMusicPlaying()=false

android[2] trace: MusicManager::PlayTrack(): track=published/sounds/music/loading_01.mp3 fade=true

G4-JNI GetEnv version=0x00010002
android[2] trace: MusicManager::PlayNextTrack() try, fade=true, soundManager.IsInitialized()=true, soundManager.IsUserMusicPlaying()=false

android[2] trace: MusicManager::PlayTrack(): track=published/sounds/music/loading_01.mp3 fade=true

G4-JNI GetEnv version=0x00010002
android[2] trace: MusicManager::PlayNextTrack() try, fade=true, soundManager.IsInitialized()=true, soundManager.IsUserMusicPlaying()=false

android[2] trace: MusicManager::PlayTrack(): track=published/sounds/music/loading_01.mp3 fade=true

G4-JNI GetEnv version=0x00010002
android[2] trace: MusicManager::PlayNextTrack() try, fade=true, soundManager.IsInitialized()=true, soundManager.IsUserMusicPlaying()=false

android[2] trace: MusicManager::PlayTrack(): track=published/sounds/music/loading_01.mp3 fade=true

G4-JNI GetEnv version=0x00010002
android[2] trace: MusicManager::PlayNextTrack() try, fade=true, soundManager.IsInitialized()=true, soundManager.IsUserMusicPlaying()=false

android[2] trace: MusicManager::PlayTrack(): track=published/sounds/music/loading_01.mp3 fade=true

G4-JNI GetEnv version=0x00010002
android[2] trace: MusicManager::PlayNextTrack() try, fade=true, soundManager.IsInitialized()=true, soundManager.IsUserMusicPlaying()=false

android[2] trace: MusicManager::PlayTrack(): track=published/sounds/music/loading_01.mp3 fade=true

G4-JNI GetEnv version=0x00010002
android[2] trace: MusicManager::PlayNextTrack() try, fade=true, soundManager.IsInitialized()=true, soundManager.IsUserMusicPlaying()=false

android[2] trace: MusicManager::PlayTrack(): track=published/sounds/music/loading_01.mp3 fade=true

G4-JNI GetEnv version=0x00010002
android[2] trace: MusicManager::PlayNextTrack() try, fade=true, soundManager.IsInitialized()=true, soundManager.IsUserMusicPlaying()=false

android[2] trace: MusicManager::PlayTrack(): track=published/sounds/music/loading_01.mp3 fade=true

G4-JNI GetEnv version=0x00010002
android[2] trace: MusicManager::PlayNextTrack() try, fade=true, soundManager.IsInitialized()=true, soundManager.IsUserMusicPlaying()=false

android[2] trace: MusicManager::PlayTrack(): track=published/sounds/music/loading_01.mp3 fade=true

G4-JNI GetEnv version=0x00010002
android[2] trace: MusicManager::PlayNextTrack() try, fade=true, soundManager.IsInitialized()=true, soundManager.IsUserMusicPlaying()=false

android[2] trace: MusicManager::PlayTrack(): track=published/sounds/music/loading_01.mp3 fade=true

G4-JNI GetEnv version=0x00010002
android[2] trace: MusicManager::PlayNextTrack() try, fade=true, soundManager.IsInitialized()=true, soundManager.IsUserMusicPlaying()=false

android[2] trace: MusicManager::PlayTrack(): track=published/sounds/music/loading_01.mp3 fade=true

G4-JNI GetEnv version=0x00010002
android[2] trace: MusicManager::PlayNextTrack() try, fade=true, soundManager.IsInitialized()=true, soundManager.IsUserMusicPlaying()=false

android[2] trace: MusicManager::PlayTrack(): track=published/sounds/music/loading_01.mp3 fade=true

G4-JNI GetEnv version=0x00010002
android[2] trace: MusicManager::PlayNextTrack() try, fade=true, soundManager.IsInitialized()=true, soundManager.IsUserMusicPlaying()=false

android[2] trace: MusicManager::PlayTrack(): track=published/sounds/music/loading_01.mp3 fade=true

G4-JNI GetEnv version=0x00010002
android[2] trace: MusicManager::PlayNextTrack() try, fade=true, soundManager.IsInitialized()=true, soundManager.IsUserMusicPlaying()=false

android[2] trace: MusicManager::PlayTrack(): track=published/sounds/music/loading_01.mp3 fade=true

G4-JNI GetEnv version=0x00010002
android[2] trace: MusicManager::PlayNextTrack() try, fade=true, soundManager.IsInitialized()=true, soundManager.IsUserMusicPlaying()=false

android[2] trace: MusicManager::PlayTrack(): track=published/sounds/music/loading_01.mp3 fade=true

G4-JNI GetEnv version=0x00010002
android[2] trace: MusicManager::PlayNextTrack() try, fade=true, soundManager.IsInitialized()=true, soundManager.IsUserMusicPlaying()=false

android[2] trace: MusicManager::PlayTrack(): track=published/sounds/music/loading_01.mp3 fade=true

G4-JNI GetEnv version=0x00010002
android[2] trace: MusicManager::PlayNextTrack() try, fade=true, soundManager.IsInitialized()=true, soundManager.IsUserMusicPlaying()=false

android[2] trace: MusicManager::PlayTrack(): track=published/sounds/music/loading_01.mp3 fade=true

G4-JNI GetEnv version=0x00010002
android[2] trace: MusicManager::PlayNextTrack() try, fade=true, soundManager.IsInitialized()=true, soundManager.IsUserMusicPlaying()=false

android[2] trace: MusicManager::PlayTrack(): track=published/sounds/music/loading_01.mp3 fade=true

G4-JNI GetEnv version=0x00010002
android[2] trace: MusicManager::PlayNextTrack() try, fade=true, soundManager.IsInitialized()=true, soundManager.IsUserMusicPlaying()=false

android[2] trace: MusicManager::PlayTrack(): track=published/sounds/music/loading_01.mp3 fade=true

G4-JNI GetEnv version=0x00010002
android[2] trace: MusicManager::PlayNextTrack() try, fade=true, soundManager.IsInitialized()=true, soundManager.IsUserMusicPlaying()=false

android[2] trace: MusicManager::PlayTrack(): track=published/sounds/music/loading_01.mp3 fade=true

G4-JNI GetEnv version=0x00010002
android[2] trace: MusicManager::PlayNextTrack() try, fade=true, soundManager.IsInitialized()=true, soundManager.IsUserMusicPlaying()=false

android[2] trace: MusicManager::PlayTrack(): track=published/sounds/music/loading_01.mp3 fade=true

G4-JNI GetEnv version=0x00010002
android[2] trace: MusicManager::PlayNextTrack() try, fade=true, soundManager.IsInitialized()=true, soundManager.IsUserMusicPlaying()=false

android[2] trace: MusicManager::PlayTrack(): track=published/sounds/music/loading_01.mp3 fade=true

G4-JNI GetEnv version=0x00010002
android[2] trace: MusicManager::PlayNextTrack() try, fade=true, soundManager.IsInitialized()=true, soundManager.IsUserMusicPlaying()=false

android[2] trace: MusicManager::PlayTrack(): track=published/sounds/music/loading_01.mp3 fade=true

G4-JNI GetEnv version=0x00010002
android[2] trace: MusicManager::PlayNextTrack() try, fade=true, soundManager.IsInitialized()=true, soundManager.IsUserMusicPlaying()=false

android[2] trace: MusicManager::PlayTrack(): track=published/sounds/music/loading_01.mp3 fade=true

G4-JNI GetEnv version=0x00010002
android[2] trace: MusicManager::PlayNextTrack() try, fade=true, soundManager.IsInitialized()=true, soundManager.IsUserMusicPlaying()=false

android[2] trace: MusicManager::PlayTrack(): track=published/sounds/music/loading_01.mp3 fade=true

G4-JNI GetEnv version=0x00010002
android[2] trace: MusicManager::PlayNextTrack() try, fade=true, soundManager.IsInitialized()=true, soundManager.IsUserMusicPlaying()=false

android[2] trace: MusicManager::PlayTrack(): track=published/sounds/music/loading_01.mp3 fade=true

G4-JNI GetEnv version=0x00010002
android[2] trace: MusicManager::PlayNextTrack() try, fade=true, soundManager.IsInitialized()=true, soundManager.IsUserMusicPlaying()=false

android[2] trace: MusicManager::PlayTrack(): track=published/sounds/music/loading_01.mp3 fade=true

G4-JNI GetEnv version=0x00010002
android[2] trace: MusicManager::PlayNextTrack() try, fade=true, soundManager.IsInitialized()=true, soundManager.IsUserMusicPlaying()=false

android[2] trace: MusicManager::PlayTrack(): track=published/sounds/music/loading_01.mp3 fade=true

G4-JNI GetEnv version=0x00010002
android[2] trace: MusicManager::PlayNextTrack() try, fade=true, soundManager.IsInitialized()=true, soundManager.IsUserMusicPlaying()=false

android[2] trace: MusicManager::PlayTrack(): track=published/sounds/music/loading_01.mp3 fade=true

G4-JNI GetEnv version=0x00010002
android[2] trace: MusicManager::PlayNextTrack() try, fade=true, soundManager.IsInitialized()=true, soundManager.IsUserMusicPlaying()=false

android[2] trace: MusicManager::PlayTrack(): track=published/sounds/music/loading_01.mp3 fade=true

G4-JNI GetEnv version=0x00010002
android[2] trace: MusicManager::PlayNextTrack() try, fade=true, soundManager.IsInitialized()=true, soundManager.IsUserMusicPlaying()=false

android[2] trace: MusicManager::PlayTrack(): track=published/sounds/music/loading_01.mp3 fade=true

G4-JNI GetEnv version=0x00010002
android[2] trace: MusicManager::PlayNextTrack() try, fade=true, soundManager.IsInitialized()=true, soundManager.IsUserMusicPlaying()=false

android[2] trace: MusicManager::PlayTrack(): track=published/sounds/music/loading_01.mp3 fade=true

G4-JNI GetEnv version=0x00010002
android[2] trace: MusicManager::PlayNextTrack() try, fade=true, soundManager.IsInitialized()=true, soundManager.IsUserMusicPlaying()=false

android[2] trace: MusicManager::PlayTrack(): track=published/sounds/music/loading_01.mp3 fade=true

G4-JNI GetEnv version=0x00010002
android[2] trace: MusicManager::PlayNextTrack() try, fade=true, soundManager.IsInitialized()=true, soundManager.IsUserMusicPlaying()=false

android[2] trace: MusicManager::PlayTrack(): track=published/sounds/music/loading_01.mp3 fade=true

G4-JNI GetEnv version=0x00010002
android[2] trace: MusicManager::PlayNextTrack() try, fade=true, soundManager.IsInitialized()=true, soundManager.IsUserMusicPlaying()=false

android[2] trace: MusicManager::PlayTrack(): track=published/sounds/music/loading_01.mp3 fade=true

G4-JNI GetEnv version=0x00010002
android[2] trace: MusicManager::PlayNextTrack() try, fade=true, soundManager.IsInitialized()=true, soundManager.IsUserMusicPlaying()=false

android[2] trace: MusicManager::PlayTrack(): track=published/sounds/music/loading_01.mp3 fade=true

G4-JNI GetEnv version=0x00010002
android[2] trace: MusicManager::PlayNextTrack() try, fade=true, soundManager.IsInitialized()=true, soundManager.IsUserMusicPlaying()=false

android[2] trace: MusicManager::PlayTrack(): track=published/sounds/music/loading_01.mp3 fade=true

G4-JNI GetEnv version=0x00010002
android[2] trace: MusicManager::PlayNextTrack() try, fade=true, soundManager.IsInitialized()=true, soundManager.IsUserMusicPlaying()=false

android[2] trace: MusicManager::PlayTrack(): track=published/sounds/music/loading_01.mp3 fade=true

G4-JNI GetEnv version=0x00010002
android[2] trace: MusicManager::PlayNextTrack() try, fade=true, soundManager.IsInitialized()=true, soundManager.IsUserMusicPlaying()=false

android[2] trace: MusicManager::PlayTrack(): track=published/sounds/music/loading_01.mp3 fade=true

G4-JNI GetEnv version=0x00010002
android[2] trace: MusicManager::PlayNextTrack() try, fade=true, soundManager.IsInitialized()=true, soundManager.IsUserMusicPlaying()=false

android[2] trace: MusicManager::PlayTrack(): track=published/sounds/music/loading_01.mp3 fade=true

G4-JNI GetEnv version=0x00010002
android[2] trace: MusicManager::PlayNextTrack() try, fade=true, soundManager.IsInitialized()=true, soundManager.IsUserMusicPlaying()=false

android[2] trace: MusicManager::PlayTrack(): track=published/sounds/music/loading_01.mp3 fade=true

G4-JNI GetEnv version=0x00010002
android[2] trace: MusicManager::PlayNextTrack() try, fade=true, soundManager.IsInitialized()=true, soundManager.IsUserMusicPlaying()=false

android[2] trace: MusicManager::PlayTrack(): track=published/sounds/music/loading_01.mp3 fade=true

G4-JNI GetEnv version=0x00010002
android[2] trace: MusicManager::PlayNextTrack() try, fade=true, soundManager.IsInitialized()=true, soundManager.IsUserMusicPlaying()=false

android[2] trace: MusicManager::PlayTrack(): track=published/sounds/music/loading_01.mp3 fade=true

G4-JNI GetEnv version=0x00010002
android[2] trace: MusicManager::PlayNextTrack() try, fade=true, soundManager.IsInitialized()=true, soundManager.IsUserMusicPlaying()=false

android[2] trace: MusicManager::PlayTrack(): track=published/sounds/music/loading_01.mp3 fade=true

G4-JNI GetEnv version=0x00010002
android[2] trace: MusicManager::PlayNextTrack() try, fade=true, soundManager.IsInitialized()=true, soundManager.IsUserMusicPlaying()=false

android[2] trace: MusicManager::PlayTrack(): track=published/sounds/music/loading_01.mp3 fade=true

G4-JNI GetEnv version=0x00010002
android[2] trace: MusicManager::PlayNextTrack() try, fade=true, soundManager.IsInitialized()=true, soundManager.IsUserMusicPlaying()=false

android[2] trace: MusicManager::PlayTrack(): track=published/sounds/music/loading_01.mp3 fade=true

G4-JNI GetEnv version=0x00010002
android[2] trace: MusicManager::PlayNextTrack() try, fade=true, soundManager.IsInitialized()=true, soundManager.IsUserMusicPlaying()=false

android[2] trace: MusicManager::PlayTrack(): track=published/sounds/music/loading_01.mp3 fade=true

G4-JNI GetEnv version=0x00010002
android[2] trace: MusicManager::PlayNextTrack() try, fade=true, soundManager.IsInitialized()=true, soundManager.IsUserMusicPlaying()=false

android[2] trace: MusicManager::PlayTrack(): track=published/sounds/music/loading_01.mp3 fade=true

G4-JNI GetEnv version=0x00010002
android[2] trace: MusicManager::PlayNextTrack() try, fade=true, soundManager.IsInitialized()=true, soundManager.IsUserMusicPlaying()=false

android[2] trace: MusicManager::PlayTrack(): track=published/sounds/music/loading_01.mp3 fade=true

G4-JNI GetEnv version=0x00010002
android[2] trace: MusicManager::PlayNextTrack() try, fade=true, soundManager.IsInitialized()=true, soundManager.IsUserMusicPlaying()=false

android[2] trace: MusicManager::PlayTrack(): track=published/sounds/music/loading_01.mp3 fade=true

G4-JNI GetEnv version=0x00010002
android[2] trace: MusicManager::PlayNextTrack() try, fade=true, soundManager.IsInitialized()=true, soundManager.IsUserMusicPlaying()=false

android[2] trace: MusicManager::PlayTrack(): track=published/sounds/music/loading_01.mp3 fade=true

G4-JNI GetEnv version=0x00010002
android[2] trace: MusicManager::PlayNextTrack() try, fade=true, soundManager.IsInitialized()=true, soundManager.IsUserMusicPlaying()=false

android[2] trace: MusicManager::PlayTrack(): track=published/sounds/music/loading_01.mp3 fade=true

G4-JNI GetEnv version=0x00010002
android[2] trace: MusicManager::PlayNextTrack() try, fade=true, soundManager.IsInitialized()=true, soundManager.IsUserMusicPlaying()=false

android[2] trace: MusicManager::PlayTrack(): track=published/sounds/music/loading_01.mp3 fade=true

G4-JNI GetEnv version=0x00010002
android[2] trace: MusicManager::PlayNextTrack() try, fade=true, soundManager.IsInitialized()=true, soundManager.IsUserMusicPlaying()=false

android[2] trace: MusicManager::PlayTrack(): track=published/sounds/music/loading_01.mp3 fade=true

G4-JNI GetEnv version=0x00010002
android[2] trace: MusicManager::PlayNextTrack() try, fade=true, soundManager.IsInitialized()=true, soundManager.IsUserMusicPlaying()=false

android[2] trace: MusicManager::PlayTrack(): track=published/sounds/music/loading_01.mp3 fade=true

G4-JNI GetEnv version=0x00010002
android[2] trace: MusicManager::PlayNextTrack() try, fade=true, soundManager.IsInitialized()=true, soundManager.IsUserMusicPlaying()=false

android[2] trace: MusicManager::PlayTrack(): track=published/sounds/music/loading_01.mp3 fade=true

G4-JNI GetEnv version=0x00010002
android[2] trace: MusicManager::PlayNextTrack() try, fade=true, soundManager.IsInitialized()=true, soundManager.IsUserMusicPlaying()=false

android[2] trace: MusicManager::PlayTrack(): track=published/sounds/music/loading_01.mp3 fade=true

G4-JNI GetEnv version=0x00010002
android[2] trace: MusicManager::PlayNextTrack() try, fade=true, soundManager.IsInitialized()=true, soundManager.IsUserMusicPlaying()=false

android[2] trace: MusicManager::PlayTrack(): track=published/sounds/music/loading_01.mp3 fade=true

G4-JNI GetEnv version=0x00010002
android[2] trace: MusicManager::PlayNextTrack() try, fade=true, soundManager.IsInitialized()=true, soundManager.IsUserMusicPlaying()=false

android[2] trace: MusicManager::PlayTrack(): track=published/sounds/music/loading_01.mp3 fade=true

G4-JNI GetEnv version=0x00010002
android[2] trace: MusicManager::PlayNextTrack() try, fade=true, soundManager.IsInitialized()=true, soundManager.IsUserMusicPlaying()=false

android[2] trace: MusicManager::PlayTrack(): track=published/sounds/music/loading_01.mp3 fade=true

G4-JNI GetEnv version=0x00010002
android[2] trace: MusicManager::PlayNextTrack() try, fade=true, soundManager.IsInitialized()=true, soundManager.IsUserMusicPlaying()=false

android[2] trace: MusicManager::PlayTrack(): track=published/sounds/music/loading_01.mp3 fade=true

G4-JNI GetEnv version=0x00010002
android[2] trace: MusicManager::PlayNextTrack() try, fade=true, soundManager.IsInitialized()=true, soundManager.IsUserMusicPlaying()=false

android[2] trace: MusicManager::PlayTrack(): track=published/sounds/music/loading_01.mp3 fade=true

G4-JNI GetEnv version=0x00010002
android[2] trace: MusicManager::PlayNextTrack() try, fade=true, soundManager.IsInitialized()=true, soundManager.IsUserMusicPlaying()=false

android[2] trace: MusicManager::PlayTrack(): track=published/sounds/music/loading_01.mp3 fade=true

G4-JNI GetEnv version=0x00010002
android[2] trace: MusicManager::PlayNextTrack() try, fade=true, soundManager.IsInitialized()=true, soundManager.IsUserMusicPlaying()=false

android[2] trace: MusicManager::PlayTrack(): track=published/sounds/music/loading_01.mp3 fade=true

G4-JNI GetEnv version=0x00010002
android[2] trace: MusicManager::PlayNextTrack() try, fade=true, soundManager.IsInitialized()=true, soundManager.IsUserMusicPlaying()=false

android[2] trace: MusicManager::PlayTrack(): track=published/sounds/music/loading_01.mp3 fade=true

G4-JNI GetEnv version=0x00010002
android[2] trace: MusicManager::PlayNextTrack() try, fade=true, soundManager.IsInitialized()=true, soundManager.IsUserMusicPlaying()=false

android[2] trace: MusicManager::PlayTrack(): track=published/sounds/music/loading_01.mp3 fade=true

G4-JNI GetEnv version=0x00010002
android[2] trace: MusicManager::PlayNextTrack() try, fade=true, soundManager.IsInitialized()=true, soundManager.IsUserMusicPlaying()=false

android[2] trace: MusicManager::PlayTrack(): track=published/sounds/music/loading_01.mp3 fade=true

G4-JNI GetEnv version=0x00010002
android[2] trace: MusicManager::PlayNextTrack() try, fade=true, soundManager.IsInitialized()=true, soundManager.IsUserMusicPlaying()=false

android[2] trace: MusicManager::PlayTrack(): track=published/sounds/music/loading_01.mp3 fade=true

G4-JNI GetEnv version=0x00010002
android[2] trace: MusicManager::PlayNextTrack() try, fade=true, soundManager.IsInitialized()=true, soundManager.IsUserMusicPlaying()=false

android[2] trace: MusicManager::PlayTrack(): track=published/sounds/music/loading_01.mp3 fade=true

G4-JNI GetEnv version=0x00010002
android[2] trace: MusicManager::PlayNextTrack() try, fade=true, soundManager.IsInitialized()=true, soundManager.IsUserMusicPlaying()=false

android[2] trace: MusicManager::PlayTrack(): track=published/sounds/music/loading_01.mp3 fade=true

G4-JNI GetEnv version=0x00010002
android[2] trace: MusicManager::PlayNextTrack() try, fade=true, soundManager.IsInitialized()=true, soundManager.IsUserMusicPlaying()=false

android[2] trace: MusicManager::PlayTrack(): track=published/sounds/music/loading_01.mp3 fade=true

G4-JNI GetEnv version=0x00010002
android[2] trace: MusicManager::PlayNextTrack() try, fade=true, soundManager.IsInitialized()=true, soundManager.IsUserMusicPlaying()=false

android[2] trace: MusicManager::PlayTrack(): track=published/sounds/music/loading_01.mp3 fade=true

G4-JNI GetEnv version=0x00010002
android[2] trace: MusicManager::PlayNextTrack() try, fade=true, soundManager.IsInitialized()=true, soundManager.IsUserMusicPlaying()=false

android[2] trace: MusicManager::PlayTrack(): track=published/sounds/music/loading_01.mp3 fade=true

G4-JNI GetEnv version=0x00010002
android[2] trace: MusicManager::PlayNextTrack() try, fade=true, soundManager.IsInitialized()=true, soundManager.IsUserMusicPlaying()=false

android[2] trace: MusicManager::PlayTrack(): track=published/sounds/music/loading_01.mp3 fade=true

G4-JNI GetEnv version=0x00010002
android[2] trace: MusicManager::PlayNextTrack() try, fade=true, soundManager.IsInitialized()=true, soundManager.IsUserMusicPlaying()=false

android[2] trace: MusicManager::PlayTrack(): track=published/sounds/music/loading_01.mp3 fade=true

G4-JNI GetEnv version=0x00010002
android[2] trace: MusicManager::PlayNextTrack() try, fade=true, soundManager.IsInitialized()=true, soundManager.IsUserMusicPlaying()=false

android[2] trace: MusicManager::PlayTrack(): track=published/sounds/music/loading_01.mp3 fade=true

G4-JNI GetEnv version=0x00010002
android[2] trace: MusicManager::PlayNextTrack() try, fade=true, soundManager.IsInitialized()=true, soundManager.IsUserMusicPlaying()=false

android[2] trace: MusicManager::PlayTrack(): track=published/sounds/music/loading_01.mp3 fade=true

G4-JNI GetEnv version=0x00010002
android[2] trace: MusicManager::PlayNextTrack() try, fade=true, soundManager.IsInitialized()=true, soundManager.IsUserMusicPlaying()=false

android[2] trace: MusicManager::PlayTrack(): track=published/sounds/music/loading_01.mp3 fade=true

G4-JNI GetEnv version=0x00010002
android[2] trace: MusicManager::PlayNextTrack() try, fade=true, soundManager.IsInitialized()=true, soundManager.IsUserMusicPlaying()=false

android[2] trace: MusicManager::PlayTrack(): track=published/sounds/music/loading_01.mp3 fade=true

G4-JNI GetEnv version=0x00010002
android[2] trace: MusicManager::PlayNextTrack() try, fade=true, soundManager.IsInitialized()=true, soundManager.IsUserMusicPlaying()=false

android[2] trace: MusicManager::PlayTrack(): track=published/sounds/music/loading_01.mp3 fade=true

G4-JNI GetEnv version=0x00010002
android[2] trace: MusicManager::PlayNextTrack() try, fade=true, soundManager.IsInitialized()=true, soundManager.IsUserMusicPlaying()=false

android[2] trace: MusicManager::PlayTrack(): track=published/sounds/music/loading_01.mp3 fade=true

G4-JNI GetEnv version=0x00010002
android[2] trace: MusicManager::PlayNextTrack() try, fade=true, soundManager.IsInitialized()=true, soundManager.IsUserMusicPlaying()=false

android[2] trace: MusicManager::PlayTrack(): track=published/sounds/music/loading_01.mp3 fade=true

G4-JNI GetEnv version=0x00010002
android[2] trace: MusicManager::PlayNextTrack() try, fade=true, soundManager.IsInitialized()=true, soundManager.IsUserMusicPlaying()=false

android[2] trace: MusicManager::PlayTrack(): track=published/sounds/music/loading_01.mp3 fade=true

G4-JNI GetEnv version=0x00010002
android[2] trace: MusicManager::PlayNextTrack() try, fade=true, soundManager.IsInitialized()=true, soundManager.IsUserMusicPlaying()=false

android[2] trace: MusicManager::PlayTrack(): track=published/sounds/music/loading_01.mp3 fade=true

G4-JNI GetEnv version=0x00010002
android[2] trace: MusicManager::PlayNextTrack() try, fade=true, soundManager.IsInitialized()=true, soundManager.IsUserMusicPlaying()=false

android[2] trace: MusicManager::PlayTrack(): track=published/sounds/music/loading_01.mp3 fade=true

G4-JNI GetEnv version=0x00010002
G4-JNI GetEnv version=0x00010006
android[2] trace: MusicManager::PlayNextTrack() try, fade=true, soundManager.IsInitialized()=true, soundManager.IsUserMusicPlaying()=false

android[2] trace: MusicManager::PlayTrack(): track=published/sounds/music/loading_01.mp3 fade=true

G4-JNI GetEnv version=0x00010002
android[2] trace: MusicManager::PlayNextTrack() try, fade=true, soundManager.IsInitialized()=true, soundManager.IsUserMusicPlaying()=false

android[2] trace: MusicManager::PlayTrack(): track=published/sounds/music/loading_01.mp3 fade=true

G4-JNI GetEnv version=0x00010002
android[2] trace: MusicManager::PlayNextTrack() try, fade=true, soundManager.IsInitialized()=true, soundManager.IsUserMusicPlaying()=false

android[2] trace: MusicManager::PlayTrack(): track=published/sounds/music/loading_01.mp3 fade=true

G4-JNI GetEnv version=0x00010002
android[2] trace: MusicManager::PlayNextTrack() try, fade=true, soundManager.IsInitialized()=true, soundManager.IsUserMusicPlaying()=false

android[2] trace: MusicManager::PlayTrack(): track=published/sounds/music/loading_01.mp3 fade=true

G4-JNI GetEnv version=0x00010002
android[2] trace: MusicManager::PlayNextTrack() try, fade=true, soundManager.IsInitialized()=true, soundManager.IsUserMusicPlaying()=false

android[2] trace: MusicManager::PlayTrack(): track=published/sounds/music/loading_01.mp3 fade=true

G4-JNI GetEnv version=0x00010002
android[2] trace: MusicManager::PlayNextTrack() try, fade=true, soundManager.IsInitialized()=true, soundManager.IsUserMusicPlaying()=false

android[2] trace: MusicManager::PlayTrack(): track=published/sounds/music/loading_01.mp3 fade=true

G4-JNI GetEnv version=0x00010002
android[2] trace: MusicManager::PlayNextTrack() try, fade=true, soundManager.IsInitialized()=true, soundManager.IsUserMusicPlaying()=false

android[2] trace: MusicManager::PlayTrack(): track=published/sounds/music/loading_01.mp3 fade=true

G4-JNI GetEnv version=0x00010002
android[2] trace: MusicManager::PlayNextTrack() try, fade=true, soundManager.IsInitialized()=true, soundManager.IsUserMusicPlaying()=false

android[2] trace: MusicManager::PlayTrack(): track=published/sounds/music/loading_01.mp3 fade=true

G4-JNI GetEnv version=0x00010002
android[2] trace: MusicManager::PlayNextTrack() try, fade=true, soundManager.IsInitialized()=true, soundManager.IsUserMusicPlaying()=false

android[2] trace: MusicManager::PlayTrack(): track=published/sounds/music/loading_01.mp3 fade=true

G4-JNI GetEnv version=0x00010002
android[2] trace: MusicManager::PlayNextTrack() try, fade=true, soundManager.IsInitialized()=true, soundManager.IsUserMusicPlaying()=false

android[2] trace: MusicManager::PlayTrack(): track=published/sounds/music/loading_01.mp3 fade=true

G4-JNI GetEnv version=0x00010002
android[2] trace: MusicManager::PlayNextTrack() try, fade=true, soundManager.IsInitialized()=true, soundManager.IsUserMusicPlaying()=false

android[2] trace: MusicManager::PlayTrack(): track=published/sounds/music/loading_01.mp3 fade=true

G4-JNI GetEnv version=0x00010002
android[2] trace: MusicManager::PlayNextTrack() try, fade=true, soundManager.IsInitialized()=true, soundManager.IsUserMusicPlaying()=false

android[2] trace: MusicManager::PlayTrack(): track=published/sounds/music/loading_01.mp3 fade=true

G4-JNI GetEnv version=0x00010002
android[2] trace: MusicManager::PlayNextTrack() try, fade=true, soundManager.IsInitialized()=true, soundManager.IsUserMusicPlaying()=false

android[2] trace: MusicManager::PlayTrack(): track=published/sounds/music/loading_01.mp3 fade=true

G4-JNI GetEnv version=0x00010002
android[2] trace: MusicManager::PlayNextTrack() try, fade=true, soundManager.IsInitialized()=true, soundManager.IsUserMusicPlaying()=false

android[2] trace: MusicManager::PlayTrack(): track=published/sounds/music/loading_01.mp3 fade=true

G4-JNI GetEnv version=0x00010002
android[2] trace: MusicManager::PlayNextTrack() try, fade=true, soundManager.IsInitialized()=true, soundManager.IsUserMusicPlaying()=false

android[2] trace: MusicManager::PlayTrack(): track=published/sounds/music/loading_01.mp3 fade=true

G4-JNI GetEnv version=0x00010002
android[2] trace: MusicManager::PlayNextTrack() try, fade=true, soundManager.IsInitialized()=true, soundManager.IsUserMusicPlaying()=false

android[2] trace: MusicManager::PlayTrack(): track=published/sounds/music/loading_01.mp3 fade=true

G4-JNI GetEnv version=0x00010002
android[2] trace: MusicManager::PlayNextTrack() try, fade=true, soundManager.IsInitialized()=true, soundManager.IsUserMusicPlaying()=false

android[2] trace: MusicManager::PlayTrack(): track=published/sounds/music/loading_01.mp3 fade=true

G4-JNI GetEnv version=0x00010002
android[2] trace: MusicManager::PlayNextTrack() try, fade=true, soundManager.IsInitialized()=true, soundManager.IsUserMusicPlaying()=false

android[2] trace: MusicManager::PlayTrack(): track=published/sounds/music/loading_01.mp3 fade=true

G4-JNI GetEnv version=0x00010002
android[2] trace: MusicManager::PlayNextTrack() try, fade=true, soundManager.IsInitialized()=true, soundManager.IsUserMusicPlaying()=false

android[2] trace: MusicManager::PlayTrack(): track=published/sounds/music/loading_01.mp3 fade=true

G4-JNI GetEnv version=0x00010002
android[2] trace: MusicManager::PlayNextTrack() try, fade=true, soundManager.IsInitialized()=true, soundManager.IsUserMusicPlaying()=false

android[2] trace: MusicManager::PlayTrack(): track=published/sounds/music/loading_01.mp3 fade=true

G4-JNI GetEnv version=0x00010002
android[2] trace: MusicManager::PlayNextTrack() try, fade=true, soundManager.IsInitialized()=true, soundManager.IsUserMusicPlaying()=false

android[2] trace: MusicManager::PlayTrack(): track=published/sounds/music/loading_01.mp3 fade=true

G4-JNI GetEnv version=0x00010002
android[2] trace: MusicManager::PlayNextTrack() try, fade=true, soundManager.IsInitialized()=true, soundManager.IsUserMusicPlaying()=false

android[2] trace: MusicManager::PlayTrack(): track=published/sounds/music/loading_01.mp3 fade=true

G4-JNI GetEnv version=0x00010002
android[2] trace: MusicManager::PlayNextTrack() try, fade=true, soundManager.IsInitialized()=true, soundManager.IsUserMusicPlaying()=false

android[2] trace: MusicManager::PlayTrack(): track=published/sounds/music/loading_01.mp3 fade=true

G4-JNI GetEnv version=0x00010002
android[2] trace: MusicManager::PlayNextTrack() try, fade=true, soundManager.IsInitialized()=true, soundManager.IsUserMusicPlaying()=false

android[2] trace: MusicManager::PlayTrack(): track=published/sounds/music/loading_01.mp3 fade=true

G4-JNI GetEnv version=0x00010002
android[2] trace: MusicManager::PlayNextTrack() try, fade=true, soundManager.IsInitialized()=true, soundManager.IsUserMusicPlaying()=false

android[2] trace: MusicManager::PlayTrack(): track=published/sounds/music/loading_01.mp3 fade=true

G4-JNI GetEnv version=0x00010002
android[2] trace: MusicManager::PlayNextTrack() try, fade=true, soundManager.IsInitialized()=true, soundManager.IsUserMusicPlaying()=false

android[2] trace: MusicManager::PlayTrack(): track=published/sounds/music/loading_01.mp3 fade=true

G4-JNI GetEnv version=0x00010002
android[2] trace: MusicManager::PlayNextTrack() try, fade=true, soundManager.IsInitialized()=true, soundManager.IsUserMusicPlaying()=false

android[2] trace: MusicManager::PlayTrack(): track=published/sounds/music/loading_01.mp3 fade=true

G4-JNI GetEnv version=0x00010002
android[2] trace: MusicManager::PlayNextTrack() try, fade=true, soundManager.IsInitialized()=true, soundManager.IsUserMusicPlaying()=false

android[2] trace: MusicManager::PlayTrack(): track=published/sounds/music/loading_01.mp3 fade=true

G4-JNI GetEnv version=0x00010002
android[2] trace: MusicManager::PlayNextTrack() try, fade=true, soundManager.IsInitialized()=true, soundManager.IsUserMusicPlaying()=false

android[2] trace: MusicManager::PlayTrack(): track=published/sounds/music/loading_01.mp3 fade=true

G4-JNI GetEnv version=0x00010002
android[2] trace: MusicManager::PlayNextTrack() try, fade=true, soundManager.IsInitialized()=true, soundManager.IsUserMusicPlaying()=false

android[2] trace: MusicManager::PlayTrack(): track=published/sounds/music/loading_01.mp3 fade=true

G4-JNI GetEnv version=0x00010002
android[2] trace: MusicManager::PlayNextTrack() try, fade=true, soundManager.IsInitialized()=true, soundManager.IsUserMusicPlaying()=false

android[2] trace: MusicManager::PlayTrack(): track=published/sounds/music/loading_01.mp3 fade=true

G4-JNI GetEnv version=0x00010002
android[2] trace: MusicManager::PlayNextTrack() try, fade=true, soundManager.IsInitialized()=true, soundManager.IsUserMusicPlaying()=false

android[2] trace: MusicManager::PlayTrack(): track=published/sounds/music/loading_01.mp3 fade=true

G4-JNI GetEnv version=0x00010002
android[2] trace: MusicManager::PlayNextTrack() try, fade=true, soundManager.IsInitialized()=true, soundManager.IsUserMusicPlaying()=false

android[2] trace: MusicManager::PlayTrack(): track=published/sounds/music/loading_01.mp3 fade=true

G4-JNI GetEnv version=0x00010002
android[2] trace: MusicManager::PlayNextTrack() try, fade=true, soundManager.IsInitialized()=true, soundManager.IsUserMusicPlaying()=false

android[2] trace: MusicManager::PlayTrack(): track=published/sounds/music/loading_01.mp3 fade=true

G4-JNI GetEnv version=0x00010002
android[5] layouts/warning: LayoutEntity not in cache, reloading: tutorial_check

android[2] trace: LayoutScreen::LayoutScreen OptionsSettingsScreen != 0

android[2] trace: MusicManager::PlayNextTrack() try, fade=true, soundManager.IsInitialized()=true, soundManager.IsUserMusicPlaying()=false

android[2] trace: MusicManager::PlayTrack(): track=published/sounds/music/loading_01.mp3 fade=true

G4-JNI GetEnv version=0x00010002
android[2] trace: MusicManager::PlayNextTrack() try, fade=true, soundManager.IsInitialized()=true, soundManager.IsUserMusicPlaying()=false

android[2] trace: MusicManager::PlayTrack(): track=published/sounds/music/loading_01.mp3 fade=true

G4-JNI GetEnv version=0x00010002
android[2] trace: MusicManager::PlayNextTrack() try, fade=true, soundManager.IsInitialized()=true, soundManager.IsUserMusicPlaying()=false

android[2] trace: MusicManager::PlayTrack(): track=published/sounds/music/loading_01.mp3 fade=true

G4-JNI GetEnv version=0x00010002
android[2] trace: MusicManager::PlayNextTrack() try, fade=true, soundManager.IsInitialized()=true, soundManager.IsUserMusicPlaying()=false

android[2] trace: MusicManager::PlayTrack(): track=published/sounds/music/loading_01.mp3 fade=true

G4-JNI GetEnv version=0x00010002
android[2] trace: MusicManager::PlayNextTrack() try, fade=true, soundManager.IsInitialized()=true, soundManager.IsUserMusicPlaying()=false

android[2] trace: MusicManager::PlayTrack(): track=published/sounds/music/loading_01.mp3 fade=true

G4-JNI GetEnv version=0x00010002
android[2] trace: MusicManager::PlayNextTrack() try, fade=true, soundManager.IsInitialized()=true, soundManager.IsUserMusicPlaying()=false

android[2] trace: MusicManager::PlayTrack(): track=published/sounds/music/loading_01.mp3 fade=true

G4-JNI GetEnv version=0x00010002
android[2] trace: MusicManager::PlayNextTrack() try, fade=true, soundManager.IsInitialized()=true, soundManager.IsUserMusicPlaying()=false

android[2] trace: MusicManager::PlayTrack(): track=published/sounds/music/loading_01.mp3 fade=true

G4-JNI GetEnv version=0x00010002
android[2] trace: MusicManager::PlayNextTrack() try, fade=true, soundManager.IsInitialized()=true, soundManager.IsUserMusicPlaying()=false

android[2] trace: MusicManager::PlayTrack(): track=published/sounds/music/loading_01.mp3 fade=true

G4-JNI GetEnv version=0x00010002
android[2] trace: MusicManager::PlayNextTrack() try, fade=true, soundManager.IsInitialized()=true, soundManager.IsUserMusicPlaying()=false

android[2] trace: MusicManager::PlayTrack(): track=published/sounds/music/loading_01.mp3 fade=true

G4-JNI GetEnv version=0x00010002
android[2] trace: MusicManager::PlayNextTrack() try, fade=true, soundManager.IsInitialized()=true, soundManager.IsUserMusicPlaying()=false

android[2] trace: MusicManager::PlayTrack(): track=published/sounds/music/loading_01.mp3 fade=true

G4-JNI GetEnv version=0x00010002
android[2] trace: MusicManager::PlayNextTrack() try, fade=true, soundManager.IsInitialized()=true, soundManager.IsUserMusicPlaying()=false

android[2] trace: MusicManager::PlayTrack(): track=published/sounds/music/loading_01.mp3 fade=true

G4-JNI GetEnv version=0x00010002
android[2] trace: MusicManager::PlayNextTrack() try, fade=true, soundManager.IsInitialized()=true, soundManager.IsUserMusicPlaying()=false

android[2] trace: MusicManager::PlayTrack(): track=published/sounds/music/loading_01.mp3 fade=true

G4-JNI GetEnv version=0x00010002
android[2] trace: MusicManager::PlayNextTrack() try, fade=true, soundManager.IsInitialized()=true, soundManager.IsUserMusicPlaying()=false

android[2] trace: MusicManager::PlayTrack(): track=published/sounds/music/loading_01.mp3 fade=true

G4-JNI GetEnv version=0x00010002
android[2] trace: MusicManager::PlayNextTrack() try, fade=true, soundManager.IsInitialized()=true, soundManager.IsUserMusicPlaying()=false

android[2] trace: MusicManager::PlayTrack(): track=published/sounds/music/loading_01.mp3 fade=true

G4-JNI GetEnv version=0x00010002
android[2] trace: MusicManager::PlayNextTrack() try, fade=true, soundManager.IsInitialized()=true, soundManager.IsUserMusicPlaying()=false

android[2] trace: MusicManager::PlayTrack(): track=published/sounds/music/loading_01.mp3 fade=true

G4-JNI GetEnv version=0x00010002
android[2] trace: MusicManager::PlayNextTrack() try, fade=true, soundManager.IsInitialized()=true, soundManager.IsUserMusicPlaying()=false

android[2] trace: MusicManager::PlayTrack(): track=published/sounds/music/loading_01.mp3 fade=true

G4-JNI GetEnv version=0x00010002
android[2] trace: MusicManager::PlayNextTrack() try, fade=true, soundManager.IsInitialized()=true, soundManager.IsUserMusicPlaying()=false

android[2] trace: MusicManager::PlayTrack(): track=published/sounds/music/loading_01.mp3 fade=true

G4-JNI GetEnv version=0x00010002
android[2] trace: MusicManager::PlayNextTrack() try, fade=true, soundManager.IsInitialized()=true, soundManager.IsUserMusicPlaying()=false

android[2] trace: MusicManager::PlayTrack(): track=published/sounds/music/loading_01.mp3 fade=true

G4-JNI GetEnv version=0x00010002
android[2] trace: MusicManager::PlayNextTrack() try, fade=true, soundManager.IsInitialized()=true, soundManager.IsUserMusicPlaying()=false

android[2] trace: MusicManager::PlayTrack(): track=published/sounds/music/loading_01.mp3 fade=true

G4-JNI GetEnv version=0x00010002
android[2] trace: MusicManager::PlayNextTrack() try, fade=true, soundManager.IsInitialized()=true, soundManager.IsUserMusicPlaying()=false

android[2] trace: MusicManager::PlayTrack(): track=published/sounds/music/loading_01.mp3 fade=true

G4-JNI GetEnv version=0x00010002
android[2] trace: MusicManager::PlayNextTrack() try, fade=true, soundManager.IsInitialized()=true, soundManager.IsUserMusicPlaying()=false

android[2] trace: MusicManager::PlayTrack(): track=published/sounds/music/loading_01.mp3 fade=true

G4-JNI GetEnv version=0x00010002
android[2] trace: MusicManager::PlayNextTrack() try, fade=true, soundManager.IsInitialized()=true, soundManager.IsUserMusicPlaying()=false

android[2] trace: MusicManager::PlayTrack(): track=published/sounds/music/loading_01.mp3 fade=true

G4-JNI GetEnv version=0x00010002
android[2] trace: MusicManager::PlayNextTrack() try, fade=true, soundManager.IsInitialized()=true, soundManager.IsUserMusicPlaying()=false

android[2] trace: MusicManager::PlayTrack(): track=published/sounds/music/loading_01.mp3 fade=true

G4-JNI GetEnv version=0x00010002
android[2] trace: MusicManager::PlayNextTrack() try, fade=true, soundManager.IsInitialized()=true, soundManager.IsUserMusicPlaying()=false

android[2] trace: MusicManager::PlayTrack(): track=published/sounds/music/loading_01.mp3 fade=true

G4-JNI GetEnv version=0x00010002
android[2] trace: MusicManager::PlayNextTrack() try, fade=true, soundManager.IsInitialized()=true, soundManager.IsUserMusicPlaying()=false

android[2] trace: MusicManager::PlayTrack(): track=published/sounds/music/loading_01.mp3 fade=true

G4-JNI GetEnv version=0x00010002
android[2] trace: MusicManager::PlayNextTrack() try, fade=true, soundManager.IsInitialized()=true, soundManager.IsUserMusicPlaying()=false

android[2] trace: MusicManager::PlayTrack(): track=published/sounds/music/loading_01.mp3 fade=true

G4-JNI GetEnv version=0x00010002
android[2] trace: MusicManager::PlayNextTrack() try, fade=true, soundManager.IsInitialized()=true, soundManager.IsUserMusicPlaying()=false

android[2] trace: MusicManager::PlayTrack(): track=published/sounds/music/loading_01.mp3 fade=true

G4-JNI GetEnv version=0x00010002
android[2] trace: MusicManager::PlayNextTrack() try, fade=true, soundManager.IsInitialized()=true, soundManager.IsUserMusicPlaying()=false

android[2] trace: MusicManager::PlayTrack(): track=published/sounds/music/loading_01.mp3 fade=true

G4-JNI GetEnv version=0x00010002
android[2] trace: MusicManager::PlayNextTrack() try, fade=true, soundManager.IsInitialized()=true, soundManager.IsUserMusicPlaying()=false

android[2] trace: MusicManager::PlayTrack(): track=published/sounds/music/loading_01.mp3 fade=true

G4-JNI GetEnv version=0x00010002
android[2] trace: MusicManager::PlayNextTrack() try, fade=true, soundManager.IsInitialized()=true, soundManager.IsUserMusicPlaying()=false

android[2] trace: MusicManager::PlayTrack(): track=published/sounds/music/loading_01.mp3 fade=true

G4-JNI GetEnv version=0x00010002
android[2] trace: MusicManager::PlayNextTrack() try, fade=true, soundManager.IsInitialized()=true, soundManager.IsUserMusicPlaying()=false

android[2] trace: MusicManager::PlayTrack(): track=published/sounds/music/loading_01.mp3 fade=true

G4-JNI GetEnv version=0x00010002
android[2] trace: MusicManager::PlayNextTrack() try, fade=true, soundManager.IsInitialized()=true, soundManager.IsUserMusicPlaying()=false

android[2] trace: MusicManager::PlayTrack(): track=published/sounds/music/loading_01.mp3 fade=true

G4-JNI GetEnv version=0x00010002
android[2] trace: MusicManager::PlayNextTrack() try, fade=true, soundManager.IsInitialized()=true, soundManager.IsUserMusicPlaying()=false

android[2] trace: MusicManager::PlayTrack(): track=published/sounds/music/loading_01.mp3 fade=true

G4-JNI GetEnv version=0x00010002
android[2] trace: MusicManager::PlayNextTrack() try, fade=true, soundManager.IsInitialized()=true, soundManager.IsUserMusicPlaying()=false

android[2] trace: MusicManager::PlayTrack(): track=published/sounds/music/loading_01.mp3 fade=true

G4-JNI GetEnv version=0x00010002
android[2] trace: MusicManager::PlayNextTrack() try, fade=true, soundManager.IsInitialized()=true, soundManager.IsUserMusicPlaying()=false

android[2] trace: MusicManager::PlayTrack(): track=published/sounds/music/loading_01.mp3 fade=true

G4-JNI GetEnv version=0x00010002
android[2] trace: MusicManager::PlayNextTrack() try, fade=true, soundManager.IsInitialized()=true, soundManager.IsUserMusicPlaying()=false

android[2] trace: MusicManager::PlayTrack(): track=published/sounds/music/loading_01.mp3 fade=true

G4-JNI GetEnv version=0x00010002
android[2] trace: MusicManager::PlayNextTrack() try, fade=true, soundManager.IsInitialized()=true, soundManager.IsUserMusicPlaying()=false

android[2] trace: MusicManager::PlayTrack(): track=published/sounds/music/loading_01.mp3 fade=true

G4-JNI GetEnv version=0x00010002
android[2] trace: MusicManager::PlayNextTrack() try, fade=true, soundManager.IsInitialized()=true, soundManager.IsUserMusicPlaying()=false

android[2] trace: MusicManager::PlayTrack(): track=published/sounds/music/loading_01.mp3 fade=true

G4-JNI GetEnv version=0x00010002
android[2] trace: MusicManager::PlayNextTrack() try, fade=true, soundManager.IsInitialized()=true, soundManager.IsUserMusicPlaying()=false

android[2] trace: MusicManager::PlayTrack(): track=published/sounds/music/loading_01.mp3 fade=true

G4-JNI GetEnv version=0x00010002
android[2] trace: MusicManager::PlayNextTrack() try, fade=true, soundManager.IsInitialized()=true, soundManager.IsUserMusicPlaying()=false

android[2] trace: MusicManager::PlayTrack(): track=published/sounds/music/loading_01.mp3 fade=true

G4-JNI GetEnv version=0x00010002
android[2] trace: MusicManager::PlayNextTrack() try, fade=true, soundManager.IsInitialized()=true, soundManager.IsUserMusicPlaying()=false

android[2] trace: MusicManager::PlayTrack(): track=published/sounds/music/loading_01.mp3 fade=true

G4-JNI GetEnv version=0x00010002
android[2] trace: MusicManager::PlayNextTrack() try, fade=true, soundManager.IsInitialized()=true, soundManager.IsUserMusicPlaying()=false

android[2] trace: MusicManager::PlayTrack(): track=published/sounds/music/loading_01.mp3 fade=true

G4-JNI GetEnv version=0x00010002
android[2] trace: MusicManager::PlayNextTrack() try, fade=true, soundManager.IsInitialized()=true, soundManager.IsUserMusicPlaying()=false

android[2] trace: MusicManager::PlayTrack(): track=published/sounds/music/loading_01.mp3 fade=true

G4-JNI GetEnv version=0x00010002
android[2] trace: MusicManager::PlayNextTrack() try, fade=true, soundManager.IsInitialized()=true, soundManager.IsUserMusicPlaying()=false

android[2] trace: MusicManager::PlayTrack(): track=published/sounds/music/loading_01.mp3 fade=true

G4-JNI GetEnv version=0x00010002
android[2] trace: MusicManager::PlayNextTrack() try, fade=true, soundManager.IsInitialized()=true, soundManager.IsUserMusicPlaying()=false

android[2] trace: MusicManager::PlayTrack(): track=published/sounds/music/loading_01.mp3 fade=true

G4-JNI GetEnv version=0x00010002
android[2] trace: MusicManager::PlayNextTrack() try, fade=true, soundManager.IsInitialized()=true, soundManager.IsUserMusicPlaying()=false

android[2] trace: MusicManager::PlayTrack(): track=published/sounds/music/loading_01.mp3 fade=true

G4-JNI GetEnv version=0x00010002
android[2] trace: MusicManager::PlayNextTrack() try, fade=true, soundManager.IsInitialized()=true, soundManager.IsUserMusicPlaying()=false

android[2] trace: MusicManager::PlayTrack(): track=published/sounds/music/loading_01.mp3 fade=true

G4-JNI GetEnv version=0x00010002
android[2] trace: MusicManager::PlayNextTrack() try, fade=true, soundManager.IsInitialized()=true, soundManager.IsUserMusicPlaying()=false

android[2] trace: MusicManager::PlayTrack(): track=published/sounds/music/loading_01.mp3 fade=true

G4-JNI GetEnv version=0x00010002
android[2] trace: MusicManager::PlayNextTrack() try, fade=true, soundManager.IsInitialized()=true, soundManager.IsUserMusicPlaying()=false

android[2] trace: MusicManager::PlayTrack(): track=published/sounds/music/loading_01.mp3 fade=true

G4-JNI GetEnv version=0x00010002
android[2] trace: MusicManager::PlayNextTrack() try, fade=true, soundManager.IsInitialized()=true, soundManager.IsUserMusicPlaying()=false

android[2] trace: MusicManager::PlayTrack(): track=published/sounds/music/loading_01.mp3 fade=true

G4-JNI GetEnv version=0x00010002
android[2] trace: MusicManager::PlayNextTrack() try, fade=true, soundManager.IsInitialized()=true, soundManager.IsUserMusicPlaying()=false

android[2] trace: MusicManager::PlayTrack(): track=published/sounds/music/loading_01.mp3 fade=true

G4-JNI GetEnv version=0x00010002
android[2] trace: MusicManager::PlayNextTrack() try, fade=true, soundManager.IsInitialized()=true, soundManager.IsUserMusicPlaying()=false

android[2] trace: MusicManager::PlayTrack(): track=published/sounds/music/loading_01.mp3 fade=true

G4-JNI GetEnv version=0x00010002
android[2] trace: MusicManager::PlayNextTrack() try, fade=true, soundManager.IsInitialized()=true, soundManager.IsUserMusicPlaying()=false

android[2] trace: MusicManager::PlayTrack(): track=published/sounds/music/loading_01.mp3 fade=true

G4-JNI GetEnv version=0x00010002
android[2] trace: MusicManager::PlayNextTrack() try, fade=true, soundManager.IsInitialized()=true, soundManager.IsUserMusicPlaying()=false

android[2] trace: MusicManager::PlayTrack(): track=published/sounds/music/loading_01.mp3 fade=true

G4-JNI GetEnv version=0x00010002
android[2] trace: ShowMogaHighlight start

android[2] trace: ShowMogaHighlight 1

android[2] trace: ShowMogaHighlight end

android[5] warn: Unlock: Is being unlocked. Lock count: 0

android[2] trace: MusicManager::PlayNextTrack() try, fade=true, soundManager.IsInitialized()=true, soundManager.IsUserMusicPlaying()=false

android[2] trace: MusicManager::PlayTrack(): track=published/sounds/music/loading_01.mp3 fade=true

G4-JNI GetEnv version=0x00010002
android[4] ResourceManager: Remove texture: /published/texturepacks_ui/splash_1333.sba_0

android[2] trace: MusicManager::PlayNextTrack() try, fade=true, soundManager.IsInitialized()=true, soundManager.IsUserMusicPlaying()=false

android[2] trace: MusicManager::PlayTrack(): track=published/sounds/music/loading_01.mp3 fade=true

G4-JNI GetEnv version=0x00010002
android[5] layouts/warning: LayoutEntity not in cache, reloading: active_accept

android[5] layouts/warning: LayoutEntity not in cache, reloading: aas_inner

android[5] layouts/warning: LayoutEntity not in cache, reloading: frame

android[5] layouts/warning: LayoutEntity not in cache, reloading: btn_options_small2

android[5] layouts/warning: LayoutEntity not in cache, reloading: btn_options_large_active

android[5] layouts/warning: LayoutEntity not in cache, reloading: btn_options_large_idle

android[2] trace: LayoutScreen::LayoutScreen OptionsSettingsScreen != 0

android[2] trace: ShowMogaHighlight start

android[2] trace: ShowMogaHighlight 1

android[2] trace: ShowMogaHighlight end

android[2] trace: MusicManager::PlayNextTrack() try, fade=true, soundManager.IsInitialized()=true, soundManager.IsUserMusicPlaying()=false

android[2] trace: MusicManager::PlayTrack(): track=published/sounds/music/loading_01.mp3 fade=true

G4-JNI GetEnv version=0x00010002
G4-JNI GetEnv version=0x00010002
G4-JNI GetEnv version=0x00010002
G4-JNI GetEnv version=0x00010002
G4-JNI GetEnv version=0x00010002
G4-JNI GetEnv version=0x00010002
G4-JNI GetEnv version=0x00010002
G4-JNI GetEnv version=0x00010002
G4-JNI GetEnv version=0x00010002
G4-JNI GetEnv version=0x00010002
G4-JNI GetEnv version=0x00010002
G4-JNI GetEnv version=0x00010002
G4-JNI GetEnv version=0x00010002
G4-JNI GetEnv version=0x00010002
G4-JNI GetEnv version=0x00010002
G4-JNI GetEnv version=0x00010002
G4-JNI GetEnv version=0x00010002
G4-JNI GetEnv version=0x00010002
G4-JNI GetEnv version=0x00010002
G4-JNI GetEnv version=0x00010002
G4-JNI GetEnv version=0x00010002
G4-JNI GetEnv version=0x00010002
G4-JNI GetEnv version=0x00010002
G4-JNI GetEnv version=0x00010002
G4-JNI GetEnv version=0x00010002
G4-JNI GetEnv version=0x00010002
G4-JNI GetEnv version=0x00010002
G4-JNI GetEnv version=0x00010002
G4-JNI GetEnv version=0x00010002
G4-JNI GetEnv version=0x00010002
G4-JNI GetEnv version=0x00010002
G4-JNI GetEnv version=0x00010002
G4-JNI GetEnv version=0x00010002
G4-JNI GetEnv version=0x00010002
G4-JNI GetEnv version=0x00010002
G4-JNI GetEnv version=0x00010002
G4-JNI GetEnv version=0x00010002
G4-JNI GetEnv version=0x00010002
G4-JNI GetEnv version=0x00010002
G4-JNI GetEnv version=0x00010002
G4-JNI GetEnv version=0x00010002
G4-JNI GetEnv version=0x00010002
G4-JNI GetEnv version=0x00010002
G4-JNI GetEnv version=0x00010002
G4-JNI GetEnv version=0x00010002
G4-JNI GetEnv version=0x00010002
G4-JNI GetEnv version=0x00010002
G4-JNI GetEnv version=0x00010002
G4-JNI GetEnv version=0x00010002
G4-JNI GetEnv version=0x00010002
G4-JNI GetEnv version=0x00010002
G4-JNI GetEnv version=0x00010002
G4-JNI GetEnv version=0x00010002
G4-JNI GetEnv version=0x00010002
G4-JNI GetEnv version=0x00010002
G4-JNI GetEnv version=0x00010002
G4-JNI GetEnv version=0x00010002
G4-JNI GetEnv version=0x00010002
G4-JNI GetEnv version=0x00010002
G4-JNI GetEnv version=0x00010002
G4-JNI GetEnv version=0x00010002
G4-JNI GetEnv version=0x00010002
G4-JNI GetEnv version=0x00010002
G4-JNI GetEnv version=0x00010002
G4-JNI GetEnv version=0x00010002
G4-JNI GetEnv version=0x00010002
G4-JNI GetEnv version=0x00010002
G4-JNI GetEnv version=0x00010002
G4-JNI GetEnv version=0x00010002
G4-JNI GetEnv version=0x00010002
G4-JNI GetEnv version=0x00010002
G4-JNI GetEnv version=0x00010002
G4-JNI GetEnv version=0x00010002
G4-JNI GetEnv version=0x00010002
G4-JNI GetEnv version=0x00010002
G4-JNI GetEnv version=0x00010002
G4-JNI GetEnv version=0x00010002
G4-JNI GetEnv version=0x00010002
G4-JNI GetEnv version=0x00010002
G4-JNI GetEnv version=0x00010002
G4-JNI GetEnv version=0x00010002
G4-JNI GetEnv version=0x00010002
G4-JNI GetEnv version=0x00010002
G4-JNI GetEnv version=0x00010002
G4-JNI GetEnv version=0x00010002
G4-JNI GetEnv version=0x00010002
G4-JNI GetEnv version=0x00010002
G4-JNI GetEnv version=0x00010002
G4-JNI GetEnv version=0x00010002
G4-JNI GetEnv version=0x00010002
G4-JNI GetEnv version=0x00010002
G4-JNI GetEnv version=0x00010002
G4-JNI GetEnv version=0x00010002
G4-JNI GetEnv version=0x00010002
G4-JNI GetEnv version=0x00010002
G4-JNI GetEnv version=0x00010002
G4-JNI GetEnv version=0x00010002
G4-JNI GetEnv version=0x00010002
G4-JNI GetEnv version=0x00010002
G4-JNI GetEnv version=0x00010002
G4-JNI GetEnv version=0x00010002
G4-JNI GetEnv version=0x00010002
G4-JNI GetEnv version=0x00010002
G4-JNI GetEnv version=0x00010002
G4-JNI GetEnv version=0x00010002
G4-JNI GetEnv version=0x00010002
G4-JNI GetEnv version=0x00010002
G4-JNI GetEnv version=0x00010002
G4-JNI GetEnv version=0x00010002
G4-JNI GetEnv version=0x00010002
G4-JNI GetEnv version=0x00010002
G4-JNI GetEnv version=0x00010002
G4-JNI GetEnv version=0x00010002
G4-JNI GetEnv version=0x00010002
G4-JNI GetEnv version=0x00010002
G4-JNI GetEnv version=0x00010002
G4-JNI GetEnv version=0x00010002
G4-JNI GetEnv version=0x00010002
G4-JNI GetEnv version=0x00010002
G4-JNI GetEnv version=0x00010002
G4-JNI GetEnv version=0x00010002
G4-JNI GetEnv version=0x00010002
android[2] trace: MusicManager::PlayNextTrack() try, fade=true, soundManager.IsInitialized()=true, soundManager.IsUserMusicPlaying()=false

android[2] trace: MusicManager::PlayTrack(): track=published/sounds/music/loading_01.mp3 fade=true

G4-JNI GetEnv version=0x00010002
android[2] trace: MusicManager::PlayNextTrack() try, fade=true, soundManager.IsInitialized()=true, soundManager.IsUserMusicPlaying()=false

android[2] trace: MusicManager::PlayTrack(): track=published/sounds/music/loading_01.mp3 fade=true

G4-JNI GetEnv version=0x00010002
android[2] trace: MusicManager::PlayNextTrack() try, fade=true, soundManager.IsInitialized()=true, soundManager.IsUserMusicPlaying()=false

android[2] trace: MusicManager::PlayTrack(): track=published/sounds/music/loading_01.mp3 fade=true

G4-JNI GetEnv version=0x00010002
android[2] trace: MusicManager::PlayNextTrack() try, fade=true, soundManager.IsInitialized()=true, soundManager.IsUserMusicPlaying()=false

android[2] trace: MusicManager::PlayTrack(): track=published/sounds/music/loading_01.mp3 fade=true

G4-JNI GetEnv version=0x00010002
android[2] trace: MusicManager::PlayNextTrack() try, fade=true, soundManager.IsInitialized()=true, soundManager.IsUserMusicPlaying()=false

android[2] trace: MusicManager::PlayTrack(): track=published/sounds/music/loading_01.mp3 fade=true

G4-JNI GetEnv version=0x00010002
android[2] trace: MusicManager::PlayNextTrack() try, fade=true, soundManager.IsInitialized()=true, soundManager.IsUserMusicPlaying()=false

android[2] trace: MusicManager::PlayTrack(): track=published/sounds/music/loading_01.mp3 fade=true

G4-JNI GetEnv version=0x00010002
android[2] trace: MusicManager::PlayNextTrack() try, fade=true, soundManager.IsInitialized()=true, soundManager.IsUserMusicPlaying()=false

android[2] trace: MusicManager::PlayTrack(): track=published/sounds/music/loading_01.mp3 fade=true

G4-JNI GetEnv version=0x00010002
android[2] trace: MusicManager::PlayNextTrack() try, fade=true, soundManager.IsInitialized()=true, soundManager.IsUserMusicPlaying()=false

android[2] trace: MusicManager::PlayTrack(): track=published/sounds/music/loading_01.mp3 fade=true

G4-JNI GetEnv version=0x00010002
android[2] trace: MusicManager::PlayNextTrack() try, fade=true, soundManager.IsInitialized()=true, soundManager.IsUserMusicPlaying()=false

android[2] trace: MusicManager::PlayTrack(): track=published/sounds/music/loading_01.mp3 fade=true

G4-JNI GetEnv version=0x00010002
android[2] trace: MusicManager::PlayNextTrack() try, fade=true, soundManager.IsInitialized()=true, soundManager.IsUserMusicPlaying()=false

android[2] trace: MusicManager::PlayTrack(): track=published/sounds/music/loading_01.mp3 fade=true

G4-JNI GetEnv version=0x00010002
android[2] trace: MusicManager::PlayNextTrack() try, fade=true, soundManager.IsInitialized()=true, soundManager.IsUserMusicPlaying()=false

android[2] trace: MusicManager::PlayTrack(): track=published/sounds/music/loading_01.mp3 fade=true

G4-JNI GetEnv version=0x00010002
android[2] trace: MusicManager::PlayNextTrack() try, fade=true, soundManager.IsInitialized()=true, soundManager.IsUserMusicPlaying()=false

android[2] trace: MusicManager::PlayTrack(): track=published/sounds/music/loading_01.mp3 fade=true

G4-JNI GetEnv version=0x00010002
android[2] trace: MusicManager::PlayNextTrack() try, fade=true, soundManager.IsInitialized()=true, soundManager.IsUserMusicPlaying()=false

android[2] trace: MusicManager::PlayTrack(): track=published/sounds/music/loading_01.mp3 fade=true

G4-JNI GetEnv version=0x00010002
android[2] trace: MusicManager::PlayNextTrack() try, fade=true, soundManager.IsInitialized()=true, soundManager.IsUserMusicPlaying()=false

android[2] trace: MusicManager::PlayTrack(): track=published/sounds/music/loading_01.mp3 fade=true

G4-JNI GetEnv version=0x00010002
android[2] trace: MusicManager::PlayNextTrack() try, fade=true, soundManager.IsInitialized()=true, soundManager.IsUserMusicPlaying()=false

android[2] trace: MusicManager::PlayTrack(): track=published/sounds/music/loading_01.mp3 fade=true

G4-JNI GetEnv version=0x00010002
android[2] trace: MusicManager::PlayNextTrack() try, fade=true, soundManager.IsInitialized()=true, soundManager.IsUserMusicPlaying()=false

android[2] trace: MusicManager::PlayTrack(): track=published/sounds/music/loading_01.mp3 fade=true

G4-JNI GetEnv version=0x00010002
android[2] trace: MusicManager::PlayNextTrack() try, fade=true, soundManager.IsInitialized()=true, soundManager.IsUserMusicPlaying()=false

android[2] trace: MusicManager::PlayTrack(): track=published/sounds/music/loading_01.mp3 fade=true

G4-JNI GetEnv version=0x00010002
android[2] trace: MusicManager::PlayNextTrack() try, fade=true, soundManager.IsInitialized()=true, soundManager.IsUserMusicPlaying()=false

android[2] trace: MusicManager::PlayTrack(): track=published/sounds/music/loading_01.mp3 fade=true

G4-JNI GetEnv version=0x00010002
android[2] trace: MusicManager::PlayNextTrack() try, fade=true, soundManager.IsInitialized()=true, soundManager.IsUserMusicPlaying()=false

android[2] trace: MusicManager::PlayTrack(): track=published/sounds/music/loading_01.mp3 fade=true

G4-JNI GetEnv version=0x00010002
android[2] trace: MusicManager::PlayNextTrack() try, fade=true, soundManager.IsInitialized()=true, soundManager.IsUserMusicPlaying()=false

android[2] trace: MusicManager::PlayTrack(): track=published/sounds/music/loading_01.mp3 fade=true

G4-JNI GetEnv version=0x00010002
android[2] trace: MusicManager::PlayNextTrack() try, fade=true, soundManager.IsInitialized()=true, soundManager.IsUserMusicPlaying()=false

android[2] trace: MusicManager::PlayTrack(): track=published/sounds/music/loading_01.mp3 fade=true

G4-JNI GetEnv version=0x00010002
android[2] trace: MusicManager::PlayNextTrack() try, fade=true, soundManager.IsInitialized()=true, soundManager.IsUserMusicPlaying()=false

android[2] trace: MusicManager::PlayTrack(): track=published/sounds/music/loading_01.mp3 fade=true

G4-JNI GetEnv version=0x00010002
android[2] trace: MusicManager::PlayNextTrack() try, fade=true, soundManager.IsInitialized()=true, soundManager.IsUserMusicPlaying()=false

android[2] trace: MusicManager::PlayTrack(): track=published/sounds/music/loading_01.mp3 fade=true

G4-JNI GetEnv version=0x00010002
android[2] trace: MusicManager::PlayNextTrack() try, fade=true, soundManager.IsInitialized()=true, soundManager.IsUserMusicPlaying()=false

android[2] trace: MusicManager::PlayTrack(): track=published/sounds/music/loading_01.mp3 fade=true

G4-JNI GetEnv version=0x00010002
android[2] trace: MusicManager::PlayNextTrack() try, fade=true, soundManager.IsInitialized()=true, soundManager.IsUserMusicPlaying()=false

android[2] trace: MusicManager::PlayTrack(): track=published/sounds/music/loading_01.mp3 fade=true

G4-JNI GetEnv version=0x00010002
android[2] trace: MusicManager::PlayNextTrack() try, fade=true, soundManager.IsInitialized()=true, soundManager.IsUserMusicPlaying()=false

android[2] trace: MusicManager::PlayTrack(): track=published/sounds/music/loading_01.mp3 fade=true

G4-JNI GetEnv version=0x00010002
android[2] trace: MusicManager::PlayNextTrack() try, fade=true, soundManager.IsInitialized()=true, soundManager.IsUserMusicPlaying()=false

android[2] trace: MusicManager::PlayTrack(): track=published/sounds/music/loading_01.mp3 fade=true

G4-JNI GetEnv version=0x00010002
android[2] trace: MusicManager::PlayNextTrack() try, fade=true, soundManager.IsInitialized()=true, soundManager.IsUserMusicPlaying()=false

android[2] trace: MusicManager::PlayTrack(): track=published/sounds/music/loading_01.mp3 fade=true

G4-JNI GetEnv version=0x00010002
android[2] trace: MusicManager::PlayNextTrack() try, fade=true, soundManager.IsInitialized()=true, soundManager.IsUserMusicPlaying()=false

android[2] trace: MusicManager::PlayTrack(): track=published/sounds/music/loading_01.mp3 fade=true

G4-JNI GetEnv version=0x00010002
android[2] trace: MusicManager::PlayNextTrack() try, fade=true, soundManager.IsInitialized()=true, soundManager.IsUserMusicPlaying()=false

android[2] trace: MusicManager::PlayTrack(): track=published/sounds/music/loading_01.mp3 fade=true

G4-JNI GetEnv version=0x00010002
android[2] trace: MusicManager::PlayNextTrack() try, fade=true, soundManager.IsInitialized()=true, soundManager.IsUserMusicPlaying()=false

android[2] trace: MusicManager::PlayTrack(): track=published/sounds/music/loading_01.mp3 fade=true

G4-JNI GetEnv version=0x00010002
android[2] trace: MusicManager::PlayNextTrack() try, fade=true, soundManager.IsInitialized()=true, soundManager.IsUserMusicPlaying()=false

android[2] trace: MusicManager::PlayTrack(): track=published/sounds/music/loading_01.mp3 fade=true

G4-JNI GetEnv version=0x00010002
android[2] trace: MusicManager::PlayNextTrack() try, fade=true, soundManager.IsInitialized()=true, soundManager.IsUserMusicPlaying()=false

android[2] trace: MusicManager::PlayTrack(): track=published/sounds/music/loading_01.mp3 fade=true

G4-JNI GetEnv version=0x00010002
android[2] trace: MusicManager::PlayNextTrack() try, fade=true, soundManager.IsInitialized()=true, soundManager.IsUserMusicPlaying()=false

android[2] trace: MusicManager::PlayTrack(): track=published/sounds/music/loading_01.mp3 fade=true

G4-JNI GetEnv version=0x00010002
android[2] trace: MusicManager::PlayNextTrack() try, fade=true, soundManager.IsInitialized()=true, soundManager.IsUserMusicPlaying()=false

android[2] trace: MusicManager::PlayTrack(): track=published/sounds/music/loading_01.mp3 fade=true

G4-JNI GetEnv version=0x00010002
android[2] trace: MusicManager::PlayNextTrack() try, fade=true, soundManager.IsInitialized()=true, soundManager.IsUserMusicPlaying()=false

android[2] trace: MusicManager::PlayTrack(): track=published/sounds/music/loading_01.mp3 fade=true

G4-JNI GetEnv version=0x00010002
android[2] trace: MusicManager::PlayNextTrack() try, fade=true, soundManager.IsInitialized()=true, soundManager.IsUserMusicPlaying()=false

android[2] trace: MusicManager::PlayTrack(): track=published/sounds/music/loading_01.mp3 fade=true

G4-JNI GetEnv version=0x00010002
android[2] trace: MusicManager::PlayNextTrack() try, fade=true, soundManager.IsInitialized()=true, soundManager.IsUserMusicPlaying()=false

android[2] trace: MusicManager::PlayTrack(): track=published/sounds/music/loading_01.mp3 fade=true

G4-JNI GetEnv version=0x00010002
android[2] trace: MusicManager::PlayNextTrack() try, fade=true, soundManager.IsInitialized()=true, soundManager.IsUserMusicPlaying()=false

android[2] trace: MusicManager::PlayTrack(): track=published/sounds/music/loading_01.mp3 fade=true

G4-JNI GetEnv version=0x00010002
android[2] trace: MusicManager::PlayNextTrack() try, fade=true, soundManager.IsInitialized()=true, soundManager.IsUserMusicPlaying()=false

android[2] trace: MusicManager::PlayTrack(): track=published/sounds/music/loading_01.mp3 fade=true

G4-JNI GetEnv version=0x00010002
android[2] trace: MusicManager::PlayNextTrack() try, fade=true, soundManager.IsInitialized()=true, soundManager.IsUserMusicPlaying()=false

android[2] trace: MusicManager::PlayTrack(): track=published/sounds/music/loading_01.mp3 fade=true

G4-JNI GetEnv version=0x00010002
G7-FRAME enter=900
android[2] trace: MusicManager::PlayNextTrack() try, fade=true, soundManager.IsInitialized()=true, soundManager.IsUserMusicPlaying()=false

android[2] trace: MusicManager::PlayTrack(): track=published/sounds/music/loading_01.mp3 fade=true

G4-JNI GetEnv version=0x00010002
G7-FRAME leave=900
android[2] trace: MusicManager::PlayNextTrack() try, fade=true, soundManager.IsInitialized()=true, soundManager.IsUserMusicPlaying()=false

android[2] trace: MusicManager::PlayTrack(): track=published/sounds/music/loading_01.mp3 fade=true

G4-JNI GetEnv version=0x00010002
android[2] trace: MusicManager::PlayNextTrack() try, fade=true, soundManager.IsInitialized()=true, soundManager.IsUserMusicPlaying()=false

android[2] trace: MusicManager::PlayTrack(): track=published/sounds/music/loading_01.mp3 fade=true

G4-JNI GetEnv version=0x00010002
android[2] trace: MusicManager::PlayNextTrack() try, fade=true, soundManager.IsInitialized()=true, soundManager.IsUserMusicPlaying()=false

android[2] trace: MusicManager::PlayTrack(): track=published/sounds/music/loading_01.mp3 fade=true

G4-JNI GetEnv version=0x00010002
android[2] trace: MusicManager::PlayNextTrack() try, fade=true, soundManager.IsInitialized()=true, soundManager.IsUserMusicPlaying()=false

android[2] trace: MusicManager::PlayTrack(): track=published/sounds/music/loading_01.mp3 fade=true

G4-JNI GetEnv version=0x00010002
android[2] trace: MusicManager::PlayNextTrack() try, fade=true, soundManager.IsInitialized()=true, soundManager.IsUserMusicPlaying()=false

android[2] trace: MusicManager::PlayTrack(): track=published/sounds/music/loading_01.mp3 fade=true

G4-JNI GetEnv version=0x00010002
android[2] trace: MusicManager::PlayNextTrack() try, fade=true, soundManager.IsInitialized()=true, soundManager.IsUserMusicPlaying()=false

android[2] trace: MusicManager::PlayTrack(): track=published/sounds/music/loading_01.mp3 fade=true

G4-JNI GetEnv version=0x00010002
android[2] trace: MusicManager::PlayNextTrack() try, fade=true, soundManager.IsInitialized()=true, soundManager.IsUserMusicPlaying()=false

android[2] trace: MusicManager::PlayTrack(): track=published/sounds/music/loading_01.mp3 fade=true

G4-JNI GetEnv version=0x00010002
android[2] trace: MusicManager::PlayNextTrack() try, fade=true, soundManager.IsInitialized()=true, soundManager.IsUserMusicPlaying()=false

android[2] trace: MusicManager::PlayTrack(): track=published/sounds/music/loading_01.mp3 fade=true

G4-JNI GetEnv version=0x00010002
android[2] trace: MusicManager::PlayNextTrack() try, fade=true, soundManager.IsInitialized()=true, soundManager.IsUserMusicPlaying()=false

android[2] trace: MusicManager::PlayTrack(): track=published/sounds/music/loading_01.mp3 fade=true

G4-JNI GetEnv version=0x00010002
android[2] trace: MoGaConTrOlLeR :: ....................(KK) MogaController :: Inside nativeOnKeyEvent 

android[2] trace: ....................(KK) MogaController :: Inside nativeOnKeyEvent 20

android[2] trace: MoGaConTrOlLeR :: ....................(KK) Key Event Key DPAD Down NNNN .....................

android[2] trace: MoGaConTrOlLeR :: ....................(KK) Key Event Key Down .....................

android[2] trace: MoGaConTrOlLeR :: ....................(KK) Listener Key Press .....................

android[2] trace: MoGaConTrOlLeR :: ....................(KK) AndroidKeyCode :: MogaKeyCode (Start of func) .....................

android[2] trace: MoGaConTrOlLeR :: ....................(KK) AndroidKeyCode :: MogaKeyCode Key Press Dpad Down .....................

android[2] trace: MoGaConTrOlLeR :: (KK) MogaController :: Inside nativeOnKeyEvent ....................

G6-MOGA key frame=910 code=20 state=down
android[2] trace: MusicManager::PlayNextTrack() try, fade=true, soundManager.IsInitialized()=true, soundManager.IsUserMusicPlaying()=false

android[2] trace: MusicManager::PlayTrack(): track=published/sounds/music/loading_01.mp3 fade=true

G4-JNI GetEnv version=0x00010002
android[2] trace: MusicManager::PlayNextTrack() try, fade=true, soundManager.IsInitialized()=true, soundManager.IsUserMusicPlaying()=false

android[2] trace: MusicManager::PlayTrack(): track=published/sounds/music/loading_01.mp3 fade=true

G4-JNI GetEnv version=0x00010002
android[2] trace: MusicManager::PlayNextTrack() try, fade=true, soundManager.IsInitialized()=true, soundManager.IsUserMusicPlaying()=false

android[2] trace: MusicManager::PlayTrack(): track=published/sounds/music/loading_01.mp3 fade=true

G4-JNI GetEnv version=0x00010002
android[2] trace: MusicManager::PlayNextTrack() try, fade=true, soundManager.IsInitialized()=true, soundManager.IsUserMusicPlaying()=false

android[2] trace: MusicManager::PlayTrack(): track=published/sounds/music/loading_01.mp3 fade=true

G4-JNI GetEnv version=0x00010002
android[2] trace: MusicManager::PlayNextTrack() try, fade=true, soundManager.IsInitialized()=true, soundManager.IsUserMusicPlaying()=false

android[2] trace: MusicManager::PlayTrack(): track=published/sounds/music/loading_01.mp3 fade=true

G4-JNI GetEnv version=0x00010002
android[2] trace: MusicManager::PlayNextTrack() try, fade=true, soundManager.IsInitialized()=true, soundManager.IsUserMusicPlaying()=false

android[2] trace: MusicManager::PlayTrack(): track=published/sounds/music/loading_01.mp3 fade=true

G4-JNI GetEnv version=0x00010002
android[2] trace: MoGaConTrOlLeR :: ....................(KK) MogaController :: Inside nativeOnKeyEvent 

android[2] trace: ....................(KK) MogaController :: Inside nativeOnKeyEvent 20

android[2] trace: MoGaConTrOlLeR :: ....................(KK) Key Event Key DPAD Down NNNN .....................

android[2] trace: MoGaConTrOlLeR :: ....................(KK) Key Event Key up .....................

android[2] trace: MoGaConTrOlLeR :: ....................(KK) Listener Key Release .....................

android[2] trace: MoGaConTrOlLeR :: ....................(KK) AndroidKeyCode :: MogaKeyCode (Start of func) .....................

android[2] trace: MoGaConTrOlLeR :: ....................(KK) AndroidKeyCode :: MogaKeyCode Key Press Dpad Down .....................

android[2] trace: MoGaConTrOlLeR :: (KK) MogaController :: Inside nativeOnKeyEvent ....................

G6-MOGA key frame=916 code=20 state=up
android[2] trace: MusicManager::PlayNextTrack() try, fade=true, soundManager.IsInitialized()=true, soundManager.IsUserMusicPlaying()=false

android[2] trace: MusicManager::PlayTrack(): track=published/sounds/music/loading_01.mp3 fade=true

G4-JNI GetEnv version=0x00010002
android[2] trace: MusicManager::PlayNextTrack() try, fade=true, soundManager.IsInitialized()=true, soundManager.IsUserMusicPlaying()=false

android[2] trace: MusicManager::PlayTrack(): track=published/sounds/music/loading_01.mp3 fade=true

G4-JNI GetEnv version=0x00010002
android[2] trace: MusicManager::PlayNextTrack() try, fade=true, soundManager.IsInitialized()=true, soundManager.IsUserMusicPlaying()=false

android[2] trace: MusicManager::PlayTrack(): track=published/sounds/music/loading_01.mp3 fade=true

G4-JNI GetEnv version=0x00010002
android[2] trace: MusicManager::PlayNextTrack() try, fade=true, soundManager.IsInitialized()=true, soundManager.IsUserMusicPlaying()=false

android[2] trace: MusicManager::PlayTrack(): track=published/sounds/music/loading_01.mp3 fade=true

G4-JNI GetEnv version=0x00010002
android[2] trace: MusicManager::PlayNextTrack() try, fade=true, soundManager.IsInitialized()=true, soundManager.IsUserMusicPlaying()=false

android[2] trace: MusicManager::PlayTrack(): track=published/sounds/music/loading_01.mp3 fade=true

G4-JNI GetEnv version=0x00010002
android[2] trace: MusicManager::PlayNextTrack() try, fade=true, soundManager.IsInitialized()=true, soundManager.IsUserMusicPlaying()=false

android[2] trace: MusicManager::PlayTrack(): track=published/sounds/music/loading_01.mp3 fade=true

G4-JNI GetEnv version=0x00010002
android[2] trace: MusicManager::PlayNextTrack() try, fade=true, soundManager.IsInitialized()=true, soundManager.IsUserMusicPlaying()=false

android[2] trace: MusicManager::PlayTrack(): track=published/sounds/music/loading_01.mp3 fade=true

G4-JNI GetEnv version=0x00010002
android[2] trace: MusicManager::PlayNextTrack() try, fade=true, soundManager.IsInitialized()=true, soundManager.IsUserMusicPlaying()=false

android[2] trace: MusicManager::PlayTrack(): track=published/sounds/music/loading_01.mp3 fade=true

G4-JNI GetEnv version=0x00010002
android[2] trace: MusicManager::PlayNextTrack() try, fade=true, soundManager.IsInitialized()=true, soundManager.IsUserMusicPlaying()=false

android[2] trace: MusicManager::PlayTrack(): track=published/sounds/music/loading_01.mp3 fade=true

G4-JNI GetEnv version=0x00010002
android[2] trace: MusicManager::PlayNextTrack() try, fade=true, soundManager.IsInitialized()=true, soundManager.IsUserMusicPlaying()=false

android[2] trace: MusicManager::PlayTrack(): track=published/sounds/music/loading_01.mp3 fade=true

G4-JNI GetEnv version=0x00010002
android[2] trace: MusicManager::PlayNextTrack() try, fade=true, soundManager.IsInitialized()=true, soundManager.IsUserMusicPlaying()=false

android[2] trace: MusicManager::PlayTrack(): track=published/sounds/music/loading_01.mp3 fade=true

G4-JNI GetEnv version=0x00010002
android[2] trace: MusicManager::PlayNextTrack() try, fade=true, soundManager.IsInitialized()=true, soundManager.IsUserMusicPlaying()=false

android[2] trace: MusicManager::PlayTrack(): track=published/sounds/music/loading_01.mp3 fade=true

G4-JNI GetEnv version=0x00010002
android[2] trace: MusicManager::PlayNextTrack() try, fade=true, soundManager.IsInitialized()=true, soundManager.IsUserMusicPlaying()=false

android[2] trace: MusicManager::PlayTrack(): track=published/sounds/music/loading_01.mp3 fade=true

G4-JNI GetEnv version=0x00010002
android[2] trace: MusicManager::PlayNextTrack() try, fade=true, soundManager.IsInitialized()=true, soundManager.IsUserMusicPlaying()=false

android[2] trace: MusicManager::PlayTrack(): track=published/sounds/music/loading_01.mp3 fade=true

G4-JNI GetEnv version=0x00010002
android[2] trace: MusicManager::PlayNextTrack() try, fade=true, soundManager.IsInitialized()=true, soundManager.IsUserMusicPlaying()=false

android[2] trace: MusicManager::PlayTrack(): track=published/sounds/music/loading_01.mp3 fade=true

G4-JNI GetEnv version=0x00010002
android[2] trace: MusicManager::PlayNextTrack() try, fade=true, soundManager.IsInitialized()=true, soundManager.IsUserMusicPlaying()=false

android[2] trace: MusicManager::PlayTrack(): track=published/sounds/music/loading_01.mp3 fade=true

G4-JNI GetEnv version=0x00010002
android[2] trace: MusicManager::PlayNextTrack() try, fade=true, soundManager.IsInitialized()=true, soundManager.IsUserMusicPlaying()=false

android[2] trace: MusicManager::PlayTrack(): track=published/sounds/music/loading_01.mp3 fade=true

G4-JNI GetEnv version=0x00010002
android[2] trace: MoGaConTrOlLeR :: ....................(KK) MogaController :: Inside nativeOnKeyEvent 

android[2] trace: ....................(KK) MogaController :: Inside nativeOnKeyEvent 20

android[2] trace: MoGaConTrOlLeR :: ....................(KK) Key Event Key DPAD Down NNNN .....................

android[2] trace: MoGaConTrOlLeR :: ....................(KK) Key Event Key Down .....................

android[2] trace: MoGaConTrOlLeR :: ....................(KK) Listener Key Press .....................

android[2] trace: MoGaConTrOlLeR :: ....................(KK) AndroidKeyCode :: MogaKeyCode (Start of func) .....................

android[2] trace: MoGaConTrOlLeR :: ....................(KK) AndroidKeyCode :: MogaKeyCode Key Press Dpad Down .....................

android[2] trace: MoGaConTrOlLeR :: (KK) MogaController :: Inside nativeOnKeyEvent ....................

G6-MOGA key frame=933 code=20 state=down
android[2] trace: MusicManager::PlayNextTrack() try, fade=true, soundManager.IsInitialized()=true, soundManager.IsUserMusicPlaying()=false

android[2] trace: MusicManager::PlayTrack(): track=published/sounds/music/loading_01.mp3 fade=true

G4-JNI GetEnv version=0x00010002
android[2] trace: MusicManager::PlayNextTrack() try, fade=true, soundManager.IsInitialized()=true, soundManager.IsUserMusicPlaying()=false

android[2] trace: MusicManager::PlayTrack(): track=published/sounds/music/loading_01.mp3 fade=true

G4-JNI GetEnv version=0x00010002
android[2] trace: MusicManager::PlayNextTrack() try, fade=true, soundManager.IsInitialized()=true, soundManager.IsUserMusicPlaying()=false

android[2] trace: MusicManager::PlayTrack(): track=published/sounds/music/loading_01.mp3 fade=true

G4-JNI GetEnv version=0x00010002
android[2] trace: MusicManager::PlayNextTrack() try, fade=true, soundManager.IsInitialized()=true, soundManager.IsUserMusicPlaying()=false

android[2] trace: MusicManager::PlayTrack(): track=published/sounds/music/loading_01.mp3 fade=true

G4-JNI GetEnv version=0x00010002
android[2] trace: MusicManager::PlayNextTrack() try, fade=true, soundManager.IsInitialized()=true, soundManager.IsUserMusicPlaying()=false

android[2] trace: MusicManager::PlayTrack(): track=published/sounds/music/loading_01.mp3 fade=true

G4-JNI GetEnv version=0x00010002
android[2] trace: MusicManager::PlayNextTrack() try, fade=true, soundManager.IsInitialized()=true, soundManager.IsUserMusicPlaying()=false

android[2] trace: MusicManager::PlayTrack(): track=published/sounds/music/loading_01.mp3 fade=true

G4-JNI GetEnv version=0x00010002
android[2] trace: MusicManager::PlayNextTrack() try, fade=true, soundManager.IsInitialized()=true, soundManager.IsUserMusicPlaying()=false

android[2] trace: MusicManager::PlayTrack(): track=published/sounds/music/loading_01.mp3 fade=true

G4-JNI GetEnv version=0x00010002
android[2] trace: MoGaConTrOlLeR :: ....................(KK) MogaController :: Inside nativeOnKeyEvent 

android[2] trace: ....................(KK) MogaController :: Inside nativeOnKeyEvent 20

android[2] trace: MoGaConTrOlLeR :: ....................(KK) Key Event Key DPAD Down NNNN .....................

android[2] trace: MoGaConTrOlLeR :: ....................(KK) Key Event Key up .....................

android[2] trace: MoGaConTrOlLeR :: ....................(KK) Listener Key Release .....................

android[2] trace: MoGaConTrOlLeR :: ....................(KK) AndroidKeyCode :: MogaKeyCode (Start of func) .....................

android[2] trace: MoGaConTrOlLeR :: ....................(KK) AndroidKeyCode :: MogaKeyCode Key Press Dpad Down .....................

android[2] trace: MoGaConTrOlLeR :: (KK) MogaController :: Inside nativeOnKeyEvent ....................

G6-MOGA key frame=940 code=20 state=up
android[2] trace: MusicManager::PlayNextTrack() try, fade=true, soundManager.IsInitialized()=true, soundManager.IsUserMusicPlaying()=false

android[2] trace: MusicManager::PlayTrack(): track=published/sounds/music/loading_01.mp3 fade=true

G4-JNI GetEnv version=0x00010002
android[2] trace: MusicManager::PlayNextTrack() try, fade=true, soundManager.IsInitialized()=true, soundManager.IsUserMusicPlaying()=false

android[2] trace: MusicManager::PlayTrack(): track=published/sounds/music/loading_01.mp3 fade=true

G4-JNI GetEnv version=0x00010002
android[2] trace: MusicManager::PlayNextTrack() try, fade=true, soundManager.IsInitialized()=true, soundManager.IsUserMusicPlaying()=false

android[2] trace: MusicManager::PlayTrack(): track=published/sounds/music/loading_01.mp3 fade=true

G4-JNI GetEnv version=0x00010002
android[2] trace: MusicManager::PlayNextTrack() try, fade=true, soundManager.IsInitialized()=true, soundManager.IsUserMusicPlaying()=false

android[2] trace: MusicManager::PlayTrack(): track=published/sounds/music/loading_01.mp3 fade=true

G4-JNI GetEnv version=0x00010002
android[2] trace: MusicManager::PlayNextTrack() try, fade=true, soundManager.IsInitialized()=true, soundManager.IsUserMusicPlaying()=false

android[2] trace: MusicManager::PlayTrack(): track=published/sounds/music/loading_01.mp3 fade=true

G4-JNI GetEnv version=0x00010002
android[2] trace: MusicManager::PlayNextTrack() try, fade=true, soundManager.IsInitialized()=true, soundManager.IsUserMusicPlaying()=false

android[2] trace: MusicManager::PlayTrack(): track=published/sounds/music/loading_01.mp3 fade=true

G4-JNI GetEnv version=0x00010002
android[2] trace: MusicManager::PlayNextTrack() try, fade=true, soundManager.IsInitialized()=true, soundManager.IsUserMusicPlaying()=false

android[2] trace: MusicManager::PlayTrack(): track=published/sounds/music/loading_01.mp3 fade=true

G4-JNI GetEnv version=0x00010002
android[2] trace: MusicManager::PlayNextTrack() try, fade=true, soundManager.IsInitialized()=true, soundManager.IsUserMusicPlaying()=false

android[2] trace: MusicManager::PlayTrack(): track=published/sounds/music/loading_01.mp3 fade=true

G4-JNI GetEnv version=0x00010002
android[2] trace: MusicManager::PlayNextTrack() try, fade=true, soundManager.IsInitialized()=true, soundManager.IsUserMusicPlaying()=false

android[2] trace: MusicManager::PlayTrack(): track=published/sounds/music/loading_01.mp3 fade=true

G4-JNI GetEnv version=0x00010002
android[2] trace: MusicManager::PlayNextTrack() try, fade=true, soundManager.IsInitialized()=true, soundManager.IsUserMusicPlaying()=false

android[2] trace: MusicManager::PlayTrack(): track=published/sounds/music/loading_01.mp3 fade=true

G4-JNI GetEnv version=0x00010002
android[2] trace: MusicManager::PlayNextTrack() try, fade=true, soundManager.IsInitialized()=true, soundManager.IsUserMusicPlaying()=false

android[2] trace: MusicManager::PlayTrack(): track=published/sounds/music/loading_01.mp3 fade=true

G4-JNI GetEnv version=0x00010002
android[2] trace: ....................(KK) MogaController :: Inside NativeOnMotionEvent

android[2] trace: (KK) MogaController :: Inside NativeOnMotionEvent ....................

android[2] trace: MusicManager::PlayNextTrack() try, fade=true, soundManager.IsInitialized()=true, soundManager.IsUserMusicPlaying()=false

android[2] trace: MusicManager::PlayTrack(): track=published/sounds/music/loading_01.mp3 fade=true

G4-JNI GetEnv version=0x00010002
android[2] trace: ....................(KK) MogaController :: Inside NativeOnMotionEvent

android[2] trace: (KK) MogaController :: Inside NativeOnMotionEvent ....................

android[2] trace: MusicManager::PlayNextTrack() try, fade=true, soundManager.IsInitialized()=true, soundManager.IsUserMusicPlaying()=false

android[2] trace: MusicManager::PlayTrack(): track=published/sounds/music/loading_01.mp3 fade=true

G4-JNI GetEnv version=0x00010002
android[2] trace: MusicManager::PlayNextTrack() try, fade=true, soundManager.IsInitialized()=true, soundManager.IsUserMusicPlaying()=false

android[2] trace: MusicManager::PlayTrack(): track=published/sounds/music/loading_01.mp3 fade=true

G4-JNI GetEnv version=0x00010002
android[2] trace: MusicManager::PlayNextTrack() try, fade=true, soundManager.IsInitialized()=true, soundManager.IsUserMusicPlaying()=false

android[2] trace: MusicManager::PlayTrack(): track=published/sounds/music/loading_01.mp3 fade=true

G4-JNI GetEnv version=0x00010002
android[2] trace: MusicManager::PlayNextTrack() try, fade=true, soundManager.IsInitialized()=true, soundManager.IsUserMusicPlaying()=false

android[2] trace: MusicManager::PlayTrack(): track=published/sounds/music/loading_01.mp3 fade=true

G4-JNI GetEnv version=0x00010002
android[2] trace: MusicManager::PlayNextTrack() try, fade=true, soundManager.IsInitialized()=true, soundManager.IsUserMusicPlaying()=false

android[2] trace: MusicManager::PlayTrack(): track=published/sounds/music/loading_01.mp3 fade=true

G4-JNI GetEnv version=0x00010002
android[2] trace: MusicManager::PlayNextTrack() try, fade=true, soundManager.IsInitialized()=true, soundManager.IsUserMusicPlaying()=false

android[2] trace: MusicManager::PlayTrack(): track=published/sounds/music/loading_01.mp3 fade=true

G4-JNI GetEnv version=0x00010002
android[2] trace: MusicManager::PlayNextTrack() try, fade=true, soundManager.IsInitialized()=true, soundManager.IsUserMusicPlaying()=false

android[2] trace: MusicManager::PlayTrack(): track=published/sounds/music/loading_01.mp3 fade=true

G4-JNI GetEnv version=0x00010002
android[2] trace: MusicManager::PlayNextTrack() try, fade=true, soundManager.IsInitialized()=true, soundManager.IsUserMusicPlaying()=false

android[2] trace: MusicManager::PlayTrack(): track=published/sounds/music/loading_01.mp3 fade=true

G4-JNI GetEnv version=0x00010002
android[2] trace: MusicManager::PlayNextTrack() try, fade=true, soundManager.IsInitialized()=true, soundManager.IsUserMusicPlaying()=false

android[2] trace: MusicManager::PlayTrack(): track=published/sounds/music/loading_01.mp3 fade=true

G4-JNI GetEnv version=0x00010002
android[2] trace: ....................(KK) MogaController :: Inside NativeOnMotionEvent

android[2] trace: (KK) MogaController :: Inside NativeOnMotionEvent ....................

android[2] trace: MusicManager::PlayNextTrack() try, fade=true, soundManager.IsInitialized()=true, soundManager.IsUserMusicPlaying()=false

android[2] trace: MusicManager::PlayTrack(): track=published/sounds/music/loading_01.mp3 fade=true

G4-JNI GetEnv version=0x00010002
android[2] trace: MusicManager::PlayNextTrack() try, fade=true, soundManager.IsInitialized()=true, soundManager.IsUserMusicPlaying()=false

android[2] trace: MusicManager::PlayTrack(): track=published/sounds/music/loading_01.mp3 fade=true

G4-JNI GetEnv version=0x00010002
android[2] trace: MusicManager::PlayNextTrack() try, fade=true, soundManager.IsInitialized()=true, soundManager.IsUserMusicPlaying()=false

android[2] trace: MusicManager::PlayTrack(): track=published/sounds/music/loading_01.mp3 fade=true

G4-JNI GetEnv version=0x00010002
android[2] trace: MusicManager::PlayNextTrack() try, fade=true, soundManager.IsInitialized()=true, soundManager.IsUserMusicPlaying()=false

android[2] trace: MusicManager::PlayTrack(): track=published/sounds/music/loading_01.mp3 fade=true

G4-JNI GetEnv version=0x00010002
android[2] trace: MusicManager::PlayNextTrack() try, fade=true, soundManager.IsInitialized()=true, soundManager.IsUserMusicPlaying()=false

android[2] trace: MusicManager::PlayTrack(): track=published/sounds/music/loading_01.mp3 fade=true

G4-JNI GetEnv version=0x00010002
android[2] trace: MusicManager::PlayNextTrack() try, fade=true, soundManager.IsInitialized()=true, soundManager.IsUserMusicPlaying()=false

android[2] trace: MusicManager::PlayTrack(): track=published/sounds/music/loading_01.mp3 fade=true

G4-JNI GetEnv version=0x00010002
android[2] trace: MusicManager::PlayNextTrack() try, fade=true, soundManager.IsInitialized()=true, soundManager.IsUserMusicPlaying()=false

android[2] trace: MusicManager::PlayTrack(): track=published/sounds/music/loading_01.mp3 fade=true

G4-JNI GetEnv version=0x00010002
android[2] trace: MusicManager::PlayNextTrack() try, fade=true, soundManager.IsInitialized()=true, soundManager.IsUserMusicPlaying()=false

android[2] trace: MusicManager::PlayTrack(): track=published/sounds/music/loading_01.mp3 fade=true

G4-JNI GetEnv version=0x00010002
android[2] trace: MusicManager::PlayNextTrack() try, fade=true, soundManager.IsInitialized()=true, soundManager.IsUserMusicPlaying()=false

android[2] trace: MusicManager::PlayTrack(): track=published/sounds/music/loading_01.mp3 fade=true

G4-JNI GetEnv version=0x00010002
android[2] trace: MusicManager::PlayNextTrack() try, fade=true, soundManager.IsInitialized()=true, soundManager.IsUserMusicPlaying()=false

android[2] trace: MusicManager::PlayTrack(): track=published/sounds/music/loading_01.mp3 fade=true

G4-JNI GetEnv version=0x00010002
android[2] trace: MusicManager::PlayNextTrack() try, fade=true, soundManager.IsInitialized()=true, soundManager.IsUserMusicPlaying()=false

android[2] trace: MusicManager::PlayTrack(): track=published/sounds/music/loading_01.mp3 fade=true

G4-JNI GetEnv version=0x00010002
android[2] trace: MusicManager::PlayNextTrack() try, fade=true, soundManager.IsInitialized()=true, soundManager.IsUserMusicPlaying()=false

android[2] trace: MusicManager::PlayTrack(): track=published/sounds/music/loading_01.mp3 fade=true

G4-JNI GetEnv version=0x00010002
android[2] trace: MusicManager::PlayNextTrack() try, fade=true, soundManager.IsInitialized()=true, soundManager.IsUserMusicPlaying()=false

android[2] trace: MusicManager::PlayTrack(): track=published/sounds/music/loading_01.mp3 fade=true

G4-JNI GetEnv version=0x00010002
android[2] trace: MusicManager::PlayNextTrack() try, fade=true, soundManager.IsInitialized()=true, soundManager.IsUserMusicPlaying()=false

android[2] trace: MusicManager::PlayTrack(): track=published/sounds/music/loading_01.mp3 fade=true

G4-JNI GetEnv version=0x00010002
android[2] trace: MusicManager::PlayNextTrack() try, fade=true, soundManager.IsInitialized()=true, soundManager.IsUserMusicPlaying()=false

android[2] trace: MusicManager::PlayTrack(): track=published/sounds/music/loading_01.mp3 fade=true

G4-JNI GetEnv version=0x00010002
android[2] trace: MusicManager::PlayNextTrack() try, fade=true, soundManager.IsInitialized()=true, soundManager.IsUserMusicPlaying()=false

android[2] trace: MusicManager::PlayTrack(): track=published/sounds/music/loading_01.mp3 fade=true

G4-JNI GetEnv version=0x00010002
android[2] trace: MusicManager::PlayNextTrack() try, fade=true, soundManager.IsInitialized()=true, soundManager.IsUserMusicPlaying()=false

android[2] trace: MusicManager::PlayTrack(): track=published/sounds/music/loading_01.mp3 fade=true

G4-JNI GetEnv version=0x00010002
android[2] trace: ....................(KK) MogaController :: Inside NativeOnMotionEvent

android[2] trace: (KK) MogaController :: Inside NativeOnMotionEvent ....................

android[2] trace: MusicManager::PlayNextTrack() try, fade=true, soundManager.IsInitialized()=true, soundManager.IsUserMusicPlaying()=false

android[2] trace: MusicManager::PlayTrack(): track=published/sounds/music/loading_01.mp3 fade=true

G4-JNI GetEnv version=0x00010002
android[2] trace: ....................(KK) MogaController :: Inside NativeOnMotionEvent

android[2] trace: (KK) MogaController :: Inside NativeOnMotionEvent ....................

android[2] trace: MusicManager::PlayNextTrack() try, fade=true, soundManager.IsInitialized()=true, soundManager.IsUserMusicPlaying()=false

android[2] trace: MusicManager::PlayTrack(): track=published/sounds/music/loading_01.mp3 fade=true

G4-JNI GetEnv version=0x00010002
android[2] trace: ....................(KK) MogaController :: Inside NativeOnMotionEvent

android[2] trace: (KK) MogaController :: Inside NativeOnMotionEvent ....................

android[2] trace: MusicManager::PlayNextTrack() try, fade=true, soundManager.IsInitialized()=true, soundManager.IsUserMusicPlaying()=false

android[2] trace: MusicManager::PlayTrack(): track=published/sounds/music/loading_01.mp3 fade=true

G4-JNI GetEnv version=0x00010002
android[2] trace: ....................(KK) MogaController :: Inside NativeOnMotionEvent

android[2] trace: (KK) MogaController :: Inside NativeOnMotionEvent ....................

android[2] trace: MusicManager::PlayNextTrack() try, fade=true, soundManager.IsInitialized()=true, soundManager.IsUserMusicPlaying()=false

android[2] trace: MusicManager::PlayTrack(): track=published/sounds/music/loading_01.mp3 fade=true

G4-JNI GetEnv version=0x00010002
android[2] trace: ....................(KK) MogaController :: Inside NativeOnMotionEvent

android[2] trace: MoGaConTrOlLeR :: ....................(KK) AndroidKeyCode :: MogaKeyCode (Start of func) .....................

android[2] trace: MoGaConTrOlLeR :: ....................(KK) AndroidKeyCode :: MogaKeyCode Key Dpad Right .....................

android[2] trace: MoGaConTrOlLeR :: ....................(KK) AndroidKeyCode :: MogaKeyCode (Start of func) .....................

android[2] trace: MoGaConTrOlLeR :: ....................(KK) AndroidKeyCode :: MogaKeyCode Key Dpad Right .....................

android[2] trace: (KK) MogaController :: Inside NativeOnMotionEvent ....................

android[2] trace: MusicManager::PlayNextTrack() try, fade=true, soundManager.IsInitialized()=true, soundManager.IsUserMusicPlaying()=false

android[2] trace: MusicManager::PlayTrack(): track=published/sounds/music/loading_01.mp3 fade=true

G4-JNI GetEnv version=0x00010002
android[2] trace: MusicManager::PlayNextTrack() try, fade=true, soundManager.IsInitialized()=true, soundManager.IsUserMusicPlaying()=false

android[2] trace: MusicManager::PlayTrack(): track=published/sounds/music/loading_01.mp3 fade=true

G4-JNI GetEnv version=0x00010002
android[2] trace: MusicManager::PlayNextTrack() try, fade=true, soundManager.IsInitialized()=true, soundManager.IsUserMusicPlaying()=false

android[2] trace: MusicManager::PlayTrack(): track=published/sounds/music/loading_01.mp3 fade=true

G4-JNI GetEnv version=0x00010002
android[2] trace: MusicManager::PlayNextTrack() try, fade=true, soundManager.IsInitialized()=true, soundManager.IsUserMusicPlaying()=false

android[2] trace: MusicManager::PlayTrack(): track=published/sounds/music/loading_01.mp3 fade=true

G4-JNI GetEnv version=0x00010002
android[2] trace: MusicManager::PlayNextTrack() try, fade=true, soundManager.IsInitialized()=true, soundManager.IsUserMusicPlaying()=false

android[2] trace: MusicManager::PlayTrack(): track=published/sounds/music/loading_01.mp3 fade=true

G4-JNI GetEnv version=0x00010002
android[2] trace: MusicManager::PlayNextTrack() try, fade=true, soundManager.IsInitialized()=true, soundManager.IsUserMusicPlaying()=false

android[2] trace: MusicManager::PlayTrack(): track=published/sounds/music/loading_01.mp3 fade=true

G4-JNI GetEnv version=0x00010002
android[2] trace: MusicManager::PlayNextTrack() try, fade=true, soundManager.IsInitialized()=true, soundManager.IsUserMusicPlaying()=false

android[2] trace: MusicManager::PlayTrack(): track=published/sounds/music/loading_01.mp3 fade=true

G4-JNI GetEnv version=0x00010002
android[2] trace: MusicManager::PlayNextTrack() try, fade=true, soundManager.IsInitialized()=true, soundManager.IsUserMusicPlaying()=false

android[2] trace: MusicManager::PlayTrack(): track=published/sounds/music/loading_01.mp3 fade=true

G4-JNI GetEnv version=0x00010002
android[2] trace: MusicManager::PlayNextTrack() try, fade=true, soundManager.IsInitialized()=true, soundManager.IsUserMusicPlaying()=false

android[2] trace: MusicManager::PlayTrack(): track=published/sounds/music/loading_01.mp3 fade=true

G4-JNI GetEnv version=0x00010002
android[2] trace: ....................(KK) MogaController :: Inside NativeOnMotionEvent

android[2] trace: (KK) MogaController :: Inside NativeOnMotionEvent ....................

android[2] trace: MusicManager::PlayNextTrack() try, fade=true, soundManager.IsInitialized()=true, soundManager.IsUserMusicPlaying()=false

android[2] trace: MusicManager::PlayTrack(): track=published/sounds/music/loading_01.mp3 fade=true

G4-JNI GetEnv version=0x00010002
android[2] trace: ....................(KK) MogaController :: Inside NativeOnMotionEvent

android[2] trace: (KK) MogaController :: Inside NativeOnMotionEvent ....................

android[2] trace: MusicManager::PlayNextTrack() try, fade=true, soundManager.IsInitialized()=true, soundManager.IsUserMusicPlaying()=false

android[2] trace: MusicManager::PlayTrack(): track=published/sounds/music/loading_01.mp3 fade=true

G4-JNI GetEnv version=0x00010002
android[2] trace: MusicManager::PlayNextTrack() try, fade=true, soundManager.IsInitialized()=true, soundManager.IsUserMusicPlaying()=false

android[2] trace: MusicManager::PlayTrack(): track=published/sounds/music/loading_01.mp3 fade=true

G4-JNI GetEnv version=0x00010002
android[2] trace: MusicManager::PlayNextTrack() try, fade=true, soundManager.IsInitialized()=true, soundManager.IsUserMusicPlaying()=false

android[2] trace: MusicManager::PlayTrack(): track=published/sounds/music/loading_01.mp3 fade=true

G4-JNI GetEnv version=0x00010002
android[2] trace: MusicManager::PlayNextTrack() try, fade=true, soundManager.IsInitialized()=true, soundManager.IsUserMusicPlaying()=false

android[2] trace: MusicManager::PlayTrack(): track=published/sounds/music/loading_01.mp3 fade=true

G4-JNI GetEnv version=0x00010002
android[2] trace: MusicManager::PlayNextTrack() try, fade=true, soundManager.IsInitialized()=true, soundManager.IsUserMusicPlaying()=false

android[2] trace: MusicManager::PlayTrack(): track=published/sounds/music/loading_01.mp3 fade=true

G4-JNI GetEnv version=0x00010002
android[2] trace: MusicManager::PlayNextTrack() try, fade=true, soundManager.IsInitialized()=true, soundManager.IsUserMusicPlaying()=false

android[2] trace: MusicManager::PlayTrack(): track=published/sounds/music/loading_01.mp3 fade=true

G4-JNI GetEnv version=0x00010002
android[2] trace: MusicManager::PlayNextTrack() try, fade=true, soundManager.IsInitialized()=true, soundManager.IsUserMusicPlaying()=false

android[2] trace: MusicManager::PlayTrack(): track=published/sounds/music/loading_01.mp3 fade=true

G4-JNI GetEnv version=0x00010002
android[2] trace: MusicManager::PlayNextTrack() try, fade=true, soundManager.IsInitialized()=true, soundManager.IsUserMusicPlaying()=false

android[2] trace: MusicManager::PlayTrack(): track=published/sounds/music/loading_01.mp3 fade=true

G4-JNI GetEnv version=0x00010002
android[2] trace: MusicManager::PlayNextTrack() try, fade=true, soundManager.IsInitialized()=true, soundManager.IsUserMusicPlaying()=false

android[2] trace: MusicManager::PlayTrack(): track=published/sounds/music/loading_01.mp3 fade=true

G4-JNI GetEnv version=0x00010002
android[2] trace: MusicManager::PlayNextTrack() try, fade=true, soundManager.IsInitialized()=true, soundManager.IsUserMusicPlaying()=false

android[2] trace: MusicManager::PlayTrack(): track=published/sounds/music/loading_01.mp3 fade=true

G4-JNI GetEnv version=0x00010002
android[2] trace: MusicManager::PlayNextTrack() try, fade=true, soundManager.IsInitialized()=true, soundManager.IsUserMusicPlaying()=false

android[2] trace: MusicManager::PlayTrack(): track=published/sounds/music/loading_01.mp3 fade=true

G4-JNI GetEnv version=0x00010002
android[2] trace: MusicManager::PlayNextTrack() try, fade=true, soundManager.IsInitialized()=true, soundManager.IsUserMusicPlaying()=false

android[2] trace: MusicManager::PlayTrack(): track=published/sounds/music/loading_01.mp3 fade=true

G4-JNI GetEnv version=0x00010002
android[2] trace: MusicManager::PlayNextTrack() try, fade=true, soundManager.IsInitialized()=true, soundManager.IsUserMusicPlaying()=false

android[2] trace: MusicManager::PlayTrack(): track=published/sounds/music/loading_01.mp3 fade=true

G4-JNI GetEnv version=0x00010002
android[2] trace: MusicManager::PlayNextTrack() try, fade=true, soundManager.IsInitialized()=true, soundManager.IsUserMusicPlaying()=false

android[2] trace: MusicManager::PlayTrack(): track=published/sounds/music/loading_01.mp3 fade=true

G4-JNI GetEnv version=0x00010002
android[2] trace: MoGaConTrOlLeR :: ....................(KK) MogaController :: Inside nativeOnKeyEvent 

android[2] trace: ....................(KK) MogaController :: Inside nativeOnKeyEvent 108

android[2] trace: MoGaConTrOlLeR :: ....................(KK) Key Event Key Start TTTT .....................

android[2] trace: MoGaConTrOlLeR :: ....................(KK) Key Event Key Down .....................

android[2] trace: MoGaConTrOlLeR :: ....................(KK) Listener Key Press .....................

android[2] trace: MoGaConTrOlLeR :: ....................(KK) AndroidKeyCode :: MogaKeyCode (Start of func) .....................

android[2] trace: MoGaConTrOlLeR :: ....................(KK) AndroidKeyCode :: MogaKeyCode Key Press Start(KeyB) .....................

android[2] trace: MoGaConTrOlLeR :: (KK) MogaController :: Inside nativeOnKeyEvent ....................

G6-MOGA key frame=1006 code=108 state=down
android[2] trace: MusicManager::PlayNextTrack() try, fade=true, soundManager.IsInitialized()=true, soundManager.IsUserMusicPlaying()=false

android[2] trace: MusicManager::PlayTrack(): track=published/sounds/music/loading_01.mp3 fade=true

G4-JNI GetEnv version=0x00010002
android[2] trace: MusicManager::PlayNextTrack() try, fade=true, soundManager.IsInitialized()=true, soundManager.IsUserMusicPlaying()=false

android[2] trace: MusicManager::PlayTrack(): track=published/sounds/music/loading_01.mp3 fade=true

G4-JNI GetEnv version=0x00010002
android[2] trace: MusicManager::PlayNextTrack() try, fade=true, soundManager.IsInitialized()=true, soundManager.IsUserMusicPlaying()=false

android[2] trace: MusicManager::PlayTrack(): track=published/sounds/music/loading_01.mp3 fade=true

G4-JNI GetEnv version=0x00010002
android[2] trace: MusicManager::PlayNextTrack() try, fade=true, soundManager.IsInitialized()=true, soundManager.IsUserMusicPlaying()=false

android[2] trace: MusicManager::PlayTrack(): track=published/sounds/music/loading_01.mp3 fade=true

G4-JNI GetEnv version=0x00010002
android[2] trace: MusicManager::PlayNextTrack() try, fade=true, soundManager.IsInitialized()=true, soundManager.IsUserMusicPlaying()=false

android[2] trace: MusicManager::PlayTrack(): track=published/sounds/music/loading_01.mp3 fade=true

G4-JNI GetEnv version=0x00010002
android[2] trace: MusicManager::PlayNextTrack() try, fade=true, soundManager.IsInitialized()=true, soundManager.IsUserMusicPlaying()=false

android[2] trace: MusicManager::PlayTrack(): track=published/sounds/music/loading_01.mp3 fade=true

G4-JNI GetEnv version=0x00010002
android[2] trace: MusicManager::PlayNextTrack() try, fade=true, soundManager.IsInitialized()=true, soundManager.IsUserMusicPlaying()=false

android[2] trace: MusicManager::PlayTrack(): track=published/sounds/music/loading_01.mp3 fade=true

G4-JNI GetEnv version=0x00010002
android[2] trace: MusicManager::PlayNextTrack() try, fade=true, soundManager.IsInitialized()=true, soundManager.IsUserMusicPlaying()=false

android[2] trace: MusicManager::PlayTrack(): track=published/sounds/music/loading_01.mp3 fade=true

G4-JNI GetEnv version=0x00010002
android[2] trace: MusicManager::PlayNextTrack() try, fade=true, soundManager.IsInitialized()=true, soundManager.IsUserMusicPlaying()=false

android[2] trace: MusicManager::PlayTrack(): track=published/sounds/music/loading_01.mp3 fade=true

G4-JNI GetEnv version=0x00010002
android[2] trace: MusicManager::PlayNextTrack() try, fade=true, soundManager.IsInitialized()=true, soundManager.IsUserMusicPlaying()=false

android[2] trace: MusicManager::PlayTrack(): track=published/sounds/music/loading_01.mp3 fade=true

G4-JNI GetEnv version=0x00010002
android[2] trace: MusicManager::PlayNextTrack() try, fade=true, soundManager.IsInitialized()=true, soundManager.IsUserMusicPlaying()=false

android[2] trace: MusicManager::PlayTrack(): track=published/sounds/music/loading_01.mp3 fade=true

G4-JNI GetEnv version=0x00010002
android[2] trace: MoGaConTrOlLeR :: ....................(KK) MogaController :: Inside nativeOnKeyEvent 

android[2] trace: ....................(KK) MogaController :: Inside nativeOnKeyEvent 108

android[2] trace: MoGaConTrOlLeR :: ....................(KK) Key Event Key Start TTTT .....................

android[2] trace: MoGaConTrOlLeR :: ....................(KK) Key Event Key up .....................

android[2] trace: MoGaConTrOlLeR :: ....................(KK) Listener Key Release .....................

android[2] trace: MoGaConTrOlLeR :: ....................(KK) AndroidKeyCode :: MogaKeyCode (Start of func) .....................

android[2] trace: MoGaConTrOlLeR :: ....................(KK) AndroidKeyCode :: MogaKeyCode Key Press Start(KeyB) .....................

android[2] trace: MoGaConTrOlLeR :: (KK) MogaController :: Inside nativeOnKeyEvent ....................

G6-MOGA key frame=1017 code=108 state=up
android[2] trace: MusicManager::PlayNextTrack() try, fade=true, soundManager.IsInitialized()=true, soundManager.IsUserMusicPlaying()=false

android[2] trace: MusicManager::PlayTrack(): track=published/sounds/music/loading_01.mp3 fade=true

G4-JNI GetEnv version=0x00010002
android[2] trace: MusicManager::PlayNextTrack() try, fade=true, soundManager.IsInitialized()=true, soundManager.IsUserMusicPlaying()=false

android[2] trace: MusicManager::PlayTrack(): track=published/sounds/music/loading_01.mp3 fade=true

G4-JNI GetEnv version=0x00010002
android[2] trace: MusicManager::PlayNextTrack() try, fade=true, soundManager.IsInitialized()=true, soundManager.IsUserMusicPlaying()=false

android[2] trace: MusicManager::PlayTrack(): track=published/sounds/music/loading_01.mp3 fade=true

G4-JNI GetEnv version=0x00010002
android[2] trace: MusicManager::PlayNextTrack() try, fade=true, soundManager.IsInitialized()=true, soundManager.IsUserMusicPlaying()=false

android[2] trace: MusicManager::PlayTrack(): track=published/sounds/music/loading_01.mp3 fade=true

G4-JNI GetEnv version=0x00010002
android[2] trace: MusicManager::PlayNextTrack() try, fade=true, soundManager.IsInitialized()=true, soundManager.IsUserMusicPlaying()=false

android[2] trace: MusicManager::PlayTrack(): track=published/sounds/music/loading_01.mp3 fade=true

G4-JNI GetEnv version=0x00010002
android[2] trace: MusicManager::PlayNextTrack() try, fade=true, soundManager.IsInitialized()=true, soundManager.IsUserMusicPlaying()=false

android[2] trace: MusicManager::PlayTrack(): track=published/sounds/music/loading_01.mp3 fade=true

G4-JNI GetEnv version=0x00010002
android[2] trace: MusicManager::PlayNextTrack() try, fade=true, soundManager.IsInitialized()=true, soundManager.IsUserMusicPlaying()=false

android[2] trace: MusicManager::PlayTrack(): track=published/sounds/music/loading_01.mp3 fade=true

G4-JNI GetEnv version=0x00010002
G4-JNI GetEnv version=0x00010006
android[2] trace: MusicManager::PlayNextTrack() try, fade=true, soundManager.IsInitialized()=true, soundManager.IsUserMusicPlaying()=false

android[2] trace: MusicManager::PlayTrack(): track=published/sounds/music/loading_01.mp3 fade=true

G4-JNI GetEnv version=0x00010002
android[2] trace: MusicManager::PlayNextTrack() try, fade=true, soundManager.IsInitialized()=true, soundManager.IsUserMusicPlaying()=false

android[2] trace: MusicManager::PlayTrack(): track=published/sounds/music/loading_01.mp3 fade=true

G4-JNI GetEnv version=0x00010002
android[2] trace: MusicManager::PlayNextTrack() try, fade=true, soundManager.IsInitialized()=true, soundManager.IsUserMusicPlaying()=false

android[2] trace: MusicManager::PlayTrack(): track=published/sounds/music/loading_01.mp3 fade=true

G4-JNI GetEnv version=0x00010002
android[2] trace: MusicManager::PlayNextTrack() try, fade=true, soundManager.IsInitialized()=true, soundManager.IsUserMusicPlaying()=false

android[2] trace: MusicManager::PlayTrack(): track=published/sounds/music/loading_01.mp3 fade=true

G4-JNI GetEnv version=0x00010002
android[2] trace: MusicManager::PlayNextTrack() try, fade=true, soundManager.IsInitialized()=true, soundManager.IsUserMusicPlaying()=false

android[2] trace: MusicManager::PlayTrack(): track=published/sounds/music/loading_01.mp3 fade=true

G4-JNI GetEnv version=0x00010002
android[2] trace: MusicManager::PlayNextTrack() try, fade=true, soundManager.IsInitialized()=true, soundManager.IsUserMusicPlaying()=false

android[2] trace: MusicManager::PlayTrack(): track=published/sounds/music/loading_01.mp3 fade=true

G4-JNI GetEnv version=0x00010002
android[2] trace: MusicManager::PlayNextTrack() try, fade=true, soundManager.IsInitialized()=true, soundManager.IsUserMusicPlaying()=false

android[2] trace: MusicManager::PlayTrack(): track=published/sounds/music/loading_01.mp3 fade=true

G4-JNI GetEnv version=0x00010002
android[2] trace: MusicManager::PlayNextTrack() try, fade=true, soundManager.IsInitialized()=true, soundManager.IsUserMusicPlaying()=false

android[2] trace: MusicManager::PlayTrack(): track=published/sounds/music/loading_01.mp3 fade=true

G4-JNI GetEnv version=0x00010002
android[2] trace: MusicManager::PlayNextTrack() try, fade=true, soundManager.IsInitialized()=true, soundManager.IsUserMusicPlaying()=false

android[2] trace: MusicManager::PlayTrack(): track=published/sounds/music/loading_01.mp3 fade=true

G4-JNI GetEnv version=0x00010002
android[2] trace: MusicManager::PlayNextTrack() try, fade=true, soundManager.IsInitialized()=true, soundManager.IsUserMusicPlaying()=false

android[2] trace: MusicManager::PlayTrack(): track=published/sounds/music/loading_01.mp3 fade=true

G4-JNI GetEnv version=0x00010002
android[2] trace: MusicManager::PlayNextTrack() try, fade=true, soundManager.IsInitialized()=true, soundManager.IsUserMusicPlaying()=false

android[2] trace: MusicManager::PlayTrack(): track=published/sounds/music/loading_01.mp3 fade=true

G4-JNI GetEnv version=0x00010002
android[2] trace: MusicManager::PlayNextTrack() try, fade=true, soundManager.IsInitialized()=true, soundManager.IsUserMusicPlaying()=false

android[2] trace: MusicManager::PlayTrack(): track=published/sounds/music/loading_01.mp3 fade=true

G4-JNI GetEnv version=0x00010002
android[2] trace: MusicManager::PlayNextTrack() try, fade=true, soundManager.IsInitialized()=true, soundManager.IsUserMusicPlaying()=false

android[2] trace: MusicManager::PlayTrack(): track=published/sounds/music/loading_01.mp3 fade=true

G4-JNI GetEnv version=0x00010002
android[2] trace: MusicManager::PlayNextTrack() try, fade=true, soundManager.IsInitialized()=true, soundManager.IsUserMusicPlaying()=false

android[2] trace: MusicManager::PlayTrack(): track=published/sounds/music/loading_01.mp3 fade=true

G4-JNI GetEnv version=0x00010002
android[2] trace: MusicManager::PlayNextTrack() try, fade=true, soundManager.IsInitialized()=true, soundManager.IsUserMusicPlaying()=false

android[2] trace: MusicManager::PlayTrack(): track=published/sounds/music/loading_01.mp3 fade=true

G4-JNI GetEnv version=0x00010002
android[2] trace: MusicManager::PlayNextTrack() try, fade=true, soundManager.IsInitialized()=true, soundManager.IsUserMusicPlaying()=false

android[2] trace: MusicManager::PlayTrack(): track=published/sounds/music/loading_01.mp3 fade=true

G4-JNI GetEnv version=0x00010002
android[2] trace: MusicManager::PlayNextTrack() try, fade=true, soundManager.IsInitialized()=true, soundManager.IsUserMusicPlaying()=false

android[2] trace: MusicManager::PlayTrack(): track=published/sounds/music/loading_01.mp3 fade=true

G4-JNI GetEnv version=0x00010002
android[2] trace: MusicManager::PlayNextTrack() try, fade=true, soundManager.IsInitialized()=true, soundManager.IsUserMusicPlaying()=false

android[2] trace: MusicManager::PlayTrack(): track=published/sounds/music/loading_01.mp3 fade=true

G4-JNI GetEnv version=0x00010002
android[2] trace: MusicManager::PlayNextTrack() try, fade=true, soundManager.IsInitialized()=true, soundManager.IsUserMusicPlaying()=false

android[2] trace: MusicManager::PlayTrack(): track=published/sounds/music/loading_01.mp3 fade=true

G4-JNI GetEnv version=0x00010002
android[2] trace: MusicManager::PlayNextTrack() try, fade=true, soundManager.IsInitialized()=true, soundManager.IsUserMusicPlaying()=false

android[2] trace: MusicManager::PlayTrack(): track=published/sounds/music/loading_01.mp3 fade=true

G4-JNI GetEnv version=0x00010002
android[2] trace: MusicManager::PlayNextTrack() try, fade=true, soundManager.IsInitialized()=true, soundManager.IsUserMusicPlaying()=false

android[2] trace: MusicManager::PlayTrack(): track=published/sounds/music/loading_01.mp3 fade=true

G4-JNI GetEnv version=0x00010002
android[2] trace: MusicManager::PlayNextTrack() try, fade=true, soundManager.IsInitialized()=true, soundManager.IsUserMusicPlaying()=false

android[2] trace: MusicManager::PlayTrack(): track=published/sounds/music/loading_01.mp3 fade=true

G4-JNI GetEnv version=0x00010002
android[2] trace: MusicManager::PlayNextTrack() try, fade=true, soundManager.IsInitialized()=true, soundManager.IsUserMusicPlaying()=false

android[2] trace: MusicManager::PlayTrack(): track=published/sounds/music/loading_01.mp3 fade=true

G4-JNI GetEnv version=0x00010002
android[2] trace: MusicManager::PlayNextTrack() try, fade=true, soundManager.IsInitialized()=true, soundManager.IsUserMusicPlaying()=false

android[2] trace: MusicManager::PlayTrack(): track=published/sounds/music/loading_01.mp3 fade=true

G4-JNI GetEnv version=0x00010002
android[2] trace: MusicManager::PlayNextTrack() try, fade=true, soundManager.IsInitialized()=true, soundManager.IsUserMusicPlaying()=false

android[2] trace: MusicManager::PlayTrack(): track=published/sounds/music/loading_01.mp3 fade=true

G4-JNI GetEnv version=0x00010002
android[2] trace: MusicManager::PlayNextTrack() try, fade=true, soundManager.IsInitialized()=true, soundManager.IsUserMusicPlaying()=false

android[2] trace: MusicManager::PlayTrack(): track=published/sounds/music/loading_01.mp3 fade=true

G4-JNI GetEnv version=0x00010002
android[2] trace: MusicManager::PlayNextTrack() try, fade=true, soundManager.IsInitialized()=true, soundManager.IsUserMusicPlaying()=false

android[2] trace: MusicManager::PlayTrack(): track=published/sounds/music/loading_01.mp3 fade=true

G4-JNI GetEnv version=0x00010002
android[2] trace: MusicManager::PlayNextTrack() try, fade=true, soundManager.IsInitialized()=true, soundManager.IsUserMusicPlaying()=false

android[2] trace: MusicManager::PlayTrack(): track=published/sounds/music/loading_01.mp3 fade=true

G4-JNI GetEnv version=0x00010002
android[2] trace: MusicManager::PlayNextTrack() try, fade=true, soundManager.IsInitialized()=true, soundManager.IsUserMusicPlaying()=false

android[2] trace: MusicManager::PlayTrack(): track=published/sounds/music/loading_01.mp3 fade=true

G4-JNI GetEnv version=0x00010002
android[2] trace: MusicManager::PlayNextTrack() try, fade=true, soundManager.IsInitialized()=true, soundManager.IsUserMusicPlaying()=false

android[2] trace: MusicManager::PlayTrack(): track=published/sounds/music/loading_01.mp3 fade=true

G4-JNI GetEnv version=0x00010002
android[2] trace: MusicManager::PlayNextTrack() try, fade=true, soundManager.IsInitialized()=true, soundManager.IsUserMusicPlaying()=false

android[2] trace: MusicManager::PlayTrack(): track=published/sounds/music/loading_01.mp3 fade=true

G4-JNI GetEnv version=0x00010002
android[2] trace: MusicManager::PlayNextTrack() try, fade=true, soundManager.IsInitialized()=true, soundManager.IsUserMusicPlaying()=false

android[2] trace: MusicManager::PlayTrack(): track=published/sounds/music/loading_01.mp3 fade=true

G4-JNI GetEnv version=0x00010002
android[2] trace: MusicManager::PlayNextTrack() try, fade=true, soundManager.IsInitialized()=true, soundManager.IsUserMusicPlaying()=false

android[2] trace: MusicManager::PlayTrack(): track=published/sounds/music/loading_01.mp3 fade=true

G4-JNI GetEnv version=0x00010002
android[2] trace: MusicManager::PlayNextTrack() try, fade=true, soundManager.IsInitialized()=true, soundManager.IsUserMusicPlaying()=false

android[2] trace: MusicManager::PlayTrack(): track=published/sounds/music/loading_01.mp3 fade=true

G4-JNI GetEnv version=0x00010002
android[2] trace: MusicManager::PlayNextTrack() try, fade=true, soundManager.IsInitialized()=true, soundManager.IsUserMusicPlaying()=false

android[2] trace: MusicManager::PlayTrack(): track=published/sounds/music/loading_01.mp3 fade=true

G4-JNI GetEnv version=0x00010002
android[2] trace: MusicManager::PlayNextTrack() try, fade=true, soundManager.IsInitialized()=true, soundManager.IsUserMusicPlaying()=false

android[2] trace: MusicManager::PlayTrack(): track=published/sounds/music/loading_01.mp3 fade=true

G4-JNI GetEnv version=0x00010002
android[2] trace: MusicManager::PlayNextTrack() try, fade=true, soundManager.IsInitialized()=true, soundManager.IsUserMusicPlaying()=false

android[2] trace: MusicManager::PlayTrack(): track=published/sounds/music/loading_01.mp3 fade=true

G4-JNI GetEnv version=0x00010002
android[2] trace: MusicManager::PlayNextTrack() try, fade=true, soundManager.IsInitialized()=true, soundManager.IsUserMusicPlaying()=false

android[2] trace: MusicManager::PlayTrack(): track=published/sounds/music/loading_01.mp3 fade=true

G4-JNI GetEnv version=0x00010002
android[2] trace: MusicManager::PlayNextTrack() try, fade=true, soundManager.IsInitialized()=true, soundManager.IsUserMusicPlaying()=false

android[2] trace: MusicManager::PlayTrack(): track=published/sounds/music/loading_01.mp3 fade=true

G4-JNI GetEnv version=0x00010002
android[2] trace: MusicManager::PlayNextTrack() try, fade=true, soundManager.IsInitialized()=true, soundManager.IsUserMusicPlaying()=false

android[2] trace: MusicManager::PlayTrack(): track=published/sounds/music/loading_01.mp3 fade=true

G4-JNI GetEnv version=0x00010002
android[2] trace: MusicManager::PlayNextTrack() try, fade=true, soundManager.IsInitialized()=true, soundManager.IsUserMusicPlaying()=false

android[2] trace: MusicManager::PlayTrack(): track=published/sounds/music/loading_01.mp3 fade=true

G4-JNI GetEnv version=0x00010002
android[2] trace: MusicManager::PlayNextTrack() try, fade=true, soundManager.IsInitialized()=true, soundManager.IsUserMusicPlaying()=false

android[2] trace: MusicManager::PlayTrack(): track=published/sounds/music/loading_01.mp3 fade=true

G4-JNI GetEnv version=0x00010002
android[2] trace: MusicManager::PlayNextTrack() try, fade=true, soundManager.IsInitialized()=true, soundManager.IsUserMusicPlaying()=false

android[2] trace: MusicManager::PlayTrack(): track=published/sounds/music/loading_01.mp3 fade=true

G4-JNI GetEnv version=0x00010002
android[2] trace: MusicManager::PlayNextTrack() try, fade=true, soundManager.IsInitialized()=true, soundManager.IsUserMusicPlaying()=false

android[2] trace: MusicManager::PlayTrack(): track=published/sounds/music/loading_01.mp3 fade=true

G4-JNI GetEnv version=0x00010002
android[2] trace: MusicManager::PlayNextTrack() try, fade=true, soundManager.IsInitialized()=true, soundManager.IsUserMusicPlaying()=false

android[2] trace: MusicManager::PlayTrack(): track=published/sounds/music/loading_01.mp3 fade=true

G4-JNI GetEnv version=0x00010002
android[2] trace: MusicManager::PlayNextTrack() try, fade=true, soundManager.IsInitialized()=true, soundManager.IsUserMusicPlaying()=false

android[2] trace: MusicManager::PlayTrack(): track=published/sounds/music/loading_01.mp3 fade=true

G4-JNI GetEnv version=0x00010002
android[2] trace: MusicManager::PlayNextTrack() try, fade=true, soundManager.IsInitialized()=true, soundManager.IsUserMusicPlaying()=false

android[2] trace: MusicManager::PlayTrack(): track=published/sounds/music/loading_01.mp3 fade=true

G4-JNI GetEnv version=0x00010002
android[2] trace: MusicManager::PlayNextTrack() try, fade=true, soundManager.IsInitialized()=true, soundManager.IsUserMusicPlaying()=false

android[2] trace: MusicManager::PlayTrack(): track=published/sounds/music/loading_01.mp3 fade=true

G4-JNI GetEnv version=0x00010002
android[2] trace: MusicManager::PlayNextTrack() try, fade=true, soundManager.IsInitialized()=true, soundManager.IsUserMusicPlaying()=false

android[2] trace: MusicManager::PlayTrack(): track=published/sounds/music/loading_01.mp3 fade=true

G4-JNI GetEnv version=0x00010002
android[2] trace: MusicManager::PlayNextTrack() try, fade=true, soundManager.IsInitialized()=true, soundManager.IsUserMusicPlaying()=false

android[2] trace: MusicManager::PlayTrack(): track=published/sounds/music/loading_01.mp3 fade=true

G4-JNI GetEnv version=0x00010002
android[2] trace: MusicManager::PlayNextTrack() try, fade=true, soundManager.IsInitialized()=true, soundManager.IsUserMusicPlaying()=false

android[2] trace: MusicManager::PlayTrack(): track=published/sounds/music/loading_01.mp3 fade=true

G4-JNI GetEnv version=0x00010002
android[2] trace: MusicManager::PlayNextTrack() try, fade=true, soundManager.IsInitialized()=true, soundManager.IsUserMusicPlaying()=false

android[2] trace: MusicManager::PlayTrack(): track=published/sounds/music/loading_01.mp3 fade=true

G4-JNI GetEnv version=0x00010002
android[2] trace: MusicManager::PlayNextTrack() try, fade=true, soundManager.IsInitialized()=true, soundManager.IsUserMusicPlaying()=false

android[2] trace: MusicManager::PlayTrack(): track=published/sounds/music/loading_01.mp3 fade=true

G4-JNI GetEnv version=0x00010002
android[2] trace: MusicManager::PlayNextTrack() try, fade=true, soundManager.IsInitialized()=true, soundManager.IsUserMusicPlaying()=false

android[2] trace: MusicManager::PlayTrack(): track=published/sounds/music/loading_01.mp3 fade=true

G4-JNI GetEnv version=0x00010002
android[2] trace: MusicManager::PlayNextTrack() try, fade=true, soundManager.IsInitialized()=true, soundManager.IsUserMusicPlaying()=false

android[2] trace: MusicManager::PlayTrack(): track=published/sounds/music/loading_01.mp3 fade=true

G4-JNI GetEnv version=0x00010002
android[2] trace: MusicManager::PlayNextTrack() try, fade=true, soundManager.IsInitialized()=true, soundManager.IsUserMusicPlaying()=false

android[2] trace: MusicManager::PlayTrack(): track=published/sounds/music/loading_01.mp3 fade=true

G4-JNI GetEnv version=0x00010002
android[2] trace: MusicManager::PlayNextTrack() try, fade=true, soundManager.IsInitialized()=true, soundManager.IsUserMusicPlaying()=false

android[2] trace: MusicManager::PlayTrack(): track=published/sounds/music/loading_01.mp3 fade=true

G4-JNI GetEnv version=0x00010002
android[2] trace: MusicManager::PlayNextTrack() try, fade=true, soundManager.IsInitialized()=true, soundManager.IsUserMusicPlaying()=false

android[2] trace: MusicManager::PlayTrack(): track=published/sounds/music/loading_01.mp3 fade=true

G4-JNI GetEnv version=0x00010002
android[2] trace: MusicManager::PlayNextTrack() try, fade=true, soundManager.IsInitialized()=true, soundManager.IsUserMusicPlaying()=false

android[2] trace: MusicManager::PlayTrack(): track=published/sounds/music/loading_01.mp3 fade=true

G4-JNI GetEnv version=0x00010002
android[2] trace: MusicManager::PlayNextTrack() try, fade=true, soundManager.IsInitialized()=true, soundManager.IsUserMusicPlaying()=false

android[2] trace: MusicManager::PlayTrack(): track=published/sounds/music/loading_01.mp3 fade=true

G4-JNI GetEnv version=0x00010002
android[2] trace: MusicManager::PlayNextTrack() try, fade=true, soundManager.IsInitialized()=true, soundManager.IsUserMusicPlaying()=false

android[2] trace: MusicManager::PlayTrack(): track=published/sounds/music/loading_01.mp3 fade=true

G4-JNI GetEnv version=0x00010002
android[2] trace: MusicManager::PlayNextTrack() try, fade=true, soundManager.IsInitialized()=true, soundManager.IsUserMusicPlaying()=false

android[2] trace: MusicManager::PlayTrack(): track=published/sounds/music/loading_01.mp3 fade=true

G4-JNI GetEnv version=0x00010002
android[2] trace: MusicManager::PlayNextTrack() try, fade=true, soundManager.IsInitialized()=true, soundManager.IsUserMusicPlaying()=false

android[2] trace: MusicManager::PlayTrack(): track=published/sounds/music/loading_01.mp3 fade=true

G4-JNI GetEnv version=0x00010002
android[2] trace: MusicManager::PlayNextTrack() try, fade=true, soundManager.IsInitialized()=true, soundManager.IsUserMusicPlaying()=false

android[2] trace: MusicManager::PlayTrack(): track=published/sounds/music/loading_01.mp3 fade=true

G4-JNI GetEnv version=0x00010002
android[2] trace: MusicManager::PlayNextTrack() try, fade=true, soundManager.IsInitialized()=true, soundManager.IsUserMusicPlaying()=false

android[2] trace: MusicManager::PlayTrack(): track=published/sounds/music/loading_01.mp3 fade=true

G4-JNI GetEnv version=0x00010002
android[2] trace: MusicManager::PlayNextTrack() try, fade=true, soundManager.IsInitialized()=true, soundManager.IsUserMusicPlaying()=false

android[2] trace: MusicManager::PlayTrack(): track=published/sounds/music/loading_01.mp3 fade=true

G4-JNI GetEnv version=0x00010002
android[2] trace: MusicManager::PlayNextTrack() try, fade=true, soundManager.IsInitialized()=true, soundManager.IsUserMusicPlaying()=false

android[2] trace: MusicManager::PlayTrack(): track=published/sounds/music/loading_01.mp3 fade=true

G4-JNI GetEnv version=0x00010002
android[2] trace: MusicManager::PlayNextTrack() try, fade=true, soundManager.IsInitialized()=true, soundManager.IsUserMusicPlaying()=false

android[2] trace: MusicManager::PlayTrack(): track=published/sounds/music/loading_01.mp3 fade=true

G4-JNI GetEnv version=0x00010002
android[2] trace: MusicManager::PlayNextTrack() try, fade=true, soundManager.IsInitialized()=true, soundManager.IsUserMusicPlaying()=false

android[2] trace: MusicManager::PlayTrack(): track=published/sounds/music/loading_01.mp3 fade=true

G4-JNI GetEnv version=0x00010002
android[2] trace: MusicManager::PlayNextTrack() try, fade=true, soundManager.IsInitialized()=true, soundManager.IsUserMusicPlaying()=false

android[2] trace: MusicManager::PlayTrack(): track=published/sounds/music/loading_01.mp3 fade=true

G4-JNI GetEnv version=0x00010002
android[2] trace: MusicManager::PlayNextTrack() try, fade=true, soundManager.IsInitialized()=true, soundManager.IsUserMusicPlaying()=false

android[2] trace: MusicManager::PlayTrack(): track=published/sounds/music/loading_01.mp3 fade=true

G4-JNI GetEnv version=0x00010002
android[2] trace: MusicManager::PlayNextTrack() try, fade=true, soundManager.IsInitialized()=true, soundManager.IsUserMusicPlaying()=false

android[2] trace: MusicManager::PlayTrack(): track=published/sounds/music/loading_01.mp3 fade=true

G4-JNI GetEnv version=0x00010002
android[2] trace: MusicManager::PlayNextTrack() try, fade=true, soundManager.IsInitialized()=true, soundManager.IsUserMusicPlaying()=false

android[2] trace: MusicManager::PlayTrack(): track=published/sounds/music/loading_01.mp3 fade=true

G4-JNI GetEnv version=0x00010002
android[2] trace: MusicManager::PlayNextTrack() try, fade=true, soundManager.IsInitialized()=true, soundManager.IsUserMusicPlaying()=false

android[2] trace: MusicManager::PlayTrack(): track=published/sounds/music/loading_01.mp3 fade=true

G4-JNI GetEnv version=0x00010002
android[2] trace: MusicManager::PlayNextTrack() try, fade=true, soundManager.IsInitialized()=true, soundManager.IsUserMusicPlaying()=false

android[2] trace: MusicManager::PlayTrack(): track=published/sounds/music/loading_01.mp3 fade=true

G4-JNI GetEnv version=0x00010002
android[2] trace: MusicManager::PlayNextTrack() try, fade=true, soundManager.IsInitialized()=true, soundManager.IsUserMusicPlaying()=false

android[2] trace: MusicManager::PlayTrack(): track=published/sounds/music/loading_01.mp3 fade=true

G4-JNI GetEnv version=0x00010002
android[2] trace: MusicManager::PlayNextTrack() try, fade=true, soundManager.IsInitialized()=true, soundManager.IsUserMusicPlaying()=false

android[2] trace: MusicManager::PlayTrack(): track=published/sounds/music/loading_01.mp3 fade=true

G4-JNI GetEnv version=0x00010002
android[2] trace: MusicManager::PlayNextTrack() try, fade=true, soundManager.IsInitialized()=true, soundManager.IsUserMusicPlaying()=false

android[2] trace: MusicManager::PlayTrack(): track=published/sounds/music/loading_01.mp3 fade=true

G4-JNI GetEnv version=0x00010002
android[2] trace: MusicManager::PlayNextTrack() try, fade=true, soundManager.IsInitialized()=true, soundManager.IsUserMusicPlaying()=false

android[2] trace: MusicManager::PlayTrack(): track=published/sounds/music/loading_01.mp3 fade=true

G4-JNI GetEnv version=0x00010002
android[2] trace: MusicManager::PlayNextTrack() try, fade=true, soundManager.IsInitialized()=true, soundManager.IsUserMusicPlaying()=false

android[2] trace: MusicManager::PlayTrack(): track=published/sounds/music/loading_01.mp3 fade=true

G4-JNI GetEnv version=0x00010002
android[2] trace: MusicManager::PlayNextTrack() try, fade=true, soundManager.IsInitialized()=true, soundManager.IsUserMusicPlaying()=false

android[2] trace: MusicManager::PlayTrack(): track=published/sounds/music/loading_01.mp3 fade=true

G4-JNI GetEnv version=0x00010002
android[2] trace: MusicManager::PlayNextTrack() try, fade=true, soundManager.IsInitialized()=true, soundManager.IsUserMusicPlaying()=false

android[2] trace: MusicManager::PlayTrack(): track=published/sounds/music/loading_01.mp3 fade=true

G4-JNI GetEnv version=0x00010002
android[2] trace: MusicManager::PlayNextTrack() try, fade=true, soundManager.IsInitialized()=true, soundManager.IsUserMusicPlaying()=false

android[2] trace: MusicManager::PlayTrack(): track=published/sounds/music/loading_01.mp3 fade=true

G4-JNI GetEnv version=0x00010002
android[2] trace: MusicManager::PlayNextTrack() try, fade=true, soundManager.IsInitialized()=true, soundManager.IsUserMusicPlaying()=false

android[2] trace: MusicManager::PlayTrack(): track=published/sounds/music/loading_01.mp3 fade=true

G4-JNI GetEnv version=0x00010002
android[2] trace: MusicManager::PlayNextTrack() try, fade=true, soundManager.IsInitialized()=true, soundManager.IsUserMusicPlaying()=false

android[2] trace: MusicManager::PlayTrack(): track=published/sounds/music/loading_01.mp3 fade=true

G4-JNI GetEnv version=0x00010002
android[2] trace: MusicManager::PlayNextTrack() try, fade=true, soundManager.IsInitialized()=true, soundManager.IsUserMusicPlaying()=false

android[2] trace: MusicManager::PlayTrack(): track=published/sounds/music/loading_01.mp3 fade=true

G4-JNI GetEnv version=0x00010002
android[2] trace: MusicManager::PlayNextTrack() try, fade=true, soundManager.IsInitialized()=true, soundManager.IsUserMusicPlaying()=false

android[2] trace: MusicManager::PlayTrack(): track=published/sounds/music/loading_01.mp3 fade=true

G4-JNI GetEnv version=0x00010002
android[2] trace: MusicManager::PlayNextTrack() try, fade=true, soundManager.IsInitialized()=true, soundManager.IsUserMusicPlaying()=false

android[2] trace: MusicManager::PlayTrack(): track=published/sounds/music/loading_01.mp3 fade=true

G4-JNI GetEnv version=0x00010002
android[2] trace: MusicManager::PlayNextTrack() try, fade=true, soundManager.IsInitialized()=true, soundManager.IsUserMusicPlaying()=false

android[2] trace: MusicManager::PlayTrack(): track=published/sounds/music/loading_01.mp3 fade=true

G4-JNI GetEnv version=0x00010002
android[2] trace: MusicManager::PlayNextTrack() try, fade=true, soundManager.IsInitialized()=true, soundManager.IsUserMusicPlaying()=false

android[2] trace: MusicManager::PlayTrack(): track=published/sounds/music/loading_01.mp3 fade=true

G4-JNI GetEnv version=0x00010002
android[2] trace: MusicManager::PlayNextTrack() try, fade=true, soundManager.IsInitialized()=true, soundManager.IsUserMusicPlaying()=false

android[2] trace: MusicManager::PlayTrack(): track=published/sounds/music/loading_01.mp3 fade=true

G4-JNI GetEnv version=0x00010002
android[2] trace: MusicManager::PlayNextTrack() try, fade=true, soundManager.IsInitialized()=true, soundManager.IsUserMusicPlaying()=false

android[2] trace: MusicManager::PlayTrack(): track=published/sounds/music/loading_01.mp3 fade=true

G4-JNI GetEnv version=0x00010002
android[2] trace: MusicManager::PlayNextTrack() try, fade=true, soundManager.IsInitialized()=true, soundManager.IsUserMusicPlaying()=false

android[2] trace: MusicManager::PlayTrack(): track=published/sounds/music/loading_01.mp3 fade=true

G4-JNI GetEnv version=0x00010002
android[2] trace: MusicManager::PlayNextTrack() try, fade=true, soundManager.IsInitialized()=true, soundManager.IsUserMusicPlaying()=false

android[2] trace: MusicManager::PlayTrack(): track=published/sounds/music/loading_01.mp3 fade=true

G4-JNI GetEnv version=0x00010002
android[2] trace: MusicManager::PlayNextTrack() try, fade=true, soundManager.IsInitialized()=true, soundManager.IsUserMusicPlaying()=false

android[2] trace: MusicManager::PlayTrack(): track=published/sounds/music/loading_01.mp3 fade=true

G4-JNI GetEnv version=0x00010002
android[2] trace: MusicManager::PlayNextTrack() try, fade=true, soundManager.IsInitialized()=true, soundManager.IsUserMusicPlaying()=false

android[2] trace: MusicManager::PlayTrack(): track=published/sounds/music/loading_01.mp3 fade=true

G4-JNI GetEnv version=0x00010002
android[2] trace: MusicManager::PlayNextTrack() try, fade=true, soundManager.IsInitialized()=true, soundManager.IsUserMusicPlaying()=false

android[2] trace: MusicManager::PlayTrack(): track=published/sounds/music/loading_01.mp3 fade=true

G4-JNI GetEnv version=0x00010002
android[2] trace: MoGaConTrOlLeR :: ....................(KK) MogaController :: Inside nativeOnKeyEvent 

android[2] trace: ....................(KK) MogaController :: Inside nativeOnKeyEvent 96

android[2] trace: MoGaConTrOlLeR :: ....................(KK) Key Event Key A AAAA .....................

android[2] trace: MoGaConTrOlLeR :: ....................(KK) Key Event Key Down .....................

android[2] trace: MoGaConTrOlLeR :: ....................(KK) Listener Key Press .....................

android[2] trace: MoGaConTrOlLeR :: ....................(KK) AndroidKeyCode :: MogaKeyCode (Start of func) .....................

android[2] trace: MoGaConTrOlLeR :: ....................(KK) AndroidKeyCode :: MogaKeyCode Key Press A .....................

android[2] trace: MoGaConTrOlLeR :: (KK) MogaController :: Inside nativeOnKeyEvent ....................

G6-MOGA key frame=1121 code=96 state=down
android[2] trace: MusicManager::PlayNextTrack() try, fade=true, soundManager.IsInitialized()=true, soundManager.IsUserMusicPlaying()=false

android[2] trace: MusicManager::PlayTrack(): track=published/sounds/music/loading_01.mp3 fade=true

G4-JNI GetEnv version=0x00010002
G4-JNI GetEnv version=0x00010006
android[6] Sound/SoundManager/error: FMOD result of SoundManager::createSound: An error occured that wasn't supposed to.  Contact support. 

android[5] Sound/SoundManager/warn: SoundManager::createSound - 'ui/ui/btn_generic_accept': failure.

android[2] trace: UI play sound: ui/ui/btn_generic_accept

android[2] trace: MusicManager::PlayNextTrack() try, fade=true, soundManager.IsInitialized()=true, soundManager.IsUserMusicPlaying()=false

android[2] trace: MusicManager::PlayTrack(): track=published/sounds/music/loading_01.mp3 fade=true

G4-JNI GetEnv version=0x00010002
android[2] trace: MusicManager::PlayNextTrack() try, fade=true, soundManager.IsInitialized()=true, soundManager.IsUserMusicPlaying()=false

android[2] trace: MusicManager::PlayTrack(): track=published/sounds/music/loading_01.mp3 fade=true

G4-JNI GetEnv version=0x00010002
android[2] trace: MusicManager::PlayNextTrack() try, fade=true, soundManager.IsInitialized()=true, soundManager.IsUserMusicPlaying()=false

android[2] trace: MusicManager::PlayTrack(): track=published/sounds/music/loading_01.mp3 fade=true

G4-JNI GetEnv version=0x00010002
android[2] trace: MoGaConTrOlLeR :: ....................(KK) MogaController :: Inside nativeOnKeyEvent 

android[2] trace: ....................(KK) MogaController :: Inside nativeOnKeyEvent 96

android[2] trace: MoGaConTrOlLeR :: ....................(KK) Key Event Key A AAAA .....................

android[2] trace: MoGaConTrOlLeR :: ....................(KK) Key Event Key up .....................

android[2] trace: MoGaConTrOlLeR :: ....................(KK) Listener Key Release .....................

android[2] trace: MoGaConTrOlLeR :: ....................(KK) AndroidKeyCode :: MogaKeyCode (Start of func) .....................

android[2] trace: MoGaConTrOlLeR :: ....................(KK) AndroidKeyCode :: MogaKeyCode Key Press A .....................

android[2] trace: MoGaConTrOlLeR :: (KK) MogaController :: Inside nativeOnKeyEvent ....................

G6-MOGA key frame=1125 code=96 state=up
android[2] trace: MusicManager::PlayNextTrack() try, fade=true, soundManager.IsInitialized()=true, soundManager.IsUserMusicPlaying()=false

android[2] trace: MusicManager::PlayTrack(): track=published/sounds/music/loading_01.mp3 fade=true

G4-JNI GetEnv version=0x00010002
android[2] trace: MusicManager::PlayNextTrack() try, fade=true, soundManager.IsInitialized()=true, soundManager.IsUserMusicPlaying()=false

android[2] trace: MusicManager::PlayTrack(): track=published/sounds/music/loading_01.mp3 fade=true

G4-JNI GetEnv version=0x00010002
android[2] trace: MusicManager::PlayNextTrack() try, fade=true, soundManager.IsInitialized()=true, soundManager.IsUserMusicPlaying()=false

android[2] trace: MusicManager::PlayTrack(): track=published/sounds/music/loading_01.mp3 fade=true

G4-JNI GetEnv version=0x00010002
android[2] trace: MusicManager::PlayNextTrack() try, fade=true, soundManager.IsInitialized()=true, soundManager.IsUserMusicPlaying()=false

android[2] trace: MusicManager::PlayTrack(): track=published/sounds/music/loading_01.mp3 fade=true

G4-JNI GetEnv version=0x00010002
android[2] trace: MusicManager::PlayNextTrack() try, fade=true, soundManager.IsInitialized()=true, soundManager.IsUserMusicPlaying()=false

android[2] trace: MusicManager::PlayTrack(): track=published/sounds/music/loading_01.mp3 fade=true

G4-JNI GetEnv version=0x00010002
android[2] trace: MusicManager::PlayNextTrack() try, fade=true, soundManager.IsInitialized()=true, soundManager.IsUserMusicPlaying()=false

android[2] trace: MusicManager::PlayTrack(): track=published/sounds/music/loading_01.mp3 fade=true

G4-JNI GetEnv version=0x00010002
android[2] trace: MusicManager::PlayNextTrack() try, fade=true, soundManager.IsInitialized()=true, soundManager.IsUserMusicPlaying()=false

android[2] trace: MusicManager::PlayTrack(): track=published/sounds/music/loading_01.mp3 fade=true

G4-JNI GetEnv version=0x00010002
android[2] trace: MusicManager::PlayNextTrack() try, fade=true, soundManager.IsInitialized()=true, soundManager.IsUserMusicPlaying()=false

android[2] trace: MusicManager::PlayTrack(): track=published/sounds/music/loading_01.mp3 fade=true

G4-JNI GetEnv version=0x00010002
android[2] trace: MusicManager::PlayNextTrack() try, fade=true, soundManager.IsInitialized()=true, soundManager.IsUserMusicPlaying()=false

android[2] trace: MusicManager::PlayTrack(): track=published/sounds/music/loading_01.mp3 fade=true

G4-JNI GetEnv version=0x00010002
android[2] trace: MusicManager::PlayNextTrack() try, fade=true, soundManager.IsInitialized()=true, soundManager.IsUserMusicPlaying()=false

android[2] trace: MusicManager::PlayTrack(): track=published/sounds/music/loading_01.mp3 fade=true

G4-JNI GetEnv version=0x00010002
android[2] trace: MusicManager::PlayNextTrack() try, fade=true, soundManager.IsInitialized()=true, soundManager.IsUserMusicPlaying()=false

android[2] trace: MusicManager::PlayTrack(): track=published/sounds/music/loading_01.mp3 fade=true

G4-JNI GetEnv version=0x00010002
android[2] trace: MusicManager::PlayNextTrack() try, fade=true, soundManager.IsInitialized()=true, soundManager.IsUserMusicPlaying()=false

android[2] trace: MusicManager::PlayTrack(): track=published/sounds/music/loading_01.mp3 fade=true

G4-JNI GetEnv version=0x00010002
android[2] trace: MusicManager::PlayNextTrack() try, fade=true, soundManager.IsInitialized()=true, soundManager.IsUserMusicPlaying()=false

android[2] trace: MusicManager::PlayTrack(): track=published/sounds/music/loading_01.mp3 fade=true

G4-JNI GetEnv version=0x00010002
android[2] trace: MusicManager::PlayNextTrack() try, fade=true, soundManager.IsInitialized()=true, soundManager.IsUserMusicPlaying()=false

android[2] trace: MusicManager::PlayTrack(): track=published/sounds/music/loading_01.mp3 fade=true

G4-JNI GetEnv version=0x00010002
android[2] trace: MusicManager::PlayNextTrack() try, fade=true, soundManager.IsInitialized()=true, soundManager.IsUserMusicPlaying()=false

android[2] trace: MusicManager::PlayTrack(): track=published/sounds/music/loading_01.mp3 fade=true

G4-JNI GetEnv version=0x00010002
android[2] trace: MusicManager::PlayNextTrack() try, fade=true, soundManager.IsInitialized()=true, soundManager.IsUserMusicPlaying()=false

android[2] trace: MusicManager::PlayTrack(): track=published/sounds/music/loading_01.mp3 fade=true

G4-JNI GetEnv version=0x00010002
android[2] trace: MusicManager::PlayNextTrack() try, fade=true, soundManager.IsInitialized()=true, soundManager.IsUserMusicPlaying()=false

android[2] trace: MusicManager::PlayTrack(): track=published/sounds/music/loading_01.mp3 fade=true

G4-JNI GetEnv version=0x00010002
android[2] trace: MusicManager::PlayNextTrack() try, fade=true, soundManager.IsInitialized()=true, soundManager.IsUserMusicPlaying()=false

android[2] trace: MusicManager::PlayTrack(): track=published/sounds/music/loading_01.mp3 fade=true

G4-JNI GetEnv version=0x00010002
android[2] trace: MusicManager::PlayNextTrack() try, fade=true, soundManager.IsInitialized()=true, soundManager.IsUserMusicPlaying()=false

android[2] trace: MusicManager::PlayTrack(): track=published/sounds/music/loading_01.mp3 fade=true

G4-JNI GetEnv version=0x00010002
android[2] trace: MusicManager::PlayNextTrack() try, fade=true, soundManager.IsInitialized()=true, soundManager.IsUserMusicPlaying()=false

android[2] trace: MusicManager::PlayTrack(): track=published/sounds/music/loading_01.mp3 fade=true

G4-JNI GetEnv version=0x00010002
android[2] trace: MusicManager::PlayNextTrack() try, fade=true, soundManager.IsInitialized()=true, soundManager.IsUserMusicPlaying()=false

android[2] trace: MusicManager::PlayTrack(): track=published/sounds/music/loading_01.mp3 fade=true

G4-JNI GetEnv version=0x00010002
android[2] trace: MusicManager::PlayNextTrack() try, fade=true, soundManager.IsInitialized()=true, soundManager.IsUserMusicPlaying()=false

android[2] trace: MusicManager::PlayTrack(): track=published/sounds/music/loading_01.mp3 fade=true

G4-JNI GetEnv version=0x00010002
android[2] trace: MusicManager::PlayNextTrack() try, fade=true, soundManager.IsInitialized()=true, soundManager.IsUserMusicPlaying()=false

android[2] trace: MusicManager::PlayTrack(): track=published/sounds/music/loading_01.mp3 fade=true

G4-JNI GetEnv version=0x00010002
android[2] trace: MusicManager::PlayNextTrack() try, fade=true, soundManager.IsInitialized()=true, soundManager.IsUserMusicPlaying()=false

android[2] trace: MusicManager::PlayTrack(): track=published/sounds/music/loading_01.mp3 fade=true

G4-JNI GetEnv version=0x00010002
android[2] trace: MusicManager::PlayNextTrack() try, fade=true, soundManager.IsInitialized()=true, soundManager.IsUserMusicPlaying()=false

android[2] trace: MusicManager::PlayTrack(): track=published/sounds/music/loading_01.mp3 fade=true

G4-JNI GetEnv version=0x00010002
android[2] trace: MusicManager::PlayNextTrack() try, fade=true, soundManager.IsInitialized()=true, soundManager.IsUserMusicPlaying()=false

android[2] trace: MusicManager::PlayTrack(): track=published/sounds/music/loading_01.mp3 fade=true

G4-JNI GetEnv version=0x00010002
android[2] trace: MusicManager::PlayNextTrack() try, fade=true, soundManager.IsInitialized()=true, soundManager.IsUserMusicPlaying()=false

android[2] trace: MusicManager::PlayTrack(): track=published/sounds/music/loading_01.mp3 fade=true

G4-JNI GetEnv version=0x00010002
android[2] trace: MusicManager::PlayNextTrack() try, fade=true, soundManager.IsInitialized()=true, soundManager.IsUserMusicPlaying()=false

android[2] trace: MusicManager::PlayTrack(): track=published/sounds/music/loading_01.mp3 fade=true

G4-JNI GetEnv version=0x00010002
android[2] trace: MusicManager::PlayNextTrack() try, fade=true, soundManager.IsInitialized()=true, soundManager.IsUserMusicPlaying()=false

android[2] trace: MusicManager::PlayTrack(): track=published/sounds/music/loading_01.mp3 fade=true

G4-JNI GetEnv version=0x00010002
android[2] trace: MusicManager::PlayNextTrack() try, fade=true, soundManager.IsInitialized()=true, soundManager.IsUserMusicPlaying()=false

android[2] trace: MusicManager::PlayTrack(): track=published/sounds/music/loading_01.mp3 fade=true

G4-JNI GetEnv version=0x00010002
android[2] trace: MusicManager::PlayNextTrack() try, fade=true, soundManager.IsInitialized()=true, soundManager.IsUserMusicPlaying()=false

android[2] trace: MusicManager::PlayTrack(): track=published/sounds/music/loading_01.mp3 fade=true

G4-JNI GetEnv version=0x00010002
android[2] trace: MusicManager::PlayNextTrack() try, fade=true, soundManager.IsInitialized()=true, soundManager.IsUserMusicPlaying()=false

android[2] trace: MusicManager::PlayTrack(): track=published/sounds/music/loading_01.mp3 fade=true

G4-JNI GetEnv version=0x00010002
android[2] trace: MusicManager::PlayNextTrack() try, fade=true, soundManager.IsInitialized()=true, soundManager.IsUserMusicPlaying()=false

android[2] trace: MusicManager::PlayTrack(): track=published/sounds/music/loading_01.mp3 fade=true

G4-JNI GetEnv version=0x00010002
android[2] trace: MusicManager::PlayNextTrack() try, fade=true, soundManager.IsInitialized()=true, soundManager.IsUserMusicPlaying()=false

android[2] trace: MusicManager::PlayTrack(): track=published/sounds/music/loading_01.mp3 fade=true

G4-JNI GetEnv version=0x00010002
android[2] trace: MusicManager::PlayNextTrack() try, fade=true, soundManager.IsInitialized()=true, soundManager.IsUserMusicPlaying()=false

android[2] trace: MusicManager::PlayTrack(): track=published/sounds/music/loading_01.mp3 fade=true

G4-JNI GetEnv version=0x00010002
android[2] trace: MusicManager::PlayNextTrack() try, fade=true, soundManager.IsInitialized()=true, soundManager.IsUserMusicPlaying()=false

android[2] trace: MusicManager::PlayTrack(): track=published/sounds/music/loading_01.mp3 fade=true

G4-JNI GetEnv version=0x00010002
android[2] trace: MusicManager::PlayNextTrack() try, fade=true, soundManager.IsInitialized()=true, soundManager.IsUserMusicPlaying()=false

android[2] trace: MusicManager::PlayTrack(): track=published/sounds/music/loading_01.mp3 fade=true

G4-JNI GetEnv version=0x00010002
android[2] trace: MusicManager::PlayNextTrack() try, fade=true, soundManager.IsInitialized()=true, soundManager.IsUserMusicPlaying()=false

android[2] trace: MusicManager::PlayTrack(): track=published/sounds/music/loading_01.mp3 fade=true

G4-JNI GetEnv version=0x00010002
android[2] trace: MusicManager::PlayNextTrack() try, fade=true, soundManager.IsInitialized()=true, soundManager.IsUserMusicPlaying()=false

android[2] trace: MusicManager::PlayTrack(): track=published/sounds/music/loading_01.mp3 fade=true

G4-JNI GetEnv version=0x00010002
android[2] trace: MusicManager::PlayNextTrack() try, fade=true, soundManager.IsInitialized()=true, soundManager.IsUserMusicPlaying()=false

android[2] trace: MusicManager::PlayTrack(): track=published/sounds/music/loading_01.mp3 fade=true

G4-JNI GetEnv version=0x00010002
android[2] trace: MusicManager::PlayNextTrack() try, fade=true, soundManager.IsInitialized()=true, soundManager.IsUserMusicPlaying()=false

android[2] trace: MusicManager::PlayTrack(): track=published/sounds/music/loading_01.mp3 fade=true

G4-JNI GetEnv version=0x00010002
android[2] trace: MusicManager::PlayNextTrack() try, fade=true, soundManager.IsInitialized()=true, soundManager.IsUserMusicPlaying()=false

android[2] trace: MusicManager::PlayTrack(): track=published/sounds/music/loading_01.mp3 fade=true

G4-JNI GetEnv version=0x00010002
android[2] trace: MusicManager::PlayNextTrack() try, fade=true, soundManager.IsInitialized()=true, soundManager.IsUserMusicPlaying()=false

android[2] trace: MusicManager::PlayTrack(): track=published/sounds/music/loading_01.mp3 fade=true

G4-JNI GetEnv version=0x00010002
android[2] trace: MusicManager::PlayNextTrack() try, fade=true, soundManager.IsInitialized()=true, soundManager.IsUserMusicPlaying()=false

android[2] trace: MusicManager::PlayTrack(): track=published/sounds/music/loading_01.mp3 fade=true

G4-JNI GetEnv version=0x00010002
android[2] trace: MusicManager::PlayNextTrack() try, fade=true, soundManager.IsInitialized()=true, soundManager.IsUserMusicPlaying()=false

android[2] trace: MusicManager::PlayTrack(): track=published/sounds/music/loading_01.mp3 fade=true

G4-JNI GetEnv version=0x00010002
android[2] trace: MusicManager::PlayNextTrack() try, fade=true, soundManager.IsInitialized()=true, soundManager.IsUserMusicPlaying()=false

android[2] trace: MusicManager::PlayTrack(): track=published/sounds/music/loading_01.mp3 fade=true

G4-JNI GetEnv version=0x00010002
android[2] trace: MusicManager::PlayNextTrack() try, fade=true, soundManager.IsInitialized()=true, soundManager.IsUserMusicPlaying()=false

android[2] trace: MusicManager::PlayTrack(): track=published/sounds/music/loading_01.mp3 fade=true

G4-JNI GetEnv version=0x00010002
android[2] trace: MusicManager::PlayNextTrack() try, fade=true, soundManager.IsInitialized()=true, soundManager.IsUserMusicPlaying()=false

android[2] trace: MusicManager::PlayTrack(): track=published/sounds/music/loading_01.mp3 fade=true

G4-JNI GetEnv version=0x00010002
android[2] trace: MusicManager::PlayNextTrack() try, fade=true, soundManager.IsInitialized()=true, soundManager.IsUserMusicPlaying()=false

android[2] trace: MusicManager::PlayTrack(): track=published/sounds/music/loading_01.mp3 fade=true

G4-JNI GetEnv version=0x00010002
android[2] trace: MusicManager::PlayNextTrack() try, fade=true, soundManager.IsInitialized()=true, soundManager.IsUserMusicPlaying()=false

android[2] trace: MusicManager::PlayTrack(): track=published/sounds/music/loading_01.mp3 fade=true

G4-JNI GetEnv version=0x00010002
android[2] trace: MusicManager::PlayNextTrack() try, fade=true, soundManager.IsInitialized()=true, soundManager.IsUserMusicPlaying()=false

android[2] trace: MusicManager::PlayTrack(): track=published/sounds/music/loading_01.mp3 fade=true

G4-JNI GetEnv version=0x00010002
android[2] trace: MusicManager::PlayNextTrack() try, fade=true, soundManager.IsInitialized()=true, soundManager.IsUserMusicPlaying()=false

android[2] trace: MusicManager::PlayTrack(): track=published/sounds/music/loading_01.mp3 fade=true

G4-JNI GetEnv version=0x00010002
android[2] trace: MusicManager::PlayNextTrack() try, fade=true, soundManager.IsInitialized()=true, soundManager.IsUserMusicPlaying()=false

android[2] trace: MusicManager::PlayTrack(): track=published/sounds/music/loading_01.mp3 fade=true

G4-JNI GetEnv version=0x00010002
android[2] trace: MusicManager::PlayNextTrack() try, fade=true, soundManager.IsInitialized()=true, soundManager.IsUserMusicPlaying()=false

android[2] trace: MusicManager::PlayTrack(): track=published/sounds/music/loading_01.mp3 fade=true

G4-JNI GetEnv version=0x00010002
android[2] trace: MusicManager::PlayNextTrack() try, fade=true, soundManager.IsInitialized()=true, soundManager.IsUserMusicPlaying()=false

android[2] trace: MusicManager::PlayTrack(): track=published/sounds/music/loading_01.mp3 fade=true

G4-JNI GetEnv version=0x00010002
android[2] trace: MusicManager::PlayNextTrack() try, fade=true, soundManager.IsInitialized()=true, soundManager.IsUserMusicPlaying()=false

android[2] trace: MusicManager::PlayTrack(): track=published/sounds/music/loading_01.mp3 fade=true

G4-JNI GetEnv version=0x00010002
android[2] trace: MusicManager::PlayNextTrack() try, fade=true, soundManager.IsInitialized()=true, soundManager.IsUserMusicPlaying()=false

android[2] trace: MusicManager::PlayTrack(): track=published/sounds/music/loading_01.mp3 fade=true

G4-JNI GetEnv version=0x00010002
android[2] trace: MusicManager::PlayNextTrack() try, fade=true, soundManager.IsInitialized()=true, soundManager.IsUserMusicPlaying()=false

android[2] trace: MusicManager::PlayTrack(): track=published/sounds/music/loading_01.mp3 fade=true

G4-JNI GetEnv version=0x00010002
android[2] trace: MusicManager::PlayNextTrack() try, fade=true, soundManager.IsInitialized()=true, soundManager.IsUserMusicPlaying()=false

android[2] trace: MusicManager::PlayTrack(): track=published/sounds/music/loading_01.mp3 fade=true

G4-JNI GetEnv version=0x00010002
android[2] trace: MusicManager::PlayNextTrack() try, fade=true, soundManager.IsInitialized()=true, soundManager.IsUserMusicPlaying()=false

android[2] trace: MusicManager::PlayTrack(): track=published/sounds/music/loading_01.mp3 fade=true

G4-JNI GetEnv version=0x00010002
android[2] trace: MoGaConTrOlLeR :: ....................(KK) MogaController :: Inside nativeOnKeyEvent 

android[2] trace: ....................(KK) MogaController :: Inside nativeOnKeyEvent 20

android[2] trace: MoGaConTrOlLeR :: ....................(KK) Key Event Key DPAD Down NNNN .....................

android[2] trace: MoGaConTrOlLeR :: ....................(KK) Key Event Key Down .....................

android[2] trace: MoGaConTrOlLeR :: ....................(KK) Listener Key Press .....................

android[2] trace: MoGaConTrOlLeR :: ....................(KK) AndroidKeyCode :: MogaKeyCode (Start of func) .....................

android[2] trace: MoGaConTrOlLeR :: ....................(KK) AndroidKeyCode :: MogaKeyCode Key Press Dpad Down .....................

android[2] trace: MoGaConTrOlLeR :: (KK) MogaController :: Inside nativeOnKeyEvent ....................

G6-MOGA key frame=1185 code=20 state=down
android[2] trace: MusicManager::PlayNextTrack() try, fade=true, soundManager.IsInitialized()=true, soundManager.IsUserMusicPlaying()=false

android[2] trace: MusicManager::PlayTrack(): track=published/sounds/music/loading_01.mp3 fade=true

G4-JNI GetEnv version=0x00010002
android[2] trace: MusicManager::PlayNextTrack() try, fade=true, soundManager.IsInitialized()=true, soundManager.IsUserMusicPlaying()=false

android[2] trace: MusicManager::PlayTrack(): track=published/sounds/music/loading_01.mp3 fade=true

G4-JNI GetEnv version=0x00010002
android[2] trace: MusicManager::PlayNextTrack() try, fade=true, soundManager.IsInitialized()=true, soundManager.IsUserMusicPlaying()=false

android[2] trace: MusicManager::PlayTrack(): track=published/sounds/music/loading_01.mp3 fade=true

G4-JNI GetEnv version=0x00010002
android[2] trace: MusicManager::PlayNextTrack() try, fade=true, soundManager.IsInitialized()=true, soundManager.IsUserMusicPlaying()=false

android[2] trace: MusicManager::PlayTrack(): track=published/sounds/music/loading_01.mp3 fade=true

G4-JNI GetEnv version=0x00010002
android[2] trace: MusicManager::PlayNextTrack() try, fade=true, soundManager.IsInitialized()=true, soundManager.IsUserMusicPlaying()=false

android[2] trace: MusicManager::PlayTrack(): track=published/sounds/music/loading_01.mp3 fade=true

G4-JNI GetEnv version=0x00010002
android[2] trace: MusicManager::PlayNextTrack() try, fade=true, soundManager.IsInitialized()=true, soundManager.IsUserMusicPlaying()=false

android[2] trace: MusicManager::PlayTrack(): track=published/sounds/music/loading_01.mp3 fade=true

G4-JNI GetEnv version=0x00010002
android[2] trace: MusicManager::PlayNextTrack() try, fade=true, soundManager.IsInitialized()=true, soundManager.IsUserMusicPlaying()=false

android[2] trace: MusicManager::PlayTrack(): track=published/sounds/music/loading_01.mp3 fade=true

G4-JNI GetEnv version=0x00010002
android[2] trace: MusicManager::PlayNextTrack() try, fade=true, soundManager.IsInitialized()=true, soundManager.IsUserMusicPlaying()=false

android[2] trace: MusicManager::PlayTrack(): track=published/sounds/music/loading_01.mp3 fade=true

G4-JNI GetEnv version=0x00010002
android[2] trace: MusicManager::PlayNextTrack() try, fade=true, soundManager.IsInitialized()=true, soundManager.IsUserMusicPlaying()=false

android[2] trace: MusicManager::PlayTrack(): track=published/sounds/music/loading_01.mp3 fade=true

G4-JNI GetEnv version=0x00010002
android[2] trace: MusicManager::PlayNextTrack() try, fade=true, soundManager.IsInitialized()=true, soundManager.IsUserMusicPlaying()=false

android[2] trace: MusicManager::PlayTrack(): track=published/sounds/music/loading_01.mp3 fade=true

G4-JNI GetEnv version=0x00010002
android[2] trace: MusicManager::PlayNextTrack() try, fade=true, soundManager.IsInitialized()=true, soundManager.IsUserMusicPlaying()=false

android[2] trace: MusicManager::PlayTrack(): track=published/sounds/music/loading_01.mp3 fade=true

G4-JNI GetEnv version=0x00010002
G4-JNI GetEnv version=0x00010002
G4-JNI GetMethodID name=openURL signature=(Ljava/lang/String;)V id=0xab1c73cc
android[2] trace: MusicManager::PlayNextTrack() try, fade=true, soundManager.IsInitialized()=true, soundManager.IsUserMusicPlaying()=false

android[2] trace: MusicManager::PlayTrack(): track=published/sounds/music/loading_01.mp3 fade=true

G4-JNI GetEnv version=0x00010002
android[2] trace: MusicManager::PlayNextTrack() try, fade=true, soundManager.IsInitialized()=true, soundManager.IsUserMusicPlaying()=false

android[2] trace: MusicManager::PlayTrack(): track=published/sounds/music/loading_01.mp3 fade=true

G4-JNI GetEnv version=0x00010002
android[5] layouts/warning: LayoutEntity not in cache, reloading: active_accept

android[5] layouts/warning: LayoutEntity not in cache, reloading: aas_inner

android[5] layouts/warning: LayoutEntity not in cache, reloading: frame

android[5] layouts/warning: LayoutEntity not in cache, reloading: btn_options_small2

android[5] layouts/warning: LayoutEntity not in cache, reloading: btn_options_large_active

android[5] layouts/warning: LayoutEntity not in cache, reloading: btn_options_large_idle

android[2] trace: LayoutScreen::LayoutScreen OptionsSettingsScreen != 0

android[2] trace: ShowMogaHighlight start

android[2] trace: ShowMogaHighlight 1

android[2] trace: ShowMogaHighlight end

android[2] trace: MusicManager::PlayNextTrack() try, fade=true, soundManager.IsInitialized()=true, soundManager.IsUserMusicPlaying()=false

android[2] trace: MusicManager::PlayTrack(): track=published/sounds/music/loading_01.mp3 fade=true

G4-JNI GetEnv version=0x00010002
android[2] trace: MusicManager::PlayNextTrack() try, fade=true, soundManager.IsInitialized()=true, soundManager.IsUserMusicPlaying()=false

android[2] trace: MusicManager::PlayTrack(): track=published/sounds/music/loading_01.mp3 fade=true

G4-JNI GetEnv version=0x00010002
android[2] trace: MoGaConTrOlLeR :: ....................(KK) MogaController :: Inside nativeOnKeyEvent 

android[2] trace: ....................(KK) MogaController :: Inside nativeOnKeyEvent 20

android[2] trace: MoGaConTrOlLeR :: ....................(KK) Key Event Key DPAD Down NNNN .....................

android[2] trace: MoGaConTrOlLeR :: ....................(KK) Key Event Key up .....................

android[2] trace: MoGaConTrOlLeR :: ....................(KK) Listener Key Release .....................

android[2] trace: MoGaConTrOlLeR :: ....................(KK) AndroidKeyCode :: MogaKeyCode (Start of func) .....................

android[2] trace: MoGaConTrOlLeR :: ....................(KK) AndroidKeyCode :: MogaKeyCode Key Press Dpad Down .....................

android[2] trace: MoGaConTrOlLeR :: (KK) MogaController :: Inside nativeOnKeyEvent ....................

G6-MOGA key frame=1200 code=20 state=up
G7-FRAME enter=1200
android[2] trace: MusicManager::PlayNextTrack() try, fade=true, soundManager.IsInitialized()=true, soundManager.IsUserMusicPlaying()=false

android[2] trace: MusicManager::PlayTrack(): track=published/sounds/music/loading_01.mp3 fade=true

G4-JNI GetEnv version=0x00010002
G7-FRAME leave=1200
android[2] trace: MusicManager::PlayNextTrack() try, fade=true, soundManager.IsInitialized()=true, soundManager.IsUserMusicPlaying()=false

android[2] trace: MusicManager::PlayTrack(): track=published/sounds/music/loading_01.mp3 fade=true

G4-JNI GetEnv version=0x00010002
android[2] trace: MusicManager::PlayNextTrack() try, fade=true, soundManager.IsInitialized()=true, soundManager.IsUserMusicPlaying()=false

android[2] trace: MusicManager::PlayTrack(): track=published/sounds/music/loading_01.mp3 fade=true

G4-JNI GetEnv version=0x00010002
android[2] trace: MusicManager::PlayNextTrack() try, fade=true, soundManager.IsInitialized()=true, soundManager.IsUserMusicPlaying()=false

android[2] trace: MusicManager::PlayTrack(): track=published/sounds/music/loading_01.mp3 fade=true

G4-JNI GetEnv version=0x00010002
android[2] trace: MusicManager::PlayNextTrack() try, fade=true, soundManager.IsInitialized()=true, soundManager.IsUserMusicPlaying()=false

android[2] trace: MusicManager::PlayTrack(): track=published/sounds/music/loading_01.mp3 fade=true

G4-JNI GetEnv version=0x00010002
android[2] trace: MusicManager::PlayNextTrack() try, fade=true, soundManager.IsInitialized()=true, soundManager.IsUserMusicPlaying()=false

android[2] trace: MusicManager::PlayTrack(): track=published/sounds/music/loading_01.mp3 fade=true

G4-JNI GetEnv version=0x00010002
android[2] trace: MusicManager::PlayNextTrack() try, fade=true, soundManager.IsInitialized()=true, soundManager.IsUserMusicPlaying()=false

android[2] trace: MusicManager::PlayTrack(): track=published/sounds/music/loading_01.mp3 fade=true

G4-JNI GetEnv version=0x00010002
android[2] trace: MusicManager::PlayNextTrack() try, fade=true, soundManager.IsInitialized()=true, soundManager.IsUserMusicPlaying()=false

android[2] trace: MusicManager::PlayTrack(): track=published/sounds/music/loading_01.mp3 fade=true

G4-JNI GetEnv version=0x00010002
android[2] trace: MusicManager::PlayNextTrack() try, fade=true, soundManager.IsInitialized()=true, soundManager.IsUserMusicPlaying()=false

android[2] trace: MusicManager::PlayTrack(): track=published/sounds/music/loading_01.mp3 fade=true

G4-JNI GetEnv version=0x00010002
android[2] trace: MusicManager::PlayNextTrack() try, fade=true, soundManager.IsInitialized()=true, soundManager.IsUserMusicPlaying()=false

android[2] trace: MusicManager::PlayTrack(): track=published/sounds/music/loading_01.mp3 fade=true

G4-JNI GetEnv version=0x00010002
android[2] trace: MusicManager::PlayNextTrack() try, fade=true, soundManager.IsInitialized()=true, soundManager.IsUserMusicPlaying()=false

android[2] trace: MusicManager::PlayTrack(): track=published/sounds/music/loading_01.mp3 fade=true

G4-JNI GetEnv version=0x00010002
android[2] trace: MusicManager::PlayNextTrack() try, fade=true, soundManager.IsInitialized()=true, soundManager.IsUserMusicPlaying()=false

android[2] trace: MusicManager::PlayTrack(): track=published/sounds/music/loading_01.mp3 fade=true

G4-JNI GetEnv version=0x00010002
android[2] trace: MusicManager::PlayNextTrack() try, fade=true, soundManager.IsInitialized()=true, soundManager.IsUserMusicPlaying()=false

android[2] trace: MusicManager::PlayTrack(): track=published/sounds/music/loading_01.mp3 fade=true

G4-JNI GetEnv version=0x00010002
android[2] trace: MusicManager::PlayNextTrack() try, fade=true, soundManager.IsInitialized()=true, soundManager.IsUserMusicPlaying()=false

android[2] trace: MusicManager::PlayTrack(): track=published/sounds/music/loading_01.mp3 fade=true

G4-JNI GetEnv version=0x00010002
android[2] trace: MusicManager::PlayNextTrack() try, fade=true, soundManager.IsInitialized()=true, soundManager.IsUserMusicPlaying()=false

android[2] trace: MusicManager::PlayTrack(): track=published/sounds/music/loading_01.mp3 fade=true

G4-JNI GetEnv version=0x00010002
android[2] trace: MusicManager::PlayNextTrack() try, fade=true, soundManager.IsInitialized()=true, soundManager.IsUserMusicPlaying()=false

android[2] trace: MusicManager::PlayTrack(): track=published/sounds/music/loading_01.mp3 fade=true

G4-JNI GetEnv version=0x00010002
android[2] trace: MusicManager::PlayNextTrack() try, fade=true, soundManager.IsInitialized()=true, soundManager.IsUserMusicPlaying()=false

android[2] trace: MusicManager::PlayTrack(): track=published/sounds/music/loading_01.mp3 fade=true

G4-JNI GetEnv version=0x00010002
android[2] trace: MusicManager::PlayNextTrack() try, fade=true, soundManager.IsInitialized()=true, soundManager.IsUserMusicPlaying()=false

android[2] trace: MusicManager::PlayTrack(): track=published/sounds/music/loading_01.mp3 fade=true

G4-JNI GetEnv version=0x00010002
android[2] trace: MusicManager::PlayNextTrack() try, fade=true, soundManager.IsInitialized()=true, soundManager.IsUserMusicPlaying()=false

android[2] trace: MusicManager::PlayTrack(): track=published/sounds/music/loading_01.mp3 fade=true

G4-JNI GetEnv version=0x00010002
android[2] trace: MusicManager::PlayNextTrack() try, fade=true, soundManager.IsInitialized()=true, soundManager.IsUserMusicPlaying()=false

android[2] trace: MusicManager::PlayTrack(): track=published/sounds/music/loading_01.mp3 fade=true

G4-JNI GetEnv version=0x00010002
android[2] trace: MusicManager::PlayNextTrack() try, fade=true, soundManager.IsInitialized()=true, soundManager.IsUserMusicPlaying()=false

android[2] trace: MusicManager::PlayTrack(): track=published/sounds/music/loading_01.mp3 fade=true

G4-JNI GetEnv version=0x00010002
android[2] trace: MusicManager::PlayNextTrack() try, fade=true, soundManager.IsInitialized()=true, soundManager.IsUserMusicPlaying()=false

android[2] trace: MusicManager::PlayTrack(): track=published/sounds/music/loading_01.mp3 fade=true

G4-JNI GetEnv version=0x00010002
android[2] trace: MusicManager::PlayNextTrack() try, fade=true, soundManager.IsInitialized()=true, soundManager.IsUserMusicPlaying()=false

android[2] trace: MusicManager::PlayTrack(): track=published/sounds/music/loading_01.mp3 fade=true

G4-JNI GetEnv version=0x00010002
android[2] trace: MusicManager::PlayNextTrack() try, fade=true, soundManager.IsInitialized()=true, soundManager.IsUserMusicPlaying()=false

android[2] trace: MusicManager::PlayTrack(): track=published/sounds/music/loading_01.mp3 fade=true

G4-JNI GetEnv version=0x00010002
android[2] trace: MusicManager::PlayNextTrack() try, fade=true, soundManager.IsInitialized()=true, soundManager.IsUserMusicPlaying()=false

android[2] trace: MusicManager::PlayTrack(): track=published/sounds/music/loading_01.mp3 fade=true

G4-JNI GetEnv version=0x00010002
android[2] trace: MusicManager::PlayNextTrack() try, fade=true, soundManager.IsInitialized()=true, soundManager.IsUserMusicPlaying()=false

android[2] trace: MusicManager::PlayTrack(): track=published/sounds/music/loading_01.mp3 fade=true

G4-JNI GetEnv version=0x00010002
android[2] trace: MusicManager::PlayNextTrack() try, fade=true, soundManager.IsInitialized()=true, soundManager.IsUserMusicPlaying()=false

android[2] trace: MusicManager::PlayTrack(): track=published/sounds/music/loading_01.mp3 fade=true

G4-JNI GetEnv version=0x00010002
android[2] trace: MusicManager::PlayNextTrack() try, fade=true, soundManager.IsInitialized()=true, soundManager.IsUserMusicPlaying()=false

android[2] trace: MusicManager::PlayTrack(): track=published/sounds/music/loading_01.mp3 fade=true

G4-JNI GetEnv version=0x00010002
android[2] trace: MusicManager::PlayNextTrack() try, fade=true, soundManager.IsInitialized()=true, soundManager.IsUserMusicPlaying()=false

android[2] trace: MusicManager::PlayTrack(): track=published/sounds/music/loading_01.mp3 fade=true

G4-JNI GetEnv version=0x00010002
android[2] trace: MusicManager::PlayNextTrack() try, fade=true, soundManager.IsInitialized()=true, soundManager.IsUserMusicPlaying()=false

android[2] trace: MusicManager::PlayTrack(): track=published/sounds/music/loading_01.mp3 fade=true

G4-JNI GetEnv version=0x00010002
android[2] trace: MusicManager::PlayNextTrack() try, fade=true, soundManager.IsInitialized()=true, soundManager.IsUserMusicPlaying()=false

android[2] trace: MusicManager::PlayTrack(): track=published/sounds/music/loading_01.mp3 fade=true

G4-JNI GetEnv version=0x00010002
android[2] trace: MusicManager::PlayNextTrack() try, fade=true, soundManager.IsInitialized()=true, soundManager.IsUserMusicPlaying()=false

android[2] trace: MusicManager::PlayTrack(): track=published/sounds/music/loading_01.mp3 fade=true

G4-JNI GetEnv version=0x00010002
android[2] trace: MusicManager::PlayNextTrack() try, fade=true, soundManager.IsInitialized()=true, soundManager.IsUserMusicPlaying()=false

android[2] trace: MusicManager::PlayTrack(): track=published/sounds/music/loading_01.mp3 fade=true

G4-JNI GetEnv version=0x00010002
android[2] trace: MusicManager::PlayNextTrack() try, fade=true, soundManager.IsInitialized()=true, soundManager.IsUserMusicPlaying()=false

android[2] trace: MusicManager::PlayTrack(): track=published/sounds/music/loading_01.mp3 fade=true

G4-JNI GetEnv version=0x00010002
android[2] trace: MusicManager::PlayNextTrack() try, fade=true, soundManager.IsInitialized()=true, soundManager.IsUserMusicPlaying()=false

android[2] trace: MusicManager::PlayTrack(): track=published/sounds/music/loading_01.mp3 fade=true

G4-JNI GetEnv version=0x00010002
android[2] trace: MusicManager::PlayNextTrack() try, fade=true, soundManager.IsInitialized()=true, soundManager.IsUserMusicPlaying()=false

android[2] trace: MusicManager::PlayTrack(): track=published/sounds/music/loading_01.mp3 fade=true

G4-JNI GetEnv version=0x00010002
android[2] trace: MusicManager::PlayNextTrack() try, fade=true, soundManager.IsInitialized()=true, soundManager.IsUserMusicPlaying()=false

android[2] trace: MusicManager::PlayTrack(): track=published/sounds/music/loading_01.mp3 fade=true

G4-JNI GetEnv version=0x00010002
android[2] trace: MusicManager::PlayNextTrack() try, fade=true, soundManager.IsInitialized()=true, soundManager.IsUserMusicPlaying()=false

android[2] trace: MusicManager::PlayTrack(): track=published/sounds/music/loading_01.mp3 fade=true

G4-JNI GetEnv version=0x00010002
android[2] trace: MusicManager::PlayNextTrack() try, fade=true, soundManager.IsInitialized()=true, soundManager.IsUserMusicPlaying()=false

android[2] trace: MusicManager::PlayTrack(): track=published/sounds/music/loading_01.mp3 fade=true

G4-JNI GetEnv version=0x00010002
android[2] trace: MusicManager::PlayNextTrack() try, fade=true, soundManager.IsInitialized()=true, soundManager.IsUserMusicPlaying()=false

android[2] trace: MusicManager::PlayTrack(): track=published/sounds/music/loading_01.mp3 fade=true

G4-JNI GetEnv version=0x00010002
android[2] trace: MusicManager::PlayNextTrack() try, fade=true, soundManager.IsInitialized()=true, soundManager.IsUserMusicPlaying()=false

android[2] trace: MusicManager::PlayTrack(): track=published/sounds/music/loading_01.mp3 fade=true

G4-JNI GetEnv version=0x00010002
android[2] trace: MusicManager::PlayNextTrack() try, fade=true, soundManager.IsInitialized()=true, soundManager.IsUserMusicPlaying()=false

android[2] trace: MusicManager::PlayTrack(): track=published/sounds/music/loading_01.mp3 fade=true

G4-JNI GetEnv version=0x00010002
android[2] trace: MusicManager::PlayNextTrack() try, fade=true, soundManager.IsInitialized()=true, soundManager.IsUserMusicPlaying()=false

android[2] trace: MusicManager::PlayTrack(): track=published/sounds/music/loading_01.mp3 fade=true

G4-JNI GetEnv version=0x00010002
android[2] trace: MusicManager::PlayNextTrack() try, fade=true, soundManager.IsInitialized()=true, soundManager.IsUserMusicPlaying()=false

android[2] trace: MusicManager::PlayTrack(): track=published/sounds/music/loading_01.mp3 fade=true

G4-JNI GetEnv version=0x00010002
android[2] trace: MusicManager::PlayNextTrack() try, fade=true, soundManager.IsInitialized()=true, soundManager.IsUserMusicPlaying()=false

android[2] trace: MusicManager::PlayTrack(): track=published/sounds/music/loading_01.mp3 fade=true

G4-JNI GetEnv version=0x00010002
android[2] trace: MusicManager::PlayNextTrack() try, fade=true, soundManager.IsInitialized()=true, soundManager.IsUserMusicPlaying()=false

android[2] trace: MusicManager::PlayTrack(): track=published/sounds/music/loading_01.mp3 fade=true

G4-JNI GetEnv version=0x00010002
android[2] trace: MusicManager::PlayNextTrack() try, fade=true, soundManager.IsInitialized()=true, soundManager.IsUserMusicPlaying()=false

android[2] trace: MusicManager::PlayTrack(): track=published/sounds/music/loading_01.mp3 fade=true

G4-JNI GetEnv version=0x00010002
android[2] trace: MusicManager::PlayNextTrack() try, fade=true, soundManager.IsInitialized()=true, soundManager.IsUserMusicPlaying()=false

android[2] trace: MusicManager::PlayTrack(): track=published/sounds/music/loading_01.mp3 fade=true

G4-JNI GetEnv version=0x00010002
android[2] trace: MusicManager::PlayNextTrack() try, fade=true, soundManager.IsInitialized()=true, soundManager.IsUserMusicPlaying()=false

android[2] trace: MusicManager::PlayTrack(): track=published/sounds/music/loading_01.mp3 fade=true

G4-JNI GetEnv version=0x00010002
android[2] trace: MusicManager::PlayNextTrack() try, fade=true, soundManager.IsInitialized()=true, soundManager.IsUserMusicPlaying()=false

android[2] trace: MusicManager::PlayTrack(): track=published/sounds/music/loading_01.mp3 fade=true

G4-JNI GetEnv version=0x00010002
android[2] trace: MusicManager::PlayNextTrack() try, fade=true, soundManager.IsInitialized()=true, soundManager.IsUserMusicPlaying()=false

android[2] trace: MusicManager::PlayTrack(): track=published/sounds/music/loading_01.mp3 fade=true

G4-JNI GetEnv version=0x00010002
android[2] trace: MusicManager::PlayNextTrack() try, fade=true, soundManager.IsInitialized()=true, soundManager.IsUserMusicPlaying()=false

android[2] trace: MusicManager::PlayTrack(): track=published/sounds/music/loading_01.mp3 fade=true

G4-JNI GetEnv version=0x00010002
android[2] trace: MusicManager::PlayNextTrack() try, fade=true, soundManager.IsInitialized()=true, soundManager.IsUserMusicPlaying()=false

android[2] trace: MusicManager::PlayTrack(): track=published/sounds/music/loading_01.mp3 fade=true

G4-JNI GetEnv version=0x00010002
android[2] trace: MusicManager::PlayNextTrack() try, fade=true, soundManager.IsInitialized()=true, soundManager.IsUserMusicPlaying()=false

android[2] trace: MusicManager::PlayTrack(): track=published/sounds/music/loading_01.mp3 fade=true

G4-JNI GetEnv version=0x00010002
android[2] trace: MusicManager::PlayNextTrack() try, fade=true, soundManager.IsInitialized()=true, soundManager.IsUserMusicPlaying()=false

android[2] trace: MusicManager::PlayTrack(): track=published/sounds/music/loading_01.mp3 fade=true

G4-JNI GetEnv version=0x00010002
android[2] trace: MusicManager::PlayNextTrack() try, fade=true, soundManager.IsInitialized()=true, soundManager.IsUserMusicPlaying()=false

android[2] trace: MusicManager::PlayTrack(): track=published/sounds/music/loading_01.mp3 fade=true

G4-JNI GetEnv version=0x00010002
android[2] trace: MusicManager::PlayNextTrack() try, fade=true, soundManager.IsInitialized()=true, soundManager.IsUserMusicPlaying()=false

android[2] trace: MusicManager::PlayTrack(): track=published/sounds/music/loading_01.mp3 fade=true

G4-JNI GetEnv version=0x00010002
android[2] trace: MusicManager::PlayNextTrack() try, fade=true, soundManager.IsInitialized()=true, soundManager.IsUserMusicPlaying()=false

android[2] trace: MusicManager::PlayTrack(): track=published/sounds/music/loading_01.mp3 fade=true

G4-JNI GetEnv version=0x00010002
android[2] trace: MusicManager::PlayNextTrack() try, fade=true, soundManager.IsInitialized()=true, soundManager.IsUserMusicPlaying()=false

android[2] trace: MusicManager::PlayTrack(): track=published/sounds/music/loading_01.mp3 fade=true

G4-JNI GetEnv version=0x00010002
android[2] trace: MusicManager::PlayNextTrack() try, fade=true, soundManager.IsInitialized()=true, soundManager.IsUserMusicPlaying()=false

android[2] trace: MusicManager::PlayTrack(): track=published/sounds/music/loading_01.mp3 fade=true

G4-JNI GetEnv version=0x00010002
android[2] trace: MusicManager::PlayNextTrack() try, fade=true, soundManager.IsInitialized()=true, soundManager.IsUserMusicPlaying()=false

android[2] trace: MusicManager::PlayTrack(): track=published/sounds/music/loading_01.mp3 fade=true

G4-JNI GetEnv version=0x00010002
android[2] trace: MusicManager::PlayNextTrack() try, fade=true, soundManager.IsInitialized()=true, soundManager.IsUserMusicPlaying()=false

android[2] trace: MusicManager::PlayTrack(): track=published/sounds/music/loading_01.mp3 fade=true

G4-JNI GetEnv version=0x00010002
android[2] trace: MusicManager::PlayNextTrack() try, fade=true, soundManager.IsInitialized()=true, soundManager.IsUserMusicPlaying()=false

android[2] trace: MusicManager::PlayTrack(): track=published/sounds/music/loading_01.mp3 fade=true

G4-JNI GetEnv version=0x00010002
android[2] trace: MusicManager::PlayNextTrack() try, fade=true, soundManager.IsInitialized()=true, soundManager.IsUserMusicPlaying()=false

android[2] trace: MusicManager::PlayTrack(): track=published/sounds/music/loading_01.mp3 fade=true

G4-JNI GetEnv version=0x00010002
android[2] trace: MusicManager::PlayNextTrack() try, fade=true, soundManager.IsInitialized()=true, soundManager.IsUserMusicPlaying()=false

android[2] trace: MusicManager::PlayTrack(): track=published/sounds/music/loading_01.mp3 fade=true

G4-JNI GetEnv version=0x00010002
android[2] trace: MusicManager::PlayNextTrack() try, fade=true, soundManager.IsInitialized()=true, soundManager.IsUserMusicPlaying()=false

android[2] trace: MusicManager::PlayTrack(): track=published/sounds/music/loading_01.mp3 fade=true

G4-JNI GetEnv version=0x00010002
android[2] trace: MusicManager::PlayNextTrack() try, fade=true, soundManager.IsInitialized()=true, soundManager.IsUserMusicPlaying()=false

android[2] trace: MusicManager::PlayTrack(): track=published/sounds/music/loading_01.mp3 fade=true

G4-JNI GetEnv version=0x00010002
android[2] trace: MusicManager::PlayNextTrack() try, fade=true, soundManager.IsInitialized()=true, soundManager.IsUserMusicPlaying()=false

android[2] trace: MusicManager::PlayTrack(): track=published/sounds/music/loading_01.mp3 fade=true

G4-JNI GetEnv version=0x00010002
android[2] trace: MusicManager::PlayNextTrack() try, fade=true, soundManager.IsInitialized()=true, soundManager.IsUserMusicPlaying()=false

android[2] trace: MusicManager::PlayTrack(): track=published/sounds/music/loading_01.mp3 fade=true

G4-JNI GetEnv version=0x00010002
android[2] trace: MusicManager::PlayNextTrack() try, fade=true, soundManager.IsInitialized()=true, soundManager.IsUserMusicPlaying()=false

android[2] trace: MusicManager::PlayTrack(): track=published/sounds/music/loading_01.mp3 fade=true

G4-JNI GetEnv version=0x00010002
android[2] trace: MusicManager::PlayNextTrack() try, fade=true, soundManager.IsInitialized()=true, soundManager.IsUserMusicPlaying()=false

android[2] trace: MusicManager::PlayTrack(): track=published/sounds/music/loading_01.mp3 fade=true

G4-JNI GetEnv version=0x00010002
android[2] trace: MoGaConTrOlLeR :: ....................(KK) MogaController :: Inside nativeOnKeyEvent 

android[2] trace: ....................(KK) MogaController :: Inside nativeOnKeyEvent 19

android[2] trace: MoGaConTrOlLeR :: ....................(KK) Key Event Key DPAD Up PPPP .....................

android[2] trace: MoGaConTrOlLeR :: ....................(KK) Key Event Key Down .....................

android[2] trace: MoGaConTrOlLeR :: ....................(KK) Listener Key Press .....................

android[2] trace: MoGaConTrOlLeR :: ....................(KK) AndroidKeyCode :: MogaKeyCode (Start of func) .....................

android[2] trace: MoGaConTrOlLeR :: ....................(KK) AndroidKeyCode :: MogaKeyCode Key Press Dpad UP .....................

android[2] trace: MoGaConTrOlLeR :: (KK) MogaController :: Inside nativeOnKeyEvent ....................

G6-MOGA key frame=1271 code=19 state=down
android[2] trace: MusicManager::PlayNextTrack() try, fade=true, soundManager.IsInitialized()=true, soundManager.IsUserMusicPlaying()=false

android[2] trace: MusicManager::PlayTrack(): track=published/sounds/music/loading_01.mp3 fade=true

G4-JNI GetEnv version=0x00010002
android[2] trace: MusicManager::PlayNextTrack() try, fade=true, soundManager.IsInitialized()=true, soundManager.IsUserMusicPlaying()=false

android[2] trace: MusicManager::PlayTrack(): track=published/sounds/music/loading_01.mp3 fade=true

G4-JNI GetEnv version=0x00010002
android[2] trace: MusicManager::PlayNextTrack() try, fade=true, soundManager.IsInitialized()=true, soundManager.IsUserMusicPlaying()=false

android[2] trace: MusicManager::PlayTrack(): track=published/sounds/music/loading_01.mp3 fade=true

G4-JNI GetEnv version=0x00010002
android[2] trace: MusicManager::PlayNextTrack() try, fade=true, soundManager.IsInitialized()=true, soundManager.IsUserMusicPlaying()=false

android[2] trace: MusicManager::PlayTrack(): track=published/sounds/music/loading_01.mp3 fade=true

G4-JNI GetEnv version=0x00010002
android[2] trace: MusicManager::PlayNextTrack() try, fade=true, soundManager.IsInitialized()=true, soundManager.IsUserMusicPlaying()=false

android[2] trace: MusicManager::PlayTrack(): track=published/sounds/music/loading_01.mp3 fade=true

G4-JNI GetEnv version=0x00010002
android[2] trace: MusicManager::PlayNextTrack() try, fade=true, soundManager.IsInitialized()=true, soundManager.IsUserMusicPlaying()=false

android[2] trace: MusicManager::PlayTrack(): track=published/sounds/music/loading_01.mp3 fade=true

G4-JNI GetEnv version=0x00010002
android[2] trace: MusicManager::PlayNextTrack() try, fade=true, soundManager.IsInitialized()=true, soundManager.IsUserMusicPlaying()=false

android[2] trace: MusicManager::PlayTrack(): track=published/sounds/music/loading_01.mp3 fade=true

G4-JNI GetEnv version=0x00010002
android[2] trace: MusicManager::PlayNextTrack() try, fade=true, soundManager.IsInitialized()=true, soundManager.IsUserMusicPlaying()=false

android[2] trace: MusicManager::PlayTrack(): track=published/sounds/music/loading_01.mp3 fade=true

G4-JNI GetEnv version=0x00010002
android[2] trace: MusicManager::PlayNextTrack() try, fade=true, soundManager.IsInitialized()=true, soundManager.IsUserMusicPlaying()=false

android[2] trace: MusicManager::PlayTrack(): track=published/sounds/music/loading_01.mp3 fade=true

G4-JNI GetEnv version=0x00010002
G4-JNI GetEnv version=0x00010006
android[2] trace: MusicManager::PlayNextTrack() try, fade=true, soundManager.IsInitialized()=true, soundManager.IsUserMusicPlaying()=false

android[2] trace: MusicManager::PlayTrack(): track=published/sounds/music/loading_01.mp3 fade=true

G4-JNI GetEnv version=0x00010002
android[2] trace: MusicManager::PlayNextTrack() try, fade=true, soundManager.IsInitialized()=true, soundManager.IsUserMusicPlaying()=false

android[2] trace: MusicManager::PlayTrack(): track=published/sounds/music/loading_01.mp3 fade=true

G4-JNI GetEnv version=0x00010002
android[2] trace: MusicManager::PlayNextTrack() try, fade=true, soundManager.IsInitialized()=true, soundManager.IsUserMusicPlaying()=false

android[2] trace: MusicManager::PlayTrack(): track=published/sounds/music/loading_01.mp3 fade=true

G4-JNI GetEnv version=0x00010002
android[2] trace: MoGaConTrOlLeR :: ....................(KK) MogaController :: Inside nativeOnKeyEvent 

android[2] trace: ....................(KK) MogaController :: Inside nativeOnKeyEvent 19

android[2] trace: MoGaConTrOlLeR :: ....................(KK) Key Event Key DPAD Up PPPP .....................

android[2] trace: MoGaConTrOlLeR :: ....................(KK) Key Event Key up .....................

android[2] trace: MoGaConTrOlLeR :: ....................(KK) Listener Key Release .....................

android[2] trace: MoGaConTrOlLeR :: ....................(KK) AndroidKeyCode :: MogaKeyCode (Start of func) .....................

android[2] trace: MoGaConTrOlLeR :: ....................(KK) AndroidKeyCode :: MogaKeyCode Key Press Dpad UP .....................

android[2] trace: MoGaConTrOlLeR :: (KK) MogaController :: Inside nativeOnKeyEvent ....................

G6-MOGA key frame=1283 code=19 state=up
android[2] trace: MusicManager::PlayNextTrack() try, fade=true, soundManager.IsInitialized()=true, soundManager.IsUserMusicPlaying()=false

android[2] trace: MusicManager::PlayTrack(): track=published/sounds/music/loading_01.mp3 fade=true

G4-JNI GetEnv version=0x00010002
android[2] trace: MusicManager::PlayNextTrack() try, fade=true, soundManager.IsInitialized()=true, soundManager.IsUserMusicPlaying()=false

android[2] trace: MusicManager::PlayTrack(): track=published/sounds/music/loading_01.mp3 fade=true

G4-JNI GetEnv version=0x00010002
android[2] trace: MusicManager::PlayNextTrack() try, fade=true, soundManager.IsInitialized()=true, soundManager.IsUserMusicPlaying()=false

android[2] trace: MusicManager::PlayTrack(): track=published/sounds/music/loading_01.mp3 fade=true

G4-JNI GetEnv version=0x00010002
android[2] trace: MusicManager::PlayNextTrack() try, fade=true, soundManager.IsInitialized()=true, soundManager.IsUserMusicPlaying()=false

android[2] trace: MusicManager::PlayTrack(): track=published/sounds/music/loading_01.mp3 fade=true

G4-JNI GetEnv version=0x00010002
android[2] trace: MusicManager::PlayNextTrack() try, fade=true, soundManager.IsInitialized()=true, soundManager.IsUserMusicPlaying()=false

android[2] trace: MusicManager::PlayTrack(): track=published/sounds/music/loading_01.mp3 fade=true

G4-JNI GetEnv version=0x00010002
android[2] trace: MusicManager::PlayNextTrack() try, fade=true, soundManager.IsInitialized()=true, soundManager.IsUserMusicPlaying()=false

android[2] trace: MusicManager::PlayTrack(): track=published/sounds/music/loading_01.mp3 fade=true

G4-JNI GetEnv version=0x00010002
android[2] trace: MusicManager::PlayNextTrack() try, fade=true, soundManager.IsInitialized()=true, soundManager.IsUserMusicPlaying()=false

android[2] trace: MusicManager::PlayTrack(): track=published/sounds/music/loading_01.mp3 fade=true

G4-JNI GetEnv version=0x00010002
android[2] trace: MusicManager::PlayNextTrack() try, fade=true, soundManager.IsInitialized()=true, soundManager.IsUserMusicPlaying()=false

android[2] trace: MusicManager::PlayTrack(): track=published/sounds/music/loading_01.mp3 fade=true

G4-JNI GetEnv version=0x00010002
android[2] trace: MusicManager::PlayNextTrack() try, fade=true, soundManager.IsInitialized()=true, soundManager.IsUserMusicPlaying()=false

android[2] trace: MusicManager::PlayTrack(): track=published/sounds/music/loading_01.mp3 fade=true

G4-JNI GetEnv version=0x00010002
android[2] trace: MusicManager::PlayNextTrack() try, fade=true, soundManager.IsInitialized()=true, soundManager.IsUserMusicPlaying()=false

android[2] trace: MusicManager::PlayTrack(): track=published/sounds/music/loading_01.mp3 fade=true

G4-JNI GetEnv version=0x00010002
android[2] trace: MusicManager::PlayNextTrack() try, fade=true, soundManager.IsInitialized()=true, soundManager.IsUserMusicPlaying()=false

android[2] trace: MusicManager::PlayTrack(): track=published/sounds/music/loading_01.mp3 fade=true

G4-JNI GetEnv version=0x00010002
android[2] trace: MusicManager::PlayNextTrack() try, fade=true, soundManager.IsInitialized()=true, soundManager.IsUserMusicPlaying()=false

android[2] trace: MusicManager::PlayTrack(): track=published/sounds/music/loading_01.mp3 fade=true

G4-JNI GetEnv version=0x00010002
android[2] trace: MusicManager::PlayNextTrack() try, fade=true, soundManager.IsInitialized()=true, soundManager.IsUserMusicPlaying()=false

android[2] trace: MusicManager::PlayTrack(): track=published/sounds/music/loading_01.mp3 fade=true

G4-JNI GetEnv version=0x00010002
android[2] trace: MusicManager::PlayNextTrack() try, fade=true, soundManager.IsInitialized()=true, soundManager.IsUserMusicPlaying()=false

android[2] trace: MusicManager::PlayTrack(): track=published/sounds/music/loading_01.mp3 fade=true

G4-JNI GetEnv version=0x00010002
android[2] trace: MusicManager::PlayNextTrack() try, fade=true, soundManager.IsInitialized()=true, soundManager.IsUserMusicPlaying()=false

android[2] trace: MusicManager::PlayTrack(): track=published/sounds/music/loading_01.mp3 fade=true

G4-JNI GetEnv version=0x00010002
android[2] trace: MusicManager::PlayNextTrack() try, fade=true, soundManager.IsInitialized()=true, soundManager.IsUserMusicPlaying()=false

android[2] trace: MusicManager::PlayTrack(): track=published/sounds/music/loading_01.mp3 fade=true

G4-JNI GetEnv version=0x00010002
android[2] trace: MusicManager::PlayNextTrack() try, fade=true, soundManager.IsInitialized()=true, soundManager.IsUserMusicPlaying()=false

android[2] trace: MusicManager::PlayTrack(): track=published/sounds/music/loading_01.mp3 fade=true

G4-JNI GetEnv version=0x00010002
android[2] trace: MusicManager::PlayNextTrack() try, fade=true, soundManager.IsInitialized()=true, soundManager.IsUserMusicPlaying()=false

android[2] trace: MusicManager::PlayTrack(): track=published/sounds/music/loading_01.mp3 fade=true

G4-JNI GetEnv version=0x00010002
android[2] trace: MusicManager::PlayNextTrack() try, fade=true, soundManager.IsInitialized()=true, soundManager.IsUserMusicPlaying()=false

android[2] trace: MusicManager::PlayTrack(): track=published/sounds/music/loading_01.mp3 fade=true

G4-JNI GetEnv version=0x00010002
android[2] trace: MusicManager::PlayNextTrack() try, fade=true, soundManager.IsInitialized()=true, soundManager.IsUserMusicPlaying()=false

android[2] trace: MusicManager::PlayTrack(): track=published/sounds/music/loading_01.mp3 fade=true

G4-JNI GetEnv version=0x00010002
android[2] trace: MusicManager::PlayNextTrack() try, fade=true, soundManager.IsInitialized()=true, soundManager.IsUserMusicPlaying()=false

android[2] trace: MusicManager::PlayTrack(): track=published/sounds/music/loading_01.mp3 fade=true

G4-JNI GetEnv version=0x00010002
android[2] trace: MusicManager::PlayNextTrack() try, fade=true, soundManager.IsInitialized()=true, soundManager.IsUserMusicPlaying()=false

android[2] trace: MusicManager::PlayTrack(): track=published/sounds/music/loading_01.mp3 fade=true

G4-JNI GetEnv version=0x00010002
android[2] trace: MusicManager::PlayNextTrack() try, fade=true, soundManager.IsInitialized()=true, soundManager.IsUserMusicPlaying()=false

android[2] trace: MusicManager::PlayTrack(): track=published/sounds/music/loading_01.mp3 fade=true

G4-JNI GetEnv version=0x00010002
android[2] trace: MoGaConTrOlLeR :: ....................(KK) MogaController :: Inside nativeOnKeyEvent 

android[2] trace: ....................(KK) MogaController :: Inside nativeOnKeyEvent 20

android[2] trace: MoGaConTrOlLeR :: ....................(KK) Key Event Key DPAD Down NNNN .....................

android[2] trace: MoGaConTrOlLeR :: ....................(KK) Key Event Key Down .....................

android[2] trace: MoGaConTrOlLeR :: ....................(KK) Listener Key Press .....................

android[2] trace: MoGaConTrOlLeR :: ....................(KK) AndroidKeyCode :: MogaKeyCode (Start of func) .....................

android[2] trace: MoGaConTrOlLeR :: ....................(KK) AndroidKeyCode :: MogaKeyCode Key Press Dpad Down .....................

android[2] trace: MoGaConTrOlLeR :: (KK) MogaController :: Inside nativeOnKeyEvent ....................

G6-MOGA key frame=1306 code=20 state=down
android[2] trace: MusicManager::PlayNextTrack() try, fade=true, soundManager.IsInitialized()=true, soundManager.IsUserMusicPlaying()=false

android[2] trace: MusicManager::PlayTrack(): track=published/sounds/music/loading_01.mp3 fade=true

G4-JNI GetEnv version=0x00010002
android[2] trace: MusicManager::PlayNextTrack() try, fade=true, soundManager.IsInitialized()=true, soundManager.IsUserMusicPlaying()=false

android[2] trace: MusicManager::PlayTrack(): track=published/sounds/music/loading_01.mp3 fade=true

G4-JNI GetEnv version=0x00010002
android[2] trace: MusicManager::PlayNextTrack() try, fade=true, soundManager.IsInitialized()=true, soundManager.IsUserMusicPlaying()=false

android[2] trace: MusicManager::PlayTrack(): track=published/sounds/music/loading_01.mp3 fade=true

G4-JNI GetEnv version=0x00010002
android[2] trace: MusicManager::PlayNextTrack() try, fade=true, soundManager.IsInitialized()=true, soundManager.IsUserMusicPlaying()=false

android[2] trace: MusicManager::PlayTrack(): track=published/sounds/music/loading_01.mp3 fade=true

G4-JNI GetEnv version=0x00010002
android[2] trace: MusicManager::PlayNextTrack() try, fade=true, soundManager.IsInitialized()=true, soundManager.IsUserMusicPlaying()=false

android[2] trace: MusicManager::PlayTrack(): track=published/sounds/music/loading_01.mp3 fade=true

G4-JNI GetEnv version=0x00010002
android[2] trace: MusicManager::PlayNextTrack() try, fade=true, soundManager.IsInitialized()=true, soundManager.IsUserMusicPlaying()=false

android[2] trace: MusicManager::PlayTrack(): track=published/sounds/music/loading_01.mp3 fade=true

G4-JNI GetEnv version=0x00010002
android[2] trace: MusicManager::PlayNextTrack() try, fade=true, soundManager.IsInitialized()=true, soundManager.IsUserMusicPlaying()=false

android[2] trace: MusicManager::PlayTrack(): track=published/sounds/music/loading_01.mp3 fade=true

G4-JNI GetEnv version=0x00010002
android[2] trace: MusicManager::PlayNextTrack() try, fade=true, soundManager.IsInitialized()=true, soundManager.IsUserMusicPlaying()=false

android[2] trace: MusicManager::PlayTrack(): track=published/sounds/music/loading_01.mp3 fade=true

G4-JNI GetEnv version=0x00010002
android[2] trace: MusicManager::PlayNextTrack() try, fade=true, soundManager.IsInitialized()=true, soundManager.IsUserMusicPlaying()=false

android[2] trace: MusicManager::PlayTrack(): track=published/sounds/music/loading_01.mp3 fade=true

G4-JNI GetEnv version=0x00010002
android[2] trace: MoGaConTrOlLeR :: ....................(KK) MogaController :: Inside nativeOnKeyEvent 

android[2] trace: ....................(KK) MogaController :: Inside nativeOnKeyEvent 20

android[2] trace: MoGaConTrOlLeR :: ....................(KK) Key Event Key DPAD Down NNNN .....................

android[2] trace: MoGaConTrOlLeR :: ....................(KK) Key Event Key up .....................

android[2] trace: MoGaConTrOlLeR :: ....................(KK) Listener Key Release .....................

android[2] trace: MoGaConTrOlLeR :: ....................(KK) AndroidKeyCode :: MogaKeyCode (Start of func) .....................

android[2] trace: MoGaConTrOlLeR :: ....................(KK) AndroidKeyCode :: MogaKeyCode Key Press Dpad Down .....................

android[2] trace: MoGaConTrOlLeR :: (KK) MogaController :: Inside nativeOnKeyEvent ....................

G6-MOGA key frame=1315 code=20 state=up
android[2] trace: MusicManager::PlayNextTrack() try, fade=true, soundManager.IsInitialized()=true, soundManager.IsUserMusicPlaying()=false

android[2] trace: MusicManager::PlayTrack(): track=published/sounds/music/loading_01.mp3 fade=true

G4-JNI GetEnv version=0x00010002
android[2] trace: MusicManager::PlayNextTrack() try, fade=true, soundManager.IsInitialized()=true, soundManager.IsUserMusicPlaying()=false

android[2] trace: MusicManager::PlayTrack(): track=published/sounds/music/loading_01.mp3 fade=true

G4-JNI GetEnv version=0x00010002
android[2] trace: MusicManager::PlayNextTrack() try, fade=true, soundManager.IsInitialized()=true, soundManager.IsUserMusicPlaying()=false

android[2] trace: MusicManager::PlayTrack(): track=published/sounds/music/loading_01.mp3 fade=true

G4-JNI GetEnv version=0x00010002
android[2] trace: MusicManager::PlayNextTrack() try, fade=true, soundManager.IsInitialized()=true, soundManager.IsUserMusicPlaying()=false

android[2] trace: MusicManager::PlayTrack(): track=published/sounds/music/loading_01.mp3 fade=true

G4-JNI GetEnv version=0x00010002
android[2] trace: MusicManager::PlayNextTrack() try, fade=true, soundManager.IsInitialized()=true, soundManager.IsUserMusicPlaying()=false

android[2] trace: MusicManager::PlayTrack(): track=published/sounds/music/loading_01.mp3 fade=true

G4-JNI GetEnv version=0x00010002
android[2] trace: MusicManager::PlayNextTrack() try, fade=true, soundManager.IsInitialized()=true, soundManager.IsUserMusicPlaying()=false

android[2] trace: MusicManager::PlayTrack(): track=published/sounds/music/loading_01.mp3 fade=true

G4-JNI GetEnv version=0x00010002
android[2] trace: MusicManager::PlayNextTrack() try, fade=true, soundManager.IsInitialized()=true, soundManager.IsUserMusicPlaying()=false

android[2] trace: MusicManager::PlayTrack(): track=published/sounds/music/loading_01.mp3 fade=true

G4-JNI GetEnv version=0x00010002
android[2] trace: MusicManager::PlayNextTrack() try, fade=true, soundManager.IsInitialized()=true, soundManager.IsUserMusicPlaying()=false

android[2] trace: MusicManager::PlayTrack(): track=published/sounds/music/loading_01.mp3 fade=true

G4-JNI GetEnv version=0x00010002
android[2] trace: MusicManager::PlayNextTrack() try, fade=true, soundManager.IsInitialized()=true, soundManager.IsUserMusicPlaying()=false

android[2] trace: MusicManager::PlayTrack(): track=published/sounds/music/loading_01.mp3 fade=true

G4-JNI GetEnv version=0x00010002
android[2] trace: MoGaConTrOlLeR :: ....................(KK) MogaController :: Inside nativeOnKeyEvent 

android[2] trace: ....................(KK) MogaController :: Inside nativeOnKeyEvent 20

android[2] trace: MoGaConTrOlLeR :: ....................(KK) Key Event Key DPAD Down NNNN .....................

android[2] trace: MoGaConTrOlLeR :: ....................(KK) Key Event Key Down .....................

android[2] trace: MoGaConTrOlLeR :: ....................(KK) Listener Key Press .....................

android[2] trace: MoGaConTrOlLeR :: ....................(KK) AndroidKeyCode :: MogaKeyCode (Start of func) .....................

android[2] trace: MoGaConTrOlLeR :: ....................(KK) AndroidKeyCode :: MogaKeyCode Key Press Dpad Down .....................

android[2] trace: MoGaConTrOlLeR :: (KK) MogaController :: Inside nativeOnKeyEvent ....................

G6-MOGA key frame=1324 code=20 state=down
android[2] trace: MusicManager::PlayNextTrack() try, fade=true, soundManager.IsInitialized()=true, soundManager.IsUserMusicPlaying()=false

android[2] trace: MusicManager::PlayTrack(): track=published/sounds/music/loading_01.mp3 fade=true

G4-JNI GetEnv version=0x00010002
android[2] trace: MusicManager::PlayNextTrack() try, fade=true, soundManager.IsInitialized()=true, soundManager.IsUserMusicPlaying()=false

android[2] trace: MusicManager::PlayTrack(): track=published/sounds/music/loading_01.mp3 fade=true

G4-JNI GetEnv version=0x00010002
android[2] trace: MusicManager::PlayNextTrack() try, fade=true, soundManager.IsInitialized()=true, soundManager.IsUserMusicPlaying()=false

android[2] trace: MusicManager::PlayTrack(): track=published/sounds/music/loading_01.mp3 fade=true

G4-JNI GetEnv version=0x00010002
android[2] trace: MusicManager::PlayNextTrack() try, fade=true, soundManager.IsInitialized()=true, soundManager.IsUserMusicPlaying()=false

android[2] trace: MusicManager::PlayTrack(): track=published/sounds/music/loading_01.mp3 fade=true

G4-JNI GetEnv version=0x00010002
android[2] trace: MusicManager::PlayNextTrack() try, fade=true, soundManager.IsInitialized()=true, soundManager.IsUserMusicPlaying()=false

android[2] trace: MusicManager::PlayTrack(): track=published/sounds/music/loading_01.mp3 fade=true

G4-JNI GetEnv version=0x00010002
android[2] trace: MusicManager::PlayNextTrack() try, fade=true, soundManager.IsInitialized()=true, soundManager.IsUserMusicPlaying()=false

android[2] trace: MusicManager::PlayTrack(): track=published/sounds/music/loading_01.mp3 fade=true

G4-JNI GetEnv version=0x00010002
android[2] trace: MusicManager::PlayNextTrack() try, fade=true, soundManager.IsInitialized()=true, soundManager.IsUserMusicPlaying()=false

android[2] trace: MusicManager::PlayTrack(): track=published/sounds/music/loading_01.mp3 fade=true

G4-JNI GetEnv version=0x00010002
android[2] trace: MusicManager::PlayNextTrack() try, fade=true, soundManager.IsInitialized()=true, soundManager.IsUserMusicPlaying()=false

android[2] trace: MusicManager::PlayTrack(): track=published/sounds/music/loading_01.mp3 fade=true

G4-JNI GetEnv version=0x00010002
android[2] trace: MoGaConTrOlLeR :: ....................(KK) MogaController :: Inside nativeOnKeyEvent 

android[2] trace: ....................(KK) MogaController :: Inside nativeOnKeyEvent 20

android[2] trace: MoGaConTrOlLeR :: ....................(KK) Key Event Key DPAD Down NNNN .....................

android[2] trace: MoGaConTrOlLeR :: ....................(KK) Key Event Key up .....................

android[2] trace: MoGaConTrOlLeR :: ....................(KK) Listener Key Release .....................

android[2] trace: MoGaConTrOlLeR :: ....................(KK) AndroidKeyCode :: MogaKeyCode (Start of func) .....................

android[2] trace: MoGaConTrOlLeR :: ....................(KK) AndroidKeyCode :: MogaKeyCode Key Press Dpad Down .....................

android[2] trace: MoGaConTrOlLeR :: (KK) MogaController :: Inside nativeOnKeyEvent ....................

G6-MOGA key frame=1332 code=20 state=up
android[2] trace: MusicManager::PlayNextTrack() try, fade=true, soundManager.IsInitialized()=true, soundManager.IsUserMusicPlaying()=false

android[2] trace: MusicManager::PlayTrack(): track=published/sounds/music/loading_01.mp3 fade=true

G4-JNI GetEnv version=0x00010002
android[2] trace: MusicManager::PlayNextTrack() try, fade=true, soundManager.IsInitialized()=true, soundManager.IsUserMusicPlaying()=false

android[2] trace: MusicManager::PlayTrack(): track=published/sounds/music/loading_01.mp3 fade=true

G4-JNI GetEnv version=0x00010002
android[2] trace: MusicManager::PlayNextTrack() try, fade=true, soundManager.IsInitialized()=true, soundManager.IsUserMusicPlaying()=false

android[2] trace: MusicManager::PlayTrack(): track=published/sounds/music/loading_01.mp3 fade=true

G4-JNI GetEnv version=0x00010002
android[2] trace: MusicManager::PlayNextTrack() try, fade=true, soundManager.IsInitialized()=true, soundManager.IsUserMusicPlaying()=false

android[2] trace: MusicManager::PlayTrack(): track=published/sounds/music/loading_01.mp3 fade=true

G4-JNI GetEnv version=0x00010002
android[2] trace: MusicManager::PlayNextTrack() try, fade=true, soundManager.IsInitialized()=true, soundManager.IsUserMusicPlaying()=false

android[2] trace: MusicManager::PlayTrack(): track=published/sounds/music/loading_01.mp3 fade=true

G4-JNI GetEnv version=0x00010002
android[2] trace: MusicManager::PlayNextTrack() try, fade=true, soundManager.IsInitialized()=true, soundManager.IsUserMusicPlaying()=false

android[2] trace: MusicManager::PlayTrack(): track=published/sounds/music/loading_01.mp3 fade=true

G4-JNI GetEnv version=0x00010002
android[2] trace: MusicManager::PlayNextTrack() try, fade=true, soundManager.IsInitialized()=true, soundManager.IsUserMusicPlaying()=false

android[2] trace: MusicManager::PlayTrack(): track=published/sounds/music/loading_01.mp3 fade=true

G4-JNI GetEnv version=0x00010002
android[2] trace: MusicManager::PlayNextTrack() try, fade=true, soundManager.IsInitialized()=true, soundManager.IsUserMusicPlaying()=false

android[2] trace: MusicManager::PlayTrack(): track=published/sounds/music/loading_01.mp3 fade=true

G4-JNI GetEnv version=0x00010002
android[2] trace: MusicManager::PlayNextTrack() try, fade=true, soundManager.IsInitialized()=true, soundManager.IsUserMusicPlaying()=false

android[2] trace: MusicManager::PlayTrack(): track=published/sounds/music/loading_01.mp3 fade=true

G4-JNI GetEnv version=0x00010002
android[2] trace: MusicManager::PlayNextTrack() try, fade=true, soundManager.IsInitialized()=true, soundManager.IsUserMusicPlaying()=false

android[2] trace: MusicManager::PlayTrack(): track=published/sounds/music/loading_01.mp3 fade=true

G4-JNI GetEnv version=0x00010002
android[2] trace: MusicManager::PlayNextTrack() try, fade=true, soundManager.IsInitialized()=true, soundManager.IsUserMusicPlaying()=false

android[2] trace: MusicManager::PlayTrack(): track=published/sounds/music/loading_01.mp3 fade=true

G4-JNI GetEnv version=0x00010002
android[2] trace: MusicManager::PlayNextTrack() try, fade=true, soundManager.IsInitialized()=true, soundManager.IsUserMusicPlaying()=false

android[2] trace: MusicManager::PlayTrack(): track=published/sounds/music/loading_01.mp3 fade=true

G4-JNI GetEnv version=0x00010002
android[2] trace: MusicManager::PlayNextTrack() try, fade=true, soundManager.IsInitialized()=true, soundManager.IsUserMusicPlaying()=false

android[2] trace: MusicManager::PlayTrack(): track=published/sounds/music/loading_01.mp3 fade=true

G4-JNI GetEnv version=0x00010002
android[2] trace: MusicManager::PlayNextTrack() try, fade=true, soundManager.IsInitialized()=true, soundManager.IsUserMusicPlaying()=false

android[2] trace: MusicManager::PlayTrack(): track=published/sounds/music/loading_01.mp3 fade=true

G4-JNI GetEnv version=0x00010002
android[2] trace: MusicManager::PlayNextTrack() try, fade=true, soundManager.IsInitialized()=true, soundManager.IsUserMusicPlaying()=false

android[2] trace: MusicManager::PlayTrack(): track=published/sounds/music/loading_01.mp3 fade=true

G4-JNI GetEnv version=0x00010002
android[2] trace: MusicManager::PlayNextTrack() try, fade=true, soundManager.IsInitialized()=true, soundManager.IsUserMusicPlaying()=false

android[2] trace: MusicManager::PlayTrack(): track=published/sounds/music/loading_01.mp3 fade=true

G4-JNI GetEnv version=0x00010002
android[2] trace: MusicManager::PlayNextTrack() try, fade=true, soundManager.IsInitialized()=true, soundManager.IsUserMusicPlaying()=false

android[2] trace: MusicManager::PlayTrack(): track=published/sounds/music/loading_01.mp3 fade=true

G4-JNI GetEnv version=0x00010002
android[2] trace: MusicManager::PlayNextTrack() try, fade=true, soundManager.IsInitialized()=true, soundManager.IsUserMusicPlaying()=false

android[2] trace: MusicManager::PlayTrack(): track=published/sounds/music/loading_01.mp3 fade=true

G4-JNI GetEnv version=0x00010002
android[2] trace: MusicManager::PlayNextTrack() try, fade=true, soundManager.IsInitialized()=true, soundManager.IsUserMusicPlaying()=false

android[2] trace: MusicManager::PlayTrack(): track=published/sounds/music/loading_01.mp3 fade=true

G4-JNI GetEnv version=0x00010002
android[2] trace: MusicManager::PlayNextTrack() try, fade=true, soundManager.IsInitialized()=true, soundManager.IsUserMusicPlaying()=false

android[2] trace: MusicManager::PlayTrack(): track=published/sounds/music/loading_01.mp3 fade=true

G4-JNI GetEnv version=0x00010002
android[2] trace: MusicManager::PlayNextTrack() try, fade=true, soundManager.IsInitialized()=true, soundManager.IsUserMusicPlaying()=false

android[2] trace: MusicManager::PlayTrack(): track=published/sounds/music/loading_01.mp3 fade=true

G4-JNI GetEnv version=0x00010002
android[2] trace: MusicManager::PlayNextTrack() try, fade=true, soundManager.IsInitialized()=true, soundManager.IsUserMusicPlaying()=false

android[2] trace: MusicManager::PlayTrack(): track=published/sounds/music/loading_01.mp3 fade=true

G4-JNI GetEnv version=0x00010002
android[2] trace: MusicManager::PlayNextTrack() try, fade=true, soundManager.IsInitialized()=true, soundManager.IsUserMusicPlaying()=false

android[2] trace: MusicManager::PlayTrack(): track=published/sounds/music/loading_01.mp3 fade=true

G4-JNI GetEnv version=0x00010002
android[2] trace: MusicManager::PlayNextTrack() try, fade=true, soundManager.IsInitialized()=true, soundManager.IsUserMusicPlaying()=false

android[2] trace: MusicManager::PlayTrack(): track=published/sounds/music/loading_01.mp3 fade=true

G4-JNI GetEnv version=0x00010002
android[2] trace: MusicManager::PlayNextTrack() try, fade=true, soundManager.IsInitialized()=true, soundManager.IsUserMusicPlaying()=false

android[2] trace: MusicManager::PlayTrack(): track=published/sounds/music/loading_01.mp3 fade=true

G4-JNI GetEnv version=0x00010002
android[2] trace: MusicManager::PlayNextTrack() try, fade=true, soundManager.IsInitialized()=true, soundManager.IsUserMusicPlaying()=false

android[2] trace: MusicManager::PlayTrack(): track=published/sounds/music/loading_01.mp3 fade=true

G4-JNI GetEnv version=0x00010002
android[2] trace: MusicManager::PlayNextTrack() try, fade=true, soundManager.IsInitialized()=true, soundManager.IsUserMusicPlaying()=false

android[2] trace: MusicManager::PlayTrack(): track=published/sounds/music/loading_01.mp3 fade=true

G4-JNI GetEnv version=0x00010002
android[2] trace: MusicManager::PlayNextTrack() try, fade=true, soundManager.IsInitialized()=true, soundManager.IsUserMusicPlaying()=false

android[2] trace: MusicManager::PlayTrack(): track=published/sounds/music/loading_01.mp3 fade=true

G4-JNI GetEnv version=0x00010002
android[2] trace: MusicManager::PlayNextTrack() try, fade=true, soundManager.IsInitialized()=true, soundManager.IsUserMusicPlaying()=false

android[2] trace: MusicManager::PlayTrack(): track=published/sounds/music/loading_01.mp3 fade=true

G4-JNI GetEnv version=0x00010002
android[2] trace: MusicManager::PlayNextTrack() try, fade=true, soundManager.IsInitialized()=true, soundManager.IsUserMusicPlaying()=false

android[2] trace: MusicManager::PlayTrack(): track=published/sounds/music/loading_01.mp3 fade=true

G4-JNI GetEnv version=0x00010002
android[2] trace: MusicManager::PlayNextTrack() try, fade=true, soundManager.IsInitialized()=true, soundManager.IsUserMusicPlaying()=false

android[2] trace: MusicManager::PlayTrack(): track=published/sounds/music/loading_01.mp3 fade=true

G4-JNI GetEnv version=0x00010002
android[2] trace: MusicManager::PlayNextTrack() try, fade=true, soundManager.IsInitialized()=true, soundManager.IsUserMusicPlaying()=false

android[2] trace: MusicManager::PlayTrack(): track=published/sounds/music/loading_01.mp3 fade=true

G4-JNI GetEnv version=0x00010002
android[2] trace: MusicManager::PlayNextTrack() try, fade=true, soundManager.IsInitialized()=true, soundManager.IsUserMusicPlaying()=false

android[2] trace: MusicManager::PlayTrack(): track=published/sounds/music/loading_01.mp3 fade=true

G4-JNI GetEnv version=0x00010002
android[2] trace: MusicManager::PlayNextTrack() try, fade=true, soundManager.IsInitialized()=true, soundManager.IsUserMusicPlaying()=false

android[2] trace: MusicManager::PlayTrack(): track=published/sounds/music/loading_01.mp3 fade=true

G4-JNI GetEnv version=0x00010002
android[2] trace: MusicManager::PlayNextTrack() try, fade=true, soundManager.IsInitialized()=true, soundManager.IsUserMusicPlaying()=false

android[2] trace: MusicManager::PlayTrack(): track=published/sounds/music/loading_01.mp3 fade=true

G4-JNI GetEnv version=0x00010002
android[2] trace: MusicManager::PlayNextTrack() try, fade=true, soundManager.IsInitialized()=true, soundManager.IsUserMusicPlaying()=false

android[2] trace: MusicManager::PlayTrack(): track=published/sounds/music/loading_01.mp3 fade=true

G4-JNI GetEnv version=0x00010002
android[2] trace: MusicManager::PlayNextTrack() try, fade=true, soundManager.IsInitialized()=true, soundManager.IsUserMusicPlaying()=false

android[2] trace: MusicManager::PlayTrack(): track=published/sounds/music/loading_01.mp3 fade=true

G4-JNI GetEnv version=0x00010002
android[2] trace: MusicManager::PlayNextTrack() try, fade=true, soundManager.IsInitialized()=true, soundManager.IsUserMusicPlaying()=false

android[2] trace: MusicManager::PlayTrack(): track=published/sounds/music/loading_01.mp3 fade=true

G4-JNI GetEnv version=0x00010002
android[2] trace: MusicManager::PlayNextTrack() try, fade=true, soundManager.IsInitialized()=true, soundManager.IsUserMusicPlaying()=false

android[2] trace: MusicManager::PlayTrack(): track=published/sounds/music/loading_01.mp3 fade=true

G4-JNI GetEnv version=0x00010002
android[2] trace: MusicManager::PlayNextTrack() try, fade=true, soundManager.IsInitialized()=true, soundManager.IsUserMusicPlaying()=false

android[2] trace: MusicManager::PlayTrack(): track=published/sounds/music/loading_01.mp3 fade=true

G4-JNI GetEnv version=0x00010002
android[2] trace: MusicManager::PlayNextTrack() try, fade=true, soundManager.IsInitialized()=true, soundManager.IsUserMusicPlaying()=false

android[2] trace: MusicManager::PlayTrack(): track=published/sounds/music/loading_01.mp3 fade=true

G4-JNI GetEnv version=0x00010002
android[2] trace: MusicManager::PlayNextTrack() try, fade=true, soundManager.IsInitialized()=true, soundManager.IsUserMusicPlaying()=false

android[2] trace: MusicManager::PlayTrack(): track=published/sounds/music/loading_01.mp3 fade=true

G4-JNI GetEnv version=0x00010002
android[2] trace: MusicManager::PlayNextTrack() try, fade=true, soundManager.IsInitialized()=true, soundManager.IsUserMusicPlaying()=false

android[2] trace: MusicManager::PlayTrack(): track=published/sounds/music/loading_01.mp3 fade=true

G4-JNI GetEnv version=0x00010002
android[2] trace: MoGaConTrOlLeR :: ....................(KK) MogaController :: Inside nativeOnKeyEvent 

android[2] trace: ....................(KK) MogaController :: Inside nativeOnKeyEvent 96

android[2] trace: MoGaConTrOlLeR :: ....................(KK) Key Event Key A AAAA .....................

android[2] trace: MoGaConTrOlLeR :: ....................(KK) Key Event Key Down .....................

android[2] trace: MoGaConTrOlLeR :: ....................(KK) Listener Key Press .....................

android[2] trace: MoGaConTrOlLeR :: ....................(KK) AndroidKeyCode :: MogaKeyCode (Start of func) .....................

android[2] trace: MoGaConTrOlLeR :: ....................(KK) AndroidKeyCode :: MogaKeyCode Key Press A .....................

android[2] trace: MoGaConTrOlLeR :: (KK) MogaController :: Inside nativeOnKeyEvent ....................

G6-MOGA key frame=1375 code=96 state=down
android[2] trace: MusicManager::PlayNextTrack() try, fade=true, soundManager.IsInitialized()=true, soundManager.IsUserMusicPlaying()=false

android[2] trace: MusicManager::PlayTrack(): track=published/sounds/music/loading_01.mp3 fade=true

G4-JNI GetEnv version=0x00010002
G4-JNI GetEnv version=0x00010006
android[6] Sound/SoundManager/error: FMOD result of SoundManager::createSound: An error occured that wasn't supposed to.  Contact support. 

android[5] Sound/SoundManager/warn: SoundManager::createSound - 'ui/ui/btn_generic_accept': failure.

android[2] trace: UI play sound: ui/ui/btn_generic_accept

android[2] trace: MusicManager::PlayNextTrack() try, fade=true, soundManager.IsInitialized()=true, soundManager.IsUserMusicPlaying()=false

android[2] trace: MusicManager::PlayTrack(): track=published/sounds/music/loading_01.mp3 fade=true

G4-JNI GetEnv version=0x00010002
android[2] trace: MoGaConTrOlLeR :: ....................(KK) MogaController :: Inside nativeOnKeyEvent 

android[2] trace: ....................(KK) MogaController :: Inside nativeOnKeyEvent 96

android[2] trace: MoGaConTrOlLeR :: ....................(KK) Key Event Key A AAAA .....................

android[2] trace: MoGaConTrOlLeR :: ....................(KK) Key Event Key up .....................

android[2] trace: MoGaConTrOlLeR :: ....................(KK) Listener Key Release .....................

android[2] trace: MoGaConTrOlLeR :: ....................(KK) AndroidKeyCode :: MogaKeyCode (Start of func) .....................

android[2] trace: MoGaConTrOlLeR :: ....................(KK) AndroidKeyCode :: MogaKeyCode Key Press A .....................

android[2] trace: MoGaConTrOlLeR :: (KK) MogaController :: Inside nativeOnKeyEvent ....................

G6-MOGA key frame=1377 code=96 state=up
android[2] trace: MusicManager::PlayNextTrack() try, fade=true, soundManager.IsInitialized()=true, soundManager.IsUserMusicPlaying()=false

android[2] trace: MusicManager::PlayTrack(): track=published/sounds/music/loading_01.mp3 fade=true

G4-JNI GetEnv version=0x00010002
android[2] trace: MusicManager::PlayNextTrack() try, fade=true, soundManager.IsInitialized()=true, soundManager.IsUserMusicPlaying()=false

android[2] trace: MusicManager::PlayTrack(): track=published/sounds/music/loading_01.mp3 fade=true

G4-JNI GetEnv version=0x00010002
android[2] trace: MusicManager::PlayNextTrack() try, fade=true, soundManager.IsInitialized()=true, soundManager.IsUserMusicPlaying()=false

android[2] trace: MusicManager::PlayTrack(): track=published/sounds/music/loading_01.mp3 fade=true

G4-JNI GetEnv version=0x00010002
android[2] trace: MusicManager::PlayNextTrack() try, fade=true, soundManager.IsInitialized()=true, soundManager.IsUserMusicPlaying()=false

android[2] trace: MusicManager::PlayTrack(): track=published/sounds/music/loading_01.mp3 fade=true

G4-JNI GetEnv version=0x00010002
android[2] trace: MusicManager::PlayNextTrack() try, fade=true, soundManager.IsInitialized()=true, soundManager.IsUserMusicPlaying()=false

android[2] trace: MusicManager::PlayTrack(): track=published/sounds/music/loading_01.mp3 fade=true

G4-JNI GetEnv version=0x00010002
android[2] trace: MusicManager::PlayNextTrack() try, fade=true, soundManager.IsInitialized()=true, soundManager.IsUserMusicPlaying()=false

android[2] trace: MusicManager::PlayTrack(): track=published/sounds/music/loading_01.mp3 fade=true

G4-JNI GetEnv version=0x00010002
android[2] trace: MusicManager::PlayNextTrack() try, fade=true, soundManager.IsInitialized()=true, soundManager.IsUserMusicPlaying()=false

android[2] trace: MusicManager::PlayTrack(): track=published/sounds/music/loading_01.mp3 fade=true

G4-JNI GetEnv version=0x00010002
android[2] trace: MusicManager::PlayNextTrack() try, fade=true, soundManager.IsInitialized()=true, soundManager.IsUserMusicPlaying()=false

android[2] trace: MusicManager::PlayTrack(): track=published/sounds/music/loading_01.mp3 fade=true

G4-JNI GetEnv version=0x00010002
android[2] trace: MusicManager::PlayNextTrack() try, fade=true, soundManager.IsInitialized()=true, soundManager.IsUserMusicPlaying()=false

android[2] trace: MusicManager::PlayTrack(): track=published/sounds/music/loading_01.mp3 fade=true

G4-JNI GetEnv version=0x00010002
android[2] trace: MusicManager::PlayNextTrack() try, fade=true, soundManager.IsInitialized()=true, soundManager.IsUserMusicPlaying()=false

android[2] trace: MusicManager::PlayTrack(): track=published/sounds/music/loading_01.mp3 fade=true

G4-JNI GetEnv version=0x00010002
android[2] trace: MusicManager::PlayNextTrack() try, fade=true, soundManager.IsInitialized()=true, soundManager.IsUserMusicPlaying()=false

android[2] trace: MusicManager::PlayTrack(): track=published/sounds/music/loading_01.mp3 fade=true

G4-JNI GetEnv version=0x00010002
android[2] trace: MusicManager::PlayNextTrack() try, fade=true, soundManager.IsInitialized()=true, soundManager.IsUserMusicPlaying()=false

android[2] trace: MusicManager::PlayTrack(): track=published/sounds/music/loading_01.mp3 fade=true

G4-JNI GetEnv version=0x00010002
android[2] trace: MusicManager::PlayNextTrack() try, fade=true, soundManager.IsInitialized()=true, soundManager.IsUserMusicPlaying()=false

android[2] trace: MusicManager::PlayTrack(): track=published/sounds/music/loading_01.mp3 fade=true

G4-JNI GetEnv version=0x00010002
android[2] trace: MusicManager::PlayNextTrack() try, fade=true, soundManager.IsInitialized()=true, soundManager.IsUserMusicPlaying()=false

android[2] trace: MusicManager::PlayTrack(): track=published/sounds/music/loading_01.mp3 fade=true

G4-JNI GetEnv version=0x00010002
android[2] trace: MusicManager::PlayNextTrack() try, fade=true, soundManager.IsInitialized()=true, soundManager.IsUserMusicPlaying()=false

android[2] trace: MusicManager::PlayTrack(): track=published/sounds/music/loading_01.mp3 fade=true

G4-JNI GetEnv version=0x00010002
android[2] trace: MusicManager::PlayNextTrack() try, fade=true, soundManager.IsInitialized()=true, soundManager.IsUserMusicPlaying()=false

android[2] trace: MusicManager::PlayTrack(): track=published/sounds/music/loading_01.mp3 fade=true

G4-JNI GetEnv version=0x00010002
android[2] trace: MusicManager::PlayNextTrack() try, fade=true, soundManager.IsInitialized()=true, soundManager.IsUserMusicPlaying()=false

android[2] trace: MusicManager::PlayTrack(): track=published/sounds/music/loading_01.mp3 fade=true

G4-JNI GetEnv version=0x00010002
android[2] trace: MusicManager::PlayNextTrack() try, fade=true, soundManager.IsInitialized()=true, soundManager.IsUserMusicPlaying()=false

android[2] trace: MusicManager::PlayTrack(): track=published/sounds/music/loading_01.mp3 fade=true

G4-JNI GetEnv version=0x00010002
android[2] trace: MusicManager::PlayNextTrack() try, fade=true, soundManager.IsInitialized()=true, soundManager.IsUserMusicPlaying()=false

android[2] trace: MusicManager::PlayTrack(): track=published/sounds/music/loading_01.mp3 fade=true

G4-JNI GetEnv version=0x00010002
android[2] trace: MusicManager::PlayNextTrack() try, fade=true, soundManager.IsInitialized()=true, soundManager.IsUserMusicPlaying()=false

android[2] trace: MusicManager::PlayTrack(): track=published/sounds/music/loading_01.mp3 fade=true

G4-JNI GetEnv version=0x00010002
android[2] trace: MusicManager::PlayNextTrack() try, fade=true, soundManager.IsInitialized()=true, soundManager.IsUserMusicPlaying()=false

android[2] trace: MusicManager::PlayTrack(): track=published/sounds/music/loading_01.mp3 fade=true

G4-JNI GetEnv version=0x00010002
android[2] trace: MusicManager::PlayNextTrack() try, fade=true, soundManager.IsInitialized()=true, soundManager.IsUserMusicPlaying()=false

android[2] trace: MusicManager::PlayTrack(): track=published/sounds/music/loading_01.mp3 fade=true

G4-JNI GetEnv version=0x00010002
android[2] trace: MusicManager::PlayNextTrack() try, fade=true, soundManager.IsInitialized()=true, soundManager.IsUserMusicPlaying()=false

android[2] trace: MusicManager::PlayTrack(): track=published/sounds/music/loading_01.mp3 fade=true

G4-JNI GetEnv version=0x00010002
android[2] trace: MusicManager::PlayNextTrack() try, fade=true, soundManager.IsInitialized()=true, soundManager.IsUserMusicPlaying()=false

android[2] trace: MusicManager::PlayTrack(): track=published/sounds/music/loading_01.mp3 fade=true

G4-JNI GetEnv version=0x00010002
android[2] trace: MusicManager::PlayNextTrack() try, fade=true, soundManager.IsInitialized()=true, soundManager.IsUserMusicPlaying()=false

android[2] trace: MusicManager::PlayTrack(): track=published/sounds/music/loading_01.mp3 fade=true

G4-JNI GetEnv version=0x00010002
android[2] trace: MusicManager::PlayNextTrack() try, fade=true, soundManager.IsInitialized()=true, soundManager.IsUserMusicPlaying()=false

android[2] trace: MusicManager::PlayTrack(): track=published/sounds/music/loading_01.mp3 fade=true

G4-JNI GetEnv version=0x00010002
android[2] trace: MusicManager::PlayNextTrack() try, fade=true, soundManager.IsInitialized()=true, soundManager.IsUserMusicPlaying()=false

android[2] trace: MusicManager::PlayTrack(): track=published/sounds/music/loading_01.mp3 fade=true

G4-JNI GetEnv version=0x00010002
android[2] trace: MusicManager::PlayNextTrack() try, fade=true, soundManager.IsInitialized()=true, soundManager.IsUserMusicPlaying()=false

android[2] trace: MusicManager::PlayTrack(): track=published/sounds/music/loading_01.mp3 fade=true

G4-JNI GetEnv version=0x00010002
android[2] trace: MusicManager::PlayNextTrack() try, fade=true, soundManager.IsInitialized()=true, soundManager.IsUserMusicPlaying()=false

android[2] trace: MusicManager::PlayTrack(): track=published/sounds/music/loading_01.mp3 fade=true

G4-JNI GetEnv version=0x00010002
android[2] trace: MusicManager::PlayNextTrack() try, fade=true, soundManager.IsInitialized()=true, soundManager.IsUserMusicPlaying()=false

android[2] trace: MusicManager::PlayTrack(): track=published/sounds/music/loading_01.mp3 fade=true

G4-JNI GetEnv version=0x00010002
android[2] trace: MusicManager::PlayNextTrack() try, fade=true, soundManager.IsInitialized()=true, soundManager.IsUserMusicPlaying()=false

android[2] trace: MusicManager::PlayTrack(): track=published/sounds/music/loading_01.mp3 fade=true

G4-JNI GetEnv version=0x00010002
android[2] trace: MusicManager::PlayNextTrack() try, fade=true, soundManager.IsInitialized()=true, soundManager.IsUserMusicPlaying()=false

android[2] trace: MusicManager::PlayTrack(): track=published/sounds/music/loading_01.mp3 fade=true

G4-JNI GetEnv version=0x00010002
android[2] trace: MusicManager::PlayNextTrack() try, fade=true, soundManager.IsInitialized()=true, soundManager.IsUserMusicPlaying()=false

android[2] trace: MusicManager::PlayTrack(): track=published/sounds/music/loading_01.mp3 fade=true

G4-JNI GetEnv version=0x00010002
android[2] trace: MusicManager::PlayNextTrack() try, fade=true, soundManager.IsInitialized()=true, soundManager.IsUserMusicPlaying()=false

android[2] trace: MusicManager::PlayTrack(): track=published/sounds/music/loading_01.mp3 fade=true

G4-JNI GetEnv version=0x00010002
android[2] trace: MusicManager::PlayNextTrack() try, fade=true, soundManager.IsInitialized()=true, soundManager.IsUserMusicPlaying()=false

android[2] trace: MusicManager::PlayTrack(): track=published/sounds/music/loading_01.mp3 fade=true

G4-JNI GetEnv version=0x00010002
android[2] trace: MoGaConTrOlLeR :: ....................(KK) MogaController :: Inside nativeOnKeyEvent 

android[2] trace: ....................(KK) MogaController :: Inside nativeOnKeyEvent 20

android[2] trace: MoGaConTrOlLeR :: ....................(KK) Key Event Key DPAD Down NNNN .....................

android[2] trace: MoGaConTrOlLeR :: ....................(KK) Key Event Key Down .....................

android[2] trace: MoGaConTrOlLeR :: ....................(KK) Listener Key Press .....................

android[2] trace: MoGaConTrOlLeR :: ....................(KK) AndroidKeyCode :: MogaKeyCode (Start of func) .....................

android[2] trace: MoGaConTrOlLeR :: ....................(KK) AndroidKeyCode :: MogaKeyCode Key Press Dpad Down .....................

android[2] trace: MoGaConTrOlLeR :: (KK) MogaController :: Inside nativeOnKeyEvent ....................

G6-MOGA key frame=1412 code=20 state=down
android[2] trace: MusicManager::PlayNextTrack() try, fade=true, soundManager.IsInitialized()=true, soundManager.IsUserMusicPlaying()=false

android[2] trace: MusicManager::PlayTrack(): track=published/sounds/music/loading_01.mp3 fade=true

G4-JNI GetEnv version=0x00010002
android[2] trace: MusicManager::PlayNextTrack() try, fade=true, soundManager.IsInitialized()=true, soundManager.IsUserMusicPlaying()=false

android[2] trace: MusicManager::PlayTrack(): track=published/sounds/music/loading_01.mp3 fade=true

G4-JNI GetEnv version=0x00010002
android[2] trace: MusicManager::PlayNextTrack() try, fade=true, soundManager.IsInitialized()=true, soundManager.IsUserMusicPlaying()=false

android[2] trace: MusicManager::PlayTrack(): track=published/sounds/music/loading_01.mp3 fade=true

G4-JNI GetEnv version=0x00010002
android[2] trace: MusicManager::PlayNextTrack() try, fade=true, soundManager.IsInitialized()=true, soundManager.IsUserMusicPlaying()=false

android[2] trace: MusicManager::PlayTrack(): track=published/sounds/music/loading_01.mp3 fade=true

G4-JNI GetEnv version=0x00010002
android[2] trace: MusicManager::PlayNextTrack() try, fade=true, soundManager.IsInitialized()=true, soundManager.IsUserMusicPlaying()=false

android[2] trace: MusicManager::PlayTrack(): track=published/sounds/music/loading_01.mp3 fade=true

G4-JNI GetEnv version=0x00010002
android[2] trace: MusicManager::PlayNextTrack() try, fade=true, soundManager.IsInitialized()=true, soundManager.IsUserMusicPlaying()=false

android[2] trace: MusicManager::PlayTrack(): track=published/sounds/music/loading_01.mp3 fade=true

G4-JNI GetEnv version=0x00010002
android[2] trace: MusicManager::PlayNextTrack() try, fade=true, soundManager.IsInitialized()=true, soundManager.IsUserMusicPlaying()=false

android[2] trace: MusicManager::PlayTrack(): track=published/sounds/music/loading_01.mp3 fade=true

G4-JNI GetEnv version=0x00010002
android[2] trace: MusicManager::PlayNextTrack() try, fade=true, soundManager.IsInitialized()=true, soundManager.IsUserMusicPlaying()=false

android[2] trace: MusicManager::PlayTrack(): track=published/sounds/music/loading_01.mp3 fade=true

G4-JNI GetEnv version=0x00010002
android[2] trace: MusicManager::PlayNextTrack() try, fade=true, soundManager.IsInitialized()=true, soundManager.IsUserMusicPlaying()=false

android[2] trace: MusicManager::PlayTrack(): track=published/sounds/music/loading_01.mp3 fade=true

G4-JNI GetEnv version=0x00010002
android[2] trace: MoGaConTrOlLeR :: ....................(KK) MogaController :: Inside nativeOnKeyEvent 

android[2] trace: ....................(KK) MogaController :: Inside nativeOnKeyEvent 20

android[2] trace: MoGaConTrOlLeR :: ....................(KK) Key Event Key DPAD Down NNNN .....................

android[2] trace: MoGaConTrOlLeR :: ....................(KK) Key Event Key up .....................

android[2] trace: MoGaConTrOlLeR :: ....................(KK) Listener Key Release .....................

android[2] trace: MoGaConTrOlLeR :: ....................(KK) AndroidKeyCode :: MogaKeyCode (Start of func) .....................

android[2] trace: MoGaConTrOlLeR :: ....................(KK) AndroidKeyCode :: MogaKeyCode Key Press Dpad Down .....................

android[2] trace: MoGaConTrOlLeR :: (KK) MogaController :: Inside nativeOnKeyEvent ....................

G6-MOGA key frame=1421 code=20 state=up
android[2] trace: MusicManager::PlayNextTrack() try, fade=true, soundManager.IsInitialized()=true, soundManager.IsUserMusicPlaying()=false

android[2] trace: MusicManager::PlayTrack(): track=published/sounds/music/loading_01.mp3 fade=true

G4-JNI GetEnv version=0x00010002
android[2] trace: MusicManager::PlayNextTrack() try, fade=true, soundManager.IsInitialized()=true, soundManager.IsUserMusicPlaying()=false

android[2] trace: MusicManager::PlayTrack(): track=published/sounds/music/loading_01.mp3 fade=true

G4-JNI GetEnv version=0x00010002
android[2] trace: MusicManager::PlayNextTrack() try, fade=true, soundManager.IsInitialized()=true, soundManager.IsUserMusicPlaying()=false

android[2] trace: MusicManager::PlayTrack(): track=published/sounds/music/loading_01.mp3 fade=true

G4-JNI GetEnv version=0x00010002
android[2] trace: MusicManager::PlayNextTrack() try, fade=true, soundManager.IsInitialized()=true, soundManager.IsUserMusicPlaying()=false

android[2] trace: MusicManager::PlayTrack(): track=published/sounds/music/loading_01.mp3 fade=true

G4-JNI GetEnv version=0x00010002
android[2] trace: MusicManager::PlayNextTrack() try, fade=true, soundManager.IsInitialized()=true, soundManager.IsUserMusicPlaying()=false

android[2] trace: MusicManager::PlayTrack(): track=published/sounds/music/loading_01.mp3 fade=true

G4-JNI GetEnv version=0x00010002
android[2] trace: MusicManager::PlayNextTrack() try, fade=true, soundManager.IsInitialized()=true, soundManager.IsUserMusicPlaying()=false

android[2] trace: MusicManager::PlayTrack(): track=published/sounds/music/loading_01.mp3 fade=true

G4-JNI GetEnv version=0x00010002
android[2] trace: MusicManager::PlayNextTrack() try, fade=true, soundManager.IsInitialized()=true, soundManager.IsUserMusicPlaying()=false

android[2] trace: MusicManager::PlayTrack(): track=published/sounds/music/loading_01.mp3 fade=true

G4-JNI GetEnv version=0x00010002
android[2] trace: MusicManager::PlayNextTrack() try, fade=true, soundManager.IsInitialized()=true, soundManager.IsUserMusicPlaying()=false

android[2] trace: MusicManager::PlayTrack(): track=published/sounds/music/loading_01.mp3 fade=true

G4-JNI GetEnv version=0x00010002
android[2] trace: MusicManager::PlayNextTrack() try, fade=true, soundManager.IsInitialized()=true, soundManager.IsUserMusicPlaying()=false

android[2] trace: MusicManager::PlayTrack(): track=published/sounds/music/loading_01.mp3 fade=true

G4-JNI GetEnv version=0x00010002
android[2] trace: MusicManager::PlayNextTrack() try, fade=true, soundManager.IsInitialized()=true, soundManager.IsUserMusicPlaying()=false

android[2] trace: MusicManager::PlayTrack(): track=published/sounds/music/loading_01.mp3 fade=true

G4-JNI GetEnv version=0x00010002
android[2] trace: MusicManager::PlayNextTrack() try, fade=true, soundManager.IsInitialized()=true, soundManager.IsUserMusicPlaying()=false

android[2] trace: MusicManager::PlayTrack(): track=published/sounds/music/loading_01.mp3 fade=true

G4-JNI GetEnv version=0x00010002
android[2] trace: MusicManager::PlayNextTrack() try, fade=true, soundManager.IsInitialized()=true, soundManager.IsUserMusicPlaying()=false

android[2] trace: MusicManager::PlayTrack(): track=published/sounds/music/loading_01.mp3 fade=true

G4-JNI GetEnv version=0x00010002
android[2] trace: MusicManager::PlayNextTrack() try, fade=true, soundManager.IsInitialized()=true, soundManager.IsUserMusicPlaying()=false

android[2] trace: MusicManager::PlayTrack(): track=published/sounds/music/loading_01.mp3 fade=true

G4-JNI GetEnv version=0x00010002
android[2] trace: MusicManager::PlayNextTrack() try, fade=true, soundManager.IsInitialized()=true, soundManager.IsUserMusicPlaying()=false

android[2] trace: MusicManager::PlayTrack(): track=published/sounds/music/loading_01.mp3 fade=true

G4-JNI GetEnv version=0x00010002
android[2] trace: MusicManager::PlayNextTrack() try, fade=true, soundManager.IsInitialized()=true, soundManager.IsUserMusicPlaying()=false

android[2] trace: MusicManager::PlayTrack(): track=published/sounds/music/loading_01.mp3 fade=true

G4-JNI GetEnv version=0x00010002
android[2] trace: MusicManager::PlayNextTrack() try, fade=true, soundManager.IsInitialized()=true, soundManager.IsUserMusicPlaying()=false

android[2] trace: MusicManager::PlayTrack(): track=published/sounds/music/loading_01.mp3 fade=true

G4-JNI GetEnv version=0x00010002
android[2] trace: MusicManager::PlayNextTrack() try, fade=true, soundManager.IsInitialized()=true, soundManager.IsUserMusicPlaying()=false

android[2] trace: MusicManager::PlayTrack(): track=published/sounds/music/loading_01.mp3 fade=true

G4-JNI GetEnv version=0x00010002
android[2] trace: MusicManager::PlayNextTrack() try, fade=true, soundManager.IsInitialized()=true, soundManager.IsUserMusicPlaying()=false

android[2] trace: MusicManager::PlayTrack(): track=published/sounds/music/loading_01.mp3 fade=true

G4-JNI GetEnv version=0x00010002
android[2] trace: MusicManager::PlayNextTrack() try, fade=true, soundManager.IsInitialized()=true, soundManager.IsUserMusicPlaying()=false

android[2] trace: MusicManager::PlayTrack(): track=published/sounds/music/loading_01.mp3 fade=true

G4-JNI GetEnv version=0x00010002
android[2] trace: MusicManager::PlayNextTrack() try, fade=true, soundManager.IsInitialized()=true, soundManager.IsUserMusicPlaying()=false

android[2] trace: MusicManager::PlayTrack(): track=published/sounds/music/loading_01.mp3 fade=true

G4-JNI GetEnv version=0x00010002
android[2] trace: MusicManager::PlayNextTrack() try, fade=true, soundManager.IsInitialized()=true, soundManager.IsUserMusicPlaying()=false

android[2] trace: MusicManager::PlayTrack(): track=published/sounds/music/loading_01.mp3 fade=true

G4-JNI GetEnv version=0x00010002
android[2] trace: MusicManager::PlayNextTrack() try, fade=true, soundManager.IsInitialized()=true, soundManager.IsUserMusicPlaying()=false

android[2] trace: MusicManager::PlayTrack(): track=published/sounds/music/loading_01.mp3 fade=true

G4-JNI GetEnv version=0x00010002
android[2] trace: MusicManager::PlayNextTrack() try, fade=true, soundManager.IsInitialized()=true, soundManager.IsUserMusicPlaying()=false

android[2] trace: MusicManager::PlayTrack(): track=published/sounds/music/loading_01.mp3 fade=true

G4-JNI GetEnv version=0x00010002
android[2] trace: MusicManager::PlayNextTrack() try, fade=true, soundManager.IsInitialized()=true, soundManager.IsUserMusicPlaying()=false

android[2] trace: MusicManager::PlayTrack(): track=published/sounds/music/loading_01.mp3 fade=true

G4-JNI GetEnv version=0x00010002
android[2] trace: MusicManager::PlayNextTrack() try, fade=true, soundManager.IsInitialized()=true, soundManager.IsUserMusicPlaying()=false

android[2] trace: MusicManager::PlayTrack(): track=published/sounds/music/loading_01.mp3 fade=true

G4-JNI GetEnv version=0x00010002
android[2] trace: MusicManager::PlayNextTrack() try, fade=true, soundManager.IsInitialized()=true, soundManager.IsUserMusicPlaying()=false

android[2] trace: MusicManager::PlayTrack(): track=published/sounds/music/loading_01.mp3 fade=true

G4-JNI GetEnv version=0x00010002
android[2] trace: MusicManager::PlayNextTrack() try, fade=true, soundManager.IsInitialized()=true, soundManager.IsUserMusicPlaying()=false

android[2] trace: MusicManager::PlayTrack(): track=published/sounds/music/loading_01.mp3 fade=true

G4-JNI GetEnv version=0x00010002
android[2] trace: MusicManager::PlayNextTrack() try, fade=true, soundManager.IsInitialized()=true, soundManager.IsUserMusicPlaying()=false

android[2] trace: MusicManager::PlayTrack(): track=published/sounds/music/loading_01.mp3 fade=true

G4-JNI GetEnv version=0x00010002
android[2] trace: MusicManager::PlayNextTrack() try, fade=true, soundManager.IsInitialized()=true, soundManager.IsUserMusicPlaying()=false

android[2] trace: MusicManager::PlayTrack(): track=published/sounds/music/loading_01.mp3 fade=true

G4-JNI GetEnv version=0x00010002
G4-JNI GetEnv version=0x00010002
android[2] trace: MusicManager::PlayNextTrack() try, fade=true, soundManager.IsInitialized()=true, soundManager.IsUserMusicPlaying()=false

android[2] trace: MusicManager::PlayTrack(): track=published/sounds/music/loading_01.mp3 fade=true

G4-JNI GetEnv version=0x00010002
android[2] trace: MusicManager::PlayNextTrack() try, fade=true, soundManager.IsInitialized()=true, soundManager.IsUserMusicPlaying()=false

android[2] trace: MusicManager::PlayTrack(): track=published/sounds/music/loading_01.mp3 fade=true

G4-JNI GetEnv version=0x00010002
android[5] layouts/warning: LayoutEntity not in cache, reloading: active_accept

android[5] layouts/warning: LayoutEntity not in cache, reloading: aas_inner

android[5] layouts/warning: LayoutEntity not in cache, reloading: frame

android[5] layouts/warning: LayoutEntity not in cache, reloading: btn_options_small2

android[5] layouts/warning: LayoutEntity not in cache, reloading: btn_options_large_active

android[5] layouts/warning: LayoutEntity not in cache, reloading: btn_options_large_idle

android[2] trace: LayoutScreen::LayoutScreen OptionsSettingsScreen != 0

android[2] trace: ShowMogaHighlight start

android[2] trace: ShowMogaHighlight 1

android[2] trace: ShowMogaHighlight end

android[2] trace: MusicManager::PlayNextTrack() try, fade=true, soundManager.IsInitialized()=true, soundManager.IsUserMusicPlaying()=false

android[2] trace: MusicManager::PlayTrack(): track=published/sounds/music/loading_01.mp3 fade=true

G4-JNI GetEnv version=0x00010002
android[2] trace: MusicManager::PlayNextTrack() try, fade=true, soundManager.IsInitialized()=true, soundManager.IsUserMusicPlaying()=false

android[2] trace: MusicManager::PlayTrack(): track=published/sounds/music/loading_01.mp3 fade=true

G4-JNI GetEnv version=0x00010002
android[2] trace: MusicManager::PlayNextTrack() try, fade=true, soundManager.IsInitialized()=true, soundManager.IsUserMusicPlaying()=false

android[2] trace: MusicManager::PlayTrack(): track=published/sounds/music/loading_01.mp3 fade=true

G4-JNI GetEnv version=0x00010002
android[2] trace: MusicManager::PlayNextTrack() try, fade=true, soundManager.IsInitialized()=true, soundManager.IsUserMusicPlaying()=false

android[2] trace: MusicManager::PlayTrack(): track=published/sounds/music/loading_01.mp3 fade=true

G4-JNI GetEnv version=0x00010002
android[2] trace: MusicManager::PlayNextTrack() try, fade=true, soundManager.IsInitialized()=true, soundManager.IsUserMusicPlaying()=false

android[2] trace: MusicManager::PlayTrack(): track=published/sounds/music/loading_01.mp3 fade=true

G4-JNI GetEnv version=0x00010002
android[2] trace: MusicManager::PlayNextTrack() try, fade=true, soundManager.IsInitialized()=true, soundManager.IsUserMusicPlaying()=false

android[2] trace: MusicManager::PlayTrack(): track=published/sounds/music/loading_01.mp3 fade=true

G4-JNI GetEnv version=0x00010002
android[2] trace: MusicManager::PlayNextTrack() try, fade=true, soundManager.IsInitialized()=true, soundManager.IsUserMusicPlaying()=false

android[2] trace: MusicManager::PlayTrack(): track=published/sounds/music/loading_01.mp3 fade=true

G4-JNI GetEnv version=0x00010002
android[2] trace: MusicManager::PlayNextTrack() try, fade=true, soundManager.IsInitialized()=true, soundManager.IsUserMusicPlaying()=false

android[2] trace: MusicManager::PlayTrack(): track=published/sounds/music/loading_01.mp3 fade=true

G4-JNI GetEnv version=0x00010002
android[2] trace: MusicManager::PlayNextTrack() try, fade=true, soundManager.IsInitialized()=true, soundManager.IsUserMusicPlaying()=false

android[2] trace: MusicManager::PlayTrack(): track=published/sounds/music/loading_01.mp3 fade=true

G4-JNI GetEnv version=0x00010002
android[2] trace: MusicManager::PlayNextTrack() try, fade=true, soundManager.IsInitialized()=true, soundManager.IsUserMusicPlaying()=false

android[2] trace: MusicManager::PlayTrack(): track=published/sounds/music/loading_01.mp3 fade=true

G4-JNI GetEnv version=0x00010002
android[2] trace: MusicManager::PlayNextTrack() try, fade=true, soundManager.IsInitialized()=true, soundManager.IsUserMusicPlaying()=false

android[2] trace: MusicManager::PlayTrack(): track=published/sounds/music/loading_01.mp3 fade=true

G4-JNI GetEnv version=0x00010002
android[2] trace: MusicManager::PlayNextTrack() try, fade=true, soundManager.IsInitialized()=true, soundManager.IsUserMusicPlaying()=false

android[2] trace: MusicManager::PlayTrack(): track=published/sounds/music/loading_01.mp3 fade=true

G4-JNI GetEnv version=0x00010002
android[2] trace: MusicManager::PlayNextTrack() try, fade=true, soundManager.IsInitialized()=true, soundManager.IsUserMusicPlaying()=false

android[2] trace: MusicManager::PlayTrack(): track=published/sounds/music/loading_01.mp3 fade=true

G4-JNI GetEnv version=0x00010002
android[2] trace: MusicManager::PlayNextTrack() try, fade=true, soundManager.IsInitialized()=true, soundManager.IsUserMusicPlaying()=false

android[2] trace: MusicManager::PlayTrack(): track=published/sounds/music/loading_01.mp3 fade=true

G4-JNI GetEnv version=0x00010002
android[2] trace: MusicManager::PlayNextTrack() try, fade=true, soundManager.IsInitialized()=true, soundManager.IsUserMusicPlaying()=false

android[2] trace: MusicManager::PlayTrack(): track=published/sounds/music/loading_01.mp3 fade=true

G4-JNI GetEnv version=0x00010002
android[2] trace: MusicManager::PlayNextTrack() try, fade=true, soundManager.IsInitialized()=true, soundManager.IsUserMusicPlaying()=false

android[2] trace: MusicManager::PlayTrack(): track=published/sounds/music/loading_01.mp3 fade=true

G4-JNI GetEnv version=0x00010002
android[2] trace: MusicManager::PlayNextTrack() try, fade=true, soundManager.IsInitialized()=true, soundManager.IsUserMusicPlaying()=false

android[2] trace: MusicManager::PlayTrack(): track=published/sounds/music/loading_01.mp3 fade=true

G4-JNI GetEnv version=0x00010002
android[2] trace: MusicManager::PlayNextTrack() try, fade=true, soundManager.IsInitialized()=true, soundManager.IsUserMusicPlaying()=false

android[2] trace: MusicManager::PlayTrack(): track=published/sounds/music/loading_01.mp3 fade=true

G4-JNI GetEnv version=0x00010002
android[2] trace: MusicManager::PlayNextTrack() try, fade=true, soundManager.IsInitialized()=true, soundManager.IsUserMusicPlaying()=false

android[2] trace: MusicManager::PlayTrack(): track=published/sounds/music/loading_01.mp3 fade=true

G4-JNI GetEnv version=0x00010002
android[2] trace: MusicManager::PlayNextTrack() try, fade=true, soundManager.IsInitialized()=true, soundManager.IsUserMusicPlaying()=false

android[2] trace: MusicManager::PlayTrack(): track=published/sounds/music/loading_01.mp3 fade=true

G4-JNI GetEnv version=0x00010002
android[2] trace: MusicManager::PlayNextTrack() try, fade=true, soundManager.IsInitialized()=true, soundManager.IsUserMusicPlaying()=false

android[2] trace: MusicManager::PlayTrack(): track=published/sounds/music/loading_01.mp3 fade=true

G4-JNI GetEnv version=0x00010002
android[2] trace: MusicManager::PlayNextTrack() try, fade=true, soundManager.IsInitialized()=true, soundManager.IsUserMusicPlaying()=false

android[2] trace: MusicManager::PlayTrack(): track=published/sounds/music/loading_01.mp3 fade=true

G4-JNI GetEnv version=0x00010002
android[2] trace: MusicManager::PlayNextTrack() try, fade=true, soundManager.IsInitialized()=true, soundManager.IsUserMusicPlaying()=false

android[2] trace: MusicManager::PlayTrack(): track=published/sounds/music/loading_01.mp3 fade=true

G4-JNI GetEnv version=0x00010002
android[2] trace: MusicManager::PlayNextTrack() try, fade=true, soundManager.IsInitialized()=true, soundManager.IsUserMusicPlaying()=false

android[2] trace: MusicManager::PlayTrack(): track=published/sounds/music/loading_01.mp3 fade=true

G4-JNI GetEnv version=0x00010002
android[2] trace: MusicManager::PlayNextTrack() try, fade=true, soundManager.IsInitialized()=true, soundManager.IsUserMusicPlaying()=false

android[2] trace: MusicManager::PlayTrack(): track=published/sounds/music/loading_01.mp3 fade=true

G4-JNI GetEnv version=0x00010002
android[2] trace: MusicManager::PlayNextTrack() try, fade=true, soundManager.IsInitialized()=true, soundManager.IsUserMusicPlaying()=false

android[2] trace: MusicManager::PlayTrack(): track=published/sounds/music/loading_01.mp3 fade=true

G4-JNI GetEnv version=0x00010002
android[2] trace: MusicManager::PlayNextTrack() try, fade=true, soundManager.IsInitialized()=true, soundManager.IsUserMusicPlaying()=false

android[2] trace: MusicManager::PlayTrack(): track=published/sounds/music/loading_01.mp3 fade=true

G4-JNI GetEnv version=0x00010002
android[2] trace: MusicManager::PlayNextTrack() try, fade=true, soundManager.IsInitialized()=true, soundManager.IsUserMusicPlaying()=false

android[2] trace: MusicManager::PlayTrack(): track=published/sounds/music/loading_01.mp3 fade=true

G4-JNI GetEnv version=0x00010002
android[2] trace: ....................(KK) MogaController :: Inside NativeOnMotionEvent

android[2] trace: (KK) MogaController :: Inside NativeOnMotionEvent ....................

android[2] trace: MusicManager::PlayNextTrack() try, fade=true, soundManager.IsInitialized()=true, soundManager.IsUserMusicPlaying()=false

android[2] trace: MusicManager::PlayTrack(): track=published/sounds/music/loading_01.mp3 fade=true

G4-JNI GetEnv version=0x00010002
android[2] trace: ....................(KK) MogaController :: Inside NativeOnMotionEvent

android[2] trace: MoGaConTrOlLeR :: ....................(KK) AndroidKeyCode :: MogaKeyCode (Start of func) .....................

android[2] trace: MoGaConTrOlLeR :: ....................(KK) AndroidKeyCode :: MogaKeyCode Key Dpad DOWN(KeyDownAlt) .....................

android[2] trace: (KK) MogaController :: Inside NativeOnMotionEvent ....................

android[2] trace: MusicManager::PlayNextTrack() try, fade=true, soundManager.IsInitialized()=true, soundManager.IsUserMusicPlaying()=false

android[2] trace: MusicManager::PlayTrack(): track=published/sounds/music/loading_01.mp3 fade=true

G4-JNI GetEnv version=0x00010002
android[2] trace: MusicManager::PlayNextTrack() try, fade=true, soundManager.IsInitialized()=true, soundManager.IsUserMusicPlaying()=false

android[2] trace: MusicManager::PlayTrack(): track=published/sounds/music/loading_01.mp3 fade=true

G4-JNI GetEnv version=0x00010002
android[2] trace: MusicManager::PlayNextTrack() try, fade=true, soundManager.IsInitialized()=true, soundManager.IsUserMusicPlaying()=false

android[2] trace: MusicManager::PlayTrack(): track=published/sounds/music/loading_01.mp3 fade=true

G4-JNI GetEnv version=0x00010002
android[2] trace: MusicManager::PlayNextTrack() try, fade=true, soundManager.IsInitialized()=true, soundManager.IsUserMusicPlaying()=false

android[2] trace: MusicManager::PlayTrack(): track=published/sounds/music/loading_01.mp3 fade=true

G4-JNI GetEnv version=0x00010002
android[2] trace: MusicManager::PlayNextTrack() try, fade=true, soundManager.IsInitialized()=true, soundManager.IsUserMusicPlaying()=false

android[2] trace: MusicManager::PlayTrack(): track=published/sounds/music/loading_01.mp3 fade=true

G4-JNI GetEnv version=0x00010002
android[2] trace: MusicManager::PlayNextTrack() try, fade=true, soundManager.IsInitialized()=true, soundManager.IsUserMusicPlaying()=false

android[2] trace: MusicManager::PlayTrack(): track=published/sounds/music/loading_01.mp3 fade=true

G4-JNI GetEnv version=0x00010002
android[2] trace: MusicManager::PlayNextTrack() try, fade=true, soundManager.IsInitialized()=true, soundManager.IsUserMusicPlaying()=false

android[2] trace: MusicManager::PlayTrack(): track=published/sounds/music/loading_01.mp3 fade=true

G4-JNI GetEnv version=0x00010002
android[2] trace: MusicManager::PlayNextTrack() try, fade=true, soundManager.IsInitialized()=true, soundManager.IsUserMusicPlaying()=false

android[2] trace: MusicManager::PlayTrack(): track=published/sounds/music/loading_01.mp3 fade=true

G4-JNI GetEnv version=0x00010002
android[2] trace: MusicManager::PlayNextTrack() try, fade=true, soundManager.IsInitialized()=true, soundManager.IsUserMusicPlaying()=false

android[2] trace: MusicManager::PlayTrack(): track=published/sounds/music/loading_01.mp3 fade=true

G4-JNI GetEnv version=0x00010002
android[2] trace: MusicManager::PlayNextTrack() try, fade=true, soundManager.IsInitialized()=true, soundManager.IsUserMusicPlaying()=false

android[2] trace: MusicManager::PlayTrack(): track=published/sounds/music/loading_01.mp3 fade=true

G4-JNI GetEnv version=0x00010002
android[2] trace: ....................(KK) MogaController :: Inside NativeOnMotionEvent

android[2] trace: MoGaConTrOlLeR :: ....................(KK) AndroidKeyCode :: MogaKeyCode (Start of func) .....................

android[2] trace: MoGaConTrOlLeR :: ....................(KK) AndroidKeyCode :: MogaKeyCode Key Dpad DOWN(KeyDownAlt) .....................

android[2] trace: (KK) MogaController :: Inside NativeOnMotionEvent ....................

android[2] trace: MusicManager::PlayNextTrack() try, fade=true, soundManager.IsInitialized()=true, soundManager.IsUserMusicPlaying()=false

android[2] trace: MusicManager::PlayTrack(): track=published/sounds/music/loading_01.mp3 fade=true

G4-JNI GetEnv version=0x00010002
android[2] trace: MusicManager::PlayNextTrack() try, fade=true, soundManager.IsInitialized()=true, soundManager.IsUserMusicPlaying()=false

android[2] trace: MusicManager::PlayTrack(): track=published/sounds/music/loading_01.mp3 fade=true

G4-JNI GetEnv version=0x00010002
android[2] trace: MusicManager::PlayNextTrack() try, fade=true, soundManager.IsInitialized()=true, soundManager.IsUserMusicPlaying()=false

android[2] trace: MusicManager::PlayTrack(): track=published/sounds/music/loading_01.mp3 fade=true

G4-JNI GetEnv version=0x00010002
android[2] trace: MusicManager::PlayNextTrack() try, fade=true, soundManager.IsInitialized()=true, soundManager.IsUserMusicPlaying()=false

android[2] trace: MusicManager::PlayTrack(): track=published/sounds/music/loading_01.mp3 fade=true

G4-JNI GetEnv version=0x00010002
android[2] trace: MusicManager::PlayNextTrack() try, fade=true, soundManager.IsInitialized()=true, soundManager.IsUserMusicPlaying()=false

android[2] trace: MusicManager::PlayTrack(): track=published/sounds/music/loading_01.mp3 fade=true

G4-JNI GetEnv version=0x00010002
android[2] trace: MusicManager::PlayNextTrack() try, fade=true, soundManager.IsInitialized()=true, soundManager.IsUserMusicPlaying()=false

android[2] trace: MusicManager::PlayTrack(): track=published/sounds/music/loading_01.mp3 fade=true

G4-JNI GetEnv version=0x00010002
android[2] trace: MusicManager::PlayNextTrack() try, fade=true, soundManager.IsInitialized()=true, soundManager.IsUserMusicPlaying()=false

android[2] trace: MusicManager::PlayTrack(): track=published/sounds/music/loading_01.mp3 fade=true

G4-JNI GetEnv version=0x00010002
android[2] trace: MusicManager::PlayNextTrack() try, fade=true, soundManager.IsInitialized()=true, soundManager.IsUserMusicPlaying()=false

android[2] trace: MusicManager::PlayTrack(): track=published/sounds/music/loading_01.mp3 fade=true

G4-JNI GetEnv version=0x00010002
android[2] trace: MusicManager::PlayNextTrack() try, fade=true, soundManager.IsInitialized()=true, soundManager.IsUserMusicPlaying()=false

android[2] trace: MusicManager::PlayTrack(): track=published/sounds/music/loading_01.mp3 fade=true

G4-JNI GetEnv version=0x00010002
G7-FRAME enter=1500
android[2] trace: MusicManager::PlayNextTrack() try, fade=true, soundManager.IsInitialized()=true, soundManager.IsUserMusicPlaying()=false

android[2] trace: MusicManager::PlayTrack(): track=published/sounds/music/loading_01.mp3 fade=true

G4-JNI GetEnv version=0x00010002
G7-FRAME leave=1500
android[2] trace: MusicManager::PlayNextTrack() try, fade=true, soundManager.IsInitialized()=true, soundManager.IsUserMusicPlaying()=false

android[2] trace: MusicManager::PlayTrack(): track=published/sounds/music/loading_01.mp3 fade=true

G4-JNI GetEnv version=0x00010002
android[2] trace: MusicManager::PlayNextTrack() try, fade=true, soundManager.IsInitialized()=true, soundManager.IsUserMusicPlaying()=false

android[2] trace: MusicManager::PlayTrack(): track=published/sounds/music/loading_01.mp3 fade=true

G4-JNI GetEnv version=0x00010002
android[2] trace: MusicManager::PlayNextTrack() try, fade=true, soundManager.IsInitialized()=true, soundManager.IsUserMusicPlaying()=false

android[2] trace: MusicManager::PlayTrack(): track=published/sounds/music/loading_01.mp3 fade=true

G4-JNI GetEnv version=0x00010002
android[2] trace: MusicManager::PlayNextTrack() try, fade=true, soundManager.IsInitialized()=true, soundManager.IsUserMusicPlaying()=false

android[2] trace: MusicManager::PlayTrack(): track=published/sounds/music/loading_01.mp3 fade=true

G4-JNI GetEnv version=0x00010002
android[2] trace: MusicManager::PlayNextTrack() try, fade=true, soundManager.IsInitialized()=true, soundManager.IsUserMusicPlaying()=false

android[2] trace: MusicManager::PlayTrack(): track=published/sounds/music/loading_01.mp3 fade=true

G4-JNI GetEnv version=0x00010002
android[2] trace: MusicManager::PlayNextTrack() try, fade=true, soundManager.IsInitialized()=true, soundManager.IsUserMusicPlaying()=false

android[2] trace: MusicManager::PlayTrack(): track=published/sounds/music/loading_01.mp3 fade=true

G4-JNI GetEnv version=0x00010002
android[2] trace: MusicManager::PlayNextTrack() try, fade=true, soundManager.IsInitialized()=true, soundManager.IsUserMusicPlaying()=false

android[2] trace: MusicManager::PlayTrack(): track=published/sounds/music/loading_01.mp3 fade=true

G4-JNI GetEnv version=0x00010002
android[2] trace: MusicManager::PlayNextTrack() try, fade=true, soundManager.IsInitialized()=true, soundManager.IsUserMusicPlaying()=false

android[2] trace: MusicManager::PlayTrack(): track=published/sounds/music/loading_01.mp3 fade=true

G4-JNI GetEnv version=0x00010002
android[2] trace: MusicManager::PlayNextTrack() try, fade=true, soundManager.IsInitialized()=true, soundManager.IsUserMusicPlaying()=false

android[2] trace: MusicManager::PlayTrack(): track=published/sounds/music/loading_01.mp3 fade=true

G4-JNI GetEnv version=0x00010002
android[2] trace: MusicManager::PlayNextTrack() try, fade=true, soundManager.IsInitialized()=true, soundManager.IsUserMusicPlaying()=false

android[2] trace: MusicManager::PlayTrack(): track=published/sounds/music/loading_01.mp3 fade=true

G4-JNI GetEnv version=0x00010002
android[2] trace: MusicManager::PlayNextTrack() try, fade=true, soundManager.IsInitialized()=true, soundManager.IsUserMusicPlaying()=false

android[2] trace: MusicManager::PlayTrack(): track=published/sounds/music/loading_01.mp3 fade=true

G4-JNI GetEnv version=0x00010002
android[2] trace: MusicManager::PlayNextTrack() try, fade=true, soundManager.IsInitialized()=true, soundManager.IsUserMusicPlaying()=false

android[2] trace: MusicManager::PlayTrack(): track=published/sounds/music/loading_01.mp3 fade=true

G4-JNI GetEnv version=0x00010002
android[2] trace: MusicManager::PlayNextTrack() try, fade=true, soundManager.IsInitialized()=true, soundManager.IsUserMusicPlaying()=false

android[2] trace: MusicManager::PlayTrack(): track=published/sounds/music/loading_01.mp3 fade=true

G4-JNI GetEnv version=0x00010002
android[2] trace: MusicManager::PlayNextTrack() try, fade=true, soundManager.IsInitialized()=true, soundManager.IsUserMusicPlaying()=false

android[2] trace: MusicManager::PlayTrack(): track=published/sounds/music/loading_01.mp3 fade=true

G4-JNI GetEnv version=0x00010002
android[2] trace: MusicManager::PlayNextTrack() try, fade=true, soundManager.IsInitialized()=true, soundManager.IsUserMusicPlaying()=false

android[2] trace: MusicManager::PlayTrack(): track=published/sounds/music/loading_01.mp3 fade=true

G4-JNI GetEnv version=0x00010002
android[2] trace: MusicManager::PlayNextTrack() try, fade=true, soundManager.IsInitialized()=true, soundManager.IsUserMusicPlaying()=false

android[2] trace: MusicManager::PlayTrack(): track=published/sounds/music/loading_01.mp3 fade=true

G4-JNI GetEnv version=0x00010002
android[2] trace: MusicManager::PlayNextTrack() try, fade=true, soundManager.IsInitialized()=true, soundManager.IsUserMusicPlaying()=false

android[2] trace: MusicManager::PlayTrack(): track=published/sounds/music/loading_01.mp3 fade=true

G4-JNI GetEnv version=0x00010002
android[2] trace: MusicManager::PlayNextTrack() try, fade=true, soundManager.IsInitialized()=true, soundManager.IsUserMusicPlaying()=false

android[2] trace: MusicManager::PlayTrack(): track=published/sounds/music/loading_01.mp3 fade=true

G4-JNI GetEnv version=0x00010002
android[2] trace: MusicManager::PlayNextTrack() try, fade=true, soundManager.IsInitialized()=true, soundManager.IsUserMusicPlaying()=false

android[2] trace: MusicManager::PlayTrack(): track=published/sounds/music/loading_01.mp3 fade=true

G4-JNI GetEnv version=0x00010002
android[2] trace: MusicManager::PlayNextTrack() try, fade=true, soundManager.IsInitialized()=true, soundManager.IsUserMusicPlaying()=false

android[2] trace: MusicManager::PlayTrack(): track=published/sounds/music/loading_01.mp3 fade=true

G4-JNI GetEnv version=0x00010002
android[2] trace: MusicManager::PlayNextTrack() try, fade=true, soundManager.IsInitialized()=true, soundManager.IsUserMusicPlaying()=false

android[2] trace: MusicManager::PlayTrack(): track=published/sounds/music/loading_01.mp3 fade=true

G4-JNI GetEnv version=0x00010002
android[2] trace: MusicManager::PlayNextTrack() try, fade=true, soundManager.IsInitialized()=true, soundManager.IsUserMusicPlaying()=false

android[2] trace: MusicManager::PlayTrack(): track=published/sounds/music/loading_01.mp3 fade=true

G4-JNI GetEnv version=0x00010002
android[2] trace: MusicManager::PlayNextTrack() try, fade=true, soundManager.IsInitialized()=true, soundManager.IsUserMusicPlaying()=false

android[2] trace: MusicManager::PlayTrack(): track=published/sounds/music/loading_01.mp3 fade=true

G4-JNI GetEnv version=0x00010002
android[2] trace: MusicManager::PlayNextTrack() try, fade=true, soundManager.IsInitialized()=true, soundManager.IsUserMusicPlaying()=false

android[2] trace: MusicManager::PlayTrack(): track=published/sounds/music/loading_01.mp3 fade=true

G4-JNI GetEnv version=0x00010002
android[2] trace: MusicManager::PlayNextTrack() try, fade=true, soundManager.IsInitialized()=true, soundManager.IsUserMusicPlaying()=false

android[2] trace: MusicManager::PlayTrack(): track=published/sounds/music/loading_01.mp3 fade=true

G4-JNI GetEnv version=0x00010002
android[2] trace: MusicManager::PlayNextTrack() try, fade=true, soundManager.IsInitialized()=true, soundManager.IsUserMusicPlaying()=false

android[2] trace: MusicManager::PlayTrack(): track=published/sounds/music/loading_01.mp3 fade=true

G4-JNI GetEnv version=0x00010002
android[2] trace: MusicManager::PlayNextTrack() try, fade=true, soundManager.IsInitialized()=true, soundManager.IsUserMusicPlaying()=false

android[2] trace: MusicManager::PlayTrack(): track=published/sounds/music/loading_01.mp3 fade=true

G4-JNI GetEnv version=0x00010002
android[2] trace: MusicManager::PlayNextTrack() try, fade=true, soundManager.IsInitialized()=true, soundManager.IsUserMusicPlaying()=false

android[2] trace: MusicManager::PlayTrack(): track=published/sounds/music/loading_01.mp3 fade=true

G4-JNI GetEnv version=0x00010002
android[2] trace: MusicManager::PlayNextTrack() try, fade=true, soundManager.IsInitialized()=true, soundManager.IsUserMusicPlaying()=false

android[2] trace: MusicManager::PlayTrack(): track=published/sounds/music/loading_01.mp3 fade=true

G4-JNI GetEnv version=0x00010002
android[2] trace: MusicManager::PlayNextTrack() try, fade=true, soundManager.IsInitialized()=true, soundManager.IsUserMusicPlaying()=false

android[2] trace: MusicManager::PlayTrack(): track=published/sounds/music/loading_01.mp3 fade=true

G4-JNI GetEnv version=0x00010002
android[2] trace: MusicManager::PlayNextTrack() try, fade=true, soundManager.IsInitialized()=true, soundManager.IsUserMusicPlaying()=false

android[2] trace: MusicManager::PlayTrack(): track=published/sounds/music/loading_01.mp3 fade=true

G4-JNI GetEnv version=0x00010002
android[2] trace: MusicManager::PlayNextTrack() try, fade=true, soundManager.IsInitialized()=true, soundManager.IsUserMusicPlaying()=false

android[2] trace: MusicManager::PlayTrack(): track=published/sounds/music/loading_01.mp3 fade=true

G4-JNI GetEnv version=0x00010002
android[2] trace: MusicManager::PlayNextTrack() try, fade=true, soundManager.IsInitialized()=true, soundManager.IsUserMusicPlaying()=false

android[2] trace: MusicManager::PlayTrack(): track=published/sounds/music/loading_01.mp3 fade=true

G4-JNI GetEnv version=0x00010002
android[2] trace: MusicManager::PlayNextTrack() try, fade=true, soundManager.IsInitialized()=true, soundManager.IsUserMusicPlaying()=false

android[2] trace: MusicManager::PlayTrack(): track=published/sounds/music/loading_01.mp3 fade=true

G4-JNI GetEnv version=0x00010002
android[2] trace: MusicManager::PlayNextTrack() try, fade=true, soundManager.IsInitialized()=true, soundManager.IsUserMusicPlaying()=false

android[2] trace: MusicManager::PlayTrack(): track=published/sounds/music/loading_01.mp3 fade=true

G4-JNI GetEnv version=0x00010002
G4-JNI GetEnv version=0x00010006
android[2] trace: MusicManager::PlayNextTrack() try, fade=true, soundManager.IsInitialized()=true, soundManager.IsUserMusicPlaying()=false

android[2] trace: MusicManager::PlayTrack(): track=published/sounds/music/loading_01.mp3 fade=true

G4-JNI GetEnv version=0x00010002
android[2] trace: MusicManager::PlayNextTrack() try, fade=true, soundManager.IsInitialized()=true, soundManager.IsUserMusicPlaying()=false

android[2] trace: MusicManager::PlayTrack(): track=published/sounds/music/loading_01.mp3 fade=true

G4-JNI GetEnv version=0x00010002
android[2] trace: MusicManager::PlayNextTrack() try, fade=true, soundManager.IsInitialized()=true, soundManager.IsUserMusicPlaying()=false

android[2] trace: MusicManager::PlayTrack(): track=published/sounds/music/loading_01.mp3 fade=true

G4-JNI GetEnv version=0x00010002
android[2] trace: MusicManager::PlayNextTrack() try, fade=true, soundManager.IsInitialized()=true, soundManager.IsUserMusicPlaying()=false

android[2] trace: MusicManager::PlayTrack(): track=published/sounds/music/loading_01.mp3 fade=true

G4-JNI GetEnv version=0x00010002
android[2] trace: MusicManager::PlayNextTrack() try, fade=true, soundManager.IsInitialized()=true, soundManager.IsUserMusicPlaying()=false

android[2] trace: MusicManager::PlayTrack(): track=published/sounds/music/loading_01.mp3 fade=true

G4-JNI GetEnv version=0x00010002
android[2] trace: MusicManager::PlayNextTrack() try, fade=true, soundManager.IsInitialized()=true, soundManager.IsUserMusicPlaying()=false

android[2] trace: MusicManager::PlayTrack(): track=published/sounds/music/loading_01.mp3 fade=true

G4-JNI GetEnv version=0x00010002
android[2] trace: MusicManager::PlayNextTrack() try, fade=true, soundManager.IsInitialized()=true, soundManager.IsUserMusicPlaying()=false

android[2] trace: MusicManager::PlayTrack(): track=published/sounds/music/loading_01.mp3 fade=true

G4-JNI GetEnv version=0x00010002
android[2] trace: MusicManager::PlayNextTrack() try, fade=true, soundManager.IsInitialized()=true, soundManager.IsUserMusicPlaying()=false

android[2] trace: MusicManager::PlayTrack(): track=published/sounds/music/loading_01.mp3 fade=true

G4-JNI GetEnv version=0x00010002
android[2] trace: MusicManager::PlayNextTrack() try, fade=true, soundManager.IsInitialized()=true, soundManager.IsUserMusicPlaying()=false

android[2] trace: MusicManager::PlayTrack(): track=published/sounds/music/loading_01.mp3 fade=true

G4-JNI GetEnv version=0x00010002
android[2] trace: MusicManager::PlayNextTrack() try, fade=true, soundManager.IsInitialized()=true, soundManager.IsUserMusicPlaying()=false

android[2] trace: MusicManager::PlayTrack(): track=published/sounds/music/loading_01.mp3 fade=true

G4-JNI GetEnv version=0x00010002
android[2] trace: MusicManager::PlayNextTrack() try, fade=true, soundManager.IsInitialized()=true, soundManager.IsUserMusicPlaying()=false

android[2] trace: MusicManager::PlayTrack(): track=published/sounds/music/loading_01.mp3 fade=true

G4-JNI GetEnv version=0x00010002
android[2] trace: MusicManager::PlayNextTrack() try, fade=true, soundManager.IsInitialized()=true, soundManager.IsUserMusicPlaying()=false

android[2] trace: MusicManager::PlayTrack(): track=published/sounds/music/loading_01.mp3 fade=true

G4-JNI GetEnv version=0x00010002
android[2] trace: MusicManager::PlayNextTrack() try, fade=true, soundManager.IsInitialized()=true, soundManager.IsUserMusicPlaying()=false

android[2] trace: MusicManager::PlayTrack(): track=published/sounds/music/loading_01.mp3 fade=true

G4-JNI GetEnv version=0x00010002
android[2] trace: MusicManager::PlayNextTrack() try, fade=true, soundManager.IsInitialized()=true, soundManager.IsUserMusicPlaying()=false

android[2] trace: MusicManager::PlayTrack(): track=published/sounds/music/loading_01.mp3 fade=true

G4-JNI GetEnv version=0x00010002
android[2] trace: MoGaConTrOlLeR :: ....................(KK) MogaController :: Inside nativeOnKeyEvent 

android[2] trace: ....................(KK) MogaController :: Inside nativeOnKeyEvent 19

android[2] trace: MoGaConTrOlLeR :: ....................(KK) Key Event Key DPAD Up PPPP .....................

android[2] trace: MoGaConTrOlLeR :: ....................(KK) Key Event Key Down .....................

android[2] trace: MoGaConTrOlLeR :: ....................(KK) Listener Key Press .....................

android[2] trace: MoGaConTrOlLeR :: ....................(KK) AndroidKeyCode :: MogaKeyCode (Start of func) .....................

android[2] trace: MoGaConTrOlLeR :: ....................(KK) AndroidKeyCode :: MogaKeyCode Key Press Dpad UP .....................

android[2] trace: MoGaConTrOlLeR :: (KK) MogaController :: Inside nativeOnKeyEvent ....................

G6-MOGA key frame=1550 code=19 state=down
android[2] trace: MusicManager::PlayNextTrack() try, fade=true, soundManager.IsInitialized()=true, soundManager.IsUserMusicPlaying()=false

android[2] trace: MusicManager::PlayTrack(): track=published/sounds/music/loading_01.mp3 fade=true

G4-JNI GetEnv version=0x00010002
android[2] trace: MusicManager::PlayNextTrack() try, fade=true, soundManager.IsInitialized()=true, soundManager.IsUserMusicPlaying()=false

android[2] trace: MusicManager::PlayTrack(): track=published/sounds/music/loading_01.mp3 fade=true

G4-JNI GetEnv version=0x00010002
android[2] trace: MusicManager::PlayNextTrack() try, fade=true, soundManager.IsInitialized()=true, soundManager.IsUserMusicPlaying()=false

android[2] trace: MusicManager::PlayTrack(): track=published/sounds/music/loading_01.mp3 fade=true

G4-JNI GetEnv version=0x00010002
android[2] trace: MusicManager::PlayNextTrack() try, fade=true, soundManager.IsInitialized()=true, soundManager.IsUserMusicPlaying()=false

android[2] trace: MusicManager::PlayTrack(): track=published/sounds/music/loading_01.mp3 fade=true

G4-JNI GetEnv version=0x00010002
android[2] trace: MusicManager::PlayNextTrack() try, fade=true, soundManager.IsInitialized()=true, soundManager.IsUserMusicPlaying()=false

android[2] trace: MusicManager::PlayTrack(): track=published/sounds/music/loading_01.mp3 fade=true

G4-JNI GetEnv version=0x00010002
android[2] trace: MusicManager::PlayNextTrack() try, fade=true, soundManager.IsInitialized()=true, soundManager.IsUserMusicPlaying()=false

android[2] trace: MusicManager::PlayTrack(): track=published/sounds/music/loading_01.mp3 fade=true

G4-JNI GetEnv version=0x00010002
android[2] trace: MusicManager::PlayNextTrack() try, fade=true, soundManager.IsInitialized()=true, soundManager.IsUserMusicPlaying()=false

android[2] trace: MusicManager::PlayTrack(): track=published/sounds/music/loading_01.mp3 fade=true

G4-JNI GetEnv version=0x00010002
android[2] trace: MusicManager::PlayNextTrack() try, fade=true, soundManager.IsInitialized()=true, soundManager.IsUserMusicPlaying()=false

android[2] trace: MusicManager::PlayTrack(): track=published/sounds/music/loading_01.mp3 fade=true

G4-JNI GetEnv version=0x00010002
android[2] trace: MoGaConTrOlLeR :: ....................(KK) MogaController :: Inside nativeOnKeyEvent 

android[2] trace: ....................(KK) MogaController :: Inside nativeOnKeyEvent 19

android[2] trace: MoGaConTrOlLeR :: ....................(KK) Key Event Key DPAD Up PPPP .....................

android[2] trace: MoGaConTrOlLeR :: ....................(KK) Key Event Key up .....................

android[2] trace: MoGaConTrOlLeR :: ....................(KK) Listener Key Release .....................

android[2] trace: MoGaConTrOlLeR :: ....................(KK) AndroidKeyCode :: MogaKeyCode (Start of func) .....................

android[2] trace: MoGaConTrOlLeR :: ....................(KK) AndroidKeyCode :: MogaKeyCode Key Press Dpad UP .....................

android[2] trace: MoGaConTrOlLeR :: (KK) MogaController :: Inside nativeOnKeyEvent ....................

G6-MOGA key frame=1558 code=19 state=up
android[2] trace: MusicManager::PlayNextTrack() try, fade=true, soundManager.IsInitialized()=true, soundManager.IsUserMusicPlaying()=false

android[2] trace: MusicManager::PlayTrack(): track=published/sounds/music/loading_01.mp3 fade=true

G4-JNI GetEnv version=0x00010002
android[2] trace: MusicManager::PlayNextTrack() try, fade=true, soundManager.IsInitialized()=true, soundManager.IsUserMusicPlaying()=false

android[2] trace: MusicManager::PlayTrack(): track=published/sounds/music/loading_01.mp3 fade=true

G4-JNI GetEnv version=0x00010002
android[2] trace: MusicManager::PlayNextTrack() try, fade=true, soundManager.IsInitialized()=true, soundManager.IsUserMusicPlaying()=false

android[2] trace: MusicManager::PlayTrack(): track=published/sounds/music/loading_01.mp3 fade=true

G4-JNI GetEnv version=0x00010002
android[2] trace: MusicManager::PlayNextTrack() try, fade=true, soundManager.IsInitialized()=true, soundManager.IsUserMusicPlaying()=false

android[2] trace: MusicManager::PlayTrack(): track=published/sounds/music/loading_01.mp3 fade=true

G4-JNI GetEnv version=0x00010002
android[2] trace: MusicManager::PlayNextTrack() try, fade=true, soundManager.IsInitialized()=true, soundManager.IsUserMusicPlaying()=false

android[2] trace: MusicManager::PlayTrack(): track=published/sounds/music/loading_01.mp3 fade=true

G4-JNI GetEnv version=0x00010002
android[2] trace: MusicManager::PlayNextTrack() try, fade=true, soundManager.IsInitialized()=true, soundManager.IsUserMusicPlaying()=false

android[2] trace: MusicManager::PlayTrack(): track=published/sounds/music/loading_01.mp3 fade=true

G4-JNI GetEnv version=0x00010002
android[2] trace: MoGaConTrOlLeR :: ....................(KK) MogaController :: Inside nativeOnKeyEvent 

android[2] trace: ....................(KK) MogaController :: Inside nativeOnKeyEvent 19

android[2] trace: MoGaConTrOlLeR :: ....................(KK) Key Event Key DPAD Up PPPP .....................

android[2] trace: MoGaConTrOlLeR :: ....................(KK) Key Event Key Down .....................

android[2] trace: MoGaConTrOlLeR :: ....................(KK) Listener Key Press .....................

android[2] trace: MoGaConTrOlLeR :: ....................(KK) AndroidKeyCode :: MogaKeyCode (Start of func) .....................

android[2] trace: MoGaConTrOlLeR :: ....................(KK) AndroidKeyCode :: MogaKeyCode Key Press Dpad UP .....................

android[2] trace: MoGaConTrOlLeR :: (KK) MogaController :: Inside nativeOnKeyEvent ....................

G6-MOGA key frame=1564 code=19 state=down
android[2] trace: MusicManager::PlayNextTrack() try, fade=true, soundManager.IsInitialized()=true, soundManager.IsUserMusicPlaying()=false

android[2] trace: MusicManager::PlayTrack(): track=published/sounds/music/loading_01.mp3 fade=true

G4-JNI GetEnv version=0x00010002
android[2] trace: MusicManager::PlayNextTrack() try, fade=true, soundManager.IsInitialized()=true, soundManager.IsUserMusicPlaying()=false

android[2] trace: MusicManager::PlayTrack(): track=published/sounds/music/loading_01.mp3 fade=true

G4-JNI GetEnv version=0x00010002
android[2] trace: MusicManager::PlayNextTrack() try, fade=true, soundManager.IsInitialized()=true, soundManager.IsUserMusicPlaying()=false

android[2] trace: MusicManager::PlayTrack(): track=published/sounds/music/loading_01.mp3 fade=true

G4-JNI GetEnv version=0x00010002
android[2] trace: MusicManager::PlayNextTrack() try, fade=true, soundManager.IsInitialized()=true, soundManager.IsUserMusicPlaying()=false

android[2] trace: MusicManager::PlayTrack(): track=published/sounds/music/loading_01.mp3 fade=true

G4-JNI GetEnv version=0x00010002
android[2] trace: MoGaConTrOlLeR :: ....................(KK) MogaController :: Inside nativeOnKeyEvent 

android[2] trace: ....................(KK) MogaController :: Inside nativeOnKeyEvent 19

android[2] trace: MoGaConTrOlLeR :: ....................(KK) Key Event Key DPAD Up PPPP .....................

android[2] trace: MoGaConTrOlLeR :: ....................(KK) Key Event Key up .....................

android[2] trace: MoGaConTrOlLeR :: ....................(KK) Listener Key Release .....................

android[2] trace: MoGaConTrOlLeR :: ....................(KK) AndroidKeyCode :: MogaKeyCode (Start of func) .....................

android[2] trace: MoGaConTrOlLeR :: ....................(KK) AndroidKeyCode :: MogaKeyCode Key Press Dpad UP .....................

android[2] trace: MoGaConTrOlLeR :: (KK) MogaController :: Inside nativeOnKeyEvent ....................

G6-MOGA key frame=1568 code=19 state=up
android[2] trace: MusicManager::PlayNextTrack() try, fade=true, soundManager.IsInitialized()=true, soundManager.IsUserMusicPlaying()=false

android[2] trace: MusicManager::PlayTrack(): track=published/sounds/music/loading_01.mp3 fade=true

G4-JNI GetEnv version=0x00010002
android[2] trace: MusicManager::PlayNextTrack() try, fade=true, soundManager.IsInitialized()=true, soundManager.IsUserMusicPlaying()=false

android[2] trace: MusicManager::PlayTrack(): track=published/sounds/music/loading_01.mp3 fade=true

G4-JNI GetEnv version=0x00010002
android[2] trace: MusicManager::PlayNextTrack() try, fade=true, soundManager.IsInitialized()=true, soundManager.IsUserMusicPlaying()=false

android[2] trace: MusicManager::PlayTrack(): track=published/sounds/music/loading_01.mp3 fade=true

G4-JNI GetEnv version=0x00010002
android[2] trace: MusicManager::PlayNextTrack() try, fade=true, soundManager.IsInitialized()=true, soundManager.IsUserMusicPlaying()=false

android[2] trace: MusicManager::PlayTrack(): track=published/sounds/music/loading_01.mp3 fade=true

G4-JNI GetEnv version=0x00010002
android[2] trace: MusicManager::PlayNextTrack() try, fade=true, soundManager.IsInitialized()=true, soundManager.IsUserMusicPlaying()=false

android[2] trace: MusicManager::PlayTrack(): track=published/sounds/music/loading_01.mp3 fade=true

G4-JNI GetEnv version=0x00010002
android[2] trace: MusicManager::PlayNextTrack() try, fade=true, soundManager.IsInitialized()=true, soundManager.IsUserMusicPlaying()=false

android[2] trace: MusicManager::PlayTrack(): track=published/sounds/music/loading_01.mp3 fade=true

G4-JNI GetEnv version=0x00010002
android[2] trace: MusicManager::PlayNextTrack() try, fade=true, soundManager.IsInitialized()=true, soundManager.IsUserMusicPlaying()=false

android[2] trace: MusicManager::PlayTrack(): track=published/sounds/music/loading_01.mp3 fade=true

G4-JNI GetEnv version=0x00010002
android[2] trace: MusicManager::PlayNextTrack() try, fade=true, soundManager.IsInitialized()=true, soundManager.IsUserMusicPlaying()=false

android[2] trace: MusicManager::PlayTrack(): track=published/sounds/music/loading_01.mp3 fade=true

G4-JNI GetEnv version=0x00010002
android[2] trace: MusicManager::PlayNextTrack() try, fade=true, soundManager.IsInitialized()=true, soundManager.IsUserMusicPlaying()=false

android[2] trace: MusicManager::PlayTrack(): track=published/sounds/music/loading_01.mp3 fade=true

G4-JNI GetEnv version=0x00010002
android[2] trace: MusicManager::PlayNextTrack() try, fade=true, soundManager.IsInitialized()=true, soundManager.IsUserMusicPlaying()=false

android[2] trace: MusicManager::PlayTrack(): track=published/sounds/music/loading_01.mp3 fade=true

G4-JNI GetEnv version=0x00010002
android[2] trace: MusicManager::PlayNextTrack() try, fade=true, soundManager.IsInitialized()=true, soundManager.IsUserMusicPlaying()=false

android[2] trace: MusicManager::PlayTrack(): track=published/sounds/music/loading_01.mp3 fade=true

G4-JNI GetEnv version=0x00010002
android[2] trace: MusicManager::PlayNextTrack() try, fade=true, soundManager.IsInitialized()=true, soundManager.IsUserMusicPlaying()=false

android[2] trace: MusicManager::PlayTrack(): track=published/sounds/music/loading_01.mp3 fade=true

G4-JNI GetEnv version=0x00010002
android[2] trace: MusicManager::PlayNextTrack() try, fade=true, soundManager.IsInitialized()=true, soundManager.IsUserMusicPlaying()=false

android[2] trace: MusicManager::PlayTrack(): track=published/sounds/music/loading_01.mp3 fade=true

G4-JNI GetEnv version=0x00010002
android[2] trace: MusicManager::PlayNextTrack() try, fade=true, soundManager.IsInitialized()=true, soundManager.IsUserMusicPlaying()=false

android[2] trace: MusicManager::PlayTrack(): track=published/sounds/music/loading_01.mp3 fade=true

G4-JNI GetEnv version=0x00010002
android[2] trace: MusicManager::PlayNextTrack() try, fade=true, soundManager.IsInitialized()=true, soundManager.IsUserMusicPlaying()=false

android[2] trace: MusicManager::PlayTrack(): track=published/sounds/music/loading_01.mp3 fade=true

G4-JNI GetEnv version=0x00010002
android[2] trace: MusicManager::PlayNextTrack() try, fade=true, soundManager.IsInitialized()=true, soundManager.IsUserMusicPlaying()=false

android[2] trace: MusicManager::PlayTrack(): track=published/sounds/music/loading_01.mp3 fade=true

G4-JNI GetEnv version=0x00010002
android[2] trace: MusicManager::PlayNextTrack() try, fade=true, soundManager.IsInitialized()=true, soundManager.IsUserMusicPlaying()=false

android[2] trace: MusicManager::PlayTrack(): track=published/sounds/music/loading_01.mp3 fade=true

G4-JNI GetEnv version=0x00010002
android[2] trace: MusicManager::PlayNextTrack() try, fade=true, soundManager.IsInitialized()=true, soundManager.IsUserMusicPlaying()=false

android[2] trace: MusicManager::PlayTrack(): track=published/sounds/music/loading_01.mp3 fade=true

G4-JNI GetEnv version=0x00010002
android[2] trace: MusicManager::PlayNextTrack() try, fade=true, soundManager.IsInitialized()=true, soundManager.IsUserMusicPlaying()=false

android[2] trace: MusicManager::PlayTrack(): track=published/sounds/music/loading_01.mp3 fade=true

G4-JNI GetEnv version=0x00010002
android[2] trace: MusicManager::PlayNextTrack() try, fade=true, soundManager.IsInitialized()=true, soundManager.IsUserMusicPlaying()=false

android[2] trace: MusicManager::PlayTrack(): track=published/sounds/music/loading_01.mp3 fade=true

G4-JNI GetEnv version=0x00010002
android[2] trace: MusicManager::PlayNextTrack() try, fade=true, soundManager.IsInitialized()=true, soundManager.IsUserMusicPlaying()=false

android[2] trace: MusicManager::PlayTrack(): track=published/sounds/music/loading_01.mp3 fade=true

G4-JNI GetEnv version=0x00010002
android[2] trace: MoGaConTrOlLeR :: ....................(KK) MogaController :: Inside nativeOnKeyEvent 

android[2] trace: ....................(KK) MogaController :: Inside nativeOnKeyEvent 20

android[2] trace: MoGaConTrOlLeR :: ....................(KK) Key Event Key DPAD Down NNNN .....................

android[2] trace: MoGaConTrOlLeR :: ....................(KK) Key Event Key Down .....................

android[2] trace: MoGaConTrOlLeR :: ....................(KK) Listener Key Press .....................

android[2] trace: MoGaConTrOlLeR :: ....................(KK) AndroidKeyCode :: MogaKeyCode (Start of func) .....................

android[2] trace: MoGaConTrOlLeR :: ....................(KK) AndroidKeyCode :: MogaKeyCode Key Press Dpad Down .....................

android[2] trace: MoGaConTrOlLeR :: (KK) MogaController :: Inside nativeOnKeyEvent ....................

G6-MOGA key frame=1589 code=20 state=down
android[2] trace: MusicManager::PlayNextTrack() try, fade=true, soundManager.IsInitialized()=true, soundManager.IsUserMusicPlaying()=false

android[2] trace: MusicManager::PlayTrack(): track=published/sounds/music/loading_01.mp3 fade=true

G4-JNI GetEnv version=0x00010002
android[2] trace: MusicManager::PlayNextTrack() try, fade=true, soundManager.IsInitialized()=true, soundManager.IsUserMusicPlaying()=false

android[2] trace: MusicManager::PlayTrack(): track=published/sounds/music/loading_01.mp3 fade=true

G4-JNI GetEnv version=0x00010002
android[2] trace: MusicManager::PlayNextTrack() try, fade=true, soundManager.IsInitialized()=true, soundManager.IsUserMusicPlaying()=false

android[2] trace: MusicManager::PlayTrack(): track=published/sounds/music/loading_01.mp3 fade=true

G4-JNI GetEnv version=0x00010002
android[2] trace: MusicManager::PlayNextTrack() try, fade=true, soundManager.IsInitialized()=true, soundManager.IsUserMusicPlaying()=false

android[2] trace: MusicManager::PlayTrack(): track=published/sounds/music/loading_01.mp3 fade=true

G4-JNI GetEnv version=0x00010002
android[2] trace: MusicManager::PlayNextTrack() try, fade=true, soundManager.IsInitialized()=true, soundManager.IsUserMusicPlaying()=false

android[2] trace: MusicManager::PlayTrack(): track=published/sounds/music/loading_01.mp3 fade=true

G4-JNI GetEnv version=0x00010002
android[2] trace: MoGaConTrOlLeR :: ....................(KK) MogaController :: Inside nativeOnKeyEvent 

android[2] trace: ....................(KK) MogaController :: Inside nativeOnKeyEvent 20

android[2] trace: MoGaConTrOlLeR :: ....................(KK) Key Event Key DPAD Down NNNN .....................

android[2] trace: MoGaConTrOlLeR :: ....................(KK) Key Event Key up .....................

android[2] trace: MoGaConTrOlLeR :: ....................(KK) Listener Key Release .....................

android[2] trace: MoGaConTrOlLeR :: ....................(KK) AndroidKeyCode :: MogaKeyCode (Start of func) .....................

android[2] trace: MoGaConTrOlLeR :: ....................(KK) AndroidKeyCode :: MogaKeyCode Key Press Dpad Down .....................

android[2] trace: MoGaConTrOlLeR :: (KK) MogaController :: Inside nativeOnKeyEvent ....................

G6-MOGA key frame=1594 code=20 state=up
android[2] trace: MusicManager::PlayNextTrack() try, fade=true, soundManager.IsInitialized()=true, soundManager.IsUserMusicPlaying()=false

android[2] trace: MusicManager::PlayTrack(): track=published/sounds/music/loading_01.mp3 fade=true

G4-JNI GetEnv version=0x00010002
android[2] trace: MusicManager::PlayNextTrack() try, fade=true, soundManager.IsInitialized()=true, soundManager.IsUserMusicPlaying()=false

android[2] trace: MusicManager::PlayTrack(): track=published/sounds/music/loading_01.mp3 fade=true

G4-JNI GetEnv version=0x00010002
android[2] trace: MusicManager::PlayNextTrack() try, fade=true, soundManager.IsInitialized()=true, soundManager.IsUserMusicPlaying()=false

android[2] trace: MusicManager::PlayTrack(): track=published/sounds/music/loading_01.mp3 fade=true

G4-JNI GetEnv version=0x00010002
android[2] trace: MusicManager::PlayNextTrack() try, fade=true, soundManager.IsInitialized()=true, soundManager.IsUserMusicPlaying()=false

android[2] trace: MusicManager::PlayTrack(): track=published/sounds/music/loading_01.mp3 fade=true

G4-JNI GetEnv version=0x00010002
android[2] trace: MusicManager::PlayNextTrack() try, fade=true, soundManager.IsInitialized()=true, soundManager.IsUserMusicPlaying()=false

android[2] trace: MusicManager::PlayTrack(): track=published/sounds/music/loading_01.mp3 fade=true

G4-JNI GetEnv version=0x00010002
android[2] trace: MusicManager::PlayNextTrack() try, fade=true, soundManager.IsInitialized()=true, soundManager.IsUserMusicPlaying()=false

android[2] trace: MusicManager::PlayTrack(): track=published/sounds/music/loading_01.mp3 fade=true

G4-JNI GetEnv version=0x00010002
android[2] trace: MusicManager::PlayNextTrack() try, fade=true, soundManager.IsInitialized()=true, soundManager.IsUserMusicPlaying()=false

android[2] trace: MusicManager::PlayTrack(): track=published/sounds/music/loading_01.mp3 fade=true

G4-JNI GetEnv version=0x00010002
android[2] trace: MusicManager::PlayNextTrack() try, fade=true, soundManager.IsInitialized()=true, soundManager.IsUserMusicPlaying()=false

android[2] trace: MusicManager::PlayTrack(): track=published/sounds/music/loading_01.mp3 fade=true

G4-JNI GetEnv version=0x00010002
android[2] trace: MusicManager::PlayNextTrack() try, fade=true, soundManager.IsInitialized()=true, soundManager.IsUserMusicPlaying()=false

android[2] trace: MusicManager::PlayTrack(): track=published/sounds/music/loading_01.mp3 fade=true

G4-JNI GetEnv version=0x00010002
android[2] trace: MusicManager::PlayNextTrack() try, fade=true, soundManager.IsInitialized()=true, soundManager.IsUserMusicPlaying()=false

android[2] trace: MusicManager::PlayTrack(): track=published/sounds/music/loading_01.mp3 fade=true

G4-JNI GetEnv version=0x00010002
android[2] trace: MusicManager::PlayNextTrack() try, fade=true, soundManager.IsInitialized()=true, soundManager.IsUserMusicPlaying()=false

android[2] trace: MusicManager::PlayTrack(): track=published/sounds/music/loading_01.mp3 fade=true

G4-JNI GetEnv version=0x00010002
android[2] trace: MusicManager::PlayNextTrack() try, fade=true, soundManager.IsInitialized()=true, soundManager.IsUserMusicPlaying()=false

android[2] trace: MusicManager::PlayTrack(): track=published/sounds/music/loading_01.mp3 fade=true

G4-JNI GetEnv version=0x00010002
android[2] trace: MusicManager::PlayNextTrack() try, fade=true, soundManager.IsInitialized()=true, soundManager.IsUserMusicPlaying()=false

android[2] trace: MusicManager::PlayTrack(): track=published/sounds/music/loading_01.mp3 fade=true

G4-JNI GetEnv version=0x00010002
android[2] trace: MusicManager::PlayNextTrack() try, fade=true, soundManager.IsInitialized()=true, soundManager.IsUserMusicPlaying()=false

android[2] trace: MusicManager::PlayTrack(): track=published/sounds/music/loading_01.mp3 fade=true

G4-JNI GetEnv version=0x00010002
android[2] trace: MusicManager::PlayNextTrack() try, fade=true, soundManager.IsInitialized()=true, soundManager.IsUserMusicPlaying()=false

android[2] trace: MusicManager::PlayTrack(): track=published/sounds/music/loading_01.mp3 fade=true

G4-JNI GetEnv version=0x00010002
android[2] trace: MusicManager::PlayNextTrack() try, fade=true, soundManager.IsInitialized()=true, soundManager.IsUserMusicPlaying()=false

android[2] trace: MusicManager::PlayTrack(): track=published/sounds/music/loading_01.mp3 fade=true

G4-JNI GetEnv version=0x00010002
android[2] trace: MusicManager::PlayNextTrack() try, fade=true, soundManager.IsInitialized()=true, soundManager.IsUserMusicPlaying()=false

android[2] trace: MusicManager::PlayTrack(): track=published/sounds/music/loading_01.mp3 fade=true

G4-JNI GetEnv version=0x00010002
android[2] trace: MusicManager::PlayNextTrack() try, fade=true, soundManager.IsInitialized()=true, soundManager.IsUserMusicPlaying()=false

android[2] trace: MusicManager::PlayTrack(): track=published/sounds/music/loading_01.mp3 fade=true

G4-JNI GetEnv version=0x00010002
android[2] trace: MusicManager::PlayNextTrack() try, fade=true, soundManager.IsInitialized()=true, soundManager.IsUserMusicPlaying()=false

android[2] trace: MusicManager::PlayTrack(): track=published/sounds/music/loading_01.mp3 fade=true

G4-JNI GetEnv version=0x00010002
android[2] trace: MusicManager::PlayNextTrack() try, fade=true, soundManager.IsInitialized()=true, soundManager.IsUserMusicPlaying()=false

android[2] trace: MusicManager::PlayTrack(): track=published/sounds/music/loading_01.mp3 fade=true

G4-JNI GetEnv version=0x00010002
android[2] trace: MusicManager::PlayNextTrack() try, fade=true, soundManager.IsInitialized()=true, soundManager.IsUserMusicPlaying()=false

android[2] trace: MusicManager::PlayTrack(): track=published/sounds/music/loading_01.mp3 fade=true

G4-JNI GetEnv version=0x00010002
android[2] trace: MusicManager::PlayNextTrack() try, fade=true, soundManager.IsInitialized()=true, soundManager.IsUserMusicPlaying()=false

android[2] trace: MusicManager::PlayTrack(): track=published/sounds/music/loading_01.mp3 fade=true

G4-JNI GetEnv version=0x00010002
android[2] trace: MusicManager::PlayNextTrack() try, fade=true, soundManager.IsInitialized()=true, soundManager.IsUserMusicPlaying()=false

android[2] trace: MusicManager::PlayTrack(): track=published/sounds/music/loading_01.mp3 fade=true

G4-JNI GetEnv version=0x00010002
android[2] trace: MusicManager::PlayNextTrack() try, fade=true, soundManager.IsInitialized()=true, soundManager.IsUserMusicPlaying()=false

android[2] trace: MusicManager::PlayTrack(): track=published/sounds/music/loading_01.mp3 fade=true

G4-JNI GetEnv version=0x00010002
android[2] trace: MusicManager::PlayNextTrack() try, fade=true, soundManager.IsInitialized()=true, soundManager.IsUserMusicPlaying()=false

android[2] trace: MusicManager::PlayTrack(): track=published/sounds/music/loading_01.mp3 fade=true

G4-JNI GetEnv version=0x00010002
android[2] trace: MusicManager::PlayNextTrack() try, fade=true, soundManager.IsInitialized()=true, soundManager.IsUserMusicPlaying()=false

android[2] trace: MusicManager::PlayTrack(): track=published/sounds/music/loading_01.mp3 fade=true

G4-JNI GetEnv version=0x00010002
android[2] trace: MusicManager::PlayNextTrack() try, fade=true, soundManager.IsInitialized()=true, soundManager.IsUserMusicPlaying()=false

android[2] trace: MusicManager::PlayTrack(): track=published/sounds/music/loading_01.mp3 fade=true

G4-JNI GetEnv version=0x00010002
android[2] trace: MusicManager::PlayNextTrack() try, fade=true, soundManager.IsInitialized()=true, soundManager.IsUserMusicPlaying()=false

android[2] trace: MusicManager::PlayTrack(): track=published/sounds/music/loading_01.mp3 fade=true

G4-JNI GetEnv version=0x00010002
android[2] trace: MusicManager::PlayNextTrack() try, fade=true, soundManager.IsInitialized()=true, soundManager.IsUserMusicPlaying()=false

android[2] trace: MusicManager::PlayTrack(): track=published/sounds/music/loading_01.mp3 fade=true

G4-JNI GetEnv version=0x00010002
android[2] trace: MusicManager::PlayNextTrack() try, fade=true, soundManager.IsInitialized()=true, soundManager.IsUserMusicPlaying()=false

android[2] trace: MusicManager::PlayTrack(): track=published/sounds/music/loading_01.mp3 fade=true

G4-JNI GetEnv version=0x00010002
android[2] trace: MusicManager::PlayNextTrack() try, fade=true, soundManager.IsInitialized()=true, soundManager.IsUserMusicPlaying()=false

android[2] trace: MusicManager::PlayTrack(): track=published/sounds/music/loading_01.mp3 fade=true

G4-JNI GetEnv version=0x00010002
android[2] trace: MusicManager::PlayNextTrack() try, fade=true, soundManager.IsInitialized()=true, soundManager.IsUserMusicPlaying()=false

android[2] trace: MusicManager::PlayTrack(): track=published/sounds/music/loading_01.mp3 fade=true

G4-JNI GetEnv version=0x00010002
android[2] trace: MusicManager::PlayNextTrack() try, fade=true, soundManager.IsInitialized()=true, soundManager.IsUserMusicPlaying()=false

android[2] trace: MusicManager::PlayTrack(): track=published/sounds/music/loading_01.mp3 fade=true

G4-JNI GetEnv version=0x00010002
android[2] trace: MusicManager::PlayNextTrack() try, fade=true, soundManager.IsInitialized()=true, soundManager.IsUserMusicPlaying()=false

android[2] trace: MusicManager::PlayTrack(): track=published/sounds/music/loading_01.mp3 fade=true

G4-JNI GetEnv version=0x00010002
android[2] trace: MusicManager::PlayNextTrack() try, fade=true, soundManager.IsInitialized()=true, soundManager.IsUserMusicPlaying()=false

android[2] trace: MusicManager::PlayTrack(): track=published/sounds/music/loading_01.mp3 fade=true

G4-JNI GetEnv version=0x00010002
android[2] trace: MusicManager::PlayNextTrack() try, fade=true, soundManager.IsInitialized()=true, soundManager.IsUserMusicPlaying()=false

android[2] trace: MusicManager::PlayTrack(): track=published/sounds/music/loading_01.mp3 fade=true

G4-JNI GetEnv version=0x00010002
android[2] trace: MusicManager::PlayNextTrack() try, fade=true, soundManager.IsInitialized()=true, soundManager.IsUserMusicPlaying()=false

android[2] trace: MusicManager::PlayTrack(): track=published/sounds/music/loading_01.mp3 fade=true

G4-JNI GetEnv version=0x00010002
android[2] trace: MusicManager::PlayNextTrack() try, fade=true, soundManager.IsInitialized()=true, soundManager.IsUserMusicPlaying()=false

android[2] trace: MusicManager::PlayTrack(): track=published/sounds/music/loading_01.mp3 fade=true

G4-JNI GetEnv version=0x00010002
android[2] trace: MusicManager::PlayNextTrack() try, fade=true, soundManager.IsInitialized()=true, soundManager.IsUserMusicPlaying()=false

android[2] trace: MusicManager::PlayTrack(): track=published/sounds/music/loading_01.mp3 fade=true

G4-JNI GetEnv version=0x00010002
android[2] trace: MusicManager::PlayNextTrack() try, fade=true, soundManager.IsInitialized()=true, soundManager.IsUserMusicPlaying()=false

android[2] trace: MusicManager::PlayTrack(): track=published/sounds/music/loading_01.mp3 fade=true

G4-JNI GetEnv version=0x00010002
android[2] trace: MusicManager::PlayNextTrack() try, fade=true, soundManager.IsInitialized()=true, soundManager.IsUserMusicPlaying()=false

android[2] trace: MusicManager::PlayTrack(): track=published/sounds/music/loading_01.mp3 fade=true

G4-JNI GetEnv version=0x00010002
android[2] trace: MusicManager::PlayNextTrack() try, fade=true, soundManager.IsInitialized()=true, soundManager.IsUserMusicPlaying()=false

android[2] trace: MusicManager::PlayTrack(): track=published/sounds/music/loading_01.mp3 fade=true

G4-JNI GetEnv version=0x00010002
android[2] trace: MusicManager::PlayNextTrack() try, fade=true, soundManager.IsInitialized()=true, soundManager.IsUserMusicPlaying()=false

android[2] trace: MusicManager::PlayTrack(): track=published/sounds/music/loading_01.mp3 fade=true

G4-JNI GetEnv version=0x00010002
android[2] trace: MusicManager::PlayNextTrack() try, fade=true, soundManager.IsInitialized()=true, soundManager.IsUserMusicPlaying()=false

android[2] trace: MusicManager::PlayTrack(): track=published/sounds/music/loading_01.mp3 fade=true

G4-JNI GetEnv version=0x00010002
android[2] trace: MusicManager::PlayNextTrack() try, fade=true, soundManager.IsInitialized()=true, soundManager.IsUserMusicPlaying()=false

android[2] trace: MusicManager::PlayTrack(): track=published/sounds/music/loading_01.mp3 fade=true

G4-JNI GetEnv version=0x00010002
android[2] trace: MusicManager::PlayNextTrack() try, fade=true, soundManager.IsInitialized()=true, soundManager.IsUserMusicPlaying()=false

android[2] trace: MusicManager::PlayTrack(): track=published/sounds/music/loading_01.mp3 fade=true

G4-JNI GetEnv version=0x00010002
android[2] trace: MusicManager::PlayNextTrack() try, fade=true, soundManager.IsInitialized()=true, soundManager.IsUserMusicPlaying()=false

android[2] trace: MusicManager::PlayTrack(): track=published/sounds/music/loading_01.mp3 fade=true

G4-JNI GetEnv version=0x00010002
android[2] trace: MusicManager::PlayNextTrack() try, fade=true, soundManager.IsInitialized()=true, soundManager.IsUserMusicPlaying()=false

android[2] trace: MusicManager::PlayTrack(): track=published/sounds/music/loading_01.mp3 fade=true

G4-JNI GetEnv version=0x00010002
android[2] trace: MusicManager::PlayNextTrack() try, fade=true, soundManager.IsInitialized()=true, soundManager.IsUserMusicPlaying()=false

android[2] trace: MusicManager::PlayTrack(): track=published/sounds/music/loading_01.mp3 fade=true

G4-JNI GetEnv version=0x00010002
android[2] trace: MusicManager::PlayNextTrack() try, fade=true, soundManager.IsInitialized()=true, soundManager.IsUserMusicPlaying()=false

android[2] trace: MusicManager::PlayTrack(): track=published/sounds/music/loading_01.mp3 fade=true

G4-JNI GetEnv version=0x00010002
android[2] trace: MusicManager::PlayNextTrack() try, fade=true, soundManager.IsInitialized()=true, soundManager.IsUserMusicPlaying()=false

android[2] trace: MusicManager::PlayTrack(): track=published/sounds/music/loading_01.mp3 fade=true

G4-JNI GetEnv version=0x00010002
android[2] trace: MusicManager::PlayNextTrack() try, fade=true, soundManager.IsInitialized()=true, soundManager.IsUserMusicPlaying()=false

android[2] trace: MusicManager::PlayTrack(): track=published/sounds/music/loading_01.mp3 fade=true

G4-JNI GetEnv version=0x00010002
android[2] trace: MusicManager::PlayNextTrack() try, fade=true, soundManager.IsInitialized()=true, soundManager.IsUserMusicPlaying()=false

android[2] trace: MusicManager::PlayTrack(): track=published/sounds/music/loading_01.mp3 fade=true

G4-JNI GetEnv version=0x00010002
android[2] trace: MusicManager::PlayNextTrack() try, fade=true, soundManager.IsInitialized()=true, soundManager.IsUserMusicPlaying()=false

android[2] trace: MusicManager::PlayTrack(): track=published/sounds/music/loading_01.mp3 fade=true

G4-JNI GetEnv version=0x00010002
android[2] trace: MusicManager::PlayNextTrack() try, fade=true, soundManager.IsInitialized()=true, soundManager.IsUserMusicPlaying()=false

android[2] trace: MusicManager::PlayTrack(): track=published/sounds/music/loading_01.mp3 fade=true

G4-JNI GetEnv version=0x00010002
android[2] trace: MusicManager::PlayNextTrack() try, fade=true, soundManager.IsInitialized()=true, soundManager.IsUserMusicPlaying()=false

android[2] trace: MusicManager::PlayTrack(): track=published/sounds/music/loading_01.mp3 fade=true

G4-JNI GetEnv version=0x00010002
android[2] trace: MusicManager::PlayNextTrack() try, fade=true, soundManager.IsInitialized()=true, soundManager.IsUserMusicPlaying()=false

android[2] trace: MusicManager::PlayTrack(): track=published/sounds/music/loading_01.mp3 fade=true

G4-JNI GetEnv version=0x00010002
android[2] trace: MusicManager::PlayNextTrack() try, fade=true, soundManager.IsInitialized()=true, soundManager.IsUserMusicPlaying()=false

android[2] trace: MusicManager::PlayTrack(): track=published/sounds/music/loading_01.mp3 fade=true

G4-JNI GetEnv version=0x00010002
android[2] trace: MusicManager::PlayNextTrack() try, fade=true, soundManager.IsInitialized()=true, soundManager.IsUserMusicPlaying()=false

android[2] trace: MusicManager::PlayTrack(): track=published/sounds/music/loading_01.mp3 fade=true

G4-JNI GetEnv version=0x00010002
android[2] trace: MusicManager::PlayNextTrack() try, fade=true, soundManager.IsInitialized()=true, soundManager.IsUserMusicPlaying()=false

android[2] trace: MusicManager::PlayTrack(): track=published/sounds/music/loading_01.mp3 fade=true

G4-JNI GetEnv version=0x00010002
android[2] trace: MusicManager::PlayNextTrack() try, fade=true, soundManager.IsInitialized()=true, soundManager.IsUserMusicPlaying()=false

android[2] trace: MusicManager::PlayTrack(): track=published/sounds/music/loading_01.mp3 fade=true

G4-JNI GetEnv version=0x00010002
android[2] trace: MusicManager::PlayNextTrack() try, fade=true, soundManager.IsInitialized()=true, soundManager.IsUserMusicPlaying()=false

android[2] trace: MusicManager::PlayTrack(): track=published/sounds/music/loading_01.mp3 fade=true

G4-JNI GetEnv version=0x00010002
android[2] trace: MusicManager::PlayNextTrack() try, fade=true, soundManager.IsInitialized()=true, soundManager.IsUserMusicPlaying()=false

android[2] trace: MusicManager::PlayTrack(): track=published/sounds/music/loading_01.mp3 fade=true

G4-JNI GetEnv version=0x00010002
android[2] trace: MusicManager::PlayNextTrack() try, fade=true, soundManager.IsInitialized()=true, soundManager.IsUserMusicPlaying()=false

android[2] trace: MusicManager::PlayTrack(): track=published/sounds/music/loading_01.mp3 fade=true

G4-JNI GetEnv version=0x00010002
android[2] trace: MusicManager::PlayNextTrack() try, fade=true, soundManager.IsInitialized()=true, soundManager.IsUserMusicPlaying()=false

android[2] trace: MusicManager::PlayTrack(): track=published/sounds/music/loading_01.mp3 fade=true

G4-JNI GetEnv version=0x00010002
android[2] trace: MusicManager::PlayNextTrack() try, fade=true, soundManager.IsInitialized()=true, soundManager.IsUserMusicPlaying()=false

android[2] trace: MusicManager::PlayTrack(): track=published/sounds/music/loading_01.mp3 fade=true

G4-JNI GetEnv version=0x00010002
android[2] trace: MusicManager::PlayNextTrack() try, fade=true, soundManager.IsInitialized()=true, soundManager.IsUserMusicPlaying()=false

android[2] trace: MusicManager::PlayTrack(): track=published/sounds/music/loading_01.mp3 fade=true

G4-JNI GetEnv version=0x00010002
android[2] trace: MusicManager::PlayNextTrack() try, fade=true, soundManager.IsInitialized()=true, soundManager.IsUserMusicPlaying()=false

android[2] trace: MusicManager::PlayTrack(): track=published/sounds/music/loading_01.mp3 fade=true

G4-JNI GetEnv version=0x00010002
android[2] trace: MusicManager::PlayNextTrack() try, fade=true, soundManager.IsInitialized()=true, soundManager.IsUserMusicPlaying()=false

android[2] trace: MusicManager::PlayTrack(): track=published/sounds/music/loading_01.mp3 fade=true

G4-JNI GetEnv version=0x00010002
android[2] trace: MusicManager::PlayNextTrack() try, fade=true, soundManager.IsInitialized()=true, soundManager.IsUserMusicPlaying()=false

android[2] trace: MusicManager::PlayTrack(): track=published/sounds/music/loading_01.mp3 fade=true

G4-JNI GetEnv version=0x00010002
android[2] trace: MusicManager::PlayNextTrack() try, fade=true, soundManager.IsInitialized()=true, soundManager.IsUserMusicPlaying()=false

android[2] trace: MusicManager::PlayTrack(): track=published/sounds/music/loading_01.mp3 fade=true

G4-JNI GetEnv version=0x00010002
android[2] trace: MusicManager::PlayNextTrack() try, fade=true, soundManager.IsInitialized()=true, soundManager.IsUserMusicPlaying()=false

android[2] trace: MusicManager::PlayTrack(): track=published/sounds/music/loading_01.mp3 fade=true

G4-JNI GetEnv version=0x00010002
android[2] trace: MusicManager::PlayNextTrack() try, fade=true, soundManager.IsInitialized()=true, soundManager.IsUserMusicPlaying()=false

android[2] trace: MusicManager::PlayTrack(): track=published/sounds/music/loading_01.mp3 fade=true

G4-JNI GetEnv version=0x00010002
android[2] trace: MoGaConTrOlLeR :: ....................(KK) MogaController :: Inside nativeOnKeyEvent 

android[2] trace: ....................(KK) MogaController :: Inside nativeOnKeyEvent 103

android[2] trace: MoGaConTrOlLeR :: ....................(KK) Key Event Key R1 1111 .....................

android[2] trace: MoGaConTrOlLeR :: ....................(KK) Key Event Key Down .....................

android[2] trace: MoGaConTrOlLeR :: ....................(KK) Listener Key Press .....................

android[2] trace: MoGaConTrOlLeR :: ....................(KK) AndroidKeyCode :: MogaKeyCode (Start of func) .....................

android[2] trace: MoGaConTrOlLeR :: ....................(KK) AndroidKeyCode :: MogaKeyCode Key Press R1 .....................

android[2] trace: MoGaConTrOlLeR :: (KK) MogaController :: Inside nativeOnKeyEvent ....................

G6-MOGA key frame=1667 code=103 state=down
android[2] trace: MusicManager::PlayNextTrack() try, fade=true, soundManager.IsInitialized()=true, soundManager.IsUserMusicPlaying()=false

android[2] trace: MusicManager::PlayTrack(): track=published/sounds/music/loading_01.mp3 fade=true

G4-JNI GetEnv version=0x00010002
android[2] trace: MusicManager::PlayNextTrack() try, fade=true, soundManager.IsInitialized()=true, soundManager.IsUserMusicPlaying()=false

android[2] trace: MusicManager::PlayTrack(): track=published/sounds/music/loading_01.mp3 fade=true

G4-JNI GetEnv version=0x00010002
android[2] trace: MusicManager::PlayNextTrack() try, fade=true, soundManager.IsInitialized()=true, soundManager.IsUserMusicPlaying()=false

android[2] trace: MusicManager::PlayTrack(): track=published/sounds/music/loading_01.mp3 fade=true

G4-JNI GetEnv version=0x00010002
android[2] trace: MusicManager::PlayNextTrack() try, fade=true, soundManager.IsInitialized()=true, soundManager.IsUserMusicPlaying()=false

android[2] trace: MusicManager::PlayTrack(): track=published/sounds/music/loading_01.mp3 fade=true

G4-JNI GetEnv version=0x00010002
android[2] trace: MusicManager::PlayNextTrack() try, fade=true, soundManager.IsInitialized()=true, soundManager.IsUserMusicPlaying()=false

android[2] trace: MusicManager::PlayTrack(): track=published/sounds/music/loading_01.mp3 fade=true

G4-JNI GetEnv version=0x00010002
android[2] trace: MusicManager::PlayNextTrack() try, fade=true, soundManager.IsInitialized()=true, soundManager.IsUserMusicPlaying()=false

android[2] trace: MusicManager::PlayTrack(): track=published/sounds/music/loading_01.mp3 fade=true

G4-JNI GetEnv version=0x00010002
android[2] trace: MusicManager::PlayNextTrack() try, fade=true, soundManager.IsInitialized()=true, soundManager.IsUserMusicPlaying()=false

android[2] trace: MusicManager::PlayTrack(): track=published/sounds/music/loading_01.mp3 fade=true

G4-JNI GetEnv version=0x00010002
android[2] trace: MusicManager::PlayNextTrack() try, fade=true, soundManager.IsInitialized()=true, soundManager.IsUserMusicPlaying()=false

android[2] trace: MusicManager::PlayTrack(): track=published/sounds/music/loading_01.mp3 fade=true

G4-JNI GetEnv version=0x00010002
android[2] trace: MusicManager::PlayNextTrack() try, fade=true, soundManager.IsInitialized()=true, soundManager.IsUserMusicPlaying()=false

android[2] trace: MusicManager::PlayTrack(): track=published/sounds/music/loading_01.mp3 fade=true

G4-JNI GetEnv version=0x00010002
android[2] trace: MoGaConTrOlLeR :: ....................(KK) MogaController :: Inside nativeOnKeyEvent 

android[2] trace: ....................(KK) MogaController :: Inside nativeOnKeyEvent 103

android[2] trace: MoGaConTrOlLeR :: ....................(KK) Key Event Key R1 1111 .....................

android[2] trace: MoGaConTrOlLeR :: ....................(KK) Key Event Key up .....................

android[2] trace: MoGaConTrOlLeR :: ....................(KK) Listener Key Release .....................

android[2] trace: MoGaConTrOlLeR :: ....................(KK) AndroidKeyCode :: MogaKeyCode (Start of func) .....................

android[2] trace: MoGaConTrOlLeR :: ....................(KK) AndroidKeyCode :: MogaKeyCode Key Press R1 .....................

android[2] trace: MoGaConTrOlLeR :: (KK) MogaController :: Inside nativeOnKeyEvent ....................

G6-MOGA key frame=1676 code=103 state=up
android[2] trace: MusicManager::PlayNextTrack() try, fade=true, soundManager.IsInitialized()=true, soundManager.IsUserMusicPlaying()=false

android[2] trace: MusicManager::PlayTrack(): track=published/sounds/music/loading_01.mp3 fade=true

G4-JNI GetEnv version=0x00010002
android[2] trace: MusicManager::PlayNextTrack() try, fade=true, soundManager.IsInitialized()=true, soundManager.IsUserMusicPlaying()=false

android[2] trace: MusicManager::PlayTrack(): track=published/sounds/music/loading_01.mp3 fade=true

G4-JNI GetEnv version=0x00010002
android[2] trace: MusicManager::PlayNextTrack() try, fade=true, soundManager.IsInitialized()=true, soundManager.IsUserMusicPlaying()=false

android[2] trace: MusicManager::PlayTrack(): track=published/sounds/music/loading_01.mp3 fade=true

G4-JNI GetEnv version=0x00010002
android[2] trace: MusicManager::PlayNextTrack() try, fade=true, soundManager.IsInitialized()=true, soundManager.IsUserMusicPlaying()=false

android[2] trace: MusicManager::PlayTrack(): track=published/sounds/music/loading_01.mp3 fade=true

G4-JNI GetEnv version=0x00010002
android[2] trace: MusicManager::PlayNextTrack() try, fade=true, soundManager.IsInitialized()=true, soundManager.IsUserMusicPlaying()=false

android[2] trace: MusicManager::PlayTrack(): track=published/sounds/music/loading_01.mp3 fade=true

G4-JNI GetEnv version=0x00010002
android[2] trace: MusicManager::PlayNextTrack() try, fade=true, soundManager.IsInitialized()=true, soundManager.IsUserMusicPlaying()=false

android[2] trace: MusicManager::PlayTrack(): track=published/sounds/music/loading_01.mp3 fade=true

G4-JNI GetEnv version=0x00010002
android[2] trace: MusicManager::PlayNextTrack() try, fade=true, soundManager.IsInitialized()=true, soundManager.IsUserMusicPlaying()=false

android[2] trace: MusicManager::PlayTrack(): track=published/sounds/music/loading_01.mp3 fade=true

G4-JNI GetEnv version=0x00010002
android[2] trace: MusicManager::PlayNextTrack() try, fade=true, soundManager.IsInitialized()=true, soundManager.IsUserMusicPlaying()=false

android[2] trace: MusicManager::PlayTrack(): track=published/sounds/music/loading_01.mp3 fade=true

G4-JNI GetEnv version=0x00010002
android[2] trace: MusicManager::PlayNextTrack() try, fade=true, soundManager.IsInitialized()=true, soundManager.IsUserMusicPlaying()=false

android[2] trace: MusicManager::PlayTrack(): track=published/sounds/music/loading_01.mp3 fade=true

G4-JNI GetEnv version=0x00010002
android[2] trace: MusicManager::PlayNextTrack() try, fade=true, soundManager.IsInitialized()=true, soundManager.IsUserMusicPlaying()=false

android[2] trace: MusicManager::PlayTrack(): track=published/sounds/music/loading_01.mp3 fade=true

G4-JNI GetEnv version=0x00010002
android[2] trace: MusicManager::PlayNextTrack() try, fade=true, soundManager.IsInitialized()=true, soundManager.IsUserMusicPlaying()=false

android[2] trace: MusicManager::PlayTrack(): track=published/sounds/music/loading_01.mp3 fade=true

G4-JNI GetEnv version=0x00010002
android[2] trace: MusicManager::PlayNextTrack() try, fade=true, soundManager.IsInitialized()=true, soundManager.IsUserMusicPlaying()=false

android[2] trace: MusicManager::PlayTrack(): track=published/sounds/music/loading_01.mp3 fade=true

G4-JNI GetEnv version=0x00010002
android[2] trace: MusicManager::PlayNextTrack() try, fade=true, soundManager.IsInitialized()=true, soundManager.IsUserMusicPlaying()=false

android[2] trace: MusicManager::PlayTrack(): track=published/sounds/music/loading_01.mp3 fade=true

G4-JNI GetEnv version=0x00010002
android[2] trace: MusicManager::PlayNextTrack() try, fade=true, soundManager.IsInitialized()=true, soundManager.IsUserMusicPlaying()=false

android[2] trace: MusicManager::PlayTrack(): track=published/sounds/music/loading_01.mp3 fade=true

G4-JNI GetEnv version=0x00010002
android[2] trace: MusicManager::PlayNextTrack() try, fade=true, soundManager.IsInitialized()=true, soundManager.IsUserMusicPlaying()=false

android[2] trace: MusicManager::PlayTrack(): track=published/sounds/music/loading_01.mp3 fade=true

G4-JNI GetEnv version=0x00010002
android[2] trace: MusicManager::PlayNextTrack() try, fade=true, soundManager.IsInitialized()=true, soundManager.IsUserMusicPlaying()=false

android[2] trace: MusicManager::PlayTrack(): track=published/sounds/music/loading_01.mp3 fade=true

G4-JNI GetEnv version=0x00010002
android[2] trace: ....................(KK) MogaController :: Inside NativeOnMotionEvent

android[2] trace: (KK) MogaController :: Inside NativeOnMotionEvent ....................

android[2] trace: MusicManager::PlayNextTrack() try, fade=true, soundManager.IsInitialized()=true, soundManager.IsUserMusicPlaying()=false

android[2] trace: MusicManager::PlayTrack(): track=published/sounds/music/loading_01.mp3 fade=true

G4-JNI GetEnv version=0x00010002
android[2] trace: MusicManager::PlayNextTrack() try, fade=true, soundManager.IsInitialized()=true, soundManager.IsUserMusicPlaying()=false

android[2] trace: MusicManager::PlayTrack(): track=published/sounds/music/loading_01.mp3 fade=true

G4-JNI GetEnv version=0x00010002
android[2] trace: MusicManager::PlayNextTrack() try, fade=true, soundManager.IsInitialized()=true, soundManager.IsUserMusicPlaying()=false

android[2] trace: MusicManager::PlayTrack(): track=published/sounds/music/loading_01.mp3 fade=true

G4-JNI GetEnv version=0x00010002
android[2] trace: MusicManager::PlayNextTrack() try, fade=true, soundManager.IsInitialized()=true, soundManager.IsUserMusicPlaying()=false

android[2] trace: MusicManager::PlayTrack(): track=published/sounds/music/loading_01.mp3 fade=true

G4-JNI GetEnv version=0x00010002
android[2] trace: MusicManager::PlayNextTrack() try, fade=true, soundManager.IsInitialized()=true, soundManager.IsUserMusicPlaying()=false

android[2] trace: MusicManager::PlayTrack(): track=published/sounds/music/loading_01.mp3 fade=true

G4-JNI GetEnv version=0x00010002
android[2] trace: MusicManager::PlayNextTrack() try, fade=true, soundManager.IsInitialized()=true, soundManager.IsUserMusicPlaying()=false

android[2] trace: MusicManager::PlayTrack(): track=published/sounds/music/loading_01.mp3 fade=true

G4-JNI GetEnv version=0x00010002
android[2] trace: MusicManager::PlayNextTrack() try, fade=true, soundManager.IsInitialized()=true, soundManager.IsUserMusicPlaying()=false

android[2] trace: MusicManager::PlayTrack(): track=published/sounds/music/loading_01.mp3 fade=true

G4-JNI GetEnv version=0x00010002
android[2] trace: MusicManager::PlayNextTrack() try, fade=true, soundManager.IsInitialized()=true, soundManager.IsUserMusicPlaying()=false

android[2] trace: MusicManager::PlayTrack(): track=published/sounds/music/loading_01.mp3 fade=true

G4-JNI GetEnv version=0x00010002
android[2] trace: MusicManager::PlayNextTrack() try, fade=true, soundManager.IsInitialized()=true, soundManager.IsUserMusicPlaying()=false

android[2] trace: MusicManager::PlayTrack(): track=published/sounds/music/loading_01.mp3 fade=true

G4-JNI GetEnv version=0x00010002
android[2] trace: ....................(KK) MogaController :: Inside NativeOnMotionEvent

android[2] trace: (KK) MogaController :: Inside NativeOnMotionEvent ....................

android[2] trace: MusicManager::PlayNextTrack() try, fade=true, soundManager.IsInitialized()=true, soundManager.IsUserMusicPlaying()=false

android[2] trace: MusicManager::PlayTrack(): track=published/sounds/music/loading_01.mp3 fade=true

G4-JNI GetEnv version=0x00010002
android[2] trace: ....................(KK) MogaController :: Inside NativeOnMotionEvent

android[2] trace: (KK) MogaController :: Inside NativeOnMotionEvent ....................

android[2] trace: MusicManager::PlayNextTrack() try, fade=true, soundManager.IsInitialized()=true, soundManager.IsUserMusicPlaying()=false

android[2] trace: MusicManager::PlayTrack(): track=published/sounds/music/loading_01.mp3 fade=true

G4-JNI GetEnv version=0x00010002
android[2] trace: MusicManager::PlayNextTrack() try, fade=true, soundManager.IsInitialized()=true, soundManager.IsUserMusicPlaying()=false

android[2] trace: MusicManager::PlayTrack(): track=published/sounds/music/loading_01.mp3 fade=true

G4-JNI GetEnv version=0x00010002
android[2] trace: MusicManager::PlayNextTrack() try, fade=true, soundManager.IsInitialized()=true, soundManager.IsUserMusicPlaying()=false

android[2] trace: MusicManager::PlayTrack(): track=published/sounds/music/loading_01.mp3 fade=true

G4-JNI GetEnv version=0x00010002
android[2] trace: MusicManager::PlayNextTrack() try, fade=true, soundManager.IsInitialized()=true, soundManager.IsUserMusicPlaying()=false

android[2] trace: MusicManager::PlayTrack(): track=published/sounds/music/loading_01.mp3 fade=true

G4-JNI GetEnv version=0x00010002
android[2] trace: MusicManager::PlayNextTrack() try, fade=true, soundManager.IsInitialized()=true, soundManager.IsUserMusicPlaying()=false

android[2] trace: MusicManager::PlayTrack(): track=published/sounds/music/loading_01.mp3 fade=true

G4-JNI GetEnv version=0x00010002
android[2] trace: MusicManager::PlayNextTrack() try, fade=true, soundManager.IsInitialized()=true, soundManager.IsUserMusicPlaying()=false

android[2] trace: MusicManager::PlayTrack(): track=published/sounds/music/loading_01.mp3 fade=true

G4-JNI GetEnv version=0x00010002
android[2] trace: MusicManager::PlayNextTrack() try, fade=true, soundManager.IsInitialized()=true, soundManager.IsUserMusicPlaying()=false

android[2] trace: MusicManager::PlayTrack(): track=published/sounds/music/loading_01.mp3 fade=true

G4-JNI GetEnv version=0x00010002
android[2] trace: MusicManager::PlayNextTrack() try, fade=true, soundManager.IsInitialized()=true, soundManager.IsUserMusicPlaying()=false

android[2] trace: MusicManager::PlayTrack(): track=published/sounds/music/loading_01.mp3 fade=true

G4-JNI GetEnv version=0x00010002
android[2] trace: MusicManager::PlayNextTrack() try, fade=true, soundManager.IsInitialized()=true, soundManager.IsUserMusicPlaying()=false

android[2] trace: MusicManager::PlayTrack(): track=published/sounds/music/loading_01.mp3 fade=true

G4-JNI GetEnv version=0x00010002
android[2] trace: MusicManager::PlayNextTrack() try, fade=true, soundManager.IsInitialized()=true, soundManager.IsUserMusicPlaying()=false

android[2] trace: MusicManager::PlayTrack(): track=published/sounds/music/loading_01.mp3 fade=true

G4-JNI GetEnv version=0x00010002
android[2] trace: MusicManager::PlayNextTrack() try, fade=true, soundManager.IsInitialized()=true, soundManager.IsUserMusicPlaying()=false

android[2] trace: MusicManager::PlayTrack(): track=published/sounds/music/loading_01.mp3 fade=true

G4-JNI GetEnv version=0x00010002
android[2] trace: ....................(KK) MogaController :: Inside NativeOnMotionEvent

android[2] trace: (KK) MogaController :: Inside NativeOnMotionEvent ....................

android[2] trace: MusicManager::PlayNextTrack() try, fade=true, soundManager.IsInitialized()=true, soundManager.IsUserMusicPlaying()=false

android[2] trace: MusicManager::PlayTrack(): track=published/sounds/music/loading_01.mp3 fade=true

G4-JNI GetEnv version=0x00010002
android[2] trace: MusicManager::PlayNextTrack() try, fade=true, soundManager.IsInitialized()=true, soundManager.IsUserMusicPlaying()=false

android[2] trace: MusicManager::PlayTrack(): track=published/sounds/music/loading_01.mp3 fade=true

G4-JNI GetEnv version=0x00010002
android[2] trace: MusicManager::PlayNextTrack() try, fade=true, soundManager.IsInitialized()=true, soundManager.IsUserMusicPlaying()=false

android[2] trace: MusicManager::PlayTrack(): track=published/sounds/music/loading_01.mp3 fade=true

G4-JNI GetEnv version=0x00010002
android[2] trace: MusicManager::PlayNextTrack() try, fade=true, soundManager.IsInitialized()=true, soundManager.IsUserMusicPlaying()=false

android[2] trace: MusicManager::PlayTrack(): track=published/sounds/music/loading_01.mp3 fade=true

G4-JNI GetEnv version=0x00010002
android[2] trace: MusicManager::PlayNextTrack() try, fade=true, soundManager.IsInitialized()=true, soundManager.IsUserMusicPlaying()=false

android[2] trace: MusicManager::PlayTrack(): track=published/sounds/music/loading_01.mp3 fade=true

G4-JNI GetEnv version=0x00010002
android[2] trace: MusicManager::PlayNextTrack() try, fade=true, soundManager.IsInitialized()=true, soundManager.IsUserMusicPlaying()=false

android[2] trace: MusicManager::PlayTrack(): track=published/sounds/music/loading_01.mp3 fade=true

G4-JNI GetEnv version=0x00010002
android[2] trace: MusicManager::PlayNextTrack() try, fade=true, soundManager.IsInitialized()=true, soundManager.IsUserMusicPlaying()=false

android[2] trace: MusicManager::PlayTrack(): track=published/sounds/music/loading_01.mp3 fade=true

G4-JNI GetEnv version=0x00010002
android[2] trace: MusicManager::PlayNextTrack() try, fade=true, soundManager.IsInitialized()=true, soundManager.IsUserMusicPlaying()=false

android[2] trace: MusicManager::PlayTrack(): track=published/sounds/music/loading_01.mp3 fade=true

G4-JNI GetEnv version=0x00010002
android[2] trace: MusicManager::PlayNextTrack() try, fade=true, soundManager.IsInitialized()=true, soundManager.IsUserMusicPlaying()=false

android[2] trace: MusicManager::PlayTrack(): track=published/sounds/music/loading_01.mp3 fade=true

G4-JNI GetEnv version=0x00010002
android[2] trace: MusicManager::PlayNextTrack() try, fade=true, soundManager.IsInitialized()=true, soundManager.IsUserMusicPlaying()=false

android[2] trace: MusicManager::PlayTrack(): track=published/sounds/music/loading_01.mp3 fade=true

G4-JNI GetEnv version=0x00010002
android[2] trace: MusicManager::PlayNextTrack() try, fade=true, soundManager.IsInitialized()=true, soundManager.IsUserMusicPlaying()=false

android[2] trace: MusicManager::PlayTrack(): track=published/sounds/music/loading_01.mp3 fade=true

G4-JNI GetEnv version=0x00010002
android[2] trace: MusicManager::PlayNextTrack() try, fade=true, soundManager.IsInitialized()=true, soundManager.IsUserMusicPlaying()=false

android[2] trace: MusicManager::PlayTrack(): track=published/sounds/music/loading_01.mp3 fade=true

G4-JNI GetEnv version=0x00010002
android[2] trace: MusicManager::PlayNextTrack() try, fade=true, soundManager.IsInitialized()=true, soundManager.IsUserMusicPlaying()=false

android[2] trace: MusicManager::PlayTrack(): track=published/sounds/music/loading_01.mp3 fade=true

G4-JNI GetEnv version=0x00010002
android[2] trace: MusicManager::PlayNextTrack() try, fade=true, soundManager.IsInitialized()=true, soundManager.IsUserMusicPlaying()=false

android[2] trace: MusicManager::PlayTrack(): track=published/sounds/music/loading_01.mp3 fade=true

G4-JNI GetEnv version=0x00010002
android[2] trace: MusicManager::PlayNextTrack() try, fade=true, soundManager.IsInitialized()=true, soundManager.IsUserMusicPlaying()=false

android[2] trace: MusicManager::PlayTrack(): track=published/sounds/music/loading_01.mp3 fade=true

G4-JNI GetEnv version=0x00010002
android[2] trace: MusicManager::PlayNextTrack() try, fade=true, soundManager.IsInitialized()=true, soundManager.IsUserMusicPlaying()=false

android[2] trace: MusicManager::PlayTrack(): track=published/sounds/music/loading_01.mp3 fade=true

G4-JNI GetEnv version=0x00010002
android[2] trace: MoGaConTrOlLeR :: ....................(KK) MogaController :: Inside nativeOnKeyEvent 

android[2] trace: ....................(KK) MogaController :: Inside nativeOnKeyEvent 20

android[2] trace: MoGaConTrOlLeR :: ....................(KK) Key Event Key DPAD Down NNNN .....................

android[2] trace: MoGaConTrOlLeR :: ....................(KK) Key Event Key Down .....................

android[2] trace: MoGaConTrOlLeR :: ....................(KK) Listener Key Press .....................

android[2] trace: MoGaConTrOlLeR :: ....................(KK) AndroidKeyCode :: MogaKeyCode (Start of func) .....................

android[2] trace: MoGaConTrOlLeR :: ....................(KK) AndroidKeyCode :: MogaKeyCode Key Press Dpad Down .....................

android[2] trace: MoGaConTrOlLeR :: (KK) MogaController :: Inside nativeOnKeyEvent ....................

G6-MOGA key frame=1729 code=20 state=down
android[2] trace: MusicManager::PlayNextTrack() try, fade=true, soundManager.IsInitialized()=true, soundManager.IsUserMusicPlaying()=false

android[2] trace: MusicManager::PlayTrack(): track=published/sounds/music/loading_01.mp3 fade=true

G4-JNI GetEnv version=0x00010002
android[2] trace: MusicManager::PlayNextTrack() try, fade=true, soundManager.IsInitialized()=true, soundManager.IsUserMusicPlaying()=false

android[2] trace: MusicManager::PlayTrack(): track=published/sounds/music/loading_01.mp3 fade=true

G4-JNI GetEnv version=0x00010002
android[2] trace: MusicManager::PlayNextTrack() try, fade=true, soundManager.IsInitialized()=true, soundManager.IsUserMusicPlaying()=false

android[2] trace: MusicManager::PlayTrack(): track=published/sounds/music/loading_01.mp3 fade=true

G4-JNI GetEnv version=0x00010002
android[2] trace: MusicManager::PlayNextTrack() try, fade=true, soundManager.IsInitialized()=true, soundManager.IsUserMusicPlaying()=false

android[2] trace: MusicManager::PlayTrack(): track=published/sounds/music/loading_01.mp3 fade=true

G4-JNI GetEnv version=0x00010002
android[2] trace: MusicManager::PlayNextTrack() try, fade=true, soundManager.IsInitialized()=true, soundManager.IsUserMusicPlaying()=false

android[2] trace: MusicManager::PlayTrack(): track=published/sounds/music/loading_01.mp3 fade=true

G4-JNI GetEnv version=0x00010002
android[2] trace: MusicManager::PlayNextTrack() try, fade=true, soundManager.IsInitialized()=true, soundManager.IsUserMusicPlaying()=false

android[2] trace: MusicManager::PlayTrack(): track=published/sounds/music/loading_01.mp3 fade=true

G4-JNI GetEnv version=0x00010002
android[2] trace: MusicManager::PlayNextTrack() try, fade=true, soundManager.IsInitialized()=true, soundManager.IsUserMusicPlaying()=false

android[2] trace: MusicManager::PlayTrack(): track=published/sounds/music/loading_01.mp3 fade=true

G4-JNI GetEnv version=0x00010002
android[2] trace: MusicManager::PlayNextTrack() try, fade=true, soundManager.IsInitialized()=true, soundManager.IsUserMusicPlaying()=false

android[2] trace: MusicManager::PlayTrack(): track=published/sounds/music/loading_01.mp3 fade=true

G4-JNI GetEnv version=0x00010002
android[2] trace: MoGaConTrOlLeR :: ....................(KK) MogaController :: Inside nativeOnKeyEvent 

android[2] trace: ....................(KK) MogaController :: Inside nativeOnKeyEvent 20

android[2] trace: MoGaConTrOlLeR :: ....................(KK) Key Event Key DPAD Down NNNN .....................

android[2] trace: MoGaConTrOlLeR :: ....................(KK) Key Event Key up .....................

android[2] trace: MoGaConTrOlLeR :: ....................(KK) Listener Key Release .....................

android[2] trace: MoGaConTrOlLeR :: ....................(KK) AndroidKeyCode :: MogaKeyCode (Start of func) .....................

android[2] trace: MoGaConTrOlLeR :: ....................(KK) AndroidKeyCode :: MogaKeyCode Key Press Dpad Down .....................

android[2] trace: MoGaConTrOlLeR :: (KK) MogaController :: Inside nativeOnKeyEvent ....................

G6-MOGA key frame=1737 code=20 state=up
android[2] trace: MusicManager::PlayNextTrack() try, fade=true, soundManager.IsInitialized()=true, soundManager.IsUserMusicPlaying()=false

android[2] trace: MusicManager::PlayTrack(): track=published/sounds/music/loading_01.mp3 fade=true

G4-JNI GetEnv version=0x00010002
android[2] trace: MusicManager::PlayNextTrack() try, fade=true, soundManager.IsInitialized()=true, soundManager.IsUserMusicPlaying()=false

android[2] trace: MusicManager::PlayTrack(): track=published/sounds/music/loading_01.mp3 fade=true

G4-JNI GetEnv version=0x00010002
android[2] trace: MusicManager::PlayNextTrack() try, fade=true, soundManager.IsInitialized()=true, soundManager.IsUserMusicPlaying()=false

android[2] trace: MusicManager::PlayTrack(): track=published/sounds/music/loading_01.mp3 fade=true

G4-JNI GetEnv version=0x00010002
android[2] trace: MusicManager::PlayNextTrack() try, fade=true, soundManager.IsInitialized()=true, soundManager.IsUserMusicPlaying()=false

android[2] trace: MusicManager::PlayTrack(): track=published/sounds/music/loading_01.mp3 fade=true

G4-JNI GetEnv version=0x00010002
android[2] trace: MusicManager::PlayNextTrack() try, fade=true, soundManager.IsInitialized()=true, soundManager.IsUserMusicPlaying()=false

android[2] trace: MusicManager::PlayTrack(): track=published/sounds/music/loading_01.mp3 fade=true

G4-JNI GetEnv version=0x00010002
android[2] trace: MoGaConTrOlLeR :: ....................(KK) MogaController :: Inside nativeOnKeyEvent 

android[2] trace: ....................(KK) MogaController :: Inside nativeOnKeyEvent 20

android[2] trace: MoGaConTrOlLeR :: ....................(KK) Key Event Key DPAD Down NNNN .....................

android[2] trace: MoGaConTrOlLeR :: ....................(KK) Key Event Key Down .....................

android[2] trace: MoGaConTrOlLeR :: ....................(KK) Listener Key Press .....................

android[2] trace: MoGaConTrOlLeR :: ....................(KK) AndroidKeyCode :: MogaKeyCode (Start of func) .....................

android[2] trace: MoGaConTrOlLeR :: ....................(KK) AndroidKeyCode :: MogaKeyCode Key Press Dpad Down .....................

android[2] trace: MoGaConTrOlLeR :: (KK) MogaController :: Inside nativeOnKeyEvent ....................

G6-MOGA key frame=1742 code=20 state=down
android[2] trace: MusicManager::PlayNextTrack() try, fade=true, soundManager.IsInitialized()=true, soundManager.IsUserMusicPlaying()=false

android[2] trace: MusicManager::PlayTrack(): track=published/sounds/music/loading_01.mp3 fade=true

G4-JNI GetEnv version=0x00010002
android[2] trace: MusicManager::PlayNextTrack() try, fade=true, soundManager.IsInitialized()=true, soundManager.IsUserMusicPlaying()=false

android[2] trace: MusicManager::PlayTrack(): track=published/sounds/music/loading_01.mp3 fade=true

G4-JNI GetEnv version=0x00010002
android[2] trace: MusicManager::PlayNextTrack() try, fade=true, soundManager.IsInitialized()=true, soundManager.IsUserMusicPlaying()=false

android[2] trace: MusicManager::PlayTrack(): track=published/sounds/music/loading_01.mp3 fade=true

G4-JNI GetEnv version=0x00010002
android[2] trace: MusicManager::PlayNextTrack() try, fade=true, soundManager.IsInitialized()=true, soundManager.IsUserMusicPlaying()=false

android[2] trace: MusicManager::PlayTrack(): track=published/sounds/music/loading_01.mp3 fade=true

G4-JNI GetEnv version=0x00010002
android[2] trace: MusicManager::PlayNextTrack() try, fade=true, soundManager.IsInitialized()=true, soundManager.IsUserMusicPlaying()=false

android[2] trace: MusicManager::PlayTrack(): track=published/sounds/music/loading_01.mp3 fade=true

G4-JNI GetEnv version=0x00010002
android[2] trace: MusicManager::PlayNextTrack() try, fade=true, soundManager.IsInitialized()=true, soundManager.IsUserMusicPlaying()=false

android[2] trace: MusicManager::PlayTrack(): track=published/sounds/music/loading_01.mp3 fade=true

G4-JNI GetEnv version=0x00010002
android[2] trace: MusicManager::PlayNextTrack() try, fade=true, soundManager.IsInitialized()=true, soundManager.IsUserMusicPlaying()=false

android[2] trace: MusicManager::PlayTrack(): track=published/sounds/music/loading_01.mp3 fade=true

G4-JNI GetEnv version=0x00010002
android[2] trace: MoGaConTrOlLeR :: ....................(KK) MogaController :: Inside nativeOnKeyEvent 

android[2] trace: ....................(KK) MogaController :: Inside nativeOnKeyEvent 20

android[2] trace: MoGaConTrOlLeR :: ....................(KK) Key Event Key DPAD Down NNNN .....................

android[2] trace: MoGaConTrOlLeR :: ....................(KK) Key Event Key up .....................

android[2] trace: MoGaConTrOlLeR :: ....................(KK) Listener Key Release .....................

android[2] trace: MoGaConTrOlLeR :: ....................(KK) AndroidKeyCode :: MogaKeyCode (Start of func) .....................

android[2] trace: MoGaConTrOlLeR :: ....................(KK) AndroidKeyCode :: MogaKeyCode Key Press Dpad Down .....................

android[2] trace: MoGaConTrOlLeR :: (KK) MogaController :: Inside nativeOnKeyEvent ....................

G6-MOGA key frame=1749 code=20 state=up
android[2] trace: MusicManager::PlayNextTrack() try, fade=true, soundManager.IsInitialized()=true, soundManager.IsUserMusicPlaying()=false

android[2] trace: MusicManager::PlayTrack(): track=published/sounds/music/loading_01.mp3 fade=true

G4-JNI GetEnv version=0x00010002
android[2] trace: MusicManager::PlayNextTrack() try, fade=true, soundManager.IsInitialized()=true, soundManager.IsUserMusicPlaying()=false

android[2] trace: MusicManager::PlayTrack(): track=published/sounds/music/loading_01.mp3 fade=true

G4-JNI GetEnv version=0x00010002
android[2] trace: MusicManager::PlayNextTrack() try, fade=true, soundManager.IsInitialized()=true, soundManager.IsUserMusicPlaying()=false

android[2] trace: MusicManager::PlayTrack(): track=published/sounds/music/loading_01.mp3 fade=true

G4-JNI GetEnv version=0x00010002
android[2] trace: MusicManager::PlayNextTrack() try, fade=true, soundManager.IsInitialized()=true, soundManager.IsUserMusicPlaying()=false

android[2] trace: MusicManager::PlayTrack(): track=published/sounds/music/loading_01.mp3 fade=true

G4-JNI GetEnv version=0x00010002
android[2] trace: MoGaConTrOlLeR :: ....................(KK) MogaController :: Inside nativeOnKeyEvent 

android[2] trace: ....................(KK) MogaController :: Inside nativeOnKeyEvent 20

android[2] trace: MoGaConTrOlLeR :: ....................(KK) Key Event Key DPAD Down NNNN .....................

android[2] trace: MoGaConTrOlLeR :: ....................(KK) Key Event Key Down .....................

android[2] trace: MoGaConTrOlLeR :: ....................(KK) Listener Key Press .....................

android[2] trace: MoGaConTrOlLeR :: ....................(KK) AndroidKeyCode :: MogaKeyCode (Start of func) .....................

android[2] trace: MoGaConTrOlLeR :: ....................(KK) AndroidKeyCode :: MogaKeyCode Key Press Dpad Down .....................

android[2] trace: MoGaConTrOlLeR :: (KK) MogaController :: Inside nativeOnKeyEvent ....................

G6-MOGA key frame=1753 code=20 state=down
android[2] trace: MusicManager::PlayNextTrack() try, fade=true, soundManager.IsInitialized()=true, soundManager.IsUserMusicPlaying()=false

android[2] trace: MusicManager::PlayTrack(): track=published/sounds/music/loading_01.mp3 fade=true

G4-JNI GetEnv version=0x00010002
android[2] trace: MusicManager::PlayNextTrack() try, fade=true, soundManager.IsInitialized()=true, soundManager.IsUserMusicPlaying()=false

android[2] trace: MusicManager::PlayTrack(): track=published/sounds/music/loading_01.mp3 fade=true

G4-JNI GetEnv version=0x00010002
android[2] trace: MusicManager::PlayNextTrack() try, fade=true, soundManager.IsInitialized()=true, soundManager.IsUserMusicPlaying()=false

android[2] trace: MusicManager::PlayTrack(): track=published/sounds/music/loading_01.mp3 fade=true

G4-JNI GetEnv version=0x00010002
android[2] trace: MusicManager::PlayNextTrack() try, fade=true, soundManager.IsInitialized()=true, soundManager.IsUserMusicPlaying()=false

android[2] trace: MusicManager::PlayTrack(): track=published/sounds/music/loading_01.mp3 fade=true

G4-JNI GetEnv version=0x00010002
android[2] trace: MusicManager::PlayNextTrack() try, fade=true, soundManager.IsInitialized()=true, soundManager.IsUserMusicPlaying()=false

android[2] trace: MusicManager::PlayTrack(): track=published/sounds/music/loading_01.mp3 fade=true

G4-JNI GetEnv version=0x00010002
android[2] trace: MusicManager::PlayNextTrack() try, fade=true, soundManager.IsInitialized()=true, soundManager.IsUserMusicPlaying()=false

android[2] trace: MusicManager::PlayTrack(): track=published/sounds/music/loading_01.mp3 fade=true

G4-JNI GetEnv version=0x00010002
android[2] trace: MusicManager::PlayNextTrack() try, fade=true, soundManager.IsInitialized()=true, soundManager.IsUserMusicPlaying()=false

android[2] trace: MusicManager::PlayTrack(): track=published/sounds/music/loading_01.mp3 fade=true

G4-JNI GetEnv version=0x00010002
android[2] trace: MusicManager::PlayNextTrack() try, fade=true, soundManager.IsInitialized()=true, soundManager.IsUserMusicPlaying()=false

android[2] trace: MusicManager::PlayTrack(): track=published/sounds/music/loading_01.mp3 fade=true

G4-JNI GetEnv version=0x00010002
android[2] trace: MoGaConTrOlLeR :: ....................(KK) MogaController :: Inside nativeOnKeyEvent 

android[2] trace: ....................(KK) MogaController :: Inside nativeOnKeyEvent 20

android[2] trace: MoGaConTrOlLeR :: ....................(KK) Key Event Key DPAD Down NNNN .....................

android[2] trace: MoGaConTrOlLeR :: ....................(KK) Key Event Key up .....................

android[2] trace: MoGaConTrOlLeR :: ....................(KK) Listener Key Release .....................

android[2] trace: MoGaConTrOlLeR :: ....................(KK) AndroidKeyCode :: MogaKeyCode (Start of func) .....................

android[2] trace: MoGaConTrOlLeR :: ....................(KK) AndroidKeyCode :: MogaKeyCode Key Press Dpad Down .....................

android[2] trace: MoGaConTrOlLeR :: (KK) MogaController :: Inside nativeOnKeyEvent ....................

G6-MOGA key frame=1761 code=20 state=up
android[2] trace: MusicManager::PlayNextTrack() try, fade=true, soundManager.IsInitialized()=true, soundManager.IsUserMusicPlaying()=false

android[2] trace: MusicManager::PlayTrack(): track=published/sounds/music/loading_01.mp3 fade=true

G4-JNI GetEnv version=0x00010002
android[2] trace: MusicManager::PlayNextTrack() try, fade=true, soundManager.IsInitialized()=true, soundManager.IsUserMusicPlaying()=false

android[2] trace: MusicManager::PlayTrack(): track=published/sounds/music/loading_01.mp3 fade=true

G4-JNI GetEnv version=0x00010002
android[2] trace: MusicManager::PlayNextTrack() try, fade=true, soundManager.IsInitialized()=true, soundManager.IsUserMusicPlaying()=false

android[2] trace: MusicManager::PlayTrack(): track=published/sounds/music/loading_01.mp3 fade=true

G4-JNI GetEnv version=0x00010002
android[2] trace: MusicManager::PlayNextTrack() try, fade=true, soundManager.IsInitialized()=true, soundManager.IsUserMusicPlaying()=false

android[2] trace: MusicManager::PlayTrack(): track=published/sounds/music/loading_01.mp3 fade=true

G4-JNI GetEnv version=0x00010002
android[2] trace: MusicManager::PlayNextTrack() try, fade=true, soundManager.IsInitialized()=true, soundManager.IsUserMusicPlaying()=false

android[2] trace: MusicManager::PlayTrack(): track=published/sounds/music/loading_01.mp3 fade=true

G4-JNI GetEnv version=0x00010002
android[2] trace: MusicManager::PlayNextTrack() try, fade=true, soundManager.IsInitialized()=true, soundManager.IsUserMusicPlaying()=false

android[2] trace: MusicManager::PlayTrack(): track=published/sounds/music/loading_01.mp3 fade=true

G4-JNI GetEnv version=0x00010002
android[2] trace: MusicManager::PlayNextTrack() try, fade=true, soundManager.IsInitialized()=true, soundManager.IsUserMusicPlaying()=false

android[2] trace: MusicManager::PlayTrack(): track=published/sounds/music/loading_01.mp3 fade=true

G4-JNI GetEnv version=0x00010002
android[2] trace: MusicManager::PlayNextTrack() try, fade=true, soundManager.IsInitialized()=true, soundManager.IsUserMusicPlaying()=false

android[2] trace: MusicManager::PlayTrack(): track=published/sounds/music/loading_01.mp3 fade=true

G4-JNI GetEnv version=0x00010002
android[2] trace: MusicManager::PlayNextTrack() try, fade=true, soundManager.IsInitialized()=true, soundManager.IsUserMusicPlaying()=false

android[2] trace: MusicManager::PlayTrack(): track=published/sounds/music/loading_01.mp3 fade=true

G4-JNI GetEnv version=0x00010002
android[2] trace: MusicManager::PlayNextTrack() try, fade=true, soundManager.IsInitialized()=true, soundManager.IsUserMusicPlaying()=false

android[2] trace: MusicManager::PlayTrack(): track=published/sounds/music/loading_01.mp3 fade=true

G4-JNI GetEnv version=0x00010002
android[2] trace: MusicManager::PlayNextTrack() try, fade=true, soundManager.IsInitialized()=true, soundManager.IsUserMusicPlaying()=false

android[2] trace: MusicManager::PlayTrack(): track=published/sounds/music/loading_01.mp3 fade=true

G4-JNI GetEnv version=0x00010002
android[2] trace: MusicManager::PlayNextTrack() try, fade=true, soundManager.IsInitialized()=true, soundManager.IsUserMusicPlaying()=false

android[2] trace: MusicManager::PlayTrack(): track=published/sounds/music/loading_01.mp3 fade=true

G4-JNI GetEnv version=0x00010002
android[2] trace: MusicManager::PlayNextTrack() try, fade=true, soundManager.IsInitialized()=true, soundManager.IsUserMusicPlaying()=false

android[2] trace: MusicManager::PlayTrack(): track=published/sounds/music/loading_01.mp3 fade=true

G4-JNI GetEnv version=0x00010002
android[2] trace: MusicManager::PlayNextTrack() try, fade=true, soundManager.IsInitialized()=true, soundManager.IsUserMusicPlaying()=false

android[2] trace: MusicManager::PlayTrack(): track=published/sounds/music/loading_01.mp3 fade=true

G4-JNI GetEnv version=0x00010002
android[2] trace: MusicManager::PlayNextTrack() try, fade=true, soundManager.IsInitialized()=true, soundManager.IsUserMusicPlaying()=false

android[2] trace: MusicManager::PlayTrack(): track=published/sounds/music/loading_01.mp3 fade=true

G4-JNI GetEnv version=0x00010002
android[2] trace: MusicManager::PlayNextTrack() try, fade=true, soundManager.IsInitialized()=true, soundManager.IsUserMusicPlaying()=false

android[2] trace: MusicManager::PlayTrack(): track=published/sounds/music/loading_01.mp3 fade=true

G4-JNI GetEnv version=0x00010002
android[2] trace: MusicManager::PlayNextTrack() try, fade=true, soundManager.IsInitialized()=true, soundManager.IsUserMusicPlaying()=false

android[2] trace: MusicManager::PlayTrack(): track=published/sounds/music/loading_01.mp3 fade=true

G4-JNI GetEnv version=0x00010002
android[2] trace: MusicManager::PlayNextTrack() try, fade=true, soundManager.IsInitialized()=true, soundManager.IsUserMusicPlaying()=false

android[2] trace: MusicManager::PlayTrack(): track=published/sounds/music/loading_01.mp3 fade=true

G4-JNI GetEnv version=0x00010002
android[2] trace: MoGaConTrOlLeR :: ....................(KK) MogaController :: Inside nativeOnKeyEvent 

android[2] trace: ....................(KK) MogaController :: Inside nativeOnKeyEvent 100

android[2] trace: MoGaConTrOlLeR :: ....................(KK) Key Event Key Y YYYY .....................

android[2] trace: MoGaConTrOlLeR :: ....................(KK) Key Event Key Down .....................

android[2] trace: MoGaConTrOlLeR :: ....................(KK) Listener Key Press .....................

android[2] trace: MoGaConTrOlLeR :: ....................(KK) AndroidKeyCode :: MogaKeyCode (Start of func) .....................

android[2] trace: MoGaConTrOlLeR :: ....................(KK) AndroidKeyCode :: MogaKeyCode Key Press Y .....................

android[2] trace: MoGaConTrOlLeR :: (KK) MogaController :: Inside nativeOnKeyEvent ....................

G6-MOGA key frame=1779 code=100 state=down
android[2] trace: MusicManager::PlayNextTrack() try, fade=true, soundManager.IsInitialized()=true, soundManager.IsUserMusicPlaying()=false

android[2] trace: MusicManager::PlayTrack(): track=published/sounds/music/loading_01.mp3 fade=true

G4-JNI GetEnv version=0x00010002
android[2] trace: MusicManager::PlayNextTrack() try, fade=true, soundManager.IsInitialized()=true, soundManager.IsUserMusicPlaying()=false

android[2] trace: MusicManager::PlayTrack(): track=published/sounds/music/loading_01.mp3 fade=true

G4-JNI GetEnv version=0x00010002
android[2] trace: MusicManager::PlayNextTrack() try, fade=true, soundManager.IsInitialized()=true, soundManager.IsUserMusicPlaying()=false

android[2] trace: MusicManager::PlayTrack(): track=published/sounds/music/loading_01.mp3 fade=true

G4-JNI GetEnv version=0x00010002
android[2] trace: MusicManager::PlayNextTrack() try, fade=true, soundManager.IsInitialized()=true, soundManager.IsUserMusicPlaying()=false

android[2] trace: MusicManager::PlayTrack(): track=published/sounds/music/loading_01.mp3 fade=true

G4-JNI GetEnv version=0x00010002
android[2] trace: MusicManager::PlayNextTrack() try, fade=true, soundManager.IsInitialized()=true, soundManager.IsUserMusicPlaying()=false

android[2] trace: MusicManager::PlayTrack(): track=published/sounds/music/loading_01.mp3 fade=true

G4-JNI GetEnv version=0x00010002
android[2] trace: MusicManager::PlayNextTrack() try, fade=true, soundManager.IsInitialized()=true, soundManager.IsUserMusicPlaying()=false

android[2] trace: MusicManager::PlayTrack(): track=published/sounds/music/loading_01.mp3 fade=true

G4-JNI GetEnv version=0x00010002
android[2] trace: MusicManager::PlayNextTrack() try, fade=true, soundManager.IsInitialized()=true, soundManager.IsUserMusicPlaying()=false

android[2] trace: MusicManager::PlayTrack(): track=published/sounds/music/loading_01.mp3 fade=true

G4-JNI GetEnv version=0x00010002
android[2] trace: MusicManager::PlayNextTrack() try, fade=true, soundManager.IsInitialized()=true, soundManager.IsUserMusicPlaying()=false

android[2] trace: MusicManager::PlayTrack(): track=published/sounds/music/loading_01.mp3 fade=true

G4-JNI GetEnv version=0x00010002
android[2] trace: MusicManager::PlayNextTrack() try, fade=true, soundManager.IsInitialized()=true, soundManager.IsUserMusicPlaying()=false

android[2] trace: MusicManager::PlayTrack(): track=published/sounds/music/loading_01.mp3 fade=true

G4-JNI GetEnv version=0x00010002
android[2] trace: MusicManager::PlayNextTrack() try, fade=true, soundManager.IsInitialized()=true, soundManager.IsUserMusicPlaying()=false

android[2] trace: MusicManager::PlayTrack(): track=published/sounds/music/loading_01.mp3 fade=true

G4-JNI GetEnv version=0x00010002
android[2] trace: MusicManager::PlayNextTrack() try, fade=true, soundManager.IsInitialized()=true, soundManager.IsUserMusicPlaying()=false

android[2] trace: MusicManager::PlayTrack(): track=published/sounds/music/loading_01.mp3 fade=true

G4-JNI GetEnv version=0x00010002
android[2] trace: MoGaConTrOlLeR :: ....................(KK) MogaController :: Inside nativeOnKeyEvent 

android[2] trace: ....................(KK) MogaController :: Inside nativeOnKeyEvent 100

android[2] trace: MoGaConTrOlLeR :: ....................(KK) Key Event Key Y YYYY .....................

android[2] trace: MoGaConTrOlLeR :: ....................(KK) Key Event Key up .....................

android[2] trace: MoGaConTrOlLeR :: ....................(KK) Listener Key Release .....................

android[2] trace: MoGaConTrOlLeR :: ....................(KK) AndroidKeyCode :: MogaKeyCode (Start of func) .....................

android[2] trace: MoGaConTrOlLeR :: ....................(KK) AndroidKeyCode :: MogaKeyCode Key Press Y .....................

android[2] trace: MoGaConTrOlLeR :: (KK) MogaController :: Inside nativeOnKeyEvent ....................

G6-MOGA key frame=1790 code=100 state=up
android[2] trace: MusicManager::PlayNextTrack() try, fade=true, soundManager.IsInitialized()=true, soundManager.IsUserMusicPlaying()=false

android[2] trace: MusicManager::PlayTrack(): track=published/sounds/music/loading_01.mp3 fade=true

G4-JNI GetEnv version=0x00010002
android[2] trace: MusicManager::PlayNextTrack() try, fade=true, soundManager.IsInitialized()=true, soundManager.IsUserMusicPlaying()=false

android[2] trace: MusicManager::PlayTrack(): track=published/sounds/music/loading_01.mp3 fade=true

G4-JNI GetEnv version=0x00010002
G4-JNI GetEnv version=0x00010006
android[2] trace: MusicManager::PlayNextTrack() try, fade=true, soundManager.IsInitialized()=true, soundManager.IsUserMusicPlaying()=false

android[2] trace: MusicManager::PlayTrack(): track=published/sounds/music/loading_01.mp3 fade=true

G4-JNI GetEnv version=0x00010002
android[2] trace: MusicManager::PlayNextTrack() try, fade=true, soundManager.IsInitialized()=true, soundManager.IsUserMusicPlaying()=false

android[2] trace: MusicManager::PlayTrack(): track=published/sounds/music/loading_01.mp3 fade=true

G4-JNI GetEnv version=0x00010002
android[2] trace: MusicManager::PlayNextTrack() try, fade=true, soundManager.IsInitialized()=true, soundManager.IsUserMusicPlaying()=false

android[2] trace: MusicManager::PlayTrack(): track=published/sounds/music/loading_01.mp3 fade=true

G4-JNI GetEnv version=0x00010002
android[2] trace: MusicManager::PlayNextTrack() try, fade=true, soundManager.IsInitialized()=true, soundManager.IsUserMusicPlaying()=false

android[2] trace: MusicManager::PlayTrack(): track=published/sounds/music/loading_01.mp3 fade=true

G4-JNI GetEnv version=0x00010002
android[2] trace: MusicManager::PlayNextTrack() try, fade=true, soundManager.IsInitialized()=true, soundManager.IsUserMusicPlaying()=false

android[2] trace: MusicManager::PlayTrack(): track=published/sounds/music/loading_01.mp3 fade=true

G4-JNI GetEnv version=0x00010002
android[2] trace: MusicManager::PlayNextTrack() try, fade=true, soundManager.IsInitialized()=true, soundManager.IsUserMusicPlaying()=false

android[2] trace: MusicManager::PlayTrack(): track=published/sounds/music/loading_01.mp3 fade=true

G4-JNI GetEnv version=0x00010002
android[2] trace: MusicManager::PlayNextTrack() try, fade=true, soundManager.IsInitialized()=true, soundManager.IsUserMusicPlaying()=false

android[2] trace: MusicManager::PlayTrack(): track=published/sounds/music/loading_01.mp3 fade=true

G4-JNI GetEnv version=0x00010002
android[2] trace: MusicManager::PlayNextTrack() try, fade=true, soundManager.IsInitialized()=true, soundManager.IsUserMusicPlaying()=false

android[2] trace: MusicManager::PlayTrack(): track=published/sounds/music/loading_01.mp3 fade=true

G4-JNI GetEnv version=0x00010002
G7-FRAME enter=1800
android[2] trace: MusicManager::PlayNextTrack() try, fade=true, soundManager.IsInitialized()=true, soundManager.IsUserMusicPlaying()=false

android[2] trace: MusicManager::PlayTrack(): track=published/sounds/music/loading_01.mp3 fade=true

G4-JNI GetEnv version=0x00010002
G7-FRAME leave=1800
android[2] trace: MusicManager::PlayNextTrack() try, fade=true, soundManager.IsInitialized()=true, soundManager.IsUserMusicPlaying()=false

android[2] trace: MusicManager::PlayTrack(): track=published/sounds/music/loading_01.mp3 fade=true

G4-JNI GetEnv version=0x00010002
android[2] trace: MusicManager::PlayNextTrack() try, fade=true, soundManager.IsInitialized()=true, soundManager.IsUserMusicPlaying()=false

android[2] trace: MusicManager::PlayTrack(): track=published/sounds/music/loading_01.mp3 fade=true

G4-JNI GetEnv version=0x00010002
android[2] trace: MusicManager::PlayNextTrack() try, fade=true, soundManager.IsInitialized()=true, soundManager.IsUserMusicPlaying()=false

android[2] trace: MusicManager::PlayTrack(): track=published/sounds/music/loading_01.mp3 fade=true

G4-JNI GetEnv version=0x00010002
android[2] trace: MusicManager::PlayNextTrack() try, fade=true, soundManager.IsInitialized()=true, soundManager.IsUserMusicPlaying()=false

android[2] trace: MusicManager::PlayTrack(): track=published/sounds/music/loading_01.mp3 fade=true

G4-JNI GetEnv version=0x00010002
android[2] trace: MusicManager::PlayNextTrack() try, fade=true, soundManager.IsInitialized()=true, soundManager.IsUserMusicPlaying()=false

android[2] trace: MusicManager::PlayTrack(): track=published/sounds/music/loading_01.mp3 fade=true

G4-JNI GetEnv version=0x00010002
android[2] trace: MusicManager::PlayNextTrack() try, fade=true, soundManager.IsInitialized()=true, soundManager.IsUserMusicPlaying()=false

android[2] trace: MusicManager::PlayTrack(): track=published/sounds/music/loading_01.mp3 fade=true

G4-JNI GetEnv version=0x00010002
android[2] trace: MusicManager::PlayNextTrack() try, fade=true, soundManager.IsInitialized()=true, soundManager.IsUserMusicPlaying()=false

android[2] trace: MusicManager::PlayTrack(): track=published/sounds/music/loading_01.mp3 fade=true

G4-JNI GetEnv version=0x00010002
android[2] trace: MoGaConTrOlLeR :: ....................(KK) MogaController :: Inside nativeOnKeyEvent 

android[2] trace: ....................(KK) MogaController :: Inside nativeOnKeyEvent 99

android[2] trace: MoGaConTrOlLeR :: ....................(KK) Key Event Key X XXXX .....................

android[2] trace: MoGaConTrOlLeR :: ....................(KK) Key Event Key Down .....................

android[2] trace: MoGaConTrOlLeR :: ....................(KK) Listener Key Press .....................

android[2] trace: MoGaConTrOlLeR :: ....................(KK) AndroidKeyCode :: MogaKeyCode (Start of func) .....................

android[2] trace: MoGaConTrOlLeR :: ....................(KK) AndroidKeyCode :: MogaKeyCode Key Press X .....................

android[2] trace: MoGaConTrOlLeR :: (KK) MogaController :: Inside nativeOnKeyEvent ....................

G6-MOGA key frame=1808 code=99 state=down
android[2] trace: MusicManager::PlayNextTrack() try, fade=true, soundManager.IsInitialized()=true, soundManager.IsUserMusicPlaying()=false

android[2] trace: MusicManager::PlayTrack(): track=published/sounds/music/loading_01.mp3 fade=true

G4-JNI GetEnv version=0x00010002
android[2] trace: MusicManager::PlayNextTrack() try, fade=true, soundManager.IsInitialized()=true, soundManager.IsUserMusicPlaying()=false

android[2] trace: MusicManager::PlayTrack(): track=published/sounds/music/loading_01.mp3 fade=true

G4-JNI GetEnv version=0x00010002
android[2] trace: MusicManager::PlayNextTrack() try, fade=true, soundManager.IsInitialized()=true, soundManager.IsUserMusicPlaying()=false

android[2] trace: MusicManager::PlayTrack(): track=published/sounds/music/loading_01.mp3 fade=true

G4-JNI GetEnv version=0x00010002
android[2] trace: MusicManager::PlayNextTrack() try, fade=true, soundManager.IsInitialized()=true, soundManager.IsUserMusicPlaying()=false

android[2] trace: MusicManager::PlayTrack(): track=published/sounds/music/loading_01.mp3 fade=true

G4-JNI GetEnv version=0x00010002
android[2] trace: MusicManager::PlayNextTrack() try, fade=true, soundManager.IsInitialized()=true, soundManager.IsUserMusicPlaying()=false

android[2] trace: MusicManager::PlayTrack(): track=published/sounds/music/loading_01.mp3 fade=true

G4-JNI GetEnv version=0x00010002
android[2] trace: MusicManager::PlayNextTrack() try, fade=true, soundManager.IsInitialized()=true, soundManager.IsUserMusicPlaying()=false

android[2] trace: MusicManager::PlayTrack(): track=published/sounds/music/loading_01.mp3 fade=true

G4-JNI GetEnv version=0x00010002
android[2] trace: MusicManager::PlayNextTrack() try, fade=true, soundManager.IsInitialized()=true, soundManager.IsUserMusicPlaying()=false

android[2] trace: MusicManager::PlayTrack(): track=published/sounds/music/loading_01.mp3 fade=true

G4-JNI GetEnv version=0x00010002
android[2] trace: MusicManager::PlayNextTrack() try, fade=true, soundManager.IsInitialized()=true, soundManager.IsUserMusicPlaying()=false

android[2] trace: MusicManager::PlayTrack(): track=published/sounds/music/loading_01.mp3 fade=true

G4-JNI GetEnv version=0x00010002
android[2] trace: MusicManager::PlayNextTrack() try, fade=true, soundManager.IsInitialized()=true, soundManager.IsUserMusicPlaying()=false

android[2] trace: MusicManager::PlayTrack(): track=published/sounds/music/loading_01.mp3 fade=true

G4-JNI GetEnv version=0x00010002
android[2] trace: MusicManager::PlayNextTrack() try, fade=true, soundManager.IsInitialized()=true, soundManager.IsUserMusicPlaying()=false

android[2] trace: MusicManager::PlayTrack(): track=published/sounds/music/loading_01.mp3 fade=true

G4-JNI GetEnv version=0x00010002
android[2] trace: MoGaConTrOlLeR :: ....................(KK) MogaController :: Inside nativeOnKeyEvent 

android[2] trace: ....................(KK) MogaController :: Inside nativeOnKeyEvent 99

android[2] trace: MoGaConTrOlLeR :: ....................(KK) Key Event Key X XXXX .....................

android[2] trace: MoGaConTrOlLeR :: ....................(KK) Key Event Key up .....................

android[2] trace: MoGaConTrOlLeR :: ....................(KK) Listener Key Release .....................

android[2] trace: MoGaConTrOlLeR :: ....................(KK) AndroidKeyCode :: MogaKeyCode (Start of func) .....................

android[2] trace: MoGaConTrOlLeR :: ....................(KK) AndroidKeyCode :: MogaKeyCode Key Press X .....................

android[2] trace: MoGaConTrOlLeR :: (KK) MogaController :: Inside nativeOnKeyEvent ....................

G6-MOGA key frame=1818 code=99 state=up
android[2] trace: MusicManager::PlayNextTrack() try, fade=true, soundManager.IsInitialized()=true, soundManager.IsUserMusicPlaying()=false

android[2] trace: MusicManager::PlayTrack(): track=published/sounds/music/loading_01.mp3 fade=true

G4-JNI GetEnv version=0x00010002
android[2] trace: MusicManager::PlayNextTrack() try, fade=true, soundManager.IsInitialized()=true, soundManager.IsUserMusicPlaying()=false

android[2] trace: MusicManager::PlayTrack(): track=published/sounds/music/loading_01.mp3 fade=true

G4-JNI GetEnv version=0x00010002
android[2] trace: MusicManager::PlayNextTrack() try, fade=true, soundManager.IsInitialized()=true, soundManager.IsUserMusicPlaying()=false

android[2] trace: MusicManager::PlayTrack(): track=published/sounds/music/loading_01.mp3 fade=true

G4-JNI GetEnv version=0x00010002
android[2] trace: MusicManager::PlayNextTrack() try, fade=true, soundManager.IsInitialized()=true, soundManager.IsUserMusicPlaying()=false

android[2] trace: MusicManager::PlayTrack(): track=published/sounds/music/loading_01.mp3 fade=true

G4-JNI GetEnv version=0x00010002
android[2] trace: MusicManager::PlayNextTrack() try, fade=true, soundManager.IsInitialized()=true, soundManager.IsUserMusicPlaying()=false

android[2] trace: MusicManager::PlayTrack(): track=published/sounds/music/loading_01.mp3 fade=true

G4-JNI GetEnv version=0x00010002
android[2] trace: MusicManager::PlayNextTrack() try, fade=true, soundManager.IsInitialized()=true, soundManager.IsUserMusicPlaying()=false

android[2] trace: MusicManager::PlayTrack(): track=published/sounds/music/loading_01.mp3 fade=true

G4-JNI GetEnv version=0x00010002
android[2] trace: MusicManager::PlayNextTrack() try, fade=true, soundManager.IsInitialized()=true, soundManager.IsUserMusicPlaying()=false

android[2] trace: MusicManager::PlayTrack(): track=published/sounds/music/loading_01.mp3 fade=true

G4-JNI GetEnv version=0x00010002
android[2] trace: MusicManager::PlayNextTrack() try, fade=true, soundManager.IsInitialized()=true, soundManager.IsUserMusicPlaying()=false

android[2] trace: MusicManager::PlayTrack(): track=published/sounds/music/loading_01.mp3 fade=true

G4-JNI GetEnv version=0x00010002
android[2] trace: MusicManager::PlayNextTrack() try, fade=true, soundManager.IsInitialized()=true, soundManager.IsUserMusicPlaying()=false

android[2] trace: MusicManager::PlayTrack(): track=published/sounds/music/loading_01.mp3 fade=true

G4-JNI GetEnv version=0x00010002
android[2] trace: MusicManager::PlayNextTrack() try, fade=true, soundManager.IsInitialized()=true, soundManager.IsUserMusicPlaying()=false

android[2] trace: MusicManager::PlayTrack(): track=published/sounds/music/loading_01.mp3 fade=true

G4-JNI GetEnv version=0x00010002
android[2] trace: MusicManager::PlayNextTrack() try, fade=true, soundManager.IsInitialized()=true, soundManager.IsUserMusicPlaying()=false

android[2] trace: MusicManager::PlayTrack(): track=published/sounds/music/loading_01.mp3 fade=true

G4-JNI GetEnv version=0x00010002
android[2] trace: MusicManager::PlayNextTrack() try, fade=true, soundManager.IsInitialized()=true, soundManager.IsUserMusicPlaying()=false

android[2] trace: MusicManager::PlayTrack(): track=published/sounds/music/loading_01.mp3 fade=true

G4-JNI GetEnv version=0x00010002
android[2] trace: MusicManager::PlayNextTrack() try, fade=true, soundManager.IsInitialized()=true, soundManager.IsUserMusicPlaying()=false

android[2] trace: MusicManager::PlayTrack(): track=published/sounds/music/loading_01.mp3 fade=true

G4-JNI GetEnv version=0x00010002
android[2] trace: MoGaConTrOlLeR :: ....................(KK) MogaController :: Inside nativeOnKeyEvent 

android[2] trace: ....................(KK) MogaController :: Inside nativeOnKeyEvent 96

android[2] trace: MoGaConTrOlLeR :: ....................(KK) Key Event Key A AAAA .....................

android[2] trace: MoGaConTrOlLeR :: ....................(KK) Key Event Key Down .....................

android[2] trace: MoGaConTrOlLeR :: ....................(KK) Listener Key Press .....................

android[2] trace: MoGaConTrOlLeR :: ....................(KK) AndroidKeyCode :: MogaKeyCode (Start of func) .....................

android[2] trace: MoGaConTrOlLeR :: ....................(KK) AndroidKeyCode :: MogaKeyCode Key Press A .....................

android[2] trace: MoGaConTrOlLeR :: (KK) MogaController :: Inside nativeOnKeyEvent ....................

G6-MOGA key frame=1831 code=96 state=down
android[2] trace: MusicManager::PlayNextTrack() try, fade=true, soundManager.IsInitialized()=true, soundManager.IsUserMusicPlaying()=false

android[2] trace: MusicManager::PlayTrack(): track=published/sounds/music/loading_01.mp3 fade=true

G4-JNI GetEnv version=0x00010002
G4-JNI GetEnv version=0x00010006
android[6] Sound/SoundManager/error: FMOD result of SoundManager::createSound: An error occured that wasn't supposed to.  Contact support. 

android[5] Sound/SoundManager/warn: SoundManager::createSound - 'ui/ui/btn_generic_accept': failure.

android[2] trace: UI play sound: ui/ui/btn_generic_accept

android[2] trace: MusicManager::PlayNextTrack() try, fade=true, soundManager.IsInitialized()=true, soundManager.IsUserMusicPlaying()=false

android[2] trace: MusicManager::PlayTrack(): track=published/sounds/music/loading_01.mp3 fade=true

G4-JNI GetEnv version=0x00010002
android[2] trace: MoGaConTrOlLeR :: ....................(KK) MogaController :: Inside nativeOnKeyEvent 

android[2] trace: ....................(KK) MogaController :: Inside nativeOnKeyEvent 96

android[2] trace: MoGaConTrOlLeR :: ....................(KK) Key Event Key A AAAA .....................

android[2] trace: MoGaConTrOlLeR :: ....................(KK) Key Event Key up .....................

android[2] trace: MoGaConTrOlLeR :: ....................(KK) Listener Key Release .....................

android[2] trace: MoGaConTrOlLeR :: ....................(KK) AndroidKeyCode :: MogaKeyCode (Start of func) .....................

android[2] trace: MoGaConTrOlLeR :: ....................(KK) AndroidKeyCode :: MogaKeyCode Key Press A .....................

android[2] trace: MoGaConTrOlLeR :: (KK) MogaController :: Inside nativeOnKeyEvent ....................

G6-MOGA key frame=1833 code=96 state=up
android[2] trace: MusicManager::PlayNextTrack() try, fade=true, soundManager.IsInitialized()=true, soundManager.IsUserMusicPlaying()=false

android[2] trace: MusicManager::PlayTrack(): track=published/sounds/music/loading_01.mp3 fade=true

G4-JNI GetEnv version=0x00010002
android[2] trace: MusicManager::PlayNextTrack() try, fade=true, soundManager.IsInitialized()=true, soundManager.IsUserMusicPlaying()=false

android[2] trace: MusicManager::PlayTrack(): track=published/sounds/music/loading_01.mp3 fade=true

G4-JNI GetEnv version=0x00010002
android[2] trace: MusicManager::PlayNextTrack() try, fade=true, soundManager.IsInitialized()=true, soundManager.IsUserMusicPlaying()=false

android[2] trace: MusicManager::PlayTrack(): track=published/sounds/music/loading_01.mp3 fade=true

G4-JNI GetEnv version=0x00010002
android[2] trace: MusicManager::PlayNextTrack() try, fade=true, soundManager.IsInitialized()=true, soundManager.IsUserMusicPlaying()=false

android[2] trace: MusicManager::PlayTrack(): track=published/sounds/music/loading_01.mp3 fade=true

G4-JNI GetEnv version=0x00010002
android[2] trace: MusicManager::PlayNextTrack() try, fade=true, soundManager.IsInitialized()=true, soundManager.IsUserMusicPlaying()=false

android[2] trace: MusicManager::PlayTrack(): track=published/sounds/music/loading_01.mp3 fade=true

G4-JNI GetEnv version=0x00010002
android[2] trace: MusicManager::PlayNextTrack() try, fade=true, soundManager.IsInitialized()=true, soundManager.IsUserMusicPlaying()=false

android[2] trace: MusicManager::PlayTrack(): track=published/sounds/music/loading_01.mp3 fade=true

G4-JNI GetEnv version=0x00010002
android[2] trace: MusicManager::PlayNextTrack() try, fade=true, soundManager.IsInitialized()=true, soundManager.IsUserMusicPlaying()=false

android[2] trace: MusicManager::PlayTrack(): track=published/sounds/music/loading_01.mp3 fade=true

G4-JNI GetEnv version=0x00010002
android[2] trace: MusicManager::PlayNextTrack() try, fade=true, soundManager.IsInitialized()=true, soundManager.IsUserMusicPlaying()=false

android[2] trace: MusicManager::PlayTrack(): track=published/sounds/music/loading_01.mp3 fade=true

G4-JNI GetEnv version=0x00010002
android[2] trace: MusicManager::PlayNextTrack() try, fade=true, soundManager.IsInitialized()=true, soundManager.IsUserMusicPlaying()=false

android[2] trace: MusicManager::PlayTrack(): track=published/sounds/music/loading_01.mp3 fade=true

G4-JNI GetEnv version=0x00010002
android[2] trace: MusicManager::PlayNextTrack() try, fade=true, soundManager.IsInitialized()=true, soundManager.IsUserMusicPlaying()=false

android[2] trace: MusicManager::PlayTrack(): track=published/sounds/music/loading_01.mp3 fade=true

G4-JNI GetEnv version=0x00010002
android[2] trace: MusicManager::PlayNextTrack() try, fade=true, soundManager.IsInitialized()=true, soundManager.IsUserMusicPlaying()=false

android[2] trace: MusicManager::PlayTrack(): track=published/sounds/music/loading_01.mp3 fade=true

G4-JNI GetEnv version=0x00010002
android[2] trace: MusicManager::PlayNextTrack() try, fade=true, soundManager.IsInitialized()=true, soundManager.IsUserMusicPlaying()=false

android[2] trace: MusicManager::PlayTrack(): track=published/sounds/music/loading_01.mp3 fade=true

G4-JNI GetEnv version=0x00010002
android[2] trace: MusicManager::PlayNextTrack() try, fade=true, soundManager.IsInitialized()=true, soundManager.IsUserMusicPlaying()=false

android[2] trace: MusicManager::PlayTrack(): track=published/sounds/music/loading_01.mp3 fade=true

G4-JNI GetEnv version=0x00010002
android[2] trace: MusicManager::PlayNextTrack() try, fade=true, soundManager.IsInitialized()=true, soundManager.IsUserMusicPlaying()=false

android[2] trace: MusicManager::PlayTrack(): track=published/sounds/music/loading_01.mp3 fade=true

G4-JNI GetEnv version=0x00010002
android[2] trace: MusicManager::PlayNextTrack() try, fade=true, soundManager.IsInitialized()=true, soundManager.IsUserMusicPlaying()=false

android[2] trace: MusicManager::PlayTrack(): track=published/sounds/music/loading_01.mp3 fade=true

G4-JNI GetEnv version=0x00010002
android[2] trace: MusicManager::PlayNextTrack() try, fade=true, soundManager.IsInitialized()=true, soundManager.IsUserMusicPlaying()=false

android[2] trace: MusicManager::PlayTrack(): track=published/sounds/music/loading_01.mp3 fade=true

G4-JNI GetEnv version=0x00010002
android[2] trace: MusicManager::PlayNextTrack() try, fade=true, soundManager.IsInitialized()=true, soundManager.IsUserMusicPlaying()=false

android[2] trace: MusicManager::PlayTrack(): track=published/sounds/music/loading_01.mp3 fade=true

G4-JNI GetEnv version=0x00010002
android[2] trace: MusicManager::PlayNextTrack() try, fade=true, soundManager.IsInitialized()=true, soundManager.IsUserMusicPlaying()=false

android[2] trace: MusicManager::PlayTrack(): track=published/sounds/music/loading_01.mp3 fade=true

G4-JNI GetEnv version=0x00010002
android[2] trace: MusicManager::PlayNextTrack() try, fade=true, soundManager.IsInitialized()=true, soundManager.IsUserMusicPlaying()=false

android[2] trace: MusicManager::PlayTrack(): track=published/sounds/music/loading_01.mp3 fade=true

G4-JNI GetEnv version=0x00010002
android[2] trace: MusicManager::PlayNextTrack() try, fade=true, soundManager.IsInitialized()=true, soundManager.IsUserMusicPlaying()=false

android[2] trace: MusicManager::PlayTrack(): track=published/sounds/music/loading_01.mp3 fade=true

G4-JNI GetEnv version=0x00010002
android[2] trace: MusicManager::PlayNextTrack() try, fade=true, soundManager.IsInitialized()=true, soundManager.IsUserMusicPlaying()=false

android[2] trace: MusicManager::PlayTrack(): track=published/sounds/music/loading_01.mp3 fade=true

G4-JNI GetEnv version=0x00010002
android[2] trace: MusicManager::PlayNextTrack() try, fade=true, soundManager.IsInitialized()=true, soundManager.IsUserMusicPlaying()=false

android[2] trace: MusicManager::PlayTrack(): track=published/sounds/music/loading_01.mp3 fade=true

G4-JNI GetEnv version=0x00010002
android[2] trace: MusicManager::PlayNextTrack() try, fade=true, soundManager.IsInitialized()=true, soundManager.IsUserMusicPlaying()=false

android[2] trace: MusicManager::PlayTrack(): track=published/sounds/music/loading_01.mp3 fade=true

G4-JNI GetEnv version=0x00010002
android[2] trace: MusicManager::PlayNextTrack() try, fade=true, soundManager.IsInitialized()=true, soundManager.IsUserMusicPlaying()=false

android[2] trace: MusicManager::PlayTrack(): track=published/sounds/music/loading_01.mp3 fade=true

G4-JNI GetEnv version=0x00010002
android[2] trace: MusicManager::PlayNextTrack() try, fade=true, soundManager.IsInitialized()=true, soundManager.IsUserMusicPlaying()=false

android[2] trace: MusicManager::PlayTrack(): track=published/sounds/music/loading_01.mp3 fade=true

G4-JNI GetEnv version=0x00010002
android[2] trace: MusicManager::PlayNextTrack() try, fade=true, soundManager.IsInitialized()=true, soundManager.IsUserMusicPlaying()=false

android[2] trace: MusicManager::PlayTrack(): track=published/sounds/music/loading_01.mp3 fade=true

G4-JNI GetEnv version=0x00010002
android[2] trace: MusicManager::PlayNextTrack() try, fade=true, soundManager.IsInitialized()=true, soundManager.IsUserMusicPlaying()=false

android[2] trace: MusicManager::PlayTrack(): track=published/sounds/music/loading_01.mp3 fade=true

G4-JNI GetEnv version=0x00010002
android[2] trace: MusicManager::PlayNextTrack() try, fade=true, soundManager.IsInitialized()=true, soundManager.IsUserMusicPlaying()=false

android[2] trace: MusicManager::PlayTrack(): track=published/sounds/music/loading_01.mp3 fade=true

G4-JNI GetEnv version=0x00010002
android[2] trace: MusicManager::PlayNextTrack() try, fade=true, soundManager.IsInitialized()=true, soundManager.IsUserMusicPlaying()=false

android[2] trace: MusicManager::PlayTrack(): track=published/sounds/music/loading_01.mp3 fade=true

G4-JNI GetEnv version=0x00010002
android[2] trace: MusicManager::PlayNextTrack() try, fade=true, soundManager.IsInitialized()=true, soundManager.IsUserMusicPlaying()=false

android[2] trace: MusicManager::PlayTrack(): track=published/sounds/music/loading_01.mp3 fade=true

G4-JNI GetEnv version=0x00010002
android[2] trace: MusicManager::PlayNextTrack() try, fade=true, soundManager.IsInitialized()=true, soundManager.IsUserMusicPlaying()=false

android[2] trace: MusicManager::PlayTrack(): track=published/sounds/music/loading_01.mp3 fade=true

G4-JNI GetEnv version=0x00010002
android[2] trace: MusicManager::PlayNextTrack() try, fade=true, soundManager.IsInitialized()=true, soundManager.IsUserMusicPlaying()=false

android[2] trace: MusicManager::PlayTrack(): track=published/sounds/music/loading_01.mp3 fade=true

G4-JNI GetEnv version=0x00010002
android[2] trace: MusicManager::PlayNextTrack() try, fade=true, soundManager.IsInitialized()=true, soundManager.IsUserMusicPlaying()=false

android[2] trace: MusicManager::PlayTrack(): track=published/sounds/music/loading_01.mp3 fade=true

G4-JNI GetEnv version=0x00010002
android[2] trace: MusicManager::PlayNextTrack() try, fade=true, soundManager.IsInitialized()=true, soundManager.IsUserMusicPlaying()=false

android[2] trace: MusicManager::PlayTrack(): track=published/sounds/music/loading_01.mp3 fade=true

G4-JNI GetEnv version=0x00010002
android[2] trace: MusicManager::PlayNextTrack() try, fade=true, soundManager.IsInitialized()=true, soundManager.IsUserMusicPlaying()=false

android[2] trace: MusicManager::PlayTrack(): track=published/sounds/music/loading_01.mp3 fade=true

G4-JNI GetEnv version=0x00010002
android[2] trace: MusicManager::PlayNextTrack() try, fade=true, soundManager.IsInitialized()=true, soundManager.IsUserMusicPlaying()=false

android[2] trace: MusicManager::PlayTrack(): track=published/sounds/music/loading_01.mp3 fade=true

G4-JNI GetEnv version=0x00010002
android[2] trace: MusicManager::PlayNextTrack() try, fade=true, soundManager.IsInitialized()=true, soundManager.IsUserMusicPlaying()=false

android[2] trace: MusicManager::PlayTrack(): track=published/sounds/music/loading_01.mp3 fade=true

G4-JNI GetEnv version=0x00010002
android[2] trace: MusicManager::PlayNextTrack() try, fade=true, soundManager.IsInitialized()=true, soundManager.IsUserMusicPlaying()=false

android[2] trace: MusicManager::PlayTrack(): track=published/sounds/music/loading_01.mp3 fade=true

G4-JNI GetEnv version=0x00010002
android[2] trace: MusicManager::PlayNextTrack() try, fade=true, soundManager.IsInitialized()=true, soundManager.IsUserMusicPlaying()=false

android[2] trace: MusicManager::PlayTrack(): track=published/sounds/music/loading_01.mp3 fade=true

G4-JNI GetEnv version=0x00010002
android[2] trace: MusicManager::PlayNextTrack() try, fade=true, soundManager.IsInitialized()=true, soundManager.IsUserMusicPlaying()=false

android[2] trace: MusicManager::PlayTrack(): track=published/sounds/music/loading_01.mp3 fade=true

G4-JNI GetEnv version=0x00010002
android[2] trace: MusicManager::PlayNextTrack() try, fade=true, soundManager.IsInitialized()=true, soundManager.IsUserMusicPlaying()=false

android[2] trace: MusicManager::PlayTrack(): track=published/sounds/music/loading_01.mp3 fade=true

G4-JNI GetEnv version=0x00010002
android[2] trace: MusicManager::PlayNextTrack() try, fade=true, soundManager.IsInitialized()=true, soundManager.IsUserMusicPlaying()=false

android[2] trace: MusicManager::PlayTrack(): track=published/sounds/music/loading_01.mp3 fade=true

G4-JNI GetEnv version=0x00010002
android[2] trace: MusicManager::PlayNextTrack() try, fade=true, soundManager.IsInitialized()=true, soundManager.IsUserMusicPlaying()=false

android[2] trace: MusicManager::PlayTrack(): track=published/sounds/music/loading_01.mp3 fade=true

G4-JNI GetEnv version=0x00010002
android[2] trace: MusicManager::PlayNextTrack() try, fade=true, soundManager.IsInitialized()=true, soundManager.IsUserMusicPlaying()=false

android[2] trace: MusicManager::PlayTrack(): track=published/sounds/music/loading_01.mp3 fade=true

G4-JNI GetEnv version=0x00010002
android[2] trace: MusicManager::PlayNextTrack() try, fade=true, soundManager.IsInitialized()=true, soundManager.IsUserMusicPlaying()=false

android[2] trace: MusicManager::PlayTrack(): track=published/sounds/music/loading_01.mp3 fade=true

G4-JNI GetEnv version=0x00010002
android[2] trace: MusicManager::PlayNextTrack() try, fade=true, soundManager.IsInitialized()=true, soundManager.IsUserMusicPlaying()=false

android[2] trace: MusicManager::PlayTrack(): track=published/sounds/music/loading_01.mp3 fade=true

G4-JNI GetEnv version=0x00010002
android[2] trace: MusicManager::PlayNextTrack() try, fade=true, soundManager.IsInitialized()=true, soundManager.IsUserMusicPlaying()=false

android[2] trace: MusicManager::PlayTrack(): track=published/sounds/music/loading_01.mp3 fade=true

G4-JNI GetEnv version=0x00010002
android[2] trace: MusicManager::PlayNextTrack() try, fade=true, soundManager.IsInitialized()=true, soundManager.IsUserMusicPlaying()=false

android[2] trace: MusicManager::PlayTrack(): track=published/sounds/music/loading_01.mp3 fade=true

G4-JNI GetEnv version=0x00010002
android[2] trace: MusicManager::PlayNextTrack() try, fade=true, soundManager.IsInitialized()=true, soundManager.IsUserMusicPlaying()=false

android[2] trace: MusicManager::PlayTrack(): track=published/sounds/music/loading_01.mp3 fade=true

G4-JNI GetEnv version=0x00010002
android[2] trace: MusicManager::PlayNextTrack() try, fade=true, soundManager.IsInitialized()=true, soundManager.IsUserMusicPlaying()=false

android[2] trace: MusicManager::PlayTrack(): track=published/sounds/music/loading_01.mp3 fade=true

G4-JNI GetEnv version=0x00010002
android[2] trace: MusicManager::PlayNextTrack() try, fade=true, soundManager.IsInitialized()=true, soundManager.IsUserMusicPlaying()=false

android[2] trace: MusicManager::PlayTrack(): track=published/sounds/music/loading_01.mp3 fade=true

G4-JNI GetEnv version=0x00010002
android[2] trace: MusicManager::PlayNextTrack() try, fade=true, soundManager.IsInitialized()=true, soundManager.IsUserMusicPlaying()=false

android[2] trace: MusicManager::PlayTrack(): track=published/sounds/music/loading_01.mp3 fade=true

G4-JNI GetEnv version=0x00010002
android[2] trace: MusicManager::PlayNextTrack() try, fade=true, soundManager.IsInitialized()=true, soundManager.IsUserMusicPlaying()=false

android[2] trace: MusicManager::PlayTrack(): track=published/sounds/music/loading_01.mp3 fade=true

G4-JNI GetEnv version=0x00010002
android[2] trace: MusicManager::PlayNextTrack() try, fade=true, soundManager.IsInitialized()=true, soundManager.IsUserMusicPlaying()=false

android[2] trace: MusicManager::PlayTrack(): track=published/sounds/music/loading_01.mp3 fade=true

G4-JNI GetEnv version=0x00010002
android[2] trace: MusicManager::PlayNextTrack() try, fade=true, soundManager.IsInitialized()=true, soundManager.IsUserMusicPlaying()=false

android[2] trace: MusicManager::PlayTrack(): track=published/sounds/music/loading_01.mp3 fade=true

G4-JNI GetEnv version=0x00010002
android[2] trace: MusicManager::PlayNextTrack() try, fade=true, soundManager.IsInitialized()=true, soundManager.IsUserMusicPlaying()=false

android[2] trace: MusicManager::PlayTrack(): track=published/sounds/music/loading_01.mp3 fade=true

G4-JNI GetEnv version=0x00010002
android[2] trace: MusicManager::PlayNextTrack() try, fade=true, soundManager.IsInitialized()=true, soundManager.IsUserMusicPlaying()=false

android[2] trace: MusicManager::PlayTrack(): track=published/sounds/music/loading_01.mp3 fade=true

G4-JNI GetEnv version=0x00010002
android[2] trace: MusicManager::PlayNextTrack() try, fade=true, soundManager.IsInitialized()=true, soundManager.IsUserMusicPlaying()=false

android[2] trace: MusicManager::PlayTrack(): track=published/sounds/music/loading_01.mp3 fade=true

G4-JNI GetEnv version=0x00010002
android[2] trace: MusicManager::PlayNextTrack() try, fade=true, soundManager.IsInitialized()=true, soundManager.IsUserMusicPlaying()=false

android[2] trace: MusicManager::PlayTrack(): track=published/sounds/music/loading_01.mp3 fade=true

G4-JNI GetEnv version=0x00010002
android[2] trace: MusicManager::PlayNextTrack() try, fade=true, soundManager.IsInitialized()=true, soundManager.IsUserMusicPlaying()=false

android[2] trace: MusicManager::PlayTrack(): track=published/sounds/music/loading_01.mp3 fade=true

G4-JNI GetEnv version=0x00010002
android[2] trace: MusicManager::PlayNextTrack() try, fade=true, soundManager.IsInitialized()=true, soundManager.IsUserMusicPlaying()=false

android[2] trace: MusicManager::PlayTrack(): track=published/sounds/music/loading_01.mp3 fade=true

G4-JNI GetEnv version=0x00010002
android[2] trace: MusicManager::PlayNextTrack() try, fade=true, soundManager.IsInitialized()=true, soundManager.IsUserMusicPlaying()=false

android[2] trace: MusicManager::PlayTrack(): track=published/sounds/music/loading_01.mp3 fade=true

G4-JNI GetEnv version=0x00010002
android[2] trace: MusicManager::PlayNextTrack() try, fade=true, soundManager.IsInitialized()=true, soundManager.IsUserMusicPlaying()=false

android[2] trace: MusicManager::PlayTrack(): track=published/sounds/music/loading_01.mp3 fade=true

G4-JNI GetEnv version=0x00010002
android[2] trace: MusicManager::PlayNextTrack() try, fade=true, soundManager.IsInitialized()=true, soundManager.IsUserMusicPlaying()=false

android[2] trace: MusicManager::PlayTrack(): track=published/sounds/music/loading_01.mp3 fade=true

G4-JNI GetEnv version=0x00010002
android[2] trace: MusicManager::PlayNextTrack() try, fade=true, soundManager.IsInitialized()=true, soundManager.IsUserMusicPlaying()=false

android[2] trace: MusicManager::PlayTrack(): track=published/sounds/music/loading_01.mp3 fade=true

G4-JNI GetEnv version=0x00010002
android[2] trace: MusicManager::PlayNextTrack() try, fade=true, soundManager.IsInitialized()=true, soundManager.IsUserMusicPlaying()=false

android[2] trace: MusicManager::PlayTrack(): track=published/sounds/music/loading_01.mp3 fade=true

G4-JNI GetEnv version=0x00010002
android[2] trace: MusicManager::PlayNextTrack() try, fade=true, soundManager.IsInitialized()=true, soundManager.IsUserMusicPlaying()=false

android[2] trace: MusicManager::PlayTrack(): track=published/sounds/music/loading_01.mp3 fade=true

G4-JNI GetEnv version=0x00010002
android[2] trace: MusicManager::PlayNextTrack() try, fade=true, soundManager.IsInitialized()=true, soundManager.IsUserMusicPlaying()=false

android[2] trace: MusicManager::PlayTrack(): track=published/sounds/music/loading_01.mp3 fade=true

G4-JNI GetEnv version=0x00010002
android[2] trace: MusicManager::PlayNextTrack() try, fade=true, soundManager.IsInitialized()=true, soundManager.IsUserMusicPlaying()=false

android[2] trace: MusicManager::PlayTrack(): track=published/sounds/music/loading_01.mp3 fade=true

G4-JNI GetEnv version=0x00010002
android[2] trace: MusicManager::PlayNextTrack() try, fade=true, soundManager.IsInitialized()=true, soundManager.IsUserMusicPlaying()=false

android[2] trace: MusicManager::PlayTrack(): track=published/sounds/music/loading_01.mp3 fade=true

G4-JNI GetEnv version=0x00010002
android[2] trace: MusicManager::PlayNextTrack() try, fade=true, soundManager.IsInitialized()=true, soundManager.IsUserMusicPlaying()=false

android[2] trace: MusicManager::PlayTrack(): track=published/sounds/music/loading_01.mp3 fade=true

G4-JNI GetEnv version=0x00010002
android[2] trace: MusicManager::PlayNextTrack() try, fade=true, soundManager.IsInitialized()=true, soundManager.IsUserMusicPlaying()=false

android[2] trace: MusicManager::PlayTrack(): track=published/sounds/music/loading_01.mp3 fade=true

G4-JNI GetEnv version=0x00010002
android[2] trace: MusicManager::PlayNextTrack() try, fade=true, soundManager.IsInitialized()=true, soundManager.IsUserMusicPlaying()=false

android[2] trace: MusicManager::PlayTrack(): track=published/sounds/music/loading_01.mp3 fade=true

G4-JNI GetEnv version=0x00010002
G4-JNI GetEnv version=0x00010002
android[2] trace: MusicManager::PlayNextTrack() try, fade=true, soundManager.IsInitialized()=true, soundManager.IsUserMusicPlaying()=false

android[2] trace: MusicManager::PlayTrack(): track=published/sounds/music/loading_01.mp3 fade=true

G4-JNI GetEnv version=0x00010002
android[2] trace: MusicManager::PlayNextTrack() try, fade=true, soundManager.IsInitialized()=true, soundManager.IsUserMusicPlaying()=false

android[2] trace: MusicManager::PlayTrack(): track=published/sounds/music/loading_01.mp3 fade=true

G4-JNI GetEnv version=0x00010002
android[5] layouts/warning: LayoutEntity not in cache, reloading: active_accept

android[5] layouts/warning: LayoutEntity not in cache, reloading: aas_inner

android[5] layouts/warning: LayoutEntity not in cache, reloading: frame

android[5] layouts/warning: LayoutEntity not in cache, reloading: btn_options_small2

android[5] layouts/warning: LayoutEntity not in cache, reloading: btn_options_large_active

android[5] layouts/warning: LayoutEntity not in cache, reloading: btn_options_large_idle

android[2] trace: LayoutScreen::LayoutScreen OptionsSettingsScreen != 0

android[2] trace: ShowMogaHighlight start

android[2] trace: ShowMogaHighlight 1

android[2] trace: ShowMogaHighlight end

android[2] trace: MusicManager::PlayNextTrack() try, fade=true, soundManager.IsInitialized()=true, soundManager.IsUserMusicPlaying()=false

android[2] trace: MusicManager::PlayTrack(): track=published/sounds/music/loading_01.mp3 fade=true

G4-JNI GetEnv version=0x00010002
android[2] trace: MusicManager::PlayNextTrack() try, fade=true, soundManager.IsInitialized()=true, soundManager.IsUserMusicPlaying()=false

android[2] trace: MusicManager::PlayTrack(): track=published/sounds/music/loading_01.mp3 fade=true

G4-JNI GetEnv version=0x00010002
android[2] trace: MusicManager::PlayNextTrack() try, fade=true, soundManager.IsInitialized()=true, soundManager.IsUserMusicPlaying()=false

android[2] trace: MusicManager::PlayTrack(): track=published/sounds/music/loading_01.mp3 fade=true

G4-JNI GetEnv version=0x00010002
android[2] trace: MusicManager::PlayNextTrack() try, fade=true, soundManager.IsInitialized()=true, soundManager.IsUserMusicPlaying()=false

android[2] trace: MusicManager::PlayTrack(): track=published/sounds/music/loading_01.mp3 fade=true

G4-JNI GetEnv version=0x00010002
android[2] trace: MusicManager::PlayNextTrack() try, fade=true, soundManager.IsInitialized()=true, soundManager.IsUserMusicPlaying()=false

android[2] trace: MusicManager::PlayTrack(): track=published/sounds/music/loading_01.mp3 fade=true

G4-JNI GetEnv version=0x00010002
android[2] trace: MusicManager::PlayNextTrack() try, fade=true, soundManager.IsInitialized()=true, soundManager.IsUserMusicPlaying()=false

android[2] trace: MusicManager::PlayTrack(): track=published/sounds/music/loading_01.mp3 fade=true

G4-JNI GetEnv version=0x00010002
android[2] trace: MusicManager::PlayNextTrack() try, fade=true, soundManager.IsInitialized()=true, soundManager.IsUserMusicPlaying()=false

android[2] trace: MusicManager::PlayTrack(): track=published/sounds/music/loading_01.mp3 fade=true

G4-JNI GetEnv version=0x00010002
android[2] trace: MusicManager::PlayNextTrack() try, fade=true, soundManager.IsInitialized()=true, soundManager.IsUserMusicPlaying()=false

android[2] trace: MusicManager::PlayTrack(): track=published/sounds/music/loading_01.mp3 fade=true

G4-JNI GetEnv version=0x00010002
android[2] trace: MusicManager::PlayNextTrack() try, fade=true, soundManager.IsInitialized()=true, soundManager.IsUserMusicPlaying()=false

android[2] trace: MusicManager::PlayTrack(): track=published/sounds/music/loading_01.mp3 fade=true

G4-JNI GetEnv version=0x00010002
android[2] trace: MusicManager::PlayNextTrack() try, fade=true, soundManager.IsInitialized()=true, soundManager.IsUserMusicPlaying()=false

android[2] trace: MusicManager::PlayTrack(): track=published/sounds/music/loading_01.mp3 fade=true

G4-JNI GetEnv version=0x00010002
android[2] trace: MusicManager::PlayNextTrack() try, fade=true, soundManager.IsInitialized()=true, soundManager.IsUserMusicPlaying()=false

android[2] trace: MusicManager::PlayTrack(): track=published/sounds/music/loading_01.mp3 fade=true

G4-JNI GetEnv version=0x00010002
android[2] trace: MusicManager::PlayNextTrack() try, fade=true, soundManager.IsInitialized()=true, soundManager.IsUserMusicPlaying()=false

android[2] trace: MusicManager::PlayTrack(): track=published/sounds/music/loading_01.mp3 fade=true

G4-JNI GetEnv version=0x00010002
android[2] trace: MusicManager::PlayNextTrack() try, fade=true, soundManager.IsInitialized()=true, soundManager.IsUserMusicPlaying()=false

android[2] trace: MusicManager::PlayTrack(): track=published/sounds/music/loading_01.mp3 fade=true

G4-JNI GetEnv version=0x00010002
android[2] trace: MusicManager::PlayNextTrack() try, fade=true, soundManager.IsInitialized()=true, soundManager.IsUserMusicPlaying()=false

android[2] trace: MusicManager::PlayTrack(): track=published/sounds/music/loading_01.mp3 fade=true

G4-JNI GetEnv version=0x00010002
android[2] trace: MusicManager::PlayNextTrack() try, fade=true, soundManager.IsInitialized()=true, soundManager.IsUserMusicPlaying()=false

android[2] trace: MusicManager::PlayTrack(): track=published/sounds/music/loading_01.mp3 fade=true

G4-JNI GetEnv version=0x00010002
android[2] trace: MusicManager::PlayNextTrack() try, fade=true, soundManager.IsInitialized()=true, soundManager.IsUserMusicPlaying()=false

android[2] trace: MusicManager::PlayTrack(): track=published/sounds/music/loading_01.mp3 fade=true

G4-JNI GetEnv version=0x00010002
android[2] trace: MusicManager::PlayNextTrack() try, fade=true, soundManager.IsInitialized()=true, soundManager.IsUserMusicPlaying()=false

android[2] trace: MusicManager::PlayTrack(): track=published/sounds/music/loading_01.mp3 fade=true

G4-JNI GetEnv version=0x00010002
android[2] trace: MusicManager::PlayNextTrack() try, fade=true, soundManager.IsInitialized()=true, soundManager.IsUserMusicPlaying()=false

android[2] trace: MusicManager::PlayTrack(): track=published/sounds/music/loading_01.mp3 fade=true

G4-JNI GetEnv version=0x00010002
android[2] trace: MusicManager::PlayNextTrack() try, fade=true, soundManager.IsInitialized()=true, soundManager.IsUserMusicPlaying()=false

android[2] trace: MusicManager::PlayTrack(): track=published/sounds/music/loading_01.mp3 fade=true

G4-JNI GetEnv version=0x00010002
android[2] trace: MusicManager::PlayNextTrack() try, fade=true, soundManager.IsInitialized()=true, soundManager.IsUserMusicPlaying()=false

android[2] trace: MusicManager::PlayTrack(): track=published/sounds/music/loading_01.mp3 fade=true

G4-JNI GetEnv version=0x00010002
android[2] trace: MusicManager::PlayNextTrack() try, fade=true, soundManager.IsInitialized()=true, soundManager.IsUserMusicPlaying()=false

android[2] trace: MusicManager::PlayTrack(): track=published/sounds/music/loading_01.mp3 fade=true

G4-JNI GetEnv version=0x00010002
android[2] trace: MusicManager::PlayNextTrack() try, fade=true, soundManager.IsInitialized()=true, soundManager.IsUserMusicPlaying()=false

android[2] trace: MusicManager::PlayTrack(): track=published/sounds/music/loading_01.mp3 fade=true

G4-JNI GetEnv version=0x00010002
android[2] trace: MusicManager::PlayNextTrack() try, fade=true, soundManager.IsInitialized()=true, soundManager.IsUserMusicPlaying()=false

android[2] trace: MusicManager::PlayTrack(): track=published/sounds/music/loading_01.mp3 fade=true

G4-JNI GetEnv version=0x00010002
android[2] trace: MusicManager::PlayNextTrack() try, fade=true, soundManager.IsInitialized()=true, soundManager.IsUserMusicPlaying()=false

android[2] trace: MusicManager::PlayTrack(): track=published/sounds/music/loading_01.mp3 fade=true

G4-JNI GetEnv version=0x00010002
android[2] trace: MusicManager::PlayNextTrack() try, fade=true, soundManager.IsInitialized()=true, soundManager.IsUserMusicPlaying()=false

android[2] trace: MusicManager::PlayTrack(): track=published/sounds/music/loading_01.mp3 fade=true

G4-JNI GetEnv version=0x00010002
android[2] trace: MusicManager::PlayNextTrack() try, fade=true, soundManager.IsInitialized()=true, soundManager.IsUserMusicPlaying()=false

android[2] trace: MusicManager::PlayTrack(): track=published/sounds/music/loading_01.mp3 fade=true

G4-JNI GetEnv version=0x00010002
android[2] trace: MusicManager::PlayNextTrack() try, fade=true, soundManager.IsInitialized()=true, soundManager.IsUserMusicPlaying()=false

android[2] trace: MusicManager::PlayTrack(): track=published/sounds/music/loading_01.mp3 fade=true

G4-JNI GetEnv version=0x00010002
android[2] trace: MusicManager::PlayNextTrack() try, fade=true, soundManager.IsInitialized()=true, soundManager.IsUserMusicPlaying()=false

android[2] trace: MusicManager::PlayTrack(): track=published/sounds/music/loading_01.mp3 fade=true

G4-JNI GetEnv version=0x00010002
android[2] trace: MusicManager::PlayNextTrack() try, fade=true, soundManager.IsInitialized()=true, soundManager.IsUserMusicPlaying()=false

android[2] trace: MusicManager::PlayTrack(): track=published/sounds/music/loading_01.mp3 fade=true

G4-JNI GetEnv version=0x00010002
android[2] trace: MusicManager::PlayNextTrack() try, fade=true, soundManager.IsInitialized()=true, soundManager.IsUserMusicPlaying()=false

android[2] trace: MusicManager::PlayTrack(): track=published/sounds/music/loading_01.mp3 fade=true

G4-JNI GetEnv version=0x00010002
android[2] trace: MusicManager::PlayNextTrack() try, fade=true, soundManager.IsInitialized()=true, soundManager.IsUserMusicPlaying()=false

android[2] trace: MusicManager::PlayTrack(): track=published/sounds/music/loading_01.mp3 fade=true

G4-JNI GetEnv version=0x00010002
android[2] trace: MusicManager::PlayNextTrack() try, fade=true, soundManager.IsInitialized()=true, soundManager.IsUserMusicPlaying()=false

android[2] trace: MusicManager::PlayTrack(): track=published/sounds/music/loading_01.mp3 fade=true

G4-JNI GetEnv version=0x00010002
android[2] trace: MusicManager::PlayNextTrack() try, fade=true, soundManager.IsInitialized()=true, soundManager.IsUserMusicPlaying()=false

android[2] trace: MusicManager::PlayTrack(): track=published/sounds/music/loading_01.mp3 fade=true

G4-JNI GetEnv version=0x00010002
android[2] trace: MusicManager::PlayNextTrack() try, fade=true, soundManager.IsInitialized()=true, soundManager.IsUserMusicPlaying()=false

android[2] trace: MusicManager::PlayTrack(): track=published/sounds/music/loading_01.mp3 fade=true

G4-JNI GetEnv version=0x00010002
android[2] trace: MusicManager::PlayNextTrack() try, fade=true, soundManager.IsInitialized()=true, soundManager.IsUserMusicPlaying()=false

android[2] trace: MusicManager::PlayTrack(): track=published/sounds/music/loading_01.mp3 fade=true

G4-JNI GetEnv version=0x00010002
android[2] trace: MusicManager::PlayNextTrack() try, fade=true, soundManager.IsInitialized()=true, soundManager.IsUserMusicPlaying()=false

android[2] trace: MusicManager::PlayTrack(): track=published/sounds/music/loading_01.mp3 fade=true

G4-JNI GetEnv version=0x00010002
android[2] trace: MusicManager::PlayNextTrack() try, fade=true, soundManager.IsInitialized()=true, soundManager.IsUserMusicPlaying()=false

android[2] trace: MusicManager::PlayTrack(): track=published/sounds/music/loading_01.mp3 fade=true

G4-JNI GetEnv version=0x00010002
android[2] trace: MusicManager::PlayNextTrack() try, fade=true, soundManager.IsInitialized()=true, soundManager.IsUserMusicPlaying()=false

android[2] trace: MusicManager::PlayTrack(): track=published/sounds/music/loading_01.mp3 fade=true

G4-JNI GetEnv version=0x00010002
android[2] trace: MusicManager::PlayNextTrack() try, fade=true, soundManager.IsInitialized()=true, soundManager.IsUserMusicPlaying()=false

android[2] trace: MusicManager::PlayTrack(): track=published/sounds/music/loading_01.mp3 fade=true

G4-JNI GetEnv version=0x00010002
android[2] trace: MoGaConTrOlLeR :: ....................(KK) MogaController :: Inside nativeOnKeyEvent 

android[2] trace: ....................(KK) MogaController :: Inside nativeOnKeyEvent 97

android[2] trace: MoGaConTrOlLeR :: ....................(KK) Key Event Key B BBBB .....................

android[2] trace: MoGaConTrOlLeR :: ....................(KK) Key Event Key Down .....................

android[2] trace: MoGaConTrOlLeR :: ....................(KK) Listener Key Press .....................

android[2] trace: MoGaConTrOlLeR :: ....................(KK) AndroidKeyCode :: MogaKeyCode (Start of func) .....................

android[2] trace: MoGaConTrOlLeR :: ....................(KK) AndroidKeyCode :: MogaKeyCode Key Press B .....................

android[2] trace: MoGaConTrOlLeR :: (KK) MogaController :: Inside nativeOnKeyEvent ....................

G6-MOGA key frame=1947 code=97 state=down
android[2] trace: MusicManager::PlayNextTrack() try, fade=true, soundManager.IsInitialized()=true, soundManager.IsUserMusicPlaying()=false

android[2] trace: MusicManager::PlayTrack(): track=published/sounds/music/loading_01.mp3 fade=true

G4-JNI GetEnv version=0x00010002
android[2] trace: MusicManager::PlayNextTrack() try, fade=true, soundManager.IsInitialized()=true, soundManager.IsUserMusicPlaying()=false

android[2] trace: MusicManager::PlayTrack(): track=published/sounds/music/loading_01.mp3 fade=true

G4-JNI GetEnv version=0x00010002
android[2] trace: MusicManager::PlayNextTrack() try, fade=true, soundManager.IsInitialized()=true, soundManager.IsUserMusicPlaying()=false

android[2] trace: MusicManager::PlayTrack(): track=published/sounds/music/loading_01.mp3 fade=true

G4-JNI GetEnv version=0x00010002
android[2] trace: MusicManager::PlayNextTrack() try, fade=true, soundManager.IsInitialized()=true, soundManager.IsUserMusicPlaying()=false

android[2] trace: MusicManager::PlayTrack(): track=published/sounds/music/loading_01.mp3 fade=true

G4-JNI GetEnv version=0x00010002
android[2] trace: MusicManager::PlayNextTrack() try, fade=true, soundManager.IsInitialized()=true, soundManager.IsUserMusicPlaying()=false

android[2] trace: MusicManager::PlayTrack(): track=published/sounds/music/loading_01.mp3 fade=true

G4-JNI GetEnv version=0x00010002
android[2] trace: MusicManager::PlayNextTrack() try, fade=true, soundManager.IsInitialized()=true, soundManager.IsUserMusicPlaying()=false

android[2] trace: MusicManager::PlayTrack(): track=published/sounds/music/loading_01.mp3 fade=true

G4-JNI GetEnv version=0x00010002
android[2] trace: MusicManager::PlayNextTrack() try, fade=true, soundManager.IsInitialized()=true, soundManager.IsUserMusicPlaying()=false

android[2] trace: MusicManager::PlayTrack(): track=published/sounds/music/loading_01.mp3 fade=true

G4-JNI GetEnv version=0x00010002
android[2] trace: MusicManager::PlayNextTrack() try, fade=true, soundManager.IsInitialized()=true, soundManager.IsUserMusicPlaying()=false

android[2] trace: MusicManager::PlayTrack(): track=published/sounds/music/loading_01.mp3 fade=true

G4-JNI GetEnv version=0x00010002
android[2] trace: MusicManager::PlayNextTrack() try, fade=true, soundManager.IsInitialized()=true, soundManager.IsUserMusicPlaying()=false

android[2] trace: MusicManager::PlayTrack(): track=published/sounds/music/loading_01.mp3 fade=true

G4-JNI GetEnv version=0x00010002
android[2] trace: MusicManager::PlayNextTrack() try, fade=true, soundManager.IsInitialized()=true, soundManager.IsUserMusicPlaying()=false

android[2] trace: MusicManager::PlayTrack(): track=published/sounds/music/loading_01.mp3 fade=true

G4-JNI GetEnv version=0x00010002
android[2] trace: MoGaConTrOlLeR :: ....................(KK) MogaController :: Inside nativeOnKeyEvent 

android[2] trace: ....................(KK) MogaController :: Inside nativeOnKeyEvent 97

android[2] trace: MoGaConTrOlLeR :: ....................(KK) Key Event Key B BBBB .....................

android[2] trace: MoGaConTrOlLeR :: ....................(KK) Key Event Key up .....................

android[2] trace: MoGaConTrOlLeR :: ....................(KK) Listener Key Release .....................

android[2] trace: MoGaConTrOlLeR :: ....................(KK) AndroidKeyCode :: MogaKeyCode (Start of func) .....................

android[2] trace: MoGaConTrOlLeR :: ....................(KK) AndroidKeyCode :: MogaKeyCode Key Press B .....................

android[2] trace: MoGaConTrOlLeR :: (KK) MogaController :: Inside nativeOnKeyEvent ....................

G6-MOGA key frame=1957 code=97 state=up
android[2] trace: MusicManager::PlayNextTrack() try, fade=true, soundManager.IsInitialized()=true, soundManager.IsUserMusicPlaying()=false

android[2] trace: MusicManager::PlayTrack(): track=published/sounds/music/loading_01.mp3 fade=true

G4-JNI GetEnv version=0x00010002
android[2] trace: MusicManager::PlayNextTrack() try, fade=true, soundManager.IsInitialized()=true, soundManager.IsUserMusicPlaying()=false

android[2] trace: MusicManager::PlayTrack(): track=published/sounds/music/loading_01.mp3 fade=true

G4-JNI GetEnv version=0x00010002
android[2] trace: MusicManager::PlayNextTrack() try, fade=true, soundManager.IsInitialized()=true, soundManager.IsUserMusicPlaying()=false

android[2] trace: MusicManager::PlayTrack(): track=published/sounds/music/loading_01.mp3 fade=true

G4-JNI GetEnv version=0x00010002
android[2] trace: MusicManager::PlayNextTrack() try, fade=true, soundManager.IsInitialized()=true, soundManager.IsUserMusicPlaying()=false

android[2] trace: MusicManager::PlayTrack(): track=published/sounds/music/loading_01.mp3 fade=true

G4-JNI GetEnv version=0x00010002
android[2] trace: MusicManager::PlayNextTrack() try, fade=true, soundManager.IsInitialized()=true, soundManager.IsUserMusicPlaying()=false

android[2] trace: MusicManager::PlayTrack(): track=published/sounds/music/loading_01.mp3 fade=true

G4-JNI GetEnv version=0x00010002
android[2] trace: MusicManager::PlayNextTrack() try, fade=true, soundManager.IsInitialized()=true, soundManager.IsUserMusicPlaying()=false

android[2] trace: MusicManager::PlayTrack(): track=published/sounds/music/loading_01.mp3 fade=true

G4-JNI GetEnv version=0x00010002
android[2] trace: MusicManager::PlayNextTrack() try, fade=true, soundManager.IsInitialized()=true, soundManager.IsUserMusicPlaying()=false

android[2] trace: MusicManager::PlayTrack(): track=published/sounds/music/loading_01.mp3 fade=true

G4-JNI GetEnv version=0x00010002
android[2] trace: MusicManager::PlayNextTrack() try, fade=true, soundManager.IsInitialized()=true, soundManager.IsUserMusicPlaying()=false

android[2] trace: MusicManager::PlayTrack(): track=published/sounds/music/loading_01.mp3 fade=true

G4-JNI GetEnv version=0x00010002
android[2] trace: MusicManager::PlayNextTrack() try, fade=true, soundManager.IsInitialized()=true, soundManager.IsUserMusicPlaying()=false

android[2] trace: MusicManager::PlayTrack(): track=published/sounds/music/loading_01.mp3 fade=true

G4-JNI GetEnv version=0x00010002
android[2] trace: MusicManager::PlayNextTrack() try, fade=true, soundManager.IsInitialized()=true, soundManager.IsUserMusicPlaying()=false

android[2] trace: MusicManager::PlayTrack(): track=published/sounds/music/loading_01.mp3 fade=true

G4-JNI GetEnv version=0x00010002
android[2] trace: MusicManager::PlayNextTrack() try, fade=true, soundManager.IsInitialized()=true, soundManager.IsUserMusicPlaying()=false

android[2] trace: MusicManager::PlayTrack(): track=published/sounds/music/loading_01.mp3 fade=true

G4-JNI GetEnv version=0x00010002
android[2] trace: MusicManager::PlayNextTrack() try, fade=true, soundManager.IsInitialized()=true, soundManager.IsUserMusicPlaying()=false

android[2] trace: MusicManager::PlayTrack(): track=published/sounds/music/loading_01.mp3 fade=true

G4-JNI GetEnv version=0x00010002
android[2] trace: MusicManager::PlayNextTrack() try, fade=true, soundManager.IsInitialized()=true, soundManager.IsUserMusicPlaying()=false

android[2] trace: MusicManager::PlayTrack(): track=published/sounds/music/loading_01.mp3 fade=true

G4-JNI GetEnv version=0x00010002
android[2] trace: MusicManager::PlayNextTrack() try, fade=true, soundManager.IsInitialized()=true, soundManager.IsUserMusicPlaying()=false

android[2] trace: MusicManager::PlayTrack(): track=published/sounds/music/loading_01.mp3 fade=true

G4-JNI GetEnv version=0x00010002
android[2] trace: MusicManager::PlayNextTrack() try, fade=true, soundManager.IsInitialized()=true, soundManager.IsUserMusicPlaying()=false

android[2] trace: MusicManager::PlayTrack(): track=published/sounds/music/loading_01.mp3 fade=true

G4-JNI GetEnv version=0x00010002
android[2] trace: MusicManager::PlayNextTrack() try, fade=true, soundManager.IsInitialized()=true, soundManager.IsUserMusicPlaying()=false

android[2] trace: MusicManager::PlayTrack(): track=published/sounds/music/loading_01.mp3 fade=true

G4-JNI GetEnv version=0x00010002
android[2] trace: MusicManager::PlayNextTrack() try, fade=true, soundManager.IsInitialized()=true, soundManager.IsUserMusicPlaying()=false

android[2] trace: MusicManager::PlayTrack(): track=published/sounds/music/loading_01.mp3 fade=true

G4-JNI GetEnv version=0x00010002
android[2] trace: MusicManager::PlayNextTrack() try, fade=true, soundManager.IsInitialized()=true, soundManager.IsUserMusicPlaying()=false

android[2] trace: MusicManager::PlayTrack(): track=published/sounds/music/loading_01.mp3 fade=true

G4-JNI GetEnv version=0x00010002
android[2] trace: MusicManager::PlayNextTrack() try, fade=true, soundManager.IsInitialized()=true, soundManager.IsUserMusicPlaying()=false

android[2] trace: MusicManager::PlayTrack(): track=published/sounds/music/loading_01.mp3 fade=true

G4-JNI GetEnv version=0x00010002
android[2] trace: MusicManager::PlayNextTrack() try, fade=true, soundManager.IsInitialized()=true, soundManager.IsUserMusicPlaying()=false

android[2] trace: MusicManager::PlayTrack(): track=published/sounds/music/loading_01.mp3 fade=true

G4-JNI GetEnv version=0x00010002
android[2] trace: MusicManager::PlayNextTrack() try, fade=true, soundManager.IsInitialized()=true, soundManager.IsUserMusicPlaying()=false

android[2] trace: MusicManager::PlayTrack(): track=published/sounds/music/loading_01.mp3 fade=true

G4-JNI GetEnv version=0x00010002
android[2] trace: MusicManager::PlayNextTrack() try, fade=true, soundManager.IsInitialized()=true, soundManager.IsUserMusicPlaying()=false

android[2] trace: MusicManager::PlayTrack(): track=published/sounds/music/loading_01.mp3 fade=true

G4-JNI GetEnv version=0x00010002
android[2] trace: MusicManager::PlayNextTrack() try, fade=true, soundManager.IsInitialized()=true, soundManager.IsUserMusicPlaying()=false

android[2] trace: MusicManager::PlayTrack(): track=published/sounds/music/loading_01.mp3 fade=true

G4-JNI GetEnv version=0x00010002
android[2] trace: MusicManager::PlayNextTrack() try, fade=true, soundManager.IsInitialized()=true, soundManager.IsUserMusicPlaying()=false

android[2] trace: MusicManager::PlayTrack(): track=published/sounds/music/loading_01.mp3 fade=true

G4-JNI GetEnv version=0x00010002
android[2] trace: MoGaConTrOlLeR :: ....................(KK) MogaController :: Inside nativeOnKeyEvent 

android[2] trace: ....................(KK) MogaController :: Inside nativeOnKeyEvent 97

android[2] trace: MoGaConTrOlLeR :: ....................(KK) Key Event Key B BBBB .....................

android[2] trace: MoGaConTrOlLeR :: ....................(KK) Key Event Key Down .....................

android[2] trace: MoGaConTrOlLeR :: ....................(KK) Listener Key Press .....................

android[2] trace: MoGaConTrOlLeR :: ....................(KK) AndroidKeyCode :: MogaKeyCode (Start of func) .....................

android[2] trace: MoGaConTrOlLeR :: ....................(KK) AndroidKeyCode :: MogaKeyCode Key Press B .....................

android[2] trace: MoGaConTrOlLeR :: (KK) MogaController :: Inside nativeOnKeyEvent ....................

G6-MOGA key frame=1981 code=97 state=down
android[2] trace: MusicManager::PlayNextTrack() try, fade=true, soundManager.IsInitialized()=true, soundManager.IsUserMusicPlaying()=false

android[2] trace: MusicManager::PlayTrack(): track=published/sounds/music/loading_01.mp3 fade=true

G4-JNI GetEnv version=0x00010002
android[2] trace: MusicManager::PlayNextTrack() try, fade=true, soundManager.IsInitialized()=true, soundManager.IsUserMusicPlaying()=false

android[2] trace: MusicManager::PlayTrack(): track=published/sounds/music/loading_01.mp3 fade=true

G4-JNI GetEnv version=0x00010002
android[2] trace: MusicManager::PlayNextTrack() try, fade=true, soundManager.IsInitialized()=true, soundManager.IsUserMusicPlaying()=false

android[2] trace: MusicManager::PlayTrack(): track=published/sounds/music/loading_01.mp3 fade=true

G4-JNI GetEnv version=0x00010002
android[2] trace: MusicManager::PlayNextTrack() try, fade=true, soundManager.IsInitialized()=true, soundManager.IsUserMusicPlaying()=false

android[2] trace: MusicManager::PlayTrack(): track=published/sounds/music/loading_01.mp3 fade=true

G4-JNI GetEnv version=0x00010002
android[2] trace: MusicManager::PlayNextTrack() try, fade=true, soundManager.IsInitialized()=true, soundManager.IsUserMusicPlaying()=false

android[2] trace: MusicManager::PlayTrack(): track=published/sounds/music/loading_01.mp3 fade=true

G4-JNI GetEnv version=0x00010002
android[2] trace: MusicManager::PlayNextTrack() try, fade=true, soundManager.IsInitialized()=true, soundManager.IsUserMusicPlaying()=false

android[2] trace: MusicManager::PlayTrack(): track=published/sounds/music/loading_01.mp3 fade=true

G4-JNI GetEnv version=0x00010002
android[2] trace: MusicManager::PlayNextTrack() try, fade=true, soundManager.IsInitialized()=true, soundManager.IsUserMusicPlaying()=false

android[2] trace: MusicManager::PlayTrack(): track=published/sounds/music/loading_01.mp3 fade=true

G4-JNI GetEnv version=0x00010002
android[2] trace: MusicManager::PlayNextTrack() try, fade=true, soundManager.IsInitialized()=true, soundManager.IsUserMusicPlaying()=false

android[2] trace: MusicManager::PlayTrack(): track=published/sounds/music/loading_01.mp3 fade=true

G4-JNI GetEnv version=0x00010002
android[2] trace: MusicManager::PlayNextTrack() try, fade=true, soundManager.IsInitialized()=true, soundManager.IsUserMusicPlaying()=false

android[2] trace: MusicManager::PlayTrack(): track=published/sounds/music/loading_01.mp3 fade=true

G4-JNI GetEnv version=0x00010002
android[2] trace: MoGaConTrOlLeR :: ....................(KK) MogaController :: Inside nativeOnKeyEvent 

android[2] trace: ....................(KK) MogaController :: Inside nativeOnKeyEvent 97

android[2] trace: MoGaConTrOlLeR :: ....................(KK) Key Event Key B BBBB .....................

android[2] trace: MoGaConTrOlLeR :: ....................(KK) Key Event Key up .....................

android[2] trace: MoGaConTrOlLeR :: ....................(KK) Listener Key Release .....................

android[2] trace: MoGaConTrOlLeR :: ....................(KK) AndroidKeyCode :: MogaKeyCode (Start of func) .....................

android[2] trace: MoGaConTrOlLeR :: ....................(KK) AndroidKeyCode :: MogaKeyCode Key Press B .....................

android[2] trace: MoGaConTrOlLeR :: (KK) MogaController :: Inside nativeOnKeyEvent ....................

G6-MOGA key frame=1990 code=97 state=up
android[2] trace: MusicManager::PlayNextTrack() try, fade=true, soundManager.IsInitialized()=true, soundManager.IsUserMusicPlaying()=false

android[2] trace: MusicManager::PlayTrack(): track=published/sounds/music/loading_01.mp3 fade=true

G4-JNI GetEnv version=0x00010002
android[2] trace: MusicManager::PlayNextTrack() try, fade=true, soundManager.IsInitialized()=true, soundManager.IsUserMusicPlaying()=false

android[2] trace: MusicManager::PlayTrack(): track=published/sounds/music/loading_01.mp3 fade=true

G4-JNI GetEnv version=0x00010002
android[2] trace: MusicManager::PlayNextTrack() try, fade=true, soundManager.IsInitialized()=true, soundManager.IsUserMusicPlaying()=false

android[2] trace: MusicManager::PlayTrack(): track=published/sounds/music/loading_01.mp3 fade=true

G4-JNI GetEnv version=0x00010002
android[2] trace: MusicManager::PlayNextTrack() try, fade=true, soundManager.IsInitialized()=true, soundManager.IsUserMusicPlaying()=false

android[2] trace: MusicManager::PlayTrack(): track=published/sounds/music/loading_01.mp3 fade=true

G4-JNI GetEnv version=0x00010002
android[2] trace: MusicManager::PlayNextTrack() try, fade=true, soundManager.IsInitialized()=true, soundManager.IsUserMusicPlaying()=false

android[2] trace: MusicManager::PlayTrack(): track=published/sounds/music/loading_01.mp3 fade=true

G4-JNI GetEnv version=0x00010002
android[2] trace: MusicManager::PlayNextTrack() try, fade=true, soundManager.IsInitialized()=true, soundManager.IsUserMusicPlaying()=false

android[2] trace: MusicManager::PlayTrack(): track=published/sounds/music/loading_01.mp3 fade=true

G4-JNI GetEnv version=0x00010002
android[2] trace: MusicManager::PlayNextTrack() try, fade=true, soundManager.IsInitialized()=true, soundManager.IsUserMusicPlaying()=false

android[2] trace: MusicManager::PlayTrack(): track=published/sounds/music/loading_01.mp3 fade=true

G4-JNI GetEnv version=0x00010002
android[2] trace: MusicManager::PlayNextTrack() try, fade=true, soundManager.IsInitialized()=true, soundManager.IsUserMusicPlaying()=false

android[2] trace: MusicManager::PlayTrack(): track=published/sounds/music/loading_01.mp3 fade=true

G4-JNI GetEnv version=0x00010002
android[2] trace: MusicManager::PlayNextTrack() try, fade=true, soundManager.IsInitialized()=true, soundManager.IsUserMusicPlaying()=false

android[2] trace: MusicManager::PlayTrack(): track=published/sounds/music/loading_01.mp3 fade=true

G4-JNI GetEnv version=0x00010002
android[2] trace: MusicManager::PlayNextTrack() try, fade=true, soundManager.IsInitialized()=true, soundManager.IsUserMusicPlaying()=false

android[2] trace: MusicManager::PlayTrack(): track=published/sounds/music/loading_01.mp3 fade=true

G4-JNI GetEnv version=0x00010002
android[2] trace: MusicManager::PlayNextTrack() try, fade=true, soundManager.IsInitialized()=true, soundManager.IsUserMusicPlaying()=false

android[2] trace: MusicManager::PlayTrack(): track=published/sounds/music/loading_01.mp3 fade=true

G4-JNI GetEnv version=0x00010002
android[2] trace: MusicManager::PlayNextTrack() try, fade=true, soundManager.IsInitialized()=true, soundManager.IsUserMusicPlaying()=false

android[2] trace: MusicManager::PlayTrack(): track=published/sounds/music/loading_01.mp3 fade=true

G4-JNI GetEnv version=0x00010002
android[2] trace: MusicManager::PlayNextTrack() try, fade=true, soundManager.IsInitialized()=true, soundManager.IsUserMusicPlaying()=false

android[2] trace: MusicManager::PlayTrack(): track=published/sounds/music/loading_01.mp3 fade=true

G4-JNI GetEnv version=0x00010002
android[2] trace: MusicManager::PlayNextTrack() try, fade=true, soundManager.IsInitialized()=true, soundManager.IsUserMusicPlaying()=false

android[2] trace: MusicManager::PlayTrack(): track=published/sounds/music/loading_01.mp3 fade=true

G4-JNI GetEnv version=0x00010002
android[2] trace: MusicManager::PlayNextTrack() try, fade=true, soundManager.IsInitialized()=true, soundManager.IsUserMusicPlaying()=false

android[2] trace: MusicManager::PlayTrack(): track=published/sounds/music/loading_01.mp3 fade=true

G4-JNI GetEnv version=0x00010002
android[2] trace: MusicManager::PlayNextTrack() try, fade=true, soundManager.IsInitialized()=true, soundManager.IsUserMusicPlaying()=false

android[2] trace: MusicManager::PlayTrack(): track=published/sounds/music/loading_01.mp3 fade=true

G4-JNI GetEnv version=0x00010002
android[2] trace: MusicManager::PlayNextTrack() try, fade=true, soundManager.IsInitialized()=true, soundManager.IsUserMusicPlaying()=false

android[2] trace: MusicManager::PlayTrack(): track=published/sounds/music/loading_01.mp3 fade=true

G4-JNI GetEnv version=0x00010002
android[2] trace: MoGaConTrOlLeR :: ....................(KK) MogaController :: Inside nativeOnKeyEvent 

android[2] trace: ....................(KK) MogaController :: Inside nativeOnKeyEvent 97

android[2] trace: MoGaConTrOlLeR :: ....................(KK) Key Event Key B BBBB .....................

android[2] trace: MoGaConTrOlLeR :: ....................(KK) Key Event Key Down .....................

android[2] trace: MoGaConTrOlLeR :: ....................(KK) Listener Key Press .....................

android[2] trace: MoGaConTrOlLeR :: ....................(KK) AndroidKeyCode :: MogaKeyCode (Start of func) .....................

android[2] trace: MoGaConTrOlLeR :: ....................(KK) AndroidKeyCode :: MogaKeyCode Key Press B .....................

android[2] trace: MoGaConTrOlLeR :: (KK) MogaController :: Inside nativeOnKeyEvent ....................

G6-MOGA key frame=2007 code=97 state=down
android[2] trace: MusicManager::PlayNextTrack() try, fade=true, soundManager.IsInitialized()=true, soundManager.IsUserMusicPlaying()=false

android[2] trace: MusicManager::PlayTrack(): track=published/sounds/music/loading_01.mp3 fade=true

G4-JNI GetEnv version=0x00010002
android[2] trace: MusicManager::PlayNextTrack() try, fade=true, soundManager.IsInitialized()=true, soundManager.IsUserMusicPlaying()=false

android[2] trace: MusicManager::PlayTrack(): track=published/sounds/music/loading_01.mp3 fade=true

G4-JNI GetEnv version=0x00010002
android[2] trace: MusicManager::PlayNextTrack() try, fade=true, soundManager.IsInitialized()=true, soundManager.IsUserMusicPlaying()=false

android[2] trace: MusicManager::PlayTrack(): track=published/sounds/music/loading_01.mp3 fade=true

G4-JNI GetEnv version=0x00010002
android[2] trace: MusicManager::PlayNextTrack() try, fade=true, soundManager.IsInitialized()=true, soundManager.IsUserMusicPlaying()=false

android[2] trace: MusicManager::PlayTrack(): track=published/sounds/music/loading_01.mp3 fade=true

G4-JNI GetEnv version=0x00010002
android[2] trace: MusicManager::PlayNextTrack() try, fade=true, soundManager.IsInitialized()=true, soundManager.IsUserMusicPlaying()=false

android[2] trace: MusicManager::PlayTrack(): track=published/sounds/music/loading_01.mp3 fade=true

G4-JNI GetEnv version=0x00010002
android[2] trace: MoGaConTrOlLeR :: ....................(KK) MogaController :: Inside nativeOnKeyEvent 

android[2] trace: ....................(KK) MogaController :: Inside nativeOnKeyEvent 97

android[2] trace: MoGaConTrOlLeR :: ....................(KK) Key Event Key B BBBB .....................

android[2] trace: MoGaConTrOlLeR :: ....................(KK) Key Event Key up .....................

android[2] trace: MoGaConTrOlLeR :: ....................(KK) Listener Key Release .....................

android[2] trace: MoGaConTrOlLeR :: ....................(KK) AndroidKeyCode :: MogaKeyCode (Start of func) .....................

android[2] trace: MoGaConTrOlLeR :: ....................(KK) AndroidKeyCode :: MogaKeyCode Key Press B .....................

android[2] trace: MoGaConTrOlLeR :: (KK) MogaController :: Inside nativeOnKeyEvent ....................

G6-MOGA key frame=2012 code=97 state=up
android[2] trace: MusicManager::PlayNextTrack() try, fade=true, soundManager.IsInitialized()=true, soundManager.IsUserMusicPlaying()=false

android[2] trace: MusicManager::PlayTrack(): track=published/sounds/music/loading_01.mp3 fade=true

G4-JNI GetEnv version=0x00010002
android[2] trace: MusicManager::PlayNextTrack() try, fade=true, soundManager.IsInitialized()=true, soundManager.IsUserMusicPlaying()=false

android[2] trace: MusicManager::PlayTrack(): track=published/sounds/music/loading_01.mp3 fade=true

G4-JNI GetEnv version=0x00010002
android[2] trace: MusicManager::PlayNextTrack() try, fade=true, soundManager.IsInitialized()=true, soundManager.IsUserMusicPlaying()=false

android[2] trace: MusicManager::PlayTrack(): track=published/sounds/music/loading_01.mp3 fade=true

G4-JNI GetEnv version=0x00010002
android[2] trace: MusicManager::PlayNextTrack() try, fade=true, soundManager.IsInitialized()=true, soundManager.IsUserMusicPlaying()=false

android[2] trace: MusicManager::PlayTrack(): track=published/sounds/music/loading_01.mp3 fade=true

G4-JNI GetEnv version=0x00010002
android[2] trace: MusicManager::PlayNextTrack() try, fade=true, soundManager.IsInitialized()=true, soundManager.IsUserMusicPlaying()=false

android[2] trace: MusicManager::PlayTrack(): track=published/sounds/music/loading_01.mp3 fade=true

G4-JNI GetEnv version=0x00010002
android[2] trace: MusicManager::PlayNextTrack() try, fade=true, soundManager.IsInitialized()=true, soundManager.IsUserMusicPlaying()=false

android[2] trace: MusicManager::PlayTrack(): track=published/sounds/music/loading_01.mp3 fade=true

G4-JNI GetEnv version=0x00010002
android[2] trace: MoGaConTrOlLeR :: ....................(KK) MogaController :: Inside nativeOnKeyEvent 

android[2] trace: ....................(KK) MogaController :: Inside nativeOnKeyEvent 97

android[2] trace: MoGaConTrOlLeR :: ....................(KK) Key Event Key B BBBB .....................

android[2] trace: MoGaConTrOlLeR :: ....................(KK) Key Event Key Down .....................

android[2] trace: MoGaConTrOlLeR :: ....................(KK) Listener Key Press .....................

android[2] trace: MoGaConTrOlLeR :: ....................(KK) AndroidKeyCode :: MogaKeyCode (Start of func) .....................

android[2] trace: MoGaConTrOlLeR :: ....................(KK) AndroidKeyCode :: MogaKeyCode Key Press B .....................

android[2] trace: MoGaConTrOlLeR :: (KK) MogaController :: Inside nativeOnKeyEvent ....................

G6-MOGA key frame=2018 code=97 state=down
android[2] trace: MusicManager::PlayNextTrack() try, fade=true, soundManager.IsInitialized()=true, soundManager.IsUserMusicPlaying()=false

android[2] trace: MusicManager::PlayTrack(): track=published/sounds/music/loading_01.mp3 fade=true

G4-JNI GetEnv version=0x00010002
android[2] trace: MusicManager::PlayNextTrack() try, fade=true, soundManager.IsInitialized()=true, soundManager.IsUserMusicPlaying()=false

android[2] trace: MusicManager::PlayTrack(): track=published/sounds/music/loading_01.mp3 fade=true

G4-JNI GetEnv version=0x00010002
android[2] trace: MusicManager::PlayNextTrack() try, fade=true, soundManager.IsInitialized()=true, soundManager.IsUserMusicPlaying()=false

android[2] trace: MusicManager::PlayTrack(): track=published/sounds/music/loading_01.mp3 fade=true

G4-JNI GetEnv version=0x00010002
android[2] trace: MusicManager::PlayNextTrack() try, fade=true, soundManager.IsInitialized()=true, soundManager.IsUserMusicPlaying()=false

android[2] trace: MusicManager::PlayTrack(): track=published/sounds/music/loading_01.mp3 fade=true

G4-JNI GetEnv version=0x00010002
android[2] trace: MusicManager::PlayNextTrack() try, fade=true, soundManager.IsInitialized()=true, soundManager.IsUserMusicPlaying()=false

android[2] trace: MusicManager::PlayTrack(): track=published/sounds/music/loading_01.mp3 fade=true

G4-JNI GetEnv version=0x00010002
android[2] trace: MusicManager::PlayNextTrack() try, fade=true, soundManager.IsInitialized()=true, soundManager.IsUserMusicPlaying()=false

android[2] trace: MusicManager::PlayTrack(): track=published/sounds/music/loading_01.mp3 fade=true

G4-JNI GetEnv version=0x00010002
android[2] trace: MoGaConTrOlLeR :: ....................(KK) MogaController :: Inside nativeOnKeyEvent 

android[2] trace: ....................(KK) MogaController :: Inside nativeOnKeyEvent 97

android[2] trace: MoGaConTrOlLeR :: ....................(KK) Key Event Key B BBBB .....................

android[2] trace: MoGaConTrOlLeR :: ....................(KK) Key Event Key up .....................

android[2] trace: MoGaConTrOlLeR :: ....................(KK) Listener Key Release .....................

android[2] trace: MoGaConTrOlLeR :: ....................(KK) AndroidKeyCode :: MogaKeyCode (Start of func) .....................

android[2] trace: MoGaConTrOlLeR :: ....................(KK) AndroidKeyCode :: MogaKeyCode Key Press B .....................

android[2] trace: MoGaConTrOlLeR :: (KK) MogaController :: Inside nativeOnKeyEvent ....................

G6-MOGA key frame=2024 code=97 state=up
android[2] trace: MusicManager::PlayNextTrack() try, fade=true, soundManager.IsInitialized()=true, soundManager.IsUserMusicPlaying()=false

android[2] trace: MusicManager::PlayTrack(): track=published/sounds/music/loading_01.mp3 fade=true

G4-JNI GetEnv version=0x00010002
android[2] trace: MusicManager::PlayNextTrack() try, fade=true, soundManager.IsInitialized()=true, soundManager.IsUserMusicPlaying()=false

android[2] trace: MusicManager::PlayTrack(): track=published/sounds/music/loading_01.mp3 fade=true

G4-JNI GetEnv version=0x00010002
android[2] trace: MusicManager::PlayNextTrack() try, fade=true, soundManager.IsInitialized()=true, soundManager.IsUserMusicPlaying()=false

android[2] trace: MusicManager::PlayTrack(): track=published/sounds/music/loading_01.mp3 fade=true

G4-JNI GetEnv version=0x00010002
android[2] trace: MusicManager::PlayNextTrack() try, fade=true, soundManager.IsInitialized()=true, soundManager.IsUserMusicPlaying()=false

android[2] trace: MusicManager::PlayTrack(): track=published/sounds/music/loading_01.mp3 fade=true

G4-JNI GetEnv version=0x00010002
android[2] trace: MusicManager::PlayNextTrack() try, fade=true, soundManager.IsInitialized()=true, soundManager.IsUserMusicPlaying()=false

android[2] trace: MusicManager::PlayTrack(): track=published/sounds/music/loading_01.mp3 fade=true

G4-JNI GetEnv version=0x00010002
android[2] trace: MusicManager::PlayNextTrack() try, fade=true, soundManager.IsInitialized()=true, soundManager.IsUserMusicPlaying()=false

android[2] trace: MusicManager::PlayTrack(): track=published/sounds/music/loading_01.mp3 fade=true

G4-JNI GetEnv version=0x00010002
android[2] trace: MoGaConTrOlLeR :: ....................(KK) MogaController :: Inside nativeOnKeyEvent 

android[2] trace: ....................(KK) MogaController :: Inside nativeOnKeyEvent 97

android[2] trace: MoGaConTrOlLeR :: ....................(KK) Key Event Key B BBBB .....................

android[2] trace: MoGaConTrOlLeR :: ....................(KK) Key Event Key Down .....................

android[2] trace: MoGaConTrOlLeR :: ....................(KK) Listener Key Press .....................

android[2] trace: MoGaConTrOlLeR :: ....................(KK) AndroidKeyCode :: MogaKeyCode (Start of func) .....................

android[2] trace: MoGaConTrOlLeR :: ....................(KK) AndroidKeyCode :: MogaKeyCode Key Press B .....................

android[2] trace: MoGaConTrOlLeR :: (KK) MogaController :: Inside nativeOnKeyEvent ....................

G6-MOGA key frame=2030 code=97 state=down
android[2] trace: MusicManager::PlayNextTrack() try, fade=true, soundManager.IsInitialized()=true, soundManager.IsUserMusicPlaying()=false

android[2] trace: MusicManager::PlayTrack(): track=published/sounds/music/loading_01.mp3 fade=true

G4-JNI GetEnv version=0x00010002
android[2] trace: MusicManager::PlayNextTrack() try, fade=true, soundManager.IsInitialized()=true, soundManager.IsUserMusicPlaying()=false

android[2] trace: MusicManager::PlayTrack(): track=published/sounds/music/loading_01.mp3 fade=true

G4-JNI GetEnv version=0x00010002
android[2] trace: MusicManager::PlayNextTrack() try, fade=true, soundManager.IsInitialized()=true, soundManager.IsUserMusicPlaying()=false

android[2] trace: MusicManager::PlayTrack(): track=published/sounds/music/loading_01.mp3 fade=true

G4-JNI GetEnv version=0x00010002
android[2] trace: MoGaConTrOlLeR :: ....................(KK) MogaController :: Inside nativeOnKeyEvent 

android[2] trace: ....................(KK) MogaController :: Inside nativeOnKeyEvent 97

android[2] trace: MoGaConTrOlLeR :: ....................(KK) Key Event Key B BBBB .....................

android[2] trace: MoGaConTrOlLeR :: ....................(KK) Key Event Key up .....................

android[2] trace: MoGaConTrOlLeR :: ....................(KK) Listener Key Release .....................

android[2] trace: MoGaConTrOlLeR :: ....................(KK) AndroidKeyCode :: MogaKeyCode (Start of func) .....................

android[2] trace: MoGaConTrOlLeR :: ....................(KK) AndroidKeyCode :: MogaKeyCode Key Press B .....................

android[2] trace: MoGaConTrOlLeR :: (KK) MogaController :: Inside nativeOnKeyEvent ....................

G6-MOGA key frame=2033 code=97 state=up
android[2] trace: MusicManager::PlayNextTrack() try, fade=true, soundManager.IsInitialized()=true, soundManager.IsUserMusicPlaying()=false

android[2] trace: MusicManager::PlayTrack(): track=published/sounds/music/loading_01.mp3 fade=true

G4-JNI GetEnv version=0x00010002
android[2] trace: MusicManager::PlayNextTrack() try, fade=true, soundManager.IsInitialized()=true, soundManager.IsUserMusicPlaying()=false

android[2] trace: MusicManager::PlayTrack(): track=published/sounds/music/loading_01.mp3 fade=true

G4-JNI GetEnv version=0x00010002
android[2] trace: MusicManager::PlayNextTrack() try, fade=true, soundManager.IsInitialized()=true, soundManager.IsUserMusicPlaying()=false

android[2] trace: MusicManager::PlayTrack(): track=published/sounds/music/loading_01.mp3 fade=true

G4-JNI GetEnv version=0x00010002
android[2] trace: MusicManager::PlayNextTrack() try, fade=true, soundManager.IsInitialized()=true, soundManager.IsUserMusicPlaying()=false

android[2] trace: MusicManager::PlayTrack(): track=published/sounds/music/loading_01.mp3 fade=true

G4-JNI GetEnv version=0x00010002
android[2] trace: MusicManager::PlayNextTrack() try, fade=true, soundManager.IsInitialized()=true, soundManager.IsUserMusicPlaying()=false

android[2] trace: MusicManager::PlayTrack(): track=published/sounds/music/loading_01.mp3 fade=true

G4-JNI GetEnv version=0x00010002
android[2] trace: MusicManager::PlayNextTrack() try, fade=true, soundManager.IsInitialized()=true, soundManager.IsUserMusicPlaying()=false

android[2] trace: MusicManager::PlayTrack(): track=published/sounds/music/loading_01.mp3 fade=true

G4-JNI GetEnv version=0x00010002
android[2] trace: MusicManager::PlayNextTrack() try, fade=true, soundManager.IsInitialized()=true, soundManager.IsUserMusicPlaying()=false

android[2] trace: MusicManager::PlayTrack(): track=published/sounds/music/loading_01.mp3 fade=true

G4-JNI GetEnv version=0x00010002
android[2] trace: MusicManager::PlayNextTrack() try, fade=true, soundManager.IsInitialized()=true, soundManager.IsUserMusicPlaying()=false

android[2] trace: MusicManager::PlayTrack(): track=published/sounds/music/loading_01.mp3 fade=true

G4-JNI GetEnv version=0x00010002
android[2] trace: MusicManager::PlayNextTrack() try, fade=true, soundManager.IsInitialized()=true, soundManager.IsUserMusicPlaying()=false

android[2] trace: MusicManager::PlayTrack(): track=published/sounds/music/loading_01.mp3 fade=true

G4-JNI GetEnv version=0x00010002
android[2] trace: MusicManager::PlayNextTrack() try, fade=true, soundManager.IsInitialized()=true, soundManager.IsUserMusicPlaying()=false

android[2] trace: MusicManager::PlayTrack(): track=published/sounds/music/loading_01.mp3 fade=true

G4-JNI GetEnv version=0x00010002
android[2] trace: MusicManager::PlayNextTrack() try, fade=true, soundManager.IsInitialized()=true, soundManager.IsUserMusicPlaying()=false

android[2] trace: MusicManager::PlayTrack(): track=published/sounds/music/loading_01.mp3 fade=true

G4-JNI GetEnv version=0x00010002
android[2] trace: MusicManager::PlayNextTrack() try, fade=true, soundManager.IsInitialized()=true, soundManager.IsUserMusicPlaying()=false

android[2] trace: MusicManager::PlayTrack(): track=published/sounds/music/loading_01.mp3 fade=true

G4-JNI GetEnv version=0x00010002
android[2] trace: MusicManager::PlayNextTrack() try, fade=true, soundManager.IsInitialized()=true, soundManager.IsUserMusicPlaying()=false

android[2] trace: MusicManager::PlayTrack(): track=published/sounds/music/loading_01.mp3 fade=true

G4-JNI GetEnv version=0x00010002
android[2] trace: MusicManager::PlayNextTrack() try, fade=true, soundManager.IsInitialized()=true, soundManager.IsUserMusicPlaying()=false

android[2] trace: MusicManager::PlayTrack(): track=published/sounds/music/loading_01.mp3 fade=true

G4-JNI GetEnv version=0x00010002
android[2] trace: MusicManager::PlayNextTrack() try, fade=true, soundManager.IsInitialized()=true, soundManager.IsUserMusicPlaying()=false

android[2] trace: MusicManager::PlayTrack(): track=published/sounds/music/loading_01.mp3 fade=true

G4-JNI GetEnv version=0x00010002
G4-JNI GetEnv version=0x00010006
android[2] trace: MoGaConTrOlLeR :: ....................(KK) MogaController :: Inside nativeOnKeyEvent 

android[2] trace: ....................(KK) MogaController :: Inside nativeOnKeyEvent 97

android[2] trace: MoGaConTrOlLeR :: ....................(KK) Key Event Key B BBBB .....................

android[2] trace: MoGaConTrOlLeR :: ....................(KK) Key Event Key Down .....................

android[2] trace: MoGaConTrOlLeR :: ....................(KK) Listener Key Press .....................

android[2] trace: MoGaConTrOlLeR :: ....................(KK) AndroidKeyCode :: MogaKeyCode (Start of func) .....................

android[2] trace: MoGaConTrOlLeR :: ....................(KK) AndroidKeyCode :: MogaKeyCode Key Press B .....................

android[2] trace: MoGaConTrOlLeR :: (KK) MogaController :: Inside nativeOnKeyEvent ....................

G6-MOGA key frame=2048 code=97 state=down
android[2] trace: MusicManager::PlayNextTrack() try, fade=true, soundManager.IsInitialized()=true, soundManager.IsUserMusicPlaying()=false

android[2] trace: MusicManager::PlayTrack(): track=published/sounds/music/loading_01.mp3 fade=true

G4-JNI GetEnv version=0x00010002
android[2] trace: MusicManager::PlayNextTrack() try, fade=true, soundManager.IsInitialized()=true, soundManager.IsUserMusicPlaying()=false

android[2] trace: MusicManager::PlayTrack(): track=published/sounds/music/loading_01.mp3 fade=true

G4-JNI GetEnv version=0x00010002
android[2] trace: MusicManager::PlayNextTrack() try, fade=true, soundManager.IsInitialized()=true, soundManager.IsUserMusicPlaying()=false

android[2] trace: MusicManager::PlayTrack(): track=published/sounds/music/loading_01.mp3 fade=true

G4-JNI GetEnv version=0x00010002
android[2] trace: MusicManager::PlayNextTrack() try, fade=true, soundManager.IsInitialized()=true, soundManager.IsUserMusicPlaying()=false

android[2] trace: MusicManager::PlayTrack(): track=published/sounds/music/loading_01.mp3 fade=true

G4-JNI GetEnv version=0x00010002
android[2] trace: MusicManager::PlayNextTrack() try, fade=true, soundManager.IsInitialized()=true, soundManager.IsUserMusicPlaying()=false

android[2] trace: MusicManager::PlayTrack(): track=published/sounds/music/loading_01.mp3 fade=true

G4-JNI GetEnv version=0x00010002
android[2] trace: MusicManager::PlayNextTrack() try, fade=true, soundManager.IsInitialized()=true, soundManager.IsUserMusicPlaying()=false

android[2] trace: MusicManager::PlayTrack(): track=published/sounds/music/loading_01.mp3 fade=true

G4-JNI GetEnv version=0x00010002
android[2] trace: MusicManager::PlayNextTrack() try, fade=true, soundManager.IsInitialized()=true, soundManager.IsUserMusicPlaying()=false

android[2] trace: MusicManager::PlayTrack(): track=published/sounds/music/loading_01.mp3 fade=true

G4-JNI GetEnv version=0x00010002
android[2] trace: MusicManager::PlayNextTrack() try, fade=true, soundManager.IsInitialized()=true, soundManager.IsUserMusicPlaying()=false

android[2] trace: MusicManager::PlayTrack(): track=published/sounds/music/loading_01.mp3 fade=true

G4-JNI GetEnv version=0x00010002
android[2] trace: MusicManager::PlayNextTrack() try, fade=true, soundManager.IsInitialized()=true, soundManager.IsUserMusicPlaying()=false

android[2] trace: MusicManager::PlayTrack(): track=published/sounds/music/loading_01.mp3 fade=true

G4-JNI GetEnv version=0x00010002
android[2] trace: MusicManager::PlayNextTrack() try, fade=true, soundManager.IsInitialized()=true, soundManager.IsUserMusicPlaying()=false

android[2] trace: MusicManager::PlayTrack(): track=published/sounds/music/loading_01.mp3 fade=true

G4-JNI GetEnv version=0x00010002
android[2] trace: MusicManager::PlayNextTrack() try, fade=true, soundManager.IsInitialized()=true, soundManager.IsUserMusicPlaying()=false

android[2] trace: MusicManager::PlayTrack(): track=published/sounds/music/loading_01.mp3 fade=true

G4-JNI GetEnv version=0x00010002
android[2] trace: MoGaConTrOlLeR :: ....................(KK) MogaController :: Inside nativeOnKeyEvent 

android[2] trace: ....................(KK) MogaController :: Inside nativeOnKeyEvent 100

android[2] trace: MoGaConTrOlLeR :: ....................(KK) Key Event Key Y YYYY .....................

android[2] trace: MoGaConTrOlLeR :: ....................(KK) Key Event Key Down .....................

android[2] trace: MoGaConTrOlLeR :: ....................(KK) Listener Key Press .....................

android[2] trace: MoGaConTrOlLeR :: ....................(KK) AndroidKeyCode :: MogaKeyCode (Start of func) .....................

android[2] trace: MoGaConTrOlLeR :: ....................(KK) AndroidKeyCode :: MogaKeyCode Key Press Y .....................

android[2] trace: MoGaConTrOlLeR :: (KK) MogaController :: Inside nativeOnKeyEvent ....................

G6-MOGA key frame=2059 code=100 state=down
android[2] trace: MusicManager::PlayNextTrack() try, fade=true, soundManager.IsInitialized()=true, soundManager.IsUserMusicPlaying()=false

android[2] trace: MusicManager::PlayTrack(): track=published/sounds/music/loading_01.mp3 fade=true

G4-JNI GetEnv version=0x00010002
android[2] trace: MusicManager::PlayNextTrack() try, fade=true, soundManager.IsInitialized()=true, soundManager.IsUserMusicPlaying()=false

android[2] trace: MusicManager::PlayTrack(): track=published/sounds/music/loading_01.mp3 fade=true

G4-JNI GetEnv version=0x00010002
android[2] trace: MusicManager::PlayNextTrack() try, fade=true, soundManager.IsInitialized()=true, soundManager.IsUserMusicPlaying()=false

android[2] trace: MusicManager::PlayTrack(): track=published/sounds/music/loading_01.mp3 fade=true

G4-JNI GetEnv version=0x00010002
android[2] trace: MusicManager::PlayNextTrack() try, fade=true, soundManager.IsInitialized()=true, soundManager.IsUserMusicPlaying()=false

android[2] trace: MusicManager::PlayTrack(): track=published/sounds/music/loading_01.mp3 fade=true

G4-JNI GetEnv version=0x00010002
android[2] trace: MoGaConTrOlLeR :: ....................(KK) MogaController :: Inside nativeOnKeyEvent 

android[2] trace: ....................(KK) MogaController :: Inside nativeOnKeyEvent 97

android[2] trace: MoGaConTrOlLeR :: ....................(KK) Key Event Key B BBBB .....................

android[2] trace: MoGaConTrOlLeR :: ....................(KK) Key Event Key up .....................

android[2] trace: MoGaConTrOlLeR :: ....................(KK) Listener Key Release .....................

android[2] trace: MoGaConTrOlLeR :: ....................(KK) AndroidKeyCode :: MogaKeyCode (Start of func) .....................

android[2] trace: MoGaConTrOlLeR :: ....................(KK) AndroidKeyCode :: MogaKeyCode Key Press B .....................

android[2] trace: MoGaConTrOlLeR :: (KK) MogaController :: Inside nativeOnKeyEvent ....................

G6-MOGA key frame=2063 code=97 state=up
android[2] trace: MusicManager::PlayNextTrack() try, fade=true, soundManager.IsInitialized()=true, soundManager.IsUserMusicPlaying()=false

android[2] trace: MusicManager::PlayTrack(): track=published/sounds/music/loading_01.mp3 fade=true

G4-JNI GetEnv version=0x00010002
android[2] trace: MusicManager::PlayNextTrack() try, fade=true, soundManager.IsInitialized()=true, soundManager.IsUserMusicPlaying()=false

android[2] trace: MusicManager::PlayTrack(): track=published/sounds/music/loading_01.mp3 fade=true

G4-JNI GetEnv version=0x00010002
android[2] trace: MusicManager::PlayNextTrack() try, fade=true, soundManager.IsInitialized()=true, soundManager.IsUserMusicPlaying()=false

android[2] trace: MusicManager::PlayTrack(): track=published/sounds/music/loading_01.mp3 fade=true

G4-JNI GetEnv version=0x00010002
android[2] trace: MusicManager::PlayNextTrack() try, fade=true, soundManager.IsInitialized()=true, soundManager.IsUserMusicPlaying()=false

android[2] trace: MusicManager::PlayTrack(): track=published/sounds/music/loading_01.mp3 fade=true

G4-JNI GetEnv version=0x00010002
android[2] trace: MusicManager::PlayNextTrack() try, fade=true, soundManager.IsInitialized()=true, soundManager.IsUserMusicPlaying()=false

android[2] trace: MusicManager::PlayTrack(): track=published/sounds/music/loading_01.mp3 fade=true

G4-JNI GetEnv version=0x00010002
android[2] trace: MoGaConTrOlLeR :: ....................(KK) MogaController :: Inside nativeOnKeyEvent 

android[2] trace: ....................(KK) MogaController :: Inside nativeOnKeyEvent 100

android[2] trace: MoGaConTrOlLeR :: ....................(KK) Key Event Key Y YYYY .....................

android[2] trace: MoGaConTrOlLeR :: ....................(KK) Key Event Key up .....................

android[2] trace: MoGaConTrOlLeR :: ....................(KK) Listener Key Release .....................

android[2] trace: MoGaConTrOlLeR :: ....................(KK) AndroidKeyCode :: MogaKeyCode (Start of func) .....................

android[2] trace: MoGaConTrOlLeR :: ....................(KK) AndroidKeyCode :: MogaKeyCode Key Press Y .....................

android[2] trace: MoGaConTrOlLeR :: (KK) MogaController :: Inside nativeOnKeyEvent ....................

G6-MOGA key frame=2068 code=100 state=up
android[2] trace: MusicManager::PlayNextTrack() try, fade=true, soundManager.IsInitialized()=true, soundManager.IsUserMusicPlaying()=false

android[2] trace: MusicManager::PlayTrack(): track=published/sounds/music/loading_01.mp3 fade=true

G4-JNI GetEnv version=0x00010002
android[2] trace: MusicManager::PlayNextTrack() try, fade=true, soundManager.IsInitialized()=true, soundManager.IsUserMusicPlaying()=false

android[2] trace: MusicManager::PlayTrack(): track=published/sounds/music/loading_01.mp3 fade=true

G4-JNI GetEnv version=0x00010002
android[2] trace: MusicManager::PlayNextTrack() try, fade=true, soundManager.IsInitialized()=true, soundManager.IsUserMusicPlaying()=false

android[2] trace: MusicManager::PlayTrack(): track=published/sounds/music/loading_01.mp3 fade=true

G4-JNI GetEnv version=0x00010002
android[2] trace: MusicManager::PlayNextTrack() try, fade=true, soundManager.IsInitialized()=true, soundManager.IsUserMusicPlaying()=false

android[2] trace: MusicManager::PlayTrack(): track=published/sounds/music/loading_01.mp3 fade=true

G4-JNI GetEnv version=0x00010002
android[2] trace: MusicManager::PlayNextTrack() try, fade=true, soundManager.IsInitialized()=true, soundManager.IsUserMusicPlaying()=false

android[2] trace: MusicManager::PlayTrack(): track=published/sounds/music/loading_01.mp3 fade=true

G4-JNI GetEnv version=0x00010002
android[2] trace: MusicManager::PlayNextTrack() try, fade=true, soundManager.IsInitialized()=true, soundManager.IsUserMusicPlaying()=false

android[2] trace: MusicManager::PlayTrack(): track=published/sounds/music/loading_01.mp3 fade=true

G4-JNI GetEnv version=0x00010002
android[2] trace: MusicManager::PlayNextTrack() try, fade=true, soundManager.IsInitialized()=true, soundManager.IsUserMusicPlaying()=false

android[2] trace: MusicManager::PlayTrack(): track=published/sounds/music/loading_01.mp3 fade=true

G4-JNI GetEnv version=0x00010002
android[2] trace: MusicManager::PlayNextTrack() try, fade=true, soundManager.IsInitialized()=true, soundManager.IsUserMusicPlaying()=false

android[2] trace: MusicManager::PlayTrack(): track=published/sounds/music/loading_01.mp3 fade=true

G4-JNI GetEnv version=0x00010002
android[2] trace: MusicManager::PlayNextTrack() try, fade=true, soundManager.IsInitialized()=true, soundManager.IsUserMusicPlaying()=false

android[2] trace: MusicManager::PlayTrack(): track=published/sounds/music/loading_01.mp3 fade=true

G4-JNI GetEnv version=0x00010002
android[2] trace: MusicManager::PlayNextTrack() try, fade=true, soundManager.IsInitialized()=true, soundManager.IsUserMusicPlaying()=false

android[2] trace: MusicManager::PlayTrack(): track=published/sounds/music/loading_01.mp3 fade=true

G4-JNI GetEnv version=0x00010002
android[2] trace: MusicManager::PlayNextTrack() try, fade=true, soundManager.IsInitialized()=true, soundManager.IsUserMusicPlaying()=false

android[2] trace: MusicManager::PlayTrack(): track=published/sounds/music/loading_01.mp3 fade=true

G4-JNI GetEnv version=0x00010002
android[2] trace: MusicManager::PlayNextTrack() try, fade=true, soundManager.IsInitialized()=true, soundManager.IsUserMusicPlaying()=false

android[2] trace: MusicManager::PlayTrack(): track=published/sounds/music/loading_01.mp3 fade=true

G4-JNI GetEnv version=0x00010002
android[2] trace: MoGaConTrOlLeR :: ....................(KK) MogaController :: Inside nativeOnKeyEvent 

android[2] trace: ....................(KK) MogaController :: Inside nativeOnKeyEvent 99

android[2] trace: MoGaConTrOlLeR :: ....................(KK) Key Event Key X XXXX .....................

android[2] trace: MoGaConTrOlLeR :: ....................(KK) Key Event Key Down .....................

android[2] trace: MoGaConTrOlLeR :: ....................(KK) Listener Key Press .....................

android[2] trace: MoGaConTrOlLeR :: ....................(KK) AndroidKeyCode :: MogaKeyCode (Start of func) .....................

android[2] trace: MoGaConTrOlLeR :: ....................(KK) AndroidKeyCode :: MogaKeyCode Key Press X .....................

android[2] trace: MoGaConTrOlLeR :: (KK) MogaController :: Inside nativeOnKeyEvent ....................

G6-MOGA key frame=2080 code=99 state=down
android[2] trace: MusicManager::PlayNextTrack() try, fade=true, soundManager.IsInitialized()=true, soundManager.IsUserMusicPlaying()=false

android[2] trace: MusicManager::PlayTrack(): track=published/sounds/music/loading_01.mp3 fade=true

G4-JNI GetEnv version=0x00010002
android[2] trace: MusicManager::PlayNextTrack() try, fade=true, soundManager.IsInitialized()=true, soundManager.IsUserMusicPlaying()=false

android[2] trace: MusicManager::PlayTrack(): track=published/sounds/music/loading_01.mp3 fade=true

G4-JNI GetEnv version=0x00010002
android[2] trace: MusicManager::PlayNextTrack() try, fade=true, soundManager.IsInitialized()=true, soundManager.IsUserMusicPlaying()=false

android[2] trace: MusicManager::PlayTrack(): track=published/sounds/music/loading_01.mp3 fade=true

G4-JNI GetEnv version=0x00010002
android[2] trace: MusicManager::PlayNextTrack() try, fade=true, soundManager.IsInitialized()=true, soundManager.IsUserMusicPlaying()=false

android[2] trace: MusicManager::PlayTrack(): track=published/sounds/music/loading_01.mp3 fade=true

G4-JNI GetEnv version=0x00010002
android[2] trace: MusicManager::PlayNextTrack() try, fade=true, soundManager.IsInitialized()=true, soundManager.IsUserMusicPlaying()=false

android[2] trace: MusicManager::PlayTrack(): track=published/sounds/music/loading_01.mp3 fade=true

G4-JNI GetEnv version=0x00010002
android[2] trace: MusicManager::PlayNextTrack() try, fade=true, soundManager.IsInitialized()=true, soundManager.IsUserMusicPlaying()=false

android[2] trace: MusicManager::PlayTrack(): track=published/sounds/music/loading_01.mp3 fade=true

G4-JNI GetEnv version=0x00010002
android[2] trace: MusicManager::PlayNextTrack() try, fade=true, soundManager.IsInitialized()=true, soundManager.IsUserMusicPlaying()=false

android[2] trace: MusicManager::PlayTrack(): track=published/sounds/music/loading_01.mp3 fade=true

G4-JNI GetEnv version=0x00010002
android[2] trace: MusicManager::PlayNextTrack() try, fade=true, soundManager.IsInitialized()=true, soundManager.IsUserMusicPlaying()=false

android[2] trace: MusicManager::PlayTrack(): track=published/sounds/music/loading_01.mp3 fade=true

G4-JNI GetEnv version=0x00010002
android[2] trace: MusicManager::PlayNextTrack() try, fade=true, soundManager.IsInitialized()=true, soundManager.IsUserMusicPlaying()=false

android[2] trace: MusicManager::PlayTrack(): track=published/sounds/music/loading_01.mp3 fade=true

G4-JNI GetEnv version=0x00010002
android[2] trace: MusicManager::PlayNextTrack() try, fade=true, soundManager.IsInitialized()=true, soundManager.IsUserMusicPlaying()=false

android[2] trace: MusicManager::PlayTrack(): track=published/sounds/music/loading_01.mp3 fade=true

G4-JNI GetEnv version=0x00010002
android[2] trace: MusicManager::PlayNextTrack() try, fade=true, soundManager.IsInitialized()=true, soundManager.IsUserMusicPlaying()=false

android[2] trace: MusicManager::PlayTrack(): track=published/sounds/music/loading_01.mp3 fade=true

G4-JNI GetEnv version=0x00010002
android[2] trace: MusicManager::PlayNextTrack() try, fade=true, soundManager.IsInitialized()=true, soundManager.IsUserMusicPlaying()=false

android[2] trace: MusicManager::PlayTrack(): track=published/sounds/music/loading_01.mp3 fade=true

G4-JNI GetEnv version=0x00010002
android[2] trace: MoGaConTrOlLeR :: ....................(KK) MogaController :: Inside nativeOnKeyEvent 

android[2] trace: ....................(KK) MogaController :: Inside nativeOnKeyEvent 99

android[2] trace: MoGaConTrOlLeR :: ....................(KK) Key Event Key X XXXX .....................

android[2] trace: MoGaConTrOlLeR :: ....................(KK) Key Event Key up .....................

android[2] trace: MoGaConTrOlLeR :: ....................(KK) Listener Key Release .....................

android[2] trace: MoGaConTrOlLeR :: ....................(KK) AndroidKeyCode :: MogaKeyCode (Start of func) .....................

android[2] trace: MoGaConTrOlLeR :: ....................(KK) AndroidKeyCode :: MogaKeyCode Key Press X .....................

android[2] trace: MoGaConTrOlLeR :: (KK) MogaController :: Inside nativeOnKeyEvent ....................

G6-MOGA key frame=2092 code=99 state=up
android[2] trace: MusicManager::PlayNextTrack() try, fade=true, soundManager.IsInitialized()=true, soundManager.IsUserMusicPlaying()=false

android[2] trace: MusicManager::PlayTrack(): track=published/sounds/music/loading_01.mp3 fade=true

G4-JNI GetEnv version=0x00010002
android[2] trace: MusicManager::PlayNextTrack() try, fade=true, soundManager.IsInitialized()=true, soundManager.IsUserMusicPlaying()=false

android[2] trace: MusicManager::PlayTrack(): track=published/sounds/music/loading_01.mp3 fade=true

G4-JNI GetEnv version=0x00010002
android[2] trace: MusicManager::PlayNextTrack() try, fade=true, soundManager.IsInitialized()=true, soundManager.IsUserMusicPlaying()=false

android[2] trace: MusicManager::PlayTrack(): track=published/sounds/music/loading_01.mp3 fade=true

G4-JNI GetEnv version=0x00010002
android[2] trace: MusicManager::PlayNextTrack() try, fade=true, soundManager.IsInitialized()=true, soundManager.IsUserMusicPlaying()=false

android[2] trace: MusicManager::PlayTrack(): track=published/sounds/music/loading_01.mp3 fade=true

G4-JNI GetEnv version=0x00010002
android[2] trace: MusicManager::PlayNextTrack() try, fade=true, soundManager.IsInitialized()=true, soundManager.IsUserMusicPlaying()=false

android[2] trace: MusicManager::PlayTrack(): track=published/sounds/music/loading_01.mp3 fade=true

G4-JNI GetEnv version=0x00010002
android[2] trace: MusicManager::PlayNextTrack() try, fade=true, soundManager.IsInitialized()=true, soundManager.IsUserMusicPlaying()=false

android[2] trace: MusicManager::PlayTrack(): track=published/sounds/music/loading_01.mp3 fade=true

G4-JNI GetEnv version=0x00010002
android[2] trace: MusicManager::PlayNextTrack() try, fade=true, soundManager.IsInitialized()=true, soundManager.IsUserMusicPlaying()=false

android[2] trace: MusicManager::PlayTrack(): track=published/sounds/music/loading_01.mp3 fade=true

G4-JNI GetEnv version=0x00010002
android[2] trace: MusicManager::PlayNextTrack() try, fade=true, soundManager.IsInitialized()=true, soundManager.IsUserMusicPlaying()=false

android[2] trace: MusicManager::PlayTrack(): track=published/sounds/music/loading_01.mp3 fade=true

G4-JNI GetEnv version=0x00010002
G7-FRAME enter=2100
android[2] trace: MusicManager::PlayNextTrack() try, fade=true, soundManager.IsInitialized()=true, soundManager.IsUserMusicPlaying()=false

android[2] trace: MusicManager::PlayTrack(): track=published/sounds/music/loading_01.mp3 fade=true

G4-JNI GetEnv version=0x00010002
G7-FRAME leave=2100
android[2] trace: MusicManager::PlayNextTrack() try, fade=true, soundManager.IsInitialized()=true, soundManager.IsUserMusicPlaying()=false

android[2] trace: MusicManager::PlayTrack(): track=published/sounds/music/loading_01.mp3 fade=true

G4-JNI GetEnv version=0x00010002
android[2] trace: MusicManager::PlayNextTrack() try, fade=true, soundManager.IsInitialized()=true, soundManager.IsUserMusicPlaying()=false

android[2] trace: MusicManager::PlayTrack(): track=published/sounds/music/loading_01.mp3 fade=true

G4-JNI GetEnv version=0x00010002
android[2] trace: MusicManager::PlayNextTrack() try, fade=true, soundManager.IsInitialized()=true, soundManager.IsUserMusicPlaying()=false

android[2] trace: MusicManager::PlayTrack(): track=published/sounds/music/loading_01.mp3 fade=true

G4-JNI GetEnv version=0x00010002
android[2] trace: MusicManager::PlayNextTrack() try, fade=true, soundManager.IsInitialized()=true, soundManager.IsUserMusicPlaying()=false

android[2] trace: MusicManager::PlayTrack(): track=published/sounds/music/loading_01.mp3 fade=true

G4-JNI GetEnv version=0x00010002
android[2] trace: MusicManager::PlayNextTrack() try, fade=true, soundManager.IsInitialized()=true, soundManager.IsUserMusicPlaying()=false

android[2] trace: MusicManager::PlayTrack(): track=published/sounds/music/loading_01.mp3 fade=true

G4-JNI GetEnv version=0x00010002
android[2] trace: MusicManager::PlayNextTrack() try, fade=true, soundManager.IsInitialized()=true, soundManager.IsUserMusicPlaying()=false

android[2] trace: MusicManager::PlayTrack(): track=published/sounds/music/loading_01.mp3 fade=true

G4-JNI GetEnv version=0x00010002
android[2] trace: MusicManager::PlayNextTrack() try, fade=true, soundManager.IsInitialized()=true, soundManager.IsUserMusicPlaying()=false

android[2] trace: MusicManager::PlayTrack(): track=published/sounds/music/loading_01.mp3 fade=true

G4-JNI GetEnv version=0x00010002
android[2] trace: MusicManager::PlayNextTrack() try, fade=true, soundManager.IsInitialized()=true, soundManager.IsUserMusicPlaying()=false

android[2] trace: MusicManager::PlayTrack(): track=published/sounds/music/loading_01.mp3 fade=true

G4-JNI GetEnv version=0x00010002
android[2] trace: MusicManager::PlayNextTrack() try, fade=true, soundManager.IsInitialized()=true, soundManager.IsUserMusicPlaying()=false

android[2] trace: MusicManager::PlayTrack(): track=published/sounds/music/loading_01.mp3 fade=true

G4-JNI GetEnv version=0x00010002
android[2] trace: MusicManager::PlayNextTrack() try, fade=true, soundManager.IsInitialized()=true, soundManager.IsUserMusicPlaying()=false

android[2] trace: MusicManager::PlayTrack(): track=published/sounds/music/loading_01.mp3 fade=true

G4-JNI GetEnv version=0x00010002
android[2] trace: MusicManager::PlayNextTrack() try, fade=true, soundManager.IsInitialized()=true, soundManager.IsUserMusicPlaying()=false

android[2] trace: MusicManager::PlayTrack(): track=published/sounds/music/loading_01.mp3 fade=true

G4-JNI GetEnv version=0x00010002
android[2] trace: MusicManager::PlayNextTrack() try, fade=true, soundManager.IsInitialized()=true, soundManager.IsUserMusicPlaying()=false

android[2] trace: MusicManager::PlayTrack(): track=published/sounds/music/loading_01.mp3 fade=true

G4-JNI GetEnv version=0x00010002
android[2] trace: MusicManager::PlayNextTrack() try, fade=true, soundManager.IsInitialized()=true, soundManager.IsUserMusicPlaying()=false

android[2] trace: MusicManager::PlayTrack(): track=published/sounds/music/loading_01.mp3 fade=true

G4-JNI GetEnv version=0x00010002
android[2] trace: MusicManager::PlayNextTrack() try, fade=true, soundManager.IsInitialized()=true, soundManager.IsUserMusicPlaying()=false

android[2] trace: MusicManager::PlayTrack(): track=published/sounds/music/loading_01.mp3 fade=true

G4-JNI GetEnv version=0x00010002
android[2] trace: MoGaConTrOlLeR :: ....................(KK) MogaController :: Inside nativeOnKeyEvent 

android[2] trace: ....................(KK) MogaController :: Inside nativeOnKeyEvent 108

android[2] trace: MoGaConTrOlLeR :: ....................(KK) Key Event Key Start TTTT .....................

android[2] trace: MoGaConTrOlLeR :: ....................(KK) Key Event Key Down .....................

android[2] trace: MoGaConTrOlLeR :: ....................(KK) Listener Key Press .....................

android[2] trace: MoGaConTrOlLeR :: ....................(KK) AndroidKeyCode :: MogaKeyCode (Start of func) .....................

android[2] trace: MoGaConTrOlLeR :: ....................(KK) AndroidKeyCode :: MogaKeyCode Key Press Start(KeyB) .....................

android[2] trace: MoGaConTrOlLeR :: (KK) MogaController :: Inside nativeOnKeyEvent ....................

G6-MOGA key frame=2115 code=108 state=down
android[2] trace: MusicManager::PlayNextTrack() try, fade=true, soundManager.IsInitialized()=true, soundManager.IsUserMusicPlaying()=false

android[2] trace: MusicManager::PlayTrack(): track=published/sounds/music/loading_01.mp3 fade=true

G4-JNI GetEnv version=0x00010002
android[2] trace: MusicManager::PlayNextTrack() try, fade=true, soundManager.IsInitialized()=true, soundManager.IsUserMusicPlaying()=false

android[2] trace: MusicManager::PlayTrack(): track=published/sounds/music/loading_01.mp3 fade=true

G4-JNI GetEnv version=0x00010002
android[2] trace: MusicManager::PlayNextTrack() try, fade=true, soundManager.IsInitialized()=true, soundManager.IsUserMusicPlaying()=false

android[2] trace: MusicManager::PlayTrack(): track=published/sounds/music/loading_01.mp3 fade=true

G4-JNI GetEnv version=0x00010002
android[2] trace: MusicManager::PlayNextTrack() try, fade=true, soundManager.IsInitialized()=true, soundManager.IsUserMusicPlaying()=false

android[2] trace: MusicManager::PlayTrack(): track=published/sounds/music/loading_01.mp3 fade=true

G4-JNI GetEnv version=0x00010002
android[2] trace: MusicManager::PlayNextTrack() try, fade=true, soundManager.IsInitialized()=true, soundManager.IsUserMusicPlaying()=false

android[2] trace: MusicManager::PlayTrack(): track=published/sounds/music/loading_01.mp3 fade=true

G4-JNI GetEnv version=0x00010002
android[2] trace: MusicManager::PlayNextTrack() try, fade=true, soundManager.IsInitialized()=true, soundManager.IsUserMusicPlaying()=false

android[2] trace: MusicManager::PlayTrack(): track=published/sounds/music/loading_01.mp3 fade=true

G4-JNI GetEnv version=0x00010002
android[2] trace: MusicManager::PlayNextTrack() try, fade=true, soundManager.IsInitialized()=true, soundManager.IsUserMusicPlaying()=false

android[2] trace: MusicManager::PlayTrack(): track=published/sounds/music/loading_01.mp3 fade=true

G4-JNI GetEnv version=0x00010002
android[2] trace: MusicManager::PlayNextTrack() try, fade=true, soundManager.IsInitialized()=true, soundManager.IsUserMusicPlaying()=false

android[2] trace: MusicManager::PlayTrack(): track=published/sounds/music/loading_01.mp3 fade=true

G4-JNI GetEnv version=0x00010002
android[2] trace: MusicManager::PlayNextTrack() try, fade=true, soundManager.IsInitialized()=true, soundManager.IsUserMusicPlaying()=false

android[2] trace: MusicManager::PlayTrack(): track=published/sounds/music/loading_01.mp3 fade=true

G4-JNI GetEnv version=0x00010002
android[2] trace: MusicManager::PlayNextTrack() try, fade=true, soundManager.IsInitialized()=true, soundManager.IsUserMusicPlaying()=false

android[2] trace: MusicManager::PlayTrack(): track=published/sounds/music/loading_01.mp3 fade=true

G4-JNI GetEnv version=0x00010002
android[2] trace: MusicManager::PlayNextTrack() try, fade=true, soundManager.IsInitialized()=true, soundManager.IsUserMusicPlaying()=false

android[2] trace: MusicManager::PlayTrack(): track=published/sounds/music/loading_01.mp3 fade=true

G4-JNI GetEnv version=0x00010002
android[2] trace: MusicManager::PlayNextTrack() try, fade=true, soundManager.IsInitialized()=true, soundManager.IsUserMusicPlaying()=false

android[2] trace: MusicManager::PlayTrack(): track=published/sounds/music/loading_01.mp3 fade=true

G4-JNI GetEnv version=0x00010002
android[2] trace: MoGaConTrOlLeR :: ....................(KK) MogaController :: Inside nativeOnKeyEvent 

android[2] trace: ....................(KK) MogaController :: Inside nativeOnKeyEvent 108

android[2] trace: MoGaConTrOlLeR :: ....................(KK) Key Event Key Start TTTT .....................

android[2] trace: MoGaConTrOlLeR :: ....................(KK) Key Event Key up .....................

android[2] trace: MoGaConTrOlLeR :: ....................(KK) Listener Key Release .....................

android[2] trace: MoGaConTrOlLeR :: ....................(KK) AndroidKeyCode :: MogaKeyCode (Start of func) .....................

android[2] trace: MoGaConTrOlLeR :: ....................(KK) AndroidKeyCode :: MogaKeyCode Key Press Start(KeyB) .....................

android[2] trace: MoGaConTrOlLeR :: (KK) MogaController :: Inside nativeOnKeyEvent ....................

G6-MOGA key frame=2127 code=108 state=up
android[2] trace: MusicManager::PlayNextTrack() try, fade=true, soundManager.IsInitialized()=true, soundManager.IsUserMusicPlaying()=false

android[2] trace: MusicManager::PlayTrack(): track=published/sounds/music/loading_01.mp3 fade=true

G4-JNI GetEnv version=0x00010002
android[2] trace: MusicManager::PlayNextTrack() try, fade=true, soundManager.IsInitialized()=true, soundManager.IsUserMusicPlaying()=false

android[2] trace: MusicManager::PlayTrack(): track=published/sounds/music/loading_01.mp3 fade=true

G4-JNI GetEnv version=0x00010002
android[2] trace: MusicManager::PlayNextTrack() try, fade=true, soundManager.IsInitialized()=true, soundManager.IsUserMusicPlaying()=false

android[2] trace: MusicManager::PlayTrack(): track=published/sounds/music/loading_01.mp3 fade=true

G4-JNI GetEnv version=0x00010002
android[2] trace: MusicManager::PlayNextTrack() try, fade=true, soundManager.IsInitialized()=true, soundManager.IsUserMusicPlaying()=false

android[2] trace: MusicManager::PlayTrack(): track=published/sounds/music/loading_01.mp3 fade=true

G4-JNI GetEnv version=0x00010002
android[2] trace: MusicManager::PlayNextTrack() try, fade=true, soundManager.IsInitialized()=true, soundManager.IsUserMusicPlaying()=false

android[2] trace: MusicManager::PlayTrack(): track=published/sounds/music/loading_01.mp3 fade=true

G4-JNI GetEnv version=0x00010002
android[2] trace: MusicManager::PlayNextTrack() try, fade=true, soundManager.IsInitialized()=true, soundManager.IsUserMusicPlaying()=false

android[2] trace: MusicManager::PlayTrack(): track=published/sounds/music/loading_01.mp3 fade=true

G4-JNI GetEnv version=0x00010002
android[2] trace: MusicManager::PlayNextTrack() try, fade=true, soundManager.IsInitialized()=true, soundManager.IsUserMusicPlaying()=false

android[2] trace: MusicManager::PlayTrack(): track=published/sounds/music/loading_01.mp3 fade=true

G4-JNI GetEnv version=0x00010002
android[2] trace: MusicManager::PlayNextTrack() try, fade=true, soundManager.IsInitialized()=true, soundManager.IsUserMusicPlaying()=false

android[2] trace: MusicManager::PlayTrack(): track=published/sounds/music/loading_01.mp3 fade=true

G4-JNI GetEnv version=0x00010002
android[2] trace: MusicManager::PlayNextTrack() try, fade=true, soundManager.IsInitialized()=true, soundManager.IsUserMusicPlaying()=false

android[2] trace: MusicManager::PlayTrack(): track=published/sounds/music/loading_01.mp3 fade=true

G4-JNI GetEnv version=0x00010002
android[2] trace: MusicManager::PlayNextTrack() try, fade=true, soundManager.IsInitialized()=true, soundManager.IsUserMusicPlaying()=false

android[2] trace: MusicManager::PlayTrack(): track=published/sounds/music/loading_01.mp3 fade=true

G4-JNI GetEnv version=0x00010002
android[2] trace: MusicManager::PlayNextTrack() try, fade=true, soundManager.IsInitialized()=true, soundManager.IsUserMusicPlaying()=false

android[2] trace: MusicManager::PlayTrack(): track=published/sounds/music/loading_01.mp3 fade=true

G4-JNI GetEnv version=0x00010002
android[2] trace: MusicManager::PlayNextTrack() try, fade=true, soundManager.IsInitialized()=true, soundManager.IsUserMusicPlaying()=false

android[2] trace: MusicManager::PlayTrack(): track=published/sounds/music/loading_01.mp3 fade=true

G4-JNI GetEnv version=0x00010002
android[2] trace: MusicManager::PlayNextTrack() try, fade=true, soundManager.IsInitialized()=true, soundManager.IsUserMusicPlaying()=false

android[2] trace: MusicManager::PlayTrack(): track=published/sounds/music/loading_01.mp3 fade=true

G4-JNI GetEnv version=0x00010002
android[2] trace: MusicManager::PlayNextTrack() try, fade=true, soundManager.IsInitialized()=true, soundManager.IsUserMusicPlaying()=false

android[2] trace: MusicManager::PlayTrack(): track=published/sounds/music/loading_01.mp3 fade=true

G4-JNI GetEnv version=0x00010002
android[2] trace: MusicManager::PlayNextTrack() try, fade=true, soundManager.IsInitialized()=true, soundManager.IsUserMusicPlaying()=false

android[2] trace: MusicManager::PlayTrack(): track=published/sounds/music/loading_01.mp3 fade=true

G4-JNI GetEnv version=0x00010002
android[2] trace: MusicManager::PlayNextTrack() try, fade=true, soundManager.IsInitialized()=true, soundManager.IsUserMusicPlaying()=false

android[2] trace: MusicManager::PlayTrack(): track=published/sounds/music/loading_01.mp3 fade=true

G4-JNI GetEnv version=0x00010002
android[2] trace: MusicManager::PlayNextTrack() try, fade=true, soundManager.IsInitialized()=true, soundManager.IsUserMusicPlaying()=false

android[2] trace: MusicManager::PlayTrack(): track=published/sounds/music/loading_01.mp3 fade=true

G4-JNI GetEnv version=0x00010002
android[2] trace: MusicManager::PlayNextTrack() try, fade=true, soundManager.IsInitialized()=true, soundManager.IsUserMusicPlaying()=false

android[2] trace: MusicManager::PlayTrack(): track=published/sounds/music/loading_01.mp3 fade=true

G4-JNI GetEnv version=0x00010002
android[2] trace: MusicManager::PlayNextTrack() try, fade=true, soundManager.IsInitialized()=true, soundManager.IsUserMusicPlaying()=false

android[2] trace: MusicManager::PlayTrack(): track=published/sounds/music/loading_01.mp3 fade=true

G4-JNI GetEnv version=0x00010002
android[2] trace: MusicManager::PlayNextTrack() try, fade=true, soundManager.IsInitialized()=true, soundManager.IsUserMusicPlaying()=false

android[2] trace: MusicManager::PlayTrack(): track=published/sounds/music/loading_01.mp3 fade=true

G4-JNI GetEnv version=0x00010002
android[2] trace: MusicManager::PlayNextTrack() try, fade=true, soundManager.IsInitialized()=true, soundManager.IsUserMusicPlaying()=false

android[2] trace: MusicManager::PlayTrack(): track=published/sounds/music/loading_01.mp3 fade=true

G4-JNI GetEnv version=0x00010002
android[2] trace: MusicManager::PlayNextTrack() try, fade=true, soundManager.IsInitialized()=true, soundManager.IsUserMusicPlaying()=false

android[2] trace: MusicManager::PlayTrack(): track=published/sounds/music/loading_01.mp3 fade=true

G4-JNI GetEnv version=0x00010002
android[2] trace: MusicManager::PlayNextTrack() try, fade=true, soundManager.IsInitialized()=true, soundManager.IsUserMusicPlaying()=false

android[2] trace: MusicManager::PlayTrack(): track=published/sounds/music/loading_01.mp3 fade=true

G4-JNI GetEnv version=0x00010002
android[2] trace: MusicManager::PlayNextTrack() try, fade=true, soundManager.IsInitialized()=true, soundManager.IsUserMusicPlaying()=false

android[2] trace: MusicManager::PlayTrack(): track=published/sounds/music/loading_01.mp3 fade=true

G4-JNI GetEnv version=0x00010002
android[2] trace: MusicManager::PlayNextTrack() try, fade=true, soundManager.IsInitialized()=true, soundManager.IsUserMusicPlaying()=false

android[2] trace: MusicManager::PlayTrack(): track=published/sounds/music/loading_01.mp3 fade=true

G4-JNI GetEnv version=0x00010002
android[2] trace: MusicManager::PlayNextTrack() try, fade=true, soundManager.IsInitialized()=true, soundManager.IsUserMusicPlaying()=false

android[2] trace: MusicManager::PlayTrack(): track=published/sounds/music/loading_01.mp3 fade=true

G4-JNI GetEnv version=0x00010002
android[2] trace: MusicManager::PlayNextTrack() try, fade=true, soundManager.IsInitialized()=true, soundManager.IsUserMusicPlaying()=false

android[2] trace: MusicManager::PlayTrack(): track=published/sounds/music/loading_01.mp3 fade=true

G4-JNI GetEnv version=0x00010002
android[2] trace: MusicManager::PlayNextTrack() try, fade=true, soundManager.IsInitialized()=true, soundManager.IsUserMusicPlaying()=false

android[2] trace: MusicManager::PlayTrack(): track=published/sounds/music/loading_01.mp3 fade=true

G4-JNI GetEnv version=0x00010002
android[2] trace: MusicManager::PlayNextTrack() try, fade=true, soundManager.IsInitialized()=true, soundManager.IsUserMusicPlaying()=false

android[2] trace: MusicManager::PlayTrack(): track=published/sounds/music/loading_01.mp3 fade=true

G4-JNI GetEnv version=0x00010002
android[2] trace: MusicManager::PlayNextTrack() try, fade=true, soundManager.IsInitialized()=true, soundManager.IsUserMusicPlaying()=false

android[2] trace: MusicManager::PlayTrack(): track=published/sounds/music/loading_01.mp3 fade=true

G4-JNI GetEnv version=0x00010002
android[2] trace: MusicManager::PlayNextTrack() try, fade=true, soundManager.IsInitialized()=true, soundManager.IsUserMusicPlaying()=false

android[2] trace: MusicManager::PlayTrack(): track=published/sounds/music/loading_01.mp3 fade=true

G4-JNI GetEnv version=0x00010002
android[2] trace: MusicManager::PlayNextTrack() try, fade=true, soundManager.IsInitialized()=true, soundManager.IsUserMusicPlaying()=false

android[2] trace: MusicManager::PlayTrack(): track=published/sounds/music/loading_01.mp3 fade=true

G4-JNI GetEnv version=0x00010002
android[2] trace: MusicManager::PlayNextTrack() try, fade=true, soundManager.IsInitialized()=true, soundManager.IsUserMusicPlaying()=false

android[2] trace: MusicManager::PlayTrack(): track=published/sounds/music/loading_01.mp3 fade=true

G4-JNI GetEnv version=0x00010002
android[2] trace: MusicManager::PlayNextTrack() try, fade=true, soundManager.IsInitialized()=true, soundManager.IsUserMusicPlaying()=false

android[2] trace: MusicManager::PlayTrack(): track=published/sounds/music/loading_01.mp3 fade=true

G4-JNI GetEnv version=0x00010002
android[2] trace: MusicManager::PlayNextTrack() try, fade=true, soundManager.IsInitialized()=true, soundManager.IsUserMusicPlaying()=false

android[2] trace: MusicManager::PlayTrack(): track=published/sounds/music/loading_01.mp3 fade=true

G4-JNI GetEnv version=0x00010002
android[2] trace: MusicManager::PlayNextTrack() try, fade=true, soundManager.IsInitialized()=true, soundManager.IsUserMusicPlaying()=false

android[2] trace: MusicManager::PlayTrack(): track=published/sounds/music/loading_01.mp3 fade=true

G4-JNI GetEnv version=0x00010002
android[2] trace: MusicManager::PlayNextTrack() try, fade=true, soundManager.IsInitialized()=true, soundManager.IsUserMusicPlaying()=false

android[2] trace: MusicManager::PlayTrack(): track=published/sounds/music/loading_01.mp3 fade=true

G4-JNI GetEnv version=0x00010002
android[2] trace: MusicManager::PlayNextTrack() try, fade=true, soundManager.IsInitialized()=true, soundManager.IsUserMusicPlaying()=false

android[2] trace: MusicManager::PlayTrack(): track=published/sounds/music/loading_01.mp3 fade=true

G4-JNI GetEnv version=0x00010002
android[2] trace: MusicManager::PlayNextTrack() try, fade=true, soundManager.IsInitialized()=true, soundManager.IsUserMusicPlaying()=false

android[2] trace: MusicManager::PlayTrack(): track=published/sounds/music/loading_01.mp3 fade=true

G4-JNI GetEnv version=0x00010002
android[2] trace: MusicManager::PlayNextTrack() try, fade=true, soundManager.IsInitialized()=true, soundManager.IsUserMusicPlaying()=false

android[2] trace: MusicManager::PlayTrack(): track=published/sounds/music/loading_01.mp3 fade=true

G4-JNI GetEnv version=0x00010002
android[2] trace: MusicManager::PlayNextTrack() try, fade=true, soundManager.IsInitialized()=true, soundManager.IsUserMusicPlaying()=false

android[2] trace: MusicManager::PlayTrack(): track=published/sounds/music/loading_01.mp3 fade=true

G4-JNI GetEnv version=0x00010002
android[2] trace: MusicManager::PlayNextTrack() try, fade=true, soundManager.IsInitialized()=true, soundManager.IsUserMusicPlaying()=false

android[2] trace: MusicManager::PlayTrack(): track=published/sounds/music/loading_01.mp3 fade=true

G4-JNI GetEnv version=0x00010002
android[2] trace: MusicManager::PlayNextTrack() try, fade=true, soundManager.IsInitialized()=true, soundManager.IsUserMusicPlaying()=false

android[2] trace: MusicManager::PlayTrack(): track=published/sounds/music/loading_01.mp3 fade=true

G4-JNI GetEnv version=0x00010002
android[2] trace: MusicManager::PlayNextTrack() try, fade=true, soundManager.IsInitialized()=true, soundManager.IsUserMusicPlaying()=false

android[2] trace: MusicManager::PlayTrack(): track=published/sounds/music/loading_01.mp3 fade=true

G4-JNI GetEnv version=0x00010002
android[2] trace: MusicManager::PlayNextTrack() try, fade=true, soundManager.IsInitialized()=true, soundManager.IsUserMusicPlaying()=false

android[2] trace: MusicManager::PlayTrack(): track=published/sounds/music/loading_01.mp3 fade=true

G4-JNI GetEnv version=0x00010002
android[2] trace: MusicManager::PlayNextTrack() try, fade=true, soundManager.IsInitialized()=true, soundManager.IsUserMusicPlaying()=false

android[2] trace: MusicManager::PlayTrack(): track=published/sounds/music/loading_01.mp3 fade=true

G4-JNI GetEnv version=0x00010002
android[2] trace: MusicManager::PlayNextTrack() try, fade=true, soundManager.IsInitialized()=true, soundManager.IsUserMusicPlaying()=false

android[2] trace: MusicManager::PlayTrack(): track=published/sounds/music/loading_01.mp3 fade=true

G4-JNI GetEnv version=0x00010002
android[2] trace: MusicManager::PlayNextTrack() try, fade=true, soundManager.IsInitialized()=true, soundManager.IsUserMusicPlaying()=false

android[2] trace: MusicManager::PlayTrack(): track=published/sounds/music/loading_01.mp3 fade=true

G4-JNI GetEnv version=0x00010002
android[2] trace: MusicManager::PlayNextTrack() try, fade=true, soundManager.IsInitialized()=true, soundManager.IsUserMusicPlaying()=false

android[2] trace: MusicManager::PlayTrack(): track=published/sounds/music/loading_01.mp3 fade=true

G4-JNI GetEnv version=0x00010002
android[2] trace: MusicManager::PlayNextTrack() try, fade=true, soundManager.IsInitialized()=true, soundManager.IsUserMusicPlaying()=false

android[2] trace: MusicManager::PlayTrack(): track=published/sounds/music/loading_01.mp3 fade=true

G4-JNI GetEnv version=0x00010002
android[2] trace: MusicManager::PlayNextTrack() try, fade=true, soundManager.IsInitialized()=true, soundManager.IsUserMusicPlaying()=false

android[2] trace: MusicManager::PlayTrack(): track=published/sounds/music/loading_01.mp3 fade=true

G4-JNI GetEnv version=0x00010002
android[2] trace: MusicManager::PlayNextTrack() try, fade=true, soundManager.IsInitialized()=true, soundManager.IsUserMusicPlaying()=false

android[2] trace: MusicManager::PlayTrack(): track=published/sounds/music/loading_01.mp3 fade=true

G4-JNI GetEnv version=0x00010002
android[2] trace: MusicManager::PlayNextTrack() try, fade=true, soundManager.IsInitialized()=true, soundManager.IsUserMusicPlaying()=false

android[2] trace: MusicManager::PlayTrack(): track=published/sounds/music/loading_01.mp3 fade=true

G4-JNI GetEnv version=0x00010002
android[2] trace: MusicManager::PlayNextTrack() try, fade=true, soundManager.IsInitialized()=true, soundManager.IsUserMusicPlaying()=false

android[2] trace: MusicManager::PlayTrack(): track=published/sounds/music/loading_01.mp3 fade=true

G4-JNI GetEnv version=0x00010002
android[2] trace: MusicManager::PlayNextTrack() try, fade=true, soundManager.IsInitialized()=true, soundManager.IsUserMusicPlaying()=false

android[2] trace: MusicManager::PlayTrack(): track=published/sounds/music/loading_01.mp3 fade=true

G4-JNI GetEnv version=0x00010002
android[2] trace: MusicManager::PlayNextTrack() try, fade=true, soundManager.IsInitialized()=true, soundManager.IsUserMusicPlaying()=false

android[2] trace: MusicManager::PlayTrack(): track=published/sounds/music/loading_01.mp3 fade=true

G4-JNI GetEnv version=0x00010002
android[2] trace: MusicManager::PlayNextTrack() try, fade=true, soundManager.IsInitialized()=true, soundManager.IsUserMusicPlaying()=false

android[2] trace: MusicManager::PlayTrack(): track=published/sounds/music/loading_01.mp3 fade=true

G4-JNI GetEnv version=0x00010002
android[2] trace: MusicManager::PlayNextTrack() try, fade=true, soundManager.IsInitialized()=true, soundManager.IsUserMusicPlaying()=false

android[2] trace: MusicManager::PlayTrack(): track=published/sounds/music/loading_01.mp3 fade=true

G4-JNI GetEnv version=0x00010002
android[2] trace: MusicManager::PlayNextTrack() try, fade=true, soundManager.IsInitialized()=true, soundManager.IsUserMusicPlaying()=false

android[2] trace: MusicManager::PlayTrack(): track=published/sounds/music/loading_01.mp3 fade=true

G4-JNI GetEnv version=0x00010002
android[2] trace: MusicManager::PlayNextTrack() try, fade=true, soundManager.IsInitialized()=true, soundManager.IsUserMusicPlaying()=false

android[2] trace: MusicManager::PlayTrack(): track=published/sounds/music/loading_01.mp3 fade=true

G4-JNI GetEnv version=0x00010002
android[2] trace: MusicManager::PlayNextTrack() try, fade=true, soundManager.IsInitialized()=true, soundManager.IsUserMusicPlaying()=false

android[2] trace: MusicManager::PlayTrack(): track=published/sounds/music/loading_01.mp3 fade=true

G4-JNI GetEnv version=0x00010002
android[2] trace: MusicManager::PlayNextTrack() try, fade=true, soundManager.IsInitialized()=true, soundManager.IsUserMusicPlaying()=false

android[2] trace: MusicManager::PlayTrack(): track=published/sounds/music/loading_01.mp3 fade=true

G4-JNI GetEnv version=0x00010002
android[2] trace: MusicManager::PlayNextTrack() try, fade=true, soundManager.IsInitialized()=true, soundManager.IsUserMusicPlaying()=false

android[2] trace: MusicManager::PlayTrack(): track=published/sounds/music/loading_01.mp3 fade=true

G4-JNI GetEnv version=0x00010002
android[2] trace: MusicManager::PlayNextTrack() try, fade=true, soundManager.IsInitialized()=true, soundManager.IsUserMusicPlaying()=false

android[2] trace: MusicManager::PlayTrack(): track=published/sounds/music/loading_01.mp3 fade=true

G4-JNI GetEnv version=0x00010002
android[2] trace: MusicManager::PlayNextTrack() try, fade=true, soundManager.IsInitialized()=true, soundManager.IsUserMusicPlaying()=false

android[2] trace: MusicManager::PlayTrack(): track=published/sounds/music/loading_01.mp3 fade=true

G4-JNI GetEnv version=0x00010002
android[2] trace: MusicManager::PlayNextTrack() try, fade=true, soundManager.IsInitialized()=true, soundManager.IsUserMusicPlaying()=false

android[2] trace: MusicManager::PlayTrack(): track=published/sounds/music/loading_01.mp3 fade=true

G4-JNI GetEnv version=0x00010002
android[2] trace: MusicManager::PlayNextTrack() try, fade=true, soundManager.IsInitialized()=true, soundManager.IsUserMusicPlaying()=false

android[2] trace: MusicManager::PlayTrack(): track=published/sounds/music/loading_01.mp3 fade=true

G4-JNI GetEnv version=0x00010002
android[2] trace: MusicManager::PlayNextTrack() try, fade=true, soundManager.IsInitialized()=true, soundManager.IsUserMusicPlaying()=false

android[2] trace: MusicManager::PlayTrack(): track=published/sounds/music/loading_01.mp3 fade=true

G4-JNI GetEnv version=0x00010002
android[2] trace: MusicManager::PlayNextTrack() try, fade=true, soundManager.IsInitialized()=true, soundManager.IsUserMusicPlaying()=false

android[2] trace: MusicManager::PlayTrack(): track=published/sounds/music/loading_01.mp3 fade=true

G4-JNI GetEnv version=0x00010002
android[2] trace: MusicManager::PlayNextTrack() try, fade=true, soundManager.IsInitialized()=true, soundManager.IsUserMusicPlaying()=false

android[2] trace: MusicManager::PlayTrack(): track=published/sounds/music/loading_01.mp3 fade=true

G4-JNI GetEnv version=0x00010002
android[2] trace: MusicManager::PlayNextTrack() try, fade=true, soundManager.IsInitialized()=true, soundManager.IsUserMusicPlaying()=false

android[2] trace: MusicManager::PlayTrack(): track=published/sounds/music/loading_01.mp3 fade=true

G4-JNI GetEnv version=0x00010002
android[2] trace: MusicManager::PlayNextTrack() try, fade=true, soundManager.IsInitialized()=true, soundManager.IsUserMusicPlaying()=false

android[2] trace: MusicManager::PlayTrack(): track=published/sounds/music/loading_01.mp3 fade=true

G4-JNI GetEnv version=0x00010002
android[2] trace: MusicManager::PlayNextTrack() try, fade=true, soundManager.IsInitialized()=true, soundManager.IsUserMusicPlaying()=false

android[2] trace: MusicManager::PlayTrack(): track=published/sounds/music/loading_01.mp3 fade=true

G4-JNI GetEnv version=0x00010002
android[2] trace: MusicManager::PlayNextTrack() try, fade=true, soundManager.IsInitialized()=true, soundManager.IsUserMusicPlaying()=false

android[2] trace: MusicManager::PlayTrack(): track=published/sounds/music/loading_01.mp3 fade=true

G4-JNI GetEnv version=0x00010002
android[2] trace: MusicManager::PlayNextTrack() try, fade=true, soundManager.IsInitialized()=true, soundManager.IsUserMusicPlaying()=false

android[2] trace: MusicManager::PlayTrack(): track=published/sounds/music/loading_01.mp3 fade=true

G4-JNI GetEnv version=0x00010002
android[2] trace: MusicManager::PlayNextTrack() try, fade=true, soundManager.IsInitialized()=true, soundManager.IsUserMusicPlaying()=false

android[2] trace: MusicManager::PlayTrack(): track=published/sounds/music/loading_01.mp3 fade=true

G4-JNI GetEnv version=0x00010002
android[2] trace: MusicManager::PlayNextTrack() try, fade=true, soundManager.IsInitialized()=true, soundManager.IsUserMusicPlaying()=false

android[2] trace: MusicManager::PlayTrack(): track=published/sounds/music/loading_01.mp3 fade=true

G4-JNI GetEnv version=0x00010002
android[2] trace: MusicManager::PlayNextTrack() try, fade=true, soundManager.IsInitialized()=true, soundManager.IsUserMusicPlaying()=false

android[2] trace: MusicManager::PlayTrack(): track=published/sounds/music/loading_01.mp3 fade=true

G4-JNI GetEnv version=0x00010002
android[2] trace: MusicManager::PlayNextTrack() try, fade=true, soundManager.IsInitialized()=true, soundManager.IsUserMusicPlaying()=false

android[2] trace: MusicManager::PlayTrack(): track=published/sounds/music/loading_01.mp3 fade=true

G4-JNI GetEnv version=0x00010002
android[2] trace: MusicManager::PlayNextTrack() try, fade=true, soundManager.IsInitialized()=true, soundManager.IsUserMusicPlaying()=false

android[2] trace: MusicManager::PlayTrack(): track=published/sounds/music/loading_01.mp3 fade=true

G4-JNI GetEnv version=0x00010002
android[2] trace: MusicManager::PlayNextTrack() try, fade=true, soundManager.IsInitialized()=true, soundManager.IsUserMusicPlaying()=false

android[2] trace: MusicManager::PlayTrack(): track=published/sounds/music/loading_01.mp3 fade=true

G4-JNI GetEnv version=0x00010002
android[2] trace: MusicManager::PlayNextTrack() try, fade=true, soundManager.IsInitialized()=true, soundManager.IsUserMusicPlaying()=false

android[2] trace: MusicManager::PlayTrack(): track=published/sounds/music/loading_01.mp3 fade=true

G4-JNI GetEnv version=0x00010002
android[2] trace: MusicManager::PlayNextTrack() try, fade=true, soundManager.IsInitialized()=true, soundManager.IsUserMusicPlaying()=false

android[2] trace: MusicManager::PlayTrack(): track=published/sounds/music/loading_01.mp3 fade=true

G4-JNI GetEnv version=0x00010002
android[2] trace: MusicManager::PlayNextTrack() try, fade=true, soundManager.IsInitialized()=true, soundManager.IsUserMusicPlaying()=false

android[2] trace: MusicManager::PlayTrack(): track=published/sounds/music/loading_01.mp3 fade=true

G4-JNI GetEnv version=0x00010002
android[2] trace: MusicManager::PlayNextTrack() try, fade=true, soundManager.IsInitialized()=true, soundManager.IsUserMusicPlaying()=false

android[2] trace: MusicManager::PlayTrack(): track=published/sounds/music/loading_01.mp3 fade=true

G4-JNI GetEnv version=0x00010002
android[2] trace: MusicManager::PlayNextTrack() try, fade=true, soundManager.IsInitialized()=true, soundManager.IsUserMusicPlaying()=false

android[2] trace: MusicManager::PlayTrack(): track=published/sounds/music/loading_01.mp3 fade=true

G4-JNI GetEnv version=0x00010002
android[2] trace: MusicManager::PlayNextTrack() try, fade=true, soundManager.IsInitialized()=true, soundManager.IsUserMusicPlaying()=false

android[2] trace: MusicManager::PlayTrack(): track=published/sounds/music/loading_01.mp3 fade=true

G4-JNI GetEnv version=0x00010002
android[2] trace: MusicManager::PlayNextTrack() try, fade=true, soundManager.IsInitialized()=true, soundManager.IsUserMusicPlaying()=false

android[2] trace: MusicManager::PlayTrack(): track=published/sounds/music/loading_01.mp3 fade=true

G4-JNI GetEnv version=0x00010002
android[2] trace: MusicManager::PlayNextTrack() try, fade=true, soundManager.IsInitialized()=true, soundManager.IsUserMusicPlaying()=false

android[2] trace: MusicManager::PlayTrack(): track=published/sounds/music/loading_01.mp3 fade=true

G4-JNI GetEnv version=0x00010002
android[2] trace: MusicManager::PlayNextTrack() try, fade=true, soundManager.IsInitialized()=true, soundManager.IsUserMusicPlaying()=false

android[2] trace: MusicManager::PlayTrack(): track=published/sounds/music/loading_01.mp3 fade=true

G4-JNI GetEnv version=0x00010002
android[2] trace: MusicManager::PlayNextTrack() try, fade=true, soundManager.IsInitialized()=true, soundManager.IsUserMusicPlaying()=false

android[2] trace: MusicManager::PlayTrack(): track=published/sounds/music/loading_01.mp3 fade=true

G4-JNI GetEnv version=0x00010002
android[2] trace: MusicManager::PlayNextTrack() try, fade=true, soundManager.IsInitialized()=true, soundManager.IsUserMusicPlaying()=false

android[2] trace: MusicManager::PlayTrack(): track=published/sounds/music/loading_01.mp3 fade=true

G4-JNI GetEnv version=0x00010002
android[2] trace: MusicManager::PlayNextTrack() try, fade=true, soundManager.IsInitialized()=true, soundManager.IsUserMusicPlaying()=false

android[2] trace: MusicManager::PlayTrack(): track=published/sounds/music/loading_01.mp3 fade=true

G4-JNI GetEnv version=0x00010002
android[2] trace: MusicManager::PlayNextTrack() try, fade=true, soundManager.IsInitialized()=true, soundManager.IsUserMusicPlaying()=false

android[2] trace: MusicManager::PlayTrack(): track=published/sounds/music/loading_01.mp3 fade=true

G4-JNI GetEnv version=0x00010002
android[2] trace: MusicManager::PlayNextTrack() try, fade=true, soundManager.IsInitialized()=true, soundManager.IsUserMusicPlaying()=false

android[2] trace: MusicManager::PlayTrack(): track=published/sounds/music/loading_01.mp3 fade=true

G4-JNI GetEnv version=0x00010002
android[2] trace: MusicManager::PlayNextTrack() try, fade=true, soundManager.IsInitialized()=true, soundManager.IsUserMusicPlaying()=false

android[2] trace: MusicManager::PlayTrack(): track=published/sounds/music/loading_01.mp3 fade=true

G4-JNI GetEnv version=0x00010002
android[2] trace: MusicManager::PlayNextTrack() try, fade=true, soundManager.IsInitialized()=true, soundManager.IsUserMusicPlaying()=false

android[2] trace: MusicManager::PlayTrack(): track=published/sounds/music/loading_01.mp3 fade=true

G4-JNI GetEnv version=0x00010002
android[2] trace: MusicManager::PlayNextTrack() try, fade=true, soundManager.IsInitialized()=true, soundManager.IsUserMusicPlaying()=false

android[2] trace: MusicManager::PlayTrack(): track=published/sounds/music/loading_01.mp3 fade=true

G4-JNI GetEnv version=0x00010002
android[2] trace: MusicManager::PlayNextTrack() try, fade=true, soundManager.IsInitialized()=true, soundManager.IsUserMusicPlaying()=false

android[2] trace: MusicManager::PlayTrack(): track=published/sounds/music/loading_01.mp3 fade=true

G4-JNI GetEnv version=0x00010002
android[2] trace: MusicManager::PlayNextTrack() try, fade=true, soundManager.IsInitialized()=true, soundManager.IsUserMusicPlaying()=false

android[2] trace: MusicManager::PlayTrack(): track=published/sounds/music/loading_01.mp3 fade=true

G4-JNI GetEnv version=0x00010002
android[2] trace: MusicManager::PlayNextTrack() try, fade=true, soundManager.IsInitialized()=true, soundManager.IsUserMusicPlaying()=false

android[2] trace: MusicManager::PlayTrack(): track=published/sounds/music/loading_01.mp3 fade=true

G4-JNI GetEnv version=0x00010002
android[2] trace: MusicManager::PlayNextTrack() try, fade=true, soundManager.IsInitialized()=true, soundManager.IsUserMusicPlaying()=false

android[2] trace: MusicManager::PlayTrack(): track=published/sounds/music/loading_01.mp3 fade=true

G4-JNI GetEnv version=0x00010002
android[2] trace: MusicManager::PlayNextTrack() try, fade=true, soundManager.IsInitialized()=true, soundManager.IsUserMusicPlaying()=false

android[2] trace: MusicManager::PlayTrack(): track=published/sounds/music/loading_01.mp3 fade=true

G4-JNI GetEnv version=0x00010002
android[2] trace: MusicManager::PlayNextTrack() try, fade=true, soundManager.IsInitialized()=true, soundManager.IsUserMusicPlaying()=false

android[2] trace: MusicManager::PlayTrack(): track=published/sounds/music/loading_01.mp3 fade=true

G4-JNI GetEnv version=0x00010002
android[2] trace: MusicManager::PlayNextTrack() try, fade=true, soundManager.IsInitialized()=true, soundManager.IsUserMusicPlaying()=false

android[2] trace: MusicManager::PlayTrack(): track=published/sounds/music/loading_01.mp3 fade=true

G4-JNI GetEnv version=0x00010002
android[2] trace: MusicManager::PlayNextTrack() try, fade=true, soundManager.IsInitialized()=true, soundManager.IsUserMusicPlaying()=false

android[2] trace: MusicManager::PlayTrack(): track=published/sounds/music/loading_01.mp3 fade=true

G4-JNI GetEnv version=0x00010002
android[2] trace: MusicManager::PlayNextTrack() try, fade=true, soundManager.IsInitialized()=true, soundManager.IsUserMusicPlaying()=false

android[2] trace: MusicManager::PlayTrack(): track=published/sounds/music/loading_01.mp3 fade=true

G4-JNI GetEnv version=0x00010002
android[2] trace: MusicManager::PlayNextTrack() try, fade=true, soundManager.IsInitialized()=true, soundManager.IsUserMusicPlaying()=false

android[2] trace: MusicManager::PlayTrack(): track=published/sounds/music/loading_01.mp3 fade=true

G4-JNI GetEnv version=0x00010002
android[2] trace: MusicManager::PlayNextTrack() try, fade=true, soundManager.IsInitialized()=true, soundManager.IsUserMusicPlaying()=false

android[2] trace: MusicManager::PlayTrack(): track=published/sounds/music/loading_01.mp3 fade=true

G4-JNI GetEnv version=0x00010002
android[2] trace: MusicManager::PlayNextTrack() try, fade=true, soundManager.IsInitialized()=true, soundManager.IsUserMusicPlaying()=false

android[2] trace: MusicManager::PlayTrack(): track=published/sounds/music/loading_01.mp3 fade=true

G4-JNI GetEnv version=0x00010002
android[2] trace: MusicManager::PlayNextTrack() try, fade=true, soundManager.IsInitialized()=true, soundManager.IsUserMusicPlaying()=false

android[2] trace: MusicManager::PlayTrack(): track=published/sounds/music/loading_01.mp3 fade=true

G4-JNI GetEnv version=0x00010002
android[2] trace: MusicManager::PlayNextTrack() try, fade=true, soundManager.IsInitialized()=true, soundManager.IsUserMusicPlaying()=false

android[2] trace: MusicManager::PlayTrack(): track=published/sounds/music/loading_01.mp3 fade=true

G4-JNI GetEnv version=0x00010002
android[2] trace: MusicManager::PlayNextTrack() try, fade=true, soundManager.IsInitialized()=true, soundManager.IsUserMusicPlaying()=false

android[2] trace: MusicManager::PlayTrack(): track=published/sounds/music/loading_01.mp3 fade=true

G4-JNI GetEnv version=0x00010002
android[2] trace: MusicManager::PlayNextTrack() try, fade=true, soundManager.IsInitialized()=true, soundManager.IsUserMusicPlaying()=false

android[2] trace: MusicManager::PlayTrack(): track=published/sounds/music/loading_01.mp3 fade=true

G4-JNI GetEnv version=0x00010002
android[2] trace: MusicManager::PlayNextTrack() try, fade=true, soundManager.IsInitialized()=true, soundManager.IsUserMusicPlaying()=false

android[2] trace: MusicManager::PlayTrack(): track=published/sounds/music/loading_01.mp3 fade=true

G4-JNI GetEnv version=0x00010002
android[2] trace: MusicManager::PlayNextTrack() try, fade=true, soundManager.IsInitialized()=true, soundManager.IsUserMusicPlaying()=false

android[2] trace: MusicManager::PlayTrack(): track=published/sounds/music/loading_01.mp3 fade=true

G4-JNI GetEnv version=0x00010002
android[2] trace: MusicManager::PlayNextTrack() try, fade=true, soundManager.IsInitialized()=true, soundManager.IsUserMusicPlaying()=false

android[2] trace: MusicManager::PlayTrack(): track=published/sounds/music/loading_01.mp3 fade=true

G4-JNI GetEnv version=0x00010002
android[2] trace: MoGaConTrOlLeR :: ....................(KK) MogaController :: Inside nativeOnKeyEvent 

android[2] trace: ....................(KK) MogaController :: Inside nativeOnKeyEvent 20

android[2] trace: MoGaConTrOlLeR :: ....................(KK) Key Event Key DPAD Down NNNN .....................

android[2] trace: MoGaConTrOlLeR :: ....................(KK) Key Event Key Down .....................

android[2] trace: MoGaConTrOlLeR :: ....................(KK) Listener Key Press .....................

android[2] trace: MoGaConTrOlLeR :: ....................(KK) AndroidKeyCode :: MogaKeyCode (Start of func) .....................

android[2] trace: MoGaConTrOlLeR :: ....................(KK) AndroidKeyCode :: MogaKeyCode Key Press Dpad Down .....................

android[2] trace: MoGaConTrOlLeR :: (KK) MogaController :: Inside nativeOnKeyEvent ....................

G6-MOGA key frame=2244 code=20 state=down
android[2] trace: MusicManager::PlayNextTrack() try, fade=true, soundManager.IsInitialized()=true, soundManager.IsUserMusicPlaying()=false

android[2] trace: MusicManager::PlayTrack(): track=published/sounds/music/loading_01.mp3 fade=true

G4-JNI GetEnv version=0x00010002
android[2] trace: MusicManager::PlayNextTrack() try, fade=true, soundManager.IsInitialized()=true, soundManager.IsUserMusicPlaying()=false

android[2] trace: MusicManager::PlayTrack(): track=published/sounds/music/loading_01.mp3 fade=true

G4-JNI GetEnv version=0x00010002
android[2] trace: MusicManager::PlayNextTrack() try, fade=true, soundManager.IsInitialized()=true, soundManager.IsUserMusicPlaying()=false

android[2] trace: MusicManager::PlayTrack(): track=published/sounds/music/loading_01.mp3 fade=true

G4-JNI GetEnv version=0x00010002
android[2] trace: MusicManager::PlayNextTrack() try, fade=true, soundManager.IsInitialized()=true, soundManager.IsUserMusicPlaying()=false

android[2] trace: MusicManager::PlayTrack(): track=published/sounds/music/loading_01.mp3 fade=true

G4-JNI GetEnv version=0x00010002
android[2] trace: MusicManager::PlayNextTrack() try, fade=true, soundManager.IsInitialized()=true, soundManager.IsUserMusicPlaying()=false

android[2] trace: MusicManager::PlayTrack(): track=published/sounds/music/loading_01.mp3 fade=true

G4-JNI GetEnv version=0x00010002
android[2] trace: MusicManager::PlayNextTrack() try, fade=true, soundManager.IsInitialized()=true, soundManager.IsUserMusicPlaying()=false

android[2] trace: MusicManager::PlayTrack(): track=published/sounds/music/loading_01.mp3 fade=true

G4-JNI GetEnv version=0x00010002
android[2] trace: MusicManager::PlayNextTrack() try, fade=true, soundManager.IsInitialized()=true, soundManager.IsUserMusicPlaying()=false

android[2] trace: MusicManager::PlayTrack(): track=published/sounds/music/loading_01.mp3 fade=true

G4-JNI GetEnv version=0x00010002
android[2] trace: MusicManager::PlayNextTrack() try, fade=true, soundManager.IsInitialized()=true, soundManager.IsUserMusicPlaying()=false

android[2] trace: MusicManager::PlayTrack(): track=published/sounds/music/loading_01.mp3 fade=true

G4-JNI GetEnv version=0x00010002
android[2] trace: MusicManager::PlayNextTrack() try, fade=true, soundManager.IsInitialized()=true, soundManager.IsUserMusicPlaying()=false

android[2] trace: MusicManager::PlayTrack(): track=published/sounds/music/loading_01.mp3 fade=true

G4-JNI GetEnv version=0x00010002
android[2] trace: MusicManager::PlayNextTrack() try, fade=true, soundManager.IsInitialized()=true, soundManager.IsUserMusicPlaying()=false

android[2] trace: MusicManager::PlayTrack(): track=published/sounds/music/loading_01.mp3 fade=true

G4-JNI GetEnv version=0x00010002
android[2] trace: MusicManager::PlayNextTrack() try, fade=true, soundManager.IsInitialized()=true, soundManager.IsUserMusicPlaying()=false

android[2] trace: MusicManager::PlayTrack(): track=published/sounds/music/loading_01.mp3 fade=true

G4-JNI GetEnv version=0x00010002
android[2] trace: MusicManager::PlayNextTrack() try, fade=true, soundManager.IsInitialized()=true, soundManager.IsUserMusicPlaying()=false

android[2] trace: MusicManager::PlayTrack(): track=published/sounds/music/loading_01.mp3 fade=true

G4-JNI GetEnv version=0x00010002
android[2] trace: MusicManager::PlayNextTrack() try, fade=true, soundManager.IsInitialized()=true, soundManager.IsUserMusicPlaying()=false

android[2] trace: MusicManager::PlayTrack(): track=published/sounds/music/loading_01.mp3 fade=true

G4-JNI GetEnv version=0x00010002
android[2] trace: MusicManager::PlayNextTrack() try, fade=true, soundManager.IsInitialized()=true, soundManager.IsUserMusicPlaying()=false

android[2] trace: MusicManager::PlayTrack(): track=published/sounds/music/loading_01.mp3 fade=true

G4-JNI GetEnv version=0x00010002
android[2] trace: MusicManager::PlayNextTrack() try, fade=true, soundManager.IsInitialized()=true, soundManager.IsUserMusicPlaying()=false

android[2] trace: MusicManager::PlayTrack(): track=published/sounds/music/loading_01.mp3 fade=true

G4-JNI GetEnv version=0x00010002
android[2] trace: MusicManager::PlayNextTrack() try, fade=true, soundManager.IsInitialized()=true, soundManager.IsUserMusicPlaying()=false

android[2] trace: MusicManager::PlayTrack(): track=published/sounds/music/loading_01.mp3 fade=true

G4-JNI GetEnv version=0x00010002
android[2] trace: MusicManager::PlayNextTrack() try, fade=true, soundManager.IsInitialized()=true, soundManager.IsUserMusicPlaying()=false

android[2] trace: MusicManager::PlayTrack(): track=published/sounds/music/loading_01.mp3 fade=true

G4-JNI GetEnv version=0x00010002
android[2] trace: MusicManager::PlayNextTrack() try, fade=true, soundManager.IsInitialized()=true, soundManager.IsUserMusicPlaying()=false

android[2] trace: MusicManager::PlayTrack(): track=published/sounds/music/loading_01.mp3 fade=true

G4-JNI GetEnv version=0x00010002
android[2] trace: MusicManager::PlayNextTrack() try, fade=true, soundManager.IsInitialized()=true, soundManager.IsUserMusicPlaying()=false

android[2] trace: MusicManager::PlayTrack(): track=published/sounds/music/loading_01.mp3 fade=true

G4-JNI GetEnv version=0x00010002
android[2] trace: MusicManager::PlayNextTrack() try, fade=true, soundManager.IsInitialized()=true, soundManager.IsUserMusicPlaying()=false

android[2] trace: MusicManager::PlayTrack(): track=published/sounds/music/loading_01.mp3 fade=true

G4-JNI GetEnv version=0x00010002
android[2] trace: MusicManager::PlayNextTrack() try, fade=true, soundManager.IsInitialized()=true, soundManager.IsUserMusicPlaying()=false

android[2] trace: MusicManager::PlayTrack(): track=published/sounds/music/loading_01.mp3 fade=true

G4-JNI GetEnv version=0x00010002
android[2] trace: MusicManager::PlayNextTrack() try, fade=true, soundManager.IsInitialized()=true, soundManager.IsUserMusicPlaying()=false

android[2] trace: MusicManager::PlayTrack(): track=published/sounds/music/loading_01.mp3 fade=true

G4-JNI GetEnv version=0x00010002
android[2] trace: MusicManager::PlayNextTrack() try, fade=true, soundManager.IsInitialized()=true, soundManager.IsUserMusicPlaying()=false

android[2] trace: MusicManager::PlayTrack(): track=published/sounds/music/loading_01.mp3 fade=true

G4-JNI GetEnv version=0x00010002
android[2] trace: MusicManager::PlayNextTrack() try, fade=true, soundManager.IsInitialized()=true, soundManager.IsUserMusicPlaying()=false

android[2] trace: MusicManager::PlayTrack(): track=published/sounds/music/loading_01.mp3 fade=true

G4-JNI GetEnv version=0x00010002
android[2] trace: MusicManager::PlayNextTrack() try, fade=true, soundManager.IsInitialized()=true, soundManager.IsUserMusicPlaying()=false

android[2] trace: MusicManager::PlayTrack(): track=published/sounds/music/loading_01.mp3 fade=true

G4-JNI GetEnv version=0x00010002
android[2] trace: MusicManager::PlayNextTrack() try, fade=true, soundManager.IsInitialized()=true, soundManager.IsUserMusicPlaying()=false

android[2] trace: MusicManager::PlayTrack(): track=published/sounds/music/loading_01.mp3 fade=true

G4-JNI GetEnv version=0x00010002
android[2] trace: MoGaConTrOlLeR :: ....................(KK) MogaController :: Inside nativeOnKeyEvent 

android[2] trace: ....................(KK) MogaController :: Inside nativeOnKeyEvent 20

android[2] trace: MoGaConTrOlLeR :: ....................(KK) Key Event Key DPAD Down NNNN .....................

android[2] trace: MoGaConTrOlLeR :: ....................(KK) Key Event Key up .....................

android[2] trace: MoGaConTrOlLeR :: ....................(KK) Listener Key Release .....................

android[2] trace: MoGaConTrOlLeR :: ....................(KK) AndroidKeyCode :: MogaKeyCode (Start of func) .....................

android[2] trace: MoGaConTrOlLeR :: ....................(KK) AndroidKeyCode :: MogaKeyCode Key Press Dpad Down .....................

android[2] trace: MoGaConTrOlLeR :: (KK) MogaController :: Inside nativeOnKeyEvent ....................

G6-MOGA key frame=2270 code=20 state=up
android[2] trace: MusicManager::PlayNextTrack() try, fade=true, soundManager.IsInitialized()=true, soundManager.IsUserMusicPlaying()=false

android[2] trace: MusicManager::PlayTrack(): track=published/sounds/music/loading_01.mp3 fade=true

G4-JNI GetEnv version=0x00010002
android[2] trace: MusicManager::PlayNextTrack() try, fade=true, soundManager.IsInitialized()=true, soundManager.IsUserMusicPlaying()=false

android[2] trace: MusicManager::PlayTrack(): track=published/sounds/music/loading_01.mp3 fade=true

G4-JNI GetEnv version=0x00010002
android[2] trace: MusicManager::PlayNextTrack() try, fade=true, soundManager.IsInitialized()=true, soundManager.IsUserMusicPlaying()=false

android[2] trace: MusicManager::PlayTrack(): track=published/sounds/music/loading_01.mp3 fade=true

G4-JNI GetEnv version=0x00010002
android[2] trace: MusicManager::PlayNextTrack() try, fade=true, soundManager.IsInitialized()=true, soundManager.IsUserMusicPlaying()=false

android[2] trace: MusicManager::PlayTrack(): track=published/sounds/music/loading_01.mp3 fade=true

G4-JNI GetEnv version=0x00010002
android[2] trace: MusicManager::PlayNextTrack() try, fade=true, soundManager.IsInitialized()=true, soundManager.IsUserMusicPlaying()=false

android[2] trace: MusicManager::PlayTrack(): track=published/sounds/music/loading_01.mp3 fade=true

G4-JNI GetEnv version=0x00010002
android[2] trace: MusicManager::PlayNextTrack() try, fade=true, soundManager.IsInitialized()=true, soundManager.IsUserMusicPlaying()=false

android[2] trace: MusicManager::PlayTrack(): track=published/sounds/music/loading_01.mp3 fade=true

G4-JNI GetEnv version=0x00010002
android[2] trace: MusicManager::PlayNextTrack() try, fade=true, soundManager.IsInitialized()=true, soundManager.IsUserMusicPlaying()=false

android[2] trace: MusicManager::PlayTrack(): track=published/sounds/music/loading_01.mp3 fade=true

G4-JNI GetEnv version=0x00010002
android[2] trace: MusicManager::PlayNextTrack() try, fade=true, soundManager.IsInitialized()=true, soundManager.IsUserMusicPlaying()=false

android[2] trace: MusicManager::PlayTrack(): track=published/sounds/music/loading_01.mp3 fade=true

G4-JNI GetEnv version=0x00010002
android[2] trace: MusicManager::PlayNextTrack() try, fade=true, soundManager.IsInitialized()=true, soundManager.IsUserMusicPlaying()=false

android[2] trace: MusicManager::PlayTrack(): track=published/sounds/music/loading_01.mp3 fade=true

G4-JNI GetEnv version=0x00010002
android[2] trace: MoGaConTrOlLeR :: ....................(KK) MogaController :: Inside nativeOnKeyEvent 

android[2] trace: ....................(KK) MogaController :: Inside nativeOnKeyEvent 20

android[2] trace: MoGaConTrOlLeR :: ....................(KK) Key Event Key DPAD Down NNNN .....................

android[2] trace: MoGaConTrOlLeR :: ....................(KK) Key Event Key Down .....................

android[2] trace: MoGaConTrOlLeR :: ....................(KK) Listener Key Press .....................

android[2] trace: MoGaConTrOlLeR :: ....................(KK) AndroidKeyCode :: MogaKeyCode (Start of func) .....................

android[2] trace: MoGaConTrOlLeR :: ....................(KK) AndroidKeyCode :: MogaKeyCode Key Press Dpad Down .....................

android[2] trace: MoGaConTrOlLeR :: (KK) MogaController :: Inside nativeOnKeyEvent ....................

G6-MOGA key frame=2279 code=20 state=down
android[2] trace: MusicManager::PlayNextTrack() try, fade=true, soundManager.IsInitialized()=true, soundManager.IsUserMusicPlaying()=false

android[2] trace: MusicManager::PlayTrack(): track=published/sounds/music/loading_01.mp3 fade=true

G4-JNI GetEnv version=0x00010002
android[2] trace: MusicManager::PlayNextTrack() try, fade=true, soundManager.IsInitialized()=true, soundManager.IsUserMusicPlaying()=false

android[2] trace: MusicManager::PlayTrack(): track=published/sounds/music/loading_01.mp3 fade=true

G4-JNI GetEnv version=0x00010002
android[2] trace: MusicManager::PlayNextTrack() try, fade=true, soundManager.IsInitialized()=true, soundManager.IsUserMusicPlaying()=false

android[2] trace: MusicManager::PlayTrack(): track=published/sounds/music/loading_01.mp3 fade=true

G4-JNI GetEnv version=0x00010002
android[2] trace: MusicManager::PlayNextTrack() try, fade=true, soundManager.IsInitialized()=true, soundManager.IsUserMusicPlaying()=false

android[2] trace: MusicManager::PlayTrack(): track=published/sounds/music/loading_01.mp3 fade=true

G4-JNI GetEnv version=0x00010002
android[2] trace: MusicManager::PlayNextTrack() try, fade=true, soundManager.IsInitialized()=true, soundManager.IsUserMusicPlaying()=false

android[2] trace: MusicManager::PlayTrack(): track=published/sounds/music/loading_01.mp3 fade=true

G4-JNI GetEnv version=0x00010002
android[2] trace: MusicManager::PlayNextTrack() try, fade=true, soundManager.IsInitialized()=true, soundManager.IsUserMusicPlaying()=false

android[2] trace: MusicManager::PlayTrack(): track=published/sounds/music/loading_01.mp3 fade=true

G4-JNI GetEnv version=0x00010002
android[2] trace: MusicManager::PlayNextTrack() try, fade=true, soundManager.IsInitialized()=true, soundManager.IsUserMusicPlaying()=false

android[2] trace: MusicManager::PlayTrack(): track=published/sounds/music/loading_01.mp3 fade=true

G4-JNI GetEnv version=0x00010002
android[2] trace: MusicManager::PlayNextTrack() try, fade=true, soundManager.IsInitialized()=true, soundManager.IsUserMusicPlaying()=false

android[2] trace: MusicManager::PlayTrack(): track=published/sounds/music/loading_01.mp3 fade=true

G4-JNI GetEnv version=0x00010002
android[2] trace: MusicManager::PlayNextTrack() try, fade=true, soundManager.IsInitialized()=true, soundManager.IsUserMusicPlaying()=false

android[2] trace: MusicManager::PlayTrack(): track=published/sounds/music/loading_01.mp3 fade=true

G4-JNI GetEnv version=0x00010002
android[2] trace: MusicManager::PlayNextTrack() try, fade=true, soundManager.IsInitialized()=true, soundManager.IsUserMusicPlaying()=false

android[2] trace: MusicManager::PlayTrack(): track=published/sounds/music/loading_01.mp3 fade=true

G4-JNI GetEnv version=0x00010002
android[2] trace: MusicManager::PlayNextTrack() try, fade=true, soundManager.IsInitialized()=true, soundManager.IsUserMusicPlaying()=false

android[2] trace: MusicManager::PlayTrack(): track=published/sounds/music/loading_01.mp3 fade=true

G4-JNI GetEnv version=0x00010002
android[2] trace: MoGaConTrOlLeR :: ....................(KK) MogaController :: Inside nativeOnKeyEvent 

android[2] trace: ....................(KK) MogaController :: Inside nativeOnKeyEvent 20

android[2] trace: MoGaConTrOlLeR :: ....................(KK) Key Event Key DPAD Down NNNN .....................

android[2] trace: MoGaConTrOlLeR :: ....................(KK) Key Event Key up .....................

android[2] trace: MoGaConTrOlLeR :: ....................(KK) Listener Key Release .....................

android[2] trace: MoGaConTrOlLeR :: ....................(KK) AndroidKeyCode :: MogaKeyCode (Start of func) .....................

android[2] trace: MoGaConTrOlLeR :: ....................(KK) AndroidKeyCode :: MogaKeyCode Key Press Dpad Down .....................

android[2] trace: MoGaConTrOlLeR :: (KK) MogaController :: Inside nativeOnKeyEvent ....................

G6-MOGA key frame=2290 code=20 state=up
android[2] trace: MusicManager::PlayNextTrack() try, fade=true, soundManager.IsInitialized()=true, soundManager.IsUserMusicPlaying()=false

android[2] trace: MusicManager::PlayTrack(): track=published/sounds/music/loading_01.mp3 fade=true

G4-JNI GetEnv version=0x00010002
android[2] trace: MusicManager::PlayNextTrack() try, fade=true, soundManager.IsInitialized()=true, soundManager.IsUserMusicPlaying()=false

android[2] trace: MusicManager::PlayTrack(): track=published/sounds/music/loading_01.mp3 fade=true

G4-JNI GetEnv version=0x00010002
android[2] trace: MusicManager::PlayNextTrack() try, fade=true, soundManager.IsInitialized()=true, soundManager.IsUserMusicPlaying()=false

android[2] trace: MusicManager::PlayTrack(): track=published/sounds/music/loading_01.mp3 fade=true

G4-JNI GetEnv version=0x00010002
android[2] trace: MoGaConTrOlLeR :: ....................(KK) MogaController :: Inside nativeOnKeyEvent 

android[2] trace: ....................(KK) MogaController :: Inside nativeOnKeyEvent 96

android[2] trace: MoGaConTrOlLeR :: ....................(KK) Key Event Key A AAAA .....................

android[2] trace: MoGaConTrOlLeR :: ....................(KK) Key Event Key Down .....................

android[2] trace: MoGaConTrOlLeR :: ....................(KK) Listener Key Press .....................

android[2] trace: MoGaConTrOlLeR :: ....................(KK) AndroidKeyCode :: MogaKeyCode (Start of func) .....................

android[2] trace: MoGaConTrOlLeR :: ....................(KK) AndroidKeyCode :: MogaKeyCode Key Press A .....................

android[2] trace: MoGaConTrOlLeR :: (KK) MogaController :: Inside nativeOnKeyEvent ....................

G6-MOGA key frame=2293 code=96 state=down
android[2] trace: MusicManager::PlayNextTrack() try, fade=true, soundManager.IsInitialized()=true, soundManager.IsUserMusicPlaying()=false

android[2] trace: MusicManager::PlayTrack(): track=published/sounds/music/loading_01.mp3 fade=true

G4-JNI GetEnv version=0x00010002
G4-JNI GetEnv version=0x00010006
android[6] Sound/SoundManager/error: FMOD result of SoundManager::createSound: An error occured that wasn't supposed to.  Contact support. 

android[5] Sound/SoundManager/warn: SoundManager::createSound - 'ui/ui/btn_generic_accept': failure.

android[2] trace: UI play sound: ui/ui/btn_generic_accept

android[2] trace: MusicManager::PlayNextTrack() try, fade=true, soundManager.IsInitialized()=true, soundManager.IsUserMusicPlaying()=false

android[2] trace: MusicManager::PlayTrack(): track=published/sounds/music/loading_01.mp3 fade=true

G4-JNI GetEnv version=0x00010002
android[2] trace: MusicManager::PlayNextTrack() try, fade=true, soundManager.IsInitialized()=true, soundManager.IsUserMusicPlaying()=false

android[2] trace: MusicManager::PlayTrack(): track=published/sounds/music/loading_01.mp3 fade=true

G4-JNI GetEnv version=0x00010002
android[2] trace: MusicManager::PlayNextTrack() try, fade=true, soundManager.IsInitialized()=true, soundManager.IsUserMusicPlaying()=false

android[2] trace: MusicManager::PlayTrack(): track=published/sounds/music/loading_01.mp3 fade=true

G4-JNI GetEnv version=0x00010002
android[2] trace: MusicManager::PlayNextTrack() try, fade=true, soundManager.IsInitialized()=true, soundManager.IsUserMusicPlaying()=false

android[2] trace: MusicManager::PlayTrack(): track=published/sounds/music/loading_01.mp3 fade=true

G4-JNI GetEnv version=0x00010002
android[2] trace: MusicManager::PlayNextTrack() try, fade=true, soundManager.IsInitialized()=true, soundManager.IsUserMusicPlaying()=false

android[2] trace: MusicManager::PlayTrack(): track=published/sounds/music/loading_01.mp3 fade=true

G4-JNI GetEnv version=0x00010002
android[2] trace: MoGaConTrOlLeR :: ....................(KK) MogaController :: Inside nativeOnKeyEvent 

android[2] trace: ....................(KK) MogaController :: Inside nativeOnKeyEvent 96

android[2] trace: MoGaConTrOlLeR :: ....................(KK) Key Event Key A AAAA .....................

android[2] trace: MoGaConTrOlLeR :: ....................(KK) Key Event Key up .....................

android[2] trace: MoGaConTrOlLeR :: ....................(KK) Listener Key Release .....................

android[2] trace: MoGaConTrOlLeR :: ....................(KK) AndroidKeyCode :: MogaKeyCode (Start of func) .....................

android[2] trace: MoGaConTrOlLeR :: ....................(KK) AndroidKeyCode :: MogaKeyCode Key Press A .....................

android[2] trace: MoGaConTrOlLeR :: (KK) MogaController :: Inside nativeOnKeyEvent ....................

G6-MOGA key frame=2299 code=96 state=up
android[2] trace: MusicManager::PlayNextTrack() try, fade=true, soundManager.IsInitialized()=true, soundManager.IsUserMusicPlaying()=false

android[2] trace: MusicManager::PlayTrack(): track=published/sounds/music/loading_01.mp3 fade=true

G4-JNI GetEnv version=0x00010002
android[2] trace: MusicManager::PlayNextTrack() try, fade=true, soundManager.IsInitialized()=true, soundManager.IsUserMusicPlaying()=false

android[2] trace: MusicManager::PlayTrack(): track=published/sounds/music/loading_01.mp3 fade=true

G4-JNI GetEnv version=0x00010002
android[2] trace: MusicManager::PlayNextTrack() try, fade=true, soundManager.IsInitialized()=true, soundManager.IsUserMusicPlaying()=false

android[2] trace: MusicManager::PlayTrack(): track=published/sounds/music/loading_01.mp3 fade=true

G4-JNI GetEnv version=0x00010002
android[2] trace: MusicManager::PlayNextTrack() try, fade=true, soundManager.IsInitialized()=true, soundManager.IsUserMusicPlaying()=false

android[2] trace: MusicManager::PlayTrack(): track=published/sounds/music/loading_01.mp3 fade=true

G4-JNI GetEnv version=0x00010002
android[2] trace: MusicManager::PlayNextTrack() try, fade=true, soundManager.IsInitialized()=true, soundManager.IsUserMusicPlaying()=false

android[2] trace: MusicManager::PlayTrack(): track=published/sounds/music/loading_01.mp3 fade=true

G4-JNI GetEnv version=0x00010002
G4-JNI GetEnv version=0x00010006
android[2] trace: MusicManager::PlayNextTrack() try, fade=true, soundManager.IsInitialized()=true, soundManager.IsUserMusicPlaying()=false

android[2] trace: MusicManager::PlayTrack(): track=published/sounds/music/loading_01.mp3 fade=true

G4-JNI GetEnv version=0x00010002
android[2] trace: MusicManager::PlayNextTrack() try, fade=true, soundManager.IsInitialized()=true, soundManager.IsUserMusicPlaying()=false

android[2] trace: MusicManager::PlayTrack(): track=published/sounds/music/loading_01.mp3 fade=true

G4-JNI GetEnv version=0x00010002
android[2] trace: MusicManager::PlayNextTrack() try, fade=true, soundManager.IsInitialized()=true, soundManager.IsUserMusicPlaying()=false

android[2] trace: MusicManager::PlayTrack(): track=published/sounds/music/loading_01.mp3 fade=true

G4-JNI GetEnv version=0x00010002
android[2] trace: MusicManager::PlayNextTrack() try, fade=true, soundManager.IsInitialized()=true, soundManager.IsUserMusicPlaying()=false

android[2] trace: MusicManager::PlayTrack(): track=published/sounds/music/loading_01.mp3 fade=true

G4-JNI GetEnv version=0x00010002
android[2] trace: MusicManager::PlayNextTrack() try, fade=true, soundManager.IsInitialized()=true, soundManager.IsUserMusicPlaying()=false

android[2] trace: MusicManager::PlayTrack(): track=published/sounds/music/loading_01.mp3 fade=true

G4-JNI GetEnv version=0x00010002
android[2] trace: MusicManager::PlayNextTrack() try, fade=true, soundManager.IsInitialized()=true, soundManager.IsUserMusicPlaying()=false

android[2] trace: MusicManager::PlayTrack(): track=published/sounds/music/loading_01.mp3 fade=true

G4-JNI GetEnv version=0x00010002
android[2] trace: MusicManager::PlayNextTrack() try, fade=true, soundManager.IsInitialized()=true, soundManager.IsUserMusicPlaying()=false

android[2] trace: MusicManager::PlayTrack(): track=published/sounds/music/loading_01.mp3 fade=true

G4-JNI GetEnv version=0x00010002
android[2] trace: MusicManager::PlayNextTrack() try, fade=true, soundManager.IsInitialized()=true, soundManager.IsUserMusicPlaying()=false

android[2] trace: MusicManager::PlayTrack(): track=published/sounds/music/loading_01.mp3 fade=true

G4-JNI GetEnv version=0x00010002
android[2] trace: MusicManager::PlayNextTrack() try, fade=true, soundManager.IsInitialized()=true, soundManager.IsUserMusicPlaying()=false

android[2] trace: MusicManager::PlayTrack(): track=published/sounds/music/loading_01.mp3 fade=true

G4-JNI GetEnv version=0x00010002
android[2] trace: MusicManager::PlayNextTrack() try, fade=true, soundManager.IsInitialized()=true, soundManager.IsUserMusicPlaying()=false

android[2] trace: MusicManager::PlayTrack(): track=published/sounds/music/loading_01.mp3 fade=true

G4-JNI GetEnv version=0x00010002
android[2] trace: MusicManager::PlayNextTrack() try, fade=true, soundManager.IsInitialized()=true, soundManager.IsUserMusicPlaying()=false

android[2] trace: MusicManager::PlayTrack(): track=published/sounds/music/loading_01.mp3 fade=true

G4-JNI GetEnv version=0x00010002
android[2] trace: MusicManager::PlayNextTrack() try, fade=true, soundManager.IsInitialized()=true, soundManager.IsUserMusicPlaying()=false

android[2] trace: MusicManager::PlayTrack(): track=published/sounds/music/loading_01.mp3 fade=true

G4-JNI GetEnv version=0x00010002
android[2] trace: MusicManager::PlayNextTrack() try, fade=true, soundManager.IsInitialized()=true, soundManager.IsUserMusicPlaying()=false

android[2] trace: MusicManager::PlayTrack(): track=published/sounds/music/loading_01.mp3 fade=true

G4-JNI GetEnv version=0x00010002
android[2] trace: MusicManager::PlayNextTrack() try, fade=true, soundManager.IsInitialized()=true, soundManager.IsUserMusicPlaying()=false

android[2] trace: MusicManager::PlayTrack(): track=published/sounds/music/loading_01.mp3 fade=true

G4-JNI GetEnv version=0x00010002
android[2] trace: MusicManager::PlayNextTrack() try, fade=true, soundManager.IsInitialized()=true, soundManager.IsUserMusicPlaying()=false

android[2] trace: MusicManager::PlayTrack(): track=published/sounds/music/loading_01.mp3 fade=true

G4-JNI GetEnv version=0x00010002
android[2] trace: MusicManager::PlayNextTrack() try, fade=true, soundManager.IsInitialized()=true, soundManager.IsUserMusicPlaying()=false

android[2] trace: MusicManager::PlayTrack(): track=published/sounds/music/loading_01.mp3 fade=true

G4-JNI GetEnv version=0x00010002
android[2] trace: MusicManager::PlayNextTrack() try, fade=true, soundManager.IsInitialized()=true, soundManager.IsUserMusicPlaying()=false

android[2] trace: MusicManager::PlayTrack(): track=published/sounds/music/loading_01.mp3 fade=true

G4-JNI GetEnv version=0x00010002
android[2] trace: MoGaConTrOlLeR :: ....................(KK) MogaController :: Inside nativeOnKeyEvent 

android[2] trace: ....................(KK) MogaController :: Inside nativeOnKeyEvent 20

android[2] trace: MoGaConTrOlLeR :: ....................(KK) Key Event Key DPAD Down NNNN .....................

android[2] trace: MoGaConTrOlLeR :: ....................(KK) Key Event Key Down .....................

android[2] trace: MoGaConTrOlLeR :: ....................(KK) Listener Key Press .....................

android[2] trace: MoGaConTrOlLeR :: ....................(KK) AndroidKeyCode :: MogaKeyCode (Start of func) .....................

android[2] trace: MoGaConTrOlLeR :: ....................(KK) AndroidKeyCode :: MogaKeyCode Key Press Dpad Down .....................

android[2] trace: MoGaConTrOlLeR :: (KK) MogaController :: Inside nativeOnKeyEvent ....................

G6-MOGA key frame=2321 code=20 state=down
android[2] trace: MusicManager::PlayNextTrack() try, fade=true, soundManager.IsInitialized()=true, soundManager.IsUserMusicPlaying()=false

android[2] trace: MusicManager::PlayTrack(): track=published/sounds/music/loading_01.mp3 fade=true

G4-JNI GetEnv version=0x00010002
android[2] trace: MusicManager::PlayNextTrack() try, fade=true, soundManager.IsInitialized()=true, soundManager.IsUserMusicPlaying()=false

android[2] trace: MusicManager::PlayTrack(): track=published/sounds/music/loading_01.mp3 fade=true

G4-JNI GetEnv version=0x00010002
android[2] trace: MusicManager::PlayNextTrack() try, fade=true, soundManager.IsInitialized()=true, soundManager.IsUserMusicPlaying()=false

android[2] trace: MusicManager::PlayTrack(): track=published/sounds/music/loading_01.mp3 fade=true

G4-JNI GetEnv version=0x00010002
android[2] trace: MusicManager::PlayNextTrack() try, fade=true, soundManager.IsInitialized()=true, soundManager.IsUserMusicPlaying()=false

android[2] trace: MusicManager::PlayTrack(): track=published/sounds/music/loading_01.mp3 fade=true

G4-JNI GetEnv version=0x00010002
android[2] trace: MusicManager::PlayNextTrack() try, fade=true, soundManager.IsInitialized()=true, soundManager.IsUserMusicPlaying()=false

android[2] trace: MusicManager::PlayTrack(): track=published/sounds/music/loading_01.mp3 fade=true

G4-JNI GetEnv version=0x00010002
android[2] trace: MusicManager::PlayNextTrack() try, fade=true, soundManager.IsInitialized()=true, soundManager.IsUserMusicPlaying()=false

android[2] trace: MusicManager::PlayTrack(): track=published/sounds/music/loading_01.mp3 fade=true

G4-JNI GetEnv version=0x00010002
android[2] trace: MusicManager::PlayNextTrack() try, fade=true, soundManager.IsInitialized()=true, soundManager.IsUserMusicPlaying()=false

android[2] trace: MusicManager::PlayTrack(): track=published/sounds/music/loading_01.mp3 fade=true

G4-JNI GetEnv version=0x00010002
android[2] trace: MusicManager::PlayNextTrack() try, fade=true, soundManager.IsInitialized()=true, soundManager.IsUserMusicPlaying()=false

android[2] trace: MusicManager::PlayTrack(): track=published/sounds/music/loading_01.mp3 fade=true

G4-JNI GetEnv version=0x00010002
android[2] trace: MusicManager::PlayNextTrack() try, fade=true, soundManager.IsInitialized()=true, soundManager.IsUserMusicPlaying()=false

android[2] trace: MusicManager::PlayTrack(): track=published/sounds/music/loading_01.mp3 fade=true

G4-JNI GetEnv version=0x00010002
android[2] trace: MusicManager::PlayNextTrack() try, fade=true, soundManager.IsInitialized()=true, soundManager.IsUserMusicPlaying()=false

android[2] trace: MusicManager::PlayTrack(): track=published/sounds/music/loading_01.mp3 fade=true

G4-JNI GetEnv version=0x00010002
android[2] trace: MusicManager::PlayNextTrack() try, fade=true, soundManager.IsInitialized()=true, soundManager.IsUserMusicPlaying()=false

android[2] trace: MusicManager::PlayTrack(): track=published/sounds/music/loading_01.mp3 fade=true

G4-JNI GetEnv version=0x00010002
android[2] trace: MusicManager::PlayNextTrack() try, fade=true, soundManager.IsInitialized()=true, soundManager.IsUserMusicPlaying()=false

android[2] trace: MusicManager::PlayTrack(): track=published/sounds/music/loading_01.mp3 fade=true

G4-JNI GetEnv version=0x00010002
android[2] trace: MusicManager::PlayNextTrack() try, fade=true, soundManager.IsInitialized()=true, soundManager.IsUserMusicPlaying()=false

android[2] trace: MusicManager::PlayTrack(): track=published/sounds/music/loading_01.mp3 fade=true

G4-JNI GetEnv version=0x00010002
android[2] trace: MoGaConTrOlLeR :: ....................(KK) MogaController :: Inside nativeOnKeyEvent 

android[2] trace: ....................(KK) MogaController :: Inside nativeOnKeyEvent 20

android[2] trace: MoGaConTrOlLeR :: ....................(KK) Key Event Key DPAD Down NNNN .....................

android[2] trace: MoGaConTrOlLeR :: ....................(KK) Key Event Key up .....................

android[2] trace: MoGaConTrOlLeR :: ....................(KK) Listener Key Release .....................

android[2] trace: MoGaConTrOlLeR :: ....................(KK) AndroidKeyCode :: MogaKeyCode (Start of func) .....................

android[2] trace: MoGaConTrOlLeR :: ....................(KK) AndroidKeyCode :: MogaKeyCode Key Press Dpad Down .....................

android[2] trace: MoGaConTrOlLeR :: (KK) MogaController :: Inside nativeOnKeyEvent ....................

G6-MOGA key frame=2334 code=20 state=up
android[2] trace: MusicManager::PlayNextTrack() try, fade=true, soundManager.IsInitialized()=true, soundManager.IsUserMusicPlaying()=false

android[2] trace: MusicManager::PlayTrack(): track=published/sounds/music/loading_01.mp3 fade=true

G4-JNI GetEnv version=0x00010002
android[2] trace: MusicManager::PlayNextTrack() try, fade=true, soundManager.IsInitialized()=true, soundManager.IsUserMusicPlaying()=false

android[2] trace: MusicManager::PlayTrack(): track=published/sounds/music/loading_01.mp3 fade=true

G4-JNI GetEnv version=0x00010002
android[2] trace: MusicManager::PlayNextTrack() try, fade=true, soundManager.IsInitialized()=true, soundManager.IsUserMusicPlaying()=false

android[2] trace: MusicManager::PlayTrack(): track=published/sounds/music/loading_01.mp3 fade=true

G4-JNI GetEnv version=0x00010002
android[2] trace: MusicManager::PlayNextTrack() try, fade=true, soundManager.IsInitialized()=true, soundManager.IsUserMusicPlaying()=false

android[2] trace: MusicManager::PlayTrack(): track=published/sounds/music/loading_01.mp3 fade=true

G4-JNI GetEnv version=0x00010002
android[2] trace: MusicManager::PlayNextTrack() try, fade=true, soundManager.IsInitialized()=true, soundManager.IsUserMusicPlaying()=false

android[2] trace: MusicManager::PlayTrack(): track=published/sounds/music/loading_01.mp3 fade=true

G4-JNI GetEnv version=0x00010002
android[2] trace: MusicManager::PlayNextTrack() try, fade=true, soundManager.IsInitialized()=true, soundManager.IsUserMusicPlaying()=false

android[2] trace: MusicManager::PlayTrack(): track=published/sounds/music/loading_01.mp3 fade=true

G4-JNI GetEnv version=0x00010002
android[2] trace: MusicManager::PlayNextTrack() try, fade=true, soundManager.IsInitialized()=true, soundManager.IsUserMusicPlaying()=false

android[2] trace: MusicManager::PlayTrack(): track=published/sounds/music/loading_01.mp3 fade=true

G4-JNI GetEnv version=0x00010002
android[2] trace: MusicManager::PlayNextTrack() try, fade=true, soundManager.IsInitialized()=true, soundManager.IsUserMusicPlaying()=false

android[2] trace: MusicManager::PlayTrack(): track=published/sounds/music/loading_01.mp3 fade=true

G4-JNI GetEnv version=0x00010002
android[2] trace: MusicManager::PlayNextTrack() try, fade=true, soundManager.IsInitialized()=true, soundManager.IsUserMusicPlaying()=false

android[2] trace: MusicManager::PlayTrack(): track=published/sounds/music/loading_01.mp3 fade=true

G4-JNI GetEnv version=0x00010002
android[2] trace: MusicManager::PlayNextTrack() try, fade=true, soundManager.IsInitialized()=true, soundManager.IsUserMusicPlaying()=false

android[2] trace: MusicManager::PlayTrack(): track=published/sounds/music/loading_01.mp3 fade=true

G4-JNI GetEnv version=0x00010002
android[2] trace: MusicManager::PlayNextTrack() try, fade=true, soundManager.IsInitialized()=true, soundManager.IsUserMusicPlaying()=false

android[2] trace: MusicManager::PlayTrack(): track=published/sounds/music/loading_01.mp3 fade=true

G4-JNI GetEnv version=0x00010002
android[2] trace: MusicManager::PlayNextTrack() try, fade=true, soundManager.IsInitialized()=true, soundManager.IsUserMusicPlaying()=false

android[2] trace: MusicManager::PlayTrack(): track=published/sounds/music/loading_01.mp3 fade=true

G4-JNI GetEnv version=0x00010002
android[2] trace: MusicManager::PlayNextTrack() try, fade=true, soundManager.IsInitialized()=true, soundManager.IsUserMusicPlaying()=false

android[2] trace: MusicManager::PlayTrack(): track=published/sounds/music/loading_01.mp3 fade=true

G4-JNI GetEnv version=0x00010002
android[2] trace: MusicManager::PlayNextTrack() try, fade=true, soundManager.IsInitialized()=true, soundManager.IsUserMusicPlaying()=false

android[2] trace: MusicManager::PlayTrack(): track=published/sounds/music/loading_01.mp3 fade=true

G4-JNI GetEnv version=0x00010002
android[2] trace: MusicManager::PlayNextTrack() try, fade=true, soundManager.IsInitialized()=true, soundManager.IsUserMusicPlaying()=false

android[2] trace: MusicManager::PlayTrack(): track=published/sounds/music/loading_01.mp3 fade=true

G4-JNI GetEnv version=0x00010002
android[2] trace: MusicManager::PlayNextTrack() try, fade=true, soundManager.IsInitialized()=true, soundManager.IsUserMusicPlaying()=false

android[2] trace: MusicManager::PlayTrack(): track=published/sounds/music/loading_01.mp3 fade=true

G4-JNI GetEnv version=0x00010002
android[2] trace: MusicManager::PlayNextTrack() try, fade=true, soundManager.IsInitialized()=true, soundManager.IsUserMusicPlaying()=false

android[2] trace: MusicManager::PlayTrack(): track=published/sounds/music/loading_01.mp3 fade=true

G4-JNI GetEnv version=0x00010002
android[2] trace: MusicManager::PlayNextTrack() try, fade=true, soundManager.IsInitialized()=true, soundManager.IsUserMusicPlaying()=false

android[2] trace: MusicManager::PlayTrack(): track=published/sounds/music/loading_01.mp3 fade=true

G4-JNI GetEnv version=0x00010002
android[2] trace: MusicManager::PlayNextTrack() try, fade=true, soundManager.IsInitialized()=true, soundManager.IsUserMusicPlaying()=false

android[2] trace: MusicManager::PlayTrack(): track=published/sounds/music/loading_01.mp3 fade=true

G4-JNI GetEnv version=0x00010002
android[2] trace: MusicManager::PlayNextTrack() try, fade=true, soundManager.IsInitialized()=true, soundManager.IsUserMusicPlaying()=false

android[2] trace: MusicManager::PlayTrack(): track=published/sounds/music/loading_01.mp3 fade=true

G4-JNI GetEnv version=0x00010002
android[2] trace: MusicManager::PlayNextTrack() try, fade=true, soundManager.IsInitialized()=true, soundManager.IsUserMusicPlaying()=false

android[2] trace: MusicManager::PlayTrack(): track=published/sounds/music/loading_01.mp3 fade=true

G4-JNI GetEnv version=0x00010002
android[2] trace: MusicManager::PlayNextTrack() try, fade=true, soundManager.IsInitialized()=true, soundManager.IsUserMusicPlaying()=false

android[2] trace: MusicManager::PlayTrack(): track=published/sounds/music/loading_01.mp3 fade=true

G4-JNI GetEnv version=0x00010002
android[2] trace: MusicManager::PlayNextTrack() try, fade=true, soundManager.IsInitialized()=true, soundManager.IsUserMusicPlaying()=false

android[2] trace: MusicManager::PlayTrack(): track=published/sounds/music/loading_01.mp3 fade=true

G4-JNI GetEnv version=0x00010002
android[2] trace: MusicManager::PlayNextTrack() try, fade=true, soundManager.IsInitialized()=true, soundManager.IsUserMusicPlaying()=false

android[2] trace: MusicManager::PlayTrack(): track=published/sounds/music/loading_01.mp3 fade=true

G4-JNI GetEnv version=0x00010002
android[2] trace: MusicManager::PlayNextTrack() try, fade=true, soundManager.IsInitialized()=true, soundManager.IsUserMusicPlaying()=false

android[2] trace: MusicManager::PlayTrack(): track=published/sounds/music/loading_01.mp3 fade=true

G4-JNI GetEnv version=0x00010002
android[2] trace: MusicManager::PlayNextTrack() try, fade=true, soundManager.IsInitialized()=true, soundManager.IsUserMusicPlaying()=false

android[2] trace: MusicManager::PlayTrack(): track=published/sounds/music/loading_01.mp3 fade=true

G4-JNI GetEnv version=0x00010002
android[2] trace: MusicManager::PlayNextTrack() try, fade=true, soundManager.IsInitialized()=true, soundManager.IsUserMusicPlaying()=false

android[2] trace: MusicManager::PlayTrack(): track=published/sounds/music/loading_01.mp3 fade=true

G4-JNI GetEnv version=0x00010002
android[2] trace: MusicManager::PlayNextTrack() try, fade=true, soundManager.IsInitialized()=true, soundManager.IsUserMusicPlaying()=false

android[2] trace: MusicManager::PlayTrack(): track=published/sounds/music/loading_01.mp3 fade=true

G4-JNI GetEnv version=0x00010002
android[2] trace: MusicManager::PlayNextTrack() try, fade=true, soundManager.IsInitialized()=true, soundManager.IsUserMusicPlaying()=false

android[2] trace: MusicManager::PlayTrack(): track=published/sounds/music/loading_01.mp3 fade=true

G4-JNI GetEnv version=0x00010002
android[2] trace: MusicManager::PlayNextTrack() try, fade=true, soundManager.IsInitialized()=true, soundManager.IsUserMusicPlaying()=false

android[2] trace: MusicManager::PlayTrack(): track=published/sounds/music/loading_01.mp3 fade=true

G4-JNI GetEnv version=0x00010002
android[2] trace: MusicManager::PlayNextTrack() try, fade=true, soundManager.IsInitialized()=true, soundManager.IsUserMusicPlaying()=false

android[2] trace: MusicManager::PlayTrack(): track=published/sounds/music/loading_01.mp3 fade=true

G4-JNI GetEnv version=0x00010002
android[2] trace: MusicManager::PlayNextTrack() try, fade=true, soundManager.IsInitialized()=true, soundManager.IsUserMusicPlaying()=false

android[2] trace: MusicManager::PlayTrack(): track=published/sounds/music/loading_01.mp3 fade=true

G4-JNI GetEnv version=0x00010002
android[2] trace: MusicManager::PlayNextTrack() try, fade=true, soundManager.IsInitialized()=true, soundManager.IsUserMusicPlaying()=false

android[2] trace: MusicManager::PlayTrack(): track=published/sounds/music/loading_01.mp3 fade=true

G4-JNI GetEnv version=0x00010002
android[2] trace: MusicManager::PlayNextTrack() try, fade=true, soundManager.IsInitialized()=true, soundManager.IsUserMusicPlaying()=false

android[2] trace: MusicManager::PlayTrack(): track=published/sounds/music/loading_01.mp3 fade=true

G4-JNI GetEnv version=0x00010002
G4-JNI GetEnv version=0x00010002
android[2] trace: MusicManager::PlayNextTrack() try, fade=true, soundManager.IsInitialized()=true, soundManager.IsUserMusicPlaying()=false

android[2] trace: MusicManager::PlayTrack(): track=published/sounds/music/loading_01.mp3 fade=true

G4-JNI GetEnv version=0x00010002
android[2] trace: MusicManager::PlayNextTrack() try, fade=true, soundManager.IsInitialized()=true, soundManager.IsUserMusicPlaying()=false

android[2] trace: MusicManager::PlayTrack(): track=published/sounds/music/loading_01.mp3 fade=true

G4-JNI GetEnv version=0x00010002
android[5] layouts/warning: LayoutEntity not in cache, reloading: active_accept

android[5] layouts/warning: LayoutEntity not in cache, reloading: aas_inner

android[5] layouts/warning: LayoutEntity not in cache, reloading: frame

android[5] layouts/warning: LayoutEntity not in cache, reloading: btn_options_small2

android[5] layouts/warning: LayoutEntity not in cache, reloading: btn_options_large_active

android[5] layouts/warning: LayoutEntity not in cache, reloading: btn_options_large_idle

android[2] trace: LayoutScreen::LayoutScreen OptionsSettingsScreen != 0

android[2] trace: ShowMogaHighlight start

android[2] trace: ShowMogaHighlight 1

android[2] trace: ShowMogaHighlight end

android[2] trace: MusicManager::PlayNextTrack() try, fade=true, soundManager.IsInitialized()=true, soundManager.IsUserMusicPlaying()=false

android[2] trace: MusicManager::PlayTrack(): track=published/sounds/music/loading_01.mp3 fade=true

G4-JNI GetEnv version=0x00010002
android[2] trace: MusicManager::PlayNextTrack() try, fade=true, soundManager.IsInitialized()=true, soundManager.IsUserMusicPlaying()=false

android[2] trace: MusicManager::PlayTrack(): track=published/sounds/music/loading_01.mp3 fade=true

G4-JNI GetEnv version=0x00010002
android[2] trace: MusicManager::PlayNextTrack() try, fade=true, soundManager.IsInitialized()=true, soundManager.IsUserMusicPlaying()=false

android[2] trace: MusicManager::PlayTrack(): track=published/sounds/music/loading_01.mp3 fade=true

G4-JNI GetEnv version=0x00010002
android[2] trace: MusicManager::PlayNextTrack() try, fade=true, soundManager.IsInitialized()=true, soundManager.IsUserMusicPlaying()=false

android[2] trace: MusicManager::PlayTrack(): track=published/sounds/music/loading_01.mp3 fade=true

G4-JNI GetEnv version=0x00010002
android[2] trace: MusicManager::PlayNextTrack() try, fade=true, soundManager.IsInitialized()=true, soundManager.IsUserMusicPlaying()=false

android[2] trace: MusicManager::PlayTrack(): track=published/sounds/music/loading_01.mp3 fade=true

G4-JNI GetEnv version=0x00010002
android[2] trace: MusicManager::PlayNextTrack() try, fade=true, soundManager.IsInitialized()=true, soundManager.IsUserMusicPlaying()=false

android[2] trace: MusicManager::PlayTrack(): track=published/sounds/music/loading_01.mp3 fade=true

G4-JNI GetEnv version=0x00010002
android[2] trace: MusicManager::PlayNextTrack() try, fade=true, soundManager.IsInitialized()=true, soundManager.IsUserMusicPlaying()=false

android[2] trace: MusicManager::PlayTrack(): track=published/sounds/music/loading_01.mp3 fade=true

G4-JNI GetEnv version=0x00010002
android[2] trace: MusicManager::PlayNextTrack() try, fade=true, soundManager.IsInitialized()=true, soundManager.IsUserMusicPlaying()=false

android[2] trace: MusicManager::PlayTrack(): track=published/sounds/music/loading_01.mp3 fade=true

G4-JNI GetEnv version=0x00010002
android[2] trace: MusicManager::PlayNextTrack() try, fade=true, soundManager.IsInitialized()=true, soundManager.IsUserMusicPlaying()=false

android[2] trace: MusicManager::PlayTrack(): track=published/sounds/music/loading_01.mp3 fade=true

G4-JNI GetEnv version=0x00010002
android[2] trace: MusicManager::PlayNextTrack() try, fade=true, soundManager.IsInitialized()=true, soundManager.IsUserMusicPlaying()=false

android[2] trace: MusicManager::PlayTrack(): track=published/sounds/music/loading_01.mp3 fade=true

G4-JNI GetEnv version=0x00010002
android[2] trace: MusicManager::PlayNextTrack() try, fade=true, soundManager.IsInitialized()=true, soundManager.IsUserMusicPlaying()=false

android[2] trace: MusicManager::PlayTrack(): track=published/sounds/music/loading_01.mp3 fade=true

G4-JNI GetEnv version=0x00010002
android[2] trace: MusicManager::PlayNextTrack() try, fade=true, soundManager.IsInitialized()=true, soundManager.IsUserMusicPlaying()=false

android[2] trace: MusicManager::PlayTrack(): track=published/sounds/music/loading_01.mp3 fade=true

G4-JNI GetEnv version=0x00010002
android[2] trace: MusicManager::PlayNextTrack() try, fade=true, soundManager.IsInitialized()=true, soundManager.IsUserMusicPlaying()=false

android[2] trace: MusicManager::PlayTrack(): track=published/sounds/music/loading_01.mp3 fade=true

G4-JNI GetEnv version=0x00010002
android[2] trace: MusicManager::PlayNextTrack() try, fade=true, soundManager.IsInitialized()=true, soundManager.IsUserMusicPlaying()=false

android[2] trace: MusicManager::PlayTrack(): track=published/sounds/music/loading_01.mp3 fade=true

G4-JNI GetEnv version=0x00010002
android[2] trace: MusicManager::PlayNextTrack() try, fade=true, soundManager.IsInitialized()=true, soundManager.IsUserMusicPlaying()=false

android[2] trace: MusicManager::PlayTrack(): track=published/sounds/music/loading_01.mp3 fade=true

G4-JNI GetEnv version=0x00010002
android[2] trace: MusicManager::PlayNextTrack() try, fade=true, soundManager.IsInitialized()=true, soundManager.IsUserMusicPlaying()=false

android[2] trace: MusicManager::PlayTrack(): track=published/sounds/music/loading_01.mp3 fade=true

G4-JNI GetEnv version=0x00010002
android[2] trace: MusicManager::PlayNextTrack() try, fade=true, soundManager.IsInitialized()=true, soundManager.IsUserMusicPlaying()=false

android[2] trace: MusicManager::PlayTrack(): track=published/sounds/music/loading_01.mp3 fade=true

G4-JNI GetEnv version=0x00010002
android[2] trace: MusicManager::PlayNextTrack() try, fade=true, soundManager.IsInitialized()=true, soundManager.IsUserMusicPlaying()=false

android[2] trace: MusicManager::PlayTrack(): track=published/sounds/music/loading_01.mp3 fade=true

G4-JNI GetEnv version=0x00010002
android[2] trace: MusicManager::PlayNextTrack() try, fade=true, soundManager.IsInitialized()=true, soundManager.IsUserMusicPlaying()=false

android[2] trace: MusicManager::PlayTrack(): track=published/sounds/music/loading_01.mp3 fade=true

G4-JNI GetEnv version=0x00010002
android[2] trace: MusicManager::PlayNextTrack() try, fade=true, soundManager.IsInitialized()=true, soundManager.IsUserMusicPlaying()=false

android[2] trace: MusicManager::PlayTrack(): track=published/sounds/music/loading_01.mp3 fade=true

G4-JNI GetEnv version=0x00010002
android[2] trace: MusicManager::PlayNextTrack() try, fade=true, soundManager.IsInitialized()=true, soundManager.IsUserMusicPlaying()=false

android[2] trace: MusicManager::PlayTrack(): track=published/sounds/music/loading_01.mp3 fade=true

G4-JNI GetEnv version=0x00010002
android[2] trace: MusicManager::PlayNextTrack() try, fade=true, soundManager.IsInitialized()=true, soundManager.IsUserMusicPlaying()=false

android[2] trace: MusicManager::PlayTrack(): track=published/sounds/music/loading_01.mp3 fade=true

G4-JNI GetEnv version=0x00010002
android[2] trace: MusicManager::PlayNextTrack() try, fade=true, soundManager.IsInitialized()=true, soundManager.IsUserMusicPlaying()=false

android[2] trace: MusicManager::PlayTrack(): track=published/sounds/music/loading_01.mp3 fade=true

G4-JNI GetEnv version=0x00010002
android[2] trace: MusicManager::PlayNextTrack() try, fade=true, soundManager.IsInitialized()=true, soundManager.IsUserMusicPlaying()=false

android[2] trace: MusicManager::PlayTrack(): track=published/sounds/music/loading_01.mp3 fade=true

G4-JNI GetEnv version=0x00010002
android[2] trace: MusicManager::PlayNextTrack() try, fade=true, soundManager.IsInitialized()=true, soundManager.IsUserMusicPlaying()=false

android[2] trace: MusicManager::PlayTrack(): track=published/sounds/music/loading_01.mp3 fade=true

G4-JNI GetEnv version=0x00010002
android[2] trace: MusicManager::PlayNextTrack() try, fade=true, soundManager.IsInitialized()=true, soundManager.IsUserMusicPlaying()=false

android[2] trace: MusicManager::PlayTrack(): track=published/sounds/music/loading_01.mp3 fade=true

G4-JNI GetEnv version=0x00010002
android[2] trace: MusicManager::PlayNextTrack() try, fade=true, soundManager.IsInitialized()=true, soundManager.IsUserMusicPlaying()=false

android[2] trace: MusicManager::PlayTrack(): track=published/sounds/music/loading_01.mp3 fade=true

G4-JNI GetEnv version=0x00010002
android[2] trace: MusicManager::PlayNextTrack() try, fade=true, soundManager.IsInitialized()=true, soundManager.IsUserMusicPlaying()=false

android[2] trace: MusicManager::PlayTrack(): track=published/sounds/music/loading_01.mp3 fade=true

G4-JNI GetEnv version=0x00010002
android[2] trace: MusicManager::PlayNextTrack() try, fade=true, soundManager.IsInitialized()=true, soundManager.IsUserMusicPlaying()=false

android[2] trace: MusicManager::PlayTrack(): track=published/sounds/music/loading_01.mp3 fade=true

G4-JNI GetEnv version=0x00010002
android[2] trace: MoGaConTrOlLeR :: ....................(KK) MogaController :: Inside nativeOnKeyEvent 

android[2] trace: ....................(KK) MogaController :: Inside nativeOnKeyEvent 96

android[2] trace: MoGaConTrOlLeR :: ....................(KK) Key Event Key A AAAA .....................

android[2] trace: MoGaConTrOlLeR :: ....................(KK) Key Event Key Down .....................

android[2] trace: MoGaConTrOlLeR :: ....................(KK) Listener Key Press .....................

android[2] trace: MoGaConTrOlLeR :: ....................(KK) AndroidKeyCode :: MogaKeyCode (Start of func) .....................

android[2] trace: MoGaConTrOlLeR :: ....................(KK) AndroidKeyCode :: MogaKeyCode Key Press A .....................

android[2] trace: MoGaConTrOlLeR :: (KK) MogaController :: Inside nativeOnKeyEvent ....................

G6-MOGA key frame=2399 code=96 state=down
android[2] trace: MusicManager::PlayNextTrack() try, fade=true, soundManager.IsInitialized()=true, soundManager.IsUserMusicPlaying()=false

android[2] trace: MusicManager::PlayTrack(): track=published/sounds/music/loading_01.mp3 fade=true

G4-JNI GetEnv version=0x00010002
G7-FRAME enter=2400
android[2] trace: MusicManager::PlayNextTrack() try, fade=true, soundManager.IsInitialized()=true, soundManager.IsUserMusicPlaying()=false

android[2] trace: MusicManager::PlayTrack(): track=published/sounds/music/loading_01.mp3 fade=true

G4-JNI GetEnv version=0x00010002
G7-FRAME leave=2400
android[2] trace: MusicManager::PlayNextTrack() try, fade=true, soundManager.IsInitialized()=true, soundManager.IsUserMusicPlaying()=false

android[2] trace: MusicManager::PlayTrack(): track=published/sounds/music/loading_01.mp3 fade=true

G4-JNI GetEnv version=0x00010002
android[2] trace: MusicManager::PlayNextTrack() try, fade=true, soundManager.IsInitialized()=true, soundManager.IsUserMusicPlaying()=false

android[2] trace: MusicManager::PlayTrack(): track=published/sounds/music/loading_01.mp3 fade=true

G4-JNI GetEnv version=0x00010002
android[2] trace: MusicManager::PlayNextTrack() try, fade=true, soundManager.IsInitialized()=true, soundManager.IsUserMusicPlaying()=false

android[2] trace: MusicManager::PlayTrack(): track=published/sounds/music/loading_01.mp3 fade=true

G4-JNI GetEnv version=0x00010002
android[2] trace: MusicManager::PlayNextTrack() try, fade=true, soundManager.IsInitialized()=true, soundManager.IsUserMusicPlaying()=false

android[2] trace: MusicManager::PlayTrack(): track=published/sounds/music/loading_01.mp3 fade=true

G4-JNI GetEnv version=0x00010002
android[2] trace: MusicManager::PlayNextTrack() try, fade=true, soundManager.IsInitialized()=true, soundManager.IsUserMusicPlaying()=false

android[2] trace: MusicManager::PlayTrack(): track=published/sounds/music/loading_01.mp3 fade=true

G4-JNI GetEnv version=0x00010002
android[2] trace: MusicManager::PlayNextTrack() try, fade=true, soundManager.IsInitialized()=true, soundManager.IsUserMusicPlaying()=false

android[2] trace: MusicManager::PlayTrack(): track=published/sounds/music/loading_01.mp3 fade=true

G4-JNI GetEnv version=0x00010002
android[2] trace: MoGaConTrOlLeR :: ....................(KK) MogaController :: Inside nativeOnKeyEvent 

android[2] trace: ....................(KK) MogaController :: Inside nativeOnKeyEvent 96

android[2] trace: MoGaConTrOlLeR :: ....................(KK) Key Event Key A AAAA .....................

android[2] trace: MoGaConTrOlLeR :: ....................(KK) Key Event Key up .....................

android[2] trace: MoGaConTrOlLeR :: ....................(KK) Listener Key Release .....................

android[2] trace: MoGaConTrOlLeR :: ....................(KK) AndroidKeyCode :: MogaKeyCode (Start of func) .....................

android[2] trace: MoGaConTrOlLeR :: ....................(KK) AndroidKeyCode :: MogaKeyCode Key Press A .....................

android[2] trace: MoGaConTrOlLeR :: (KK) MogaController :: Inside nativeOnKeyEvent ....................

G6-MOGA key frame=2407 code=96 state=up
android[2] trace: MusicManager::PlayNextTrack() try, fade=true, soundManager.IsInitialized()=true, soundManager.IsUserMusicPlaying()=false

android[2] trace: MusicManager::PlayTrack(): track=published/sounds/music/loading_01.mp3 fade=true

G4-JNI GetEnv version=0x00010002
android[2] trace: MusicManager::PlayNextTrack() try, fade=true, soundManager.IsInitialized()=true, soundManager.IsUserMusicPlaying()=false

android[2] trace: MusicManager::PlayTrack(): track=published/sounds/music/loading_01.mp3 fade=true

G4-JNI GetEnv version=0x00010002
android[2] trace: MusicManager::PlayNextTrack() try, fade=true, soundManager.IsInitialized()=true, soundManager.IsUserMusicPlaying()=false

android[2] trace: MusicManager::PlayTrack(): track=published/sounds/music/loading_01.mp3 fade=true

G4-JNI GetEnv version=0x00010002
android[2] trace: MusicManager::PlayNextTrack() try, fade=true, soundManager.IsInitialized()=true, soundManager.IsUserMusicPlaying()=false

android[2] trace: MusicManager::PlayTrack(): track=published/sounds/music/loading_01.mp3 fade=true

G4-JNI GetEnv version=0x00010002
android[2] trace: MusicManager::PlayNextTrack() try, fade=true, soundManager.IsInitialized()=true, soundManager.IsUserMusicPlaying()=false

android[2] trace: MusicManager::PlayTrack(): track=published/sounds/music/loading_01.mp3 fade=true

G4-JNI GetEnv version=0x00010002
android[2] trace: MusicManager::PlayNextTrack() try, fade=true, soundManager.IsInitialized()=true, soundManager.IsUserMusicPlaying()=false

android[2] trace: MusicManager::PlayTrack(): track=published/sounds/music/loading_01.mp3 fade=true

G4-JNI GetEnv version=0x00010002
android[2] trace: MusicManager::PlayNextTrack() try, fade=true, soundManager.IsInitialized()=true, soundManager.IsUserMusicPlaying()=false

android[2] trace: MusicManager::PlayTrack(): track=published/sounds/music/loading_01.mp3 fade=true

G4-JNI GetEnv version=0x00010002
android[2] trace: MusicManager::PlayNextTrack() try, fade=true, soundManager.IsInitialized()=true, soundManager.IsUserMusicPlaying()=false

android[2] trace: MusicManager::PlayTrack(): track=published/sounds/music/loading_01.mp3 fade=true

G4-JNI GetEnv version=0x00010002
android[2] trace: MusicManager::PlayNextTrack() try, fade=true, soundManager.IsInitialized()=true, soundManager.IsUserMusicPlaying()=false

android[2] trace: MusicManager::PlayTrack(): track=published/sounds/music/loading_01.mp3 fade=true

G4-JNI GetEnv version=0x00010002
android[2] trace: MusicManager::PlayNextTrack() try, fade=true, soundManager.IsInitialized()=true, soundManager.IsUserMusicPlaying()=false

android[2] trace: MusicManager::PlayTrack(): track=published/sounds/music/loading_01.mp3 fade=true

G4-JNI GetEnv version=0x00010002
android[2] trace: MusicManager::PlayNextTrack() try, fade=true, soundManager.IsInitialized()=true, soundManager.IsUserMusicPlaying()=false

android[2] trace: MusicManager::PlayTrack(): track=published/sounds/music/loading_01.mp3 fade=true

G4-JNI GetEnv version=0x00010002
android[2] trace: MusicManager::PlayNextTrack() try, fade=true, soundManager.IsInitialized()=true, soundManager.IsUserMusicPlaying()=false

android[2] trace: MusicManager::PlayTrack(): track=published/sounds/music/loading_01.mp3 fade=true

G4-JNI GetEnv version=0x00010002
android[2] trace: MusicManager::PlayNextTrack() try, fade=true, soundManager.IsInitialized()=true, soundManager.IsUserMusicPlaying()=false

android[2] trace: MusicManager::PlayTrack(): track=published/sounds/music/loading_01.mp3 fade=true

G4-JNI GetEnv version=0x00010002
android[2] trace: MusicManager::PlayNextTrack() try, fade=true, soundManager.IsInitialized()=true, soundManager.IsUserMusicPlaying()=false

android[2] trace: MusicManager::PlayTrack(): track=published/sounds/music/loading_01.mp3 fade=true

G4-JNI GetEnv version=0x00010002
android[2] trace: MusicManager::PlayNextTrack() try, fade=true, soundManager.IsInitialized()=true, soundManager.IsUserMusicPlaying()=false

android[2] trace: MusicManager::PlayTrack(): track=published/sounds/music/loading_01.mp3 fade=true

G4-JNI GetEnv version=0x00010002
android[2] trace: MusicManager::PlayNextTrack() try, fade=true, soundManager.IsInitialized()=true, soundManager.IsUserMusicPlaying()=false

android[2] trace: MusicManager::PlayTrack(): track=published/sounds/music/loading_01.mp3 fade=true

G4-JNI GetEnv version=0x00010002
android[2] trace: MusicManager::PlayNextTrack() try, fade=true, soundManager.IsInitialized()=true, soundManager.IsUserMusicPlaying()=false

android[2] trace: MusicManager::PlayTrack(): track=published/sounds/music/loading_01.mp3 fade=true

G4-JNI GetEnv version=0x00010002
android[2] trace: MusicManager::PlayNextTrack() try, fade=true, soundManager.IsInitialized()=true, soundManager.IsUserMusicPlaying()=false

android[2] trace: MusicManager::PlayTrack(): track=published/sounds/music/loading_01.mp3 fade=true

G4-JNI GetEnv version=0x00010002
android[2] trace: MusicManager::PlayNextTrack() try, fade=true, soundManager.IsInitialized()=true, soundManager.IsUserMusicPlaying()=false

android[2] trace: MusicManager::PlayTrack(): track=published/sounds/music/loading_01.mp3 fade=true

G4-JNI GetEnv version=0x00010002
android[2] trace: MusicManager::PlayNextTrack() try, fade=true, soundManager.IsInitialized()=true, soundManager.IsUserMusicPlaying()=false

android[2] trace: MusicManager::PlayTrack(): track=published/sounds/music/loading_01.mp3 fade=true

G4-JNI GetEnv version=0x00010002
android[2] trace: MusicManager::PlayNextTrack() try, fade=true, soundManager.IsInitialized()=true, soundManager.IsUserMusicPlaying()=false

android[2] trace: MusicManager::PlayTrack(): track=published/sounds/music/loading_01.mp3 fade=true

G4-JNI GetEnv version=0x00010002
android[2] trace: MusicManager::PlayNextTrack() try, fade=true, soundManager.IsInitialized()=true, soundManager.IsUserMusicPlaying()=false

android[2] trace: MusicManager::PlayTrack(): track=published/sounds/music/loading_01.mp3 fade=true

G4-JNI GetEnv version=0x00010002
android[2] trace: MusicManager::PlayNextTrack() try, fade=true, soundManager.IsInitialized()=true, soundManager.IsUserMusicPlaying()=false

android[2] trace: MusicManager::PlayTrack(): track=published/sounds/music/loading_01.mp3 fade=true

G4-JNI GetEnv version=0x00010002
android[2] trace: MoGaConTrOlLeR :: ....................(KK) MogaController :: Inside nativeOnKeyEvent 

android[2] trace: ....................(KK) MogaController :: Inside nativeOnKeyEvent 100

android[2] trace: MoGaConTrOlLeR :: ....................(KK) Key Event Key Y YYYY .....................

android[2] trace: MoGaConTrOlLeR :: ....................(KK) Key Event Key Down .....................

android[2] trace: MoGaConTrOlLeR :: ....................(KK) Listener Key Press .....................

android[2] trace: MoGaConTrOlLeR :: ....................(KK) AndroidKeyCode :: MogaKeyCode (Start of func) .....................

android[2] trace: MoGaConTrOlLeR :: ....................(KK) AndroidKeyCode :: MogaKeyCode Key Press Y .....................

android[2] trace: MoGaConTrOlLeR :: (KK) MogaController :: Inside nativeOnKeyEvent ....................

G6-MOGA key frame=2430 code=100 state=down
android[2] trace: MusicManager::PlayNextTrack() try, fade=true, soundManager.IsInitialized()=true, soundManager.IsUserMusicPlaying()=false

android[2] trace: MusicManager::PlayTrack(): track=published/sounds/music/loading_01.mp3 fade=true

G4-JNI GetEnv version=0x00010002
android[2] trace: MusicManager::PlayNextTrack() try, fade=true, soundManager.IsInitialized()=true, soundManager.IsUserMusicPlaying()=false

android[2] trace: MusicManager::PlayTrack(): track=published/sounds/music/loading_01.mp3 fade=true

G4-JNI GetEnv version=0x00010002
android[2] trace: MoGaConTrOlLeR :: ....................(KK) MogaController :: Inside nativeOnKeyEvent 

android[2] trace: ....................(KK) MogaController :: Inside nativeOnKeyEvent 19

android[2] trace: MoGaConTrOlLeR :: ....................(KK) Key Event Key DPAD Up PPPP .....................

android[2] trace: MoGaConTrOlLeR :: ....................(KK) Key Event Key Down .....................

android[2] trace: MoGaConTrOlLeR :: ....................(KK) Listener Key Press .....................

android[2] trace: MoGaConTrOlLeR :: ....................(KK) AndroidKeyCode :: MogaKeyCode (Start of func) .....................

android[2] trace: MoGaConTrOlLeR :: ....................(KK) AndroidKeyCode :: MogaKeyCode Key Press Dpad UP .....................

android[2] trace: MoGaConTrOlLeR :: (KK) MogaController :: Inside nativeOnKeyEvent ....................

G6-MOGA key frame=2432 code=19 state=down
android[2] trace: MusicManager::PlayNextTrack() try, fade=true, soundManager.IsInitialized()=true, soundManager.IsUserMusicPlaying()=false

android[2] trace: MusicManager::PlayTrack(): track=published/sounds/music/loading_01.mp3 fade=true

G4-JNI GetEnv version=0x00010002
android[2] trace: MusicManager::PlayNextTrack() try, fade=true, soundManager.IsInitialized()=true, soundManager.IsUserMusicPlaying()=false

android[2] trace: MusicManager::PlayTrack(): track=published/sounds/music/loading_01.mp3 fade=true

G4-JNI GetEnv version=0x00010002
android[2] trace: MusicManager::PlayNextTrack() try, fade=true, soundManager.IsInitialized()=true, soundManager.IsUserMusicPlaying()=false

android[2] trace: MusicManager::PlayTrack(): track=published/sounds/music/loading_01.mp3 fade=true

G4-JNI GetEnv version=0x00010002
android[2] trace: MusicManager::PlayNextTrack() try, fade=true, soundManager.IsInitialized()=true, soundManager.IsUserMusicPlaying()=false

android[2] trace: MusicManager::PlayTrack(): track=published/sounds/music/loading_01.mp3 fade=true

G4-JNI GetEnv version=0x00010002
android[2] trace: MusicManager::PlayNextTrack() try, fade=true, soundManager.IsInitialized()=true, soundManager.IsUserMusicPlaying()=false

android[2] trace: MusicManager::PlayTrack(): track=published/sounds/music/loading_01.mp3 fade=true

G4-JNI GetEnv version=0x00010002
android[2] trace: MusicManager::PlayNextTrack() try, fade=true, soundManager.IsInitialized()=true, soundManager.IsUserMusicPlaying()=false

android[2] trace: MusicManager::PlayTrack(): track=published/sounds/music/loading_01.mp3 fade=true

G4-JNI GetEnv version=0x00010002
android[2] trace: MusicManager::PlayNextTrack() try, fade=true, soundManager.IsInitialized()=true, soundManager.IsUserMusicPlaying()=false

android[2] trace: MusicManager::PlayTrack(): track=published/sounds/music/loading_01.mp3 fade=true

G4-JNI GetEnv version=0x00010002
android[2] trace: MusicManager::PlayNextTrack() try, fade=true, soundManager.IsInitialized()=true, soundManager.IsUserMusicPlaying()=false

android[2] trace: MusicManager::PlayTrack(): track=published/sounds/music/loading_01.mp3 fade=true

G4-JNI GetEnv version=0x00010002
android[2] trace: MusicManager::PlayNextTrack() try, fade=true, soundManager.IsInitialized()=true, soundManager.IsUserMusicPlaying()=false

android[2] trace: MusicManager::PlayTrack(): track=published/sounds/music/loading_01.mp3 fade=true

G4-JNI GetEnv version=0x00010002
android[2] trace: MusicManager::PlayNextTrack() try, fade=true, soundManager.IsInitialized()=true, soundManager.IsUserMusicPlaying()=false

android[2] trace: MusicManager::PlayTrack(): track=published/sounds/music/loading_01.mp3 fade=true

G4-JNI GetEnv version=0x00010002
android[2] trace: MusicManager::PlayNextTrack() try, fade=true, soundManager.IsInitialized()=true, soundManager.IsUserMusicPlaying()=false

android[2] trace: MusicManager::PlayTrack(): track=published/sounds/music/loading_01.mp3 fade=true

G4-JNI GetEnv version=0x00010002
android[2] trace: MusicManager::PlayNextTrack() try, fade=true, soundManager.IsInitialized()=true, soundManager.IsUserMusicPlaying()=false

android[2] trace: MusicManager::PlayTrack(): track=published/sounds/music/loading_01.mp3 fade=true

G4-JNI GetEnv version=0x00010002
android[2] trace: MusicManager::PlayNextTrack() try, fade=true, soundManager.IsInitialized()=true, soundManager.IsUserMusicPlaying()=false

android[2] trace: MusicManager::PlayTrack(): track=published/sounds/music/loading_01.mp3 fade=true

G4-JNI GetEnv version=0x00010002
android[2] trace: MusicManager::PlayNextTrack() try, fade=true, soundManager.IsInitialized()=true, soundManager.IsUserMusicPlaying()=false

android[2] trace: MusicManager::PlayTrack(): track=published/sounds/music/loading_01.mp3 fade=true

G4-JNI GetEnv version=0x00010002
android[2] trace: MusicManager::PlayNextTrack() try, fade=true, soundManager.IsInitialized()=true, soundManager.IsUserMusicPlaying()=false

android[2] trace: MusicManager::PlayTrack(): track=published/sounds/music/loading_01.mp3 fade=true

G4-JNI GetEnv version=0x00010002
android[2] trace: MusicManager::PlayNextTrack() try, fade=true, soundManager.IsInitialized()=true, soundManager.IsUserMusicPlaying()=false

android[2] trace: MusicManager::PlayTrack(): track=published/sounds/music/loading_01.mp3 fade=true

G4-JNI GetEnv version=0x00010002
android[2] trace: MoGaConTrOlLeR :: ....................(KK) MogaController :: Inside nativeOnKeyEvent 

android[2] trace: ....................(KK) MogaController :: Inside nativeOnKeyEvent 99

android[2] trace: MoGaConTrOlLeR :: ....................(KK) Key Event Key X XXXX .....................

android[2] trace: MoGaConTrOlLeR :: ....................(KK) Key Event Key Down .....................

android[2] trace: MoGaConTrOlLeR :: ....................(KK) Listener Key Press .....................

android[2] trace: MoGaConTrOlLeR :: ....................(KK) AndroidKeyCode :: MogaKeyCode (Start of func) .....................

android[2] trace: MoGaConTrOlLeR :: ....................(KK) AndroidKeyCode :: MogaKeyCode Key Press X .....................

android[2] trace: MoGaConTrOlLeR :: (KK) MogaController :: Inside nativeOnKeyEvent ....................

G6-MOGA key frame=2448 code=99 state=down
android[2] trace: MoGaConTrOlLeR :: ....................(KK) MogaController :: Inside nativeOnKeyEvent 

android[2] trace: ....................(KK) MogaController :: Inside nativeOnKeyEvent 19

android[2] trace: MoGaConTrOlLeR :: ....................(KK) Key Event Key DPAD Up PPPP .....................

android[2] trace: MoGaConTrOlLeR :: ....................(KK) Key Event Key up .....................

android[2] trace: MoGaConTrOlLeR :: ....................(KK) Listener Key Release .....................

android[2] trace: MoGaConTrOlLeR :: ....................(KK) AndroidKeyCode :: MogaKeyCode (Start of func) .....................

android[2] trace: MoGaConTrOlLeR :: ....................(KK) AndroidKeyCode :: MogaKeyCode Key Press Dpad UP .....................

android[2] trace: MoGaConTrOlLeR :: (KK) MogaController :: Inside nativeOnKeyEvent ....................

G6-MOGA key frame=2448 code=19 state=up
android[2] trace: MusicManager::PlayNextTrack() try, fade=true, soundManager.IsInitialized()=true, soundManager.IsUserMusicPlaying()=false

android[2] trace: MusicManager::PlayTrack(): track=published/sounds/music/loading_01.mp3 fade=true

G4-JNI GetEnv version=0x00010002
android[2] trace: MusicManager::PlayNextTrack() try, fade=true, soundManager.IsInitialized()=true, soundManager.IsUserMusicPlaying()=false

android[2] trace: MusicManager::PlayTrack(): track=published/sounds/music/loading_01.mp3 fade=true

G4-JNI GetEnv version=0x00010002
android[2] trace: MusicManager::PlayNextTrack() try, fade=true, soundManager.IsInitialized()=true, soundManager.IsUserMusicPlaying()=false

android[2] trace: MusicManager::PlayTrack(): track=published/sounds/music/loading_01.mp3 fade=true

G4-JNI GetEnv version=0x00010002
android[2] trace: MusicManager::PlayNextTrack() try, fade=true, soundManager.IsInitialized()=true, soundManager.IsUserMusicPlaying()=false

android[2] trace: MusicManager::PlayTrack(): track=published/sounds/music/loading_01.mp3 fade=true

G4-JNI GetEnv version=0x00010002
android[2] trace: MusicManager::PlayNextTrack() try, fade=true, soundManager.IsInitialized()=true, soundManager.IsUserMusicPlaying()=false

android[2] trace: MusicManager::PlayTrack(): track=published/sounds/music/loading_01.mp3 fade=true

G4-JNI GetEnv version=0x00010002
android[2] trace: MusicManager::PlayNextTrack() try, fade=true, soundManager.IsInitialized()=true, soundManager.IsUserMusicPlaying()=false

android[2] trace: MusicManager::PlayTrack(): track=published/sounds/music/loading_01.mp3 fade=true

G4-JNI GetEnv version=0x00010002
android[2] trace: MusicManager::PlayNextTrack() try, fade=true, soundManager.IsInitialized()=true, soundManager.IsUserMusicPlaying()=false

android[2] trace: MusicManager::PlayTrack(): track=published/sounds/music/loading_01.mp3 fade=true

G4-JNI GetEnv version=0x00010002
android[2] trace: MusicManager::PlayNextTrack() try, fade=true, soundManager.IsInitialized()=true, soundManager.IsUserMusicPlaying()=false

android[2] trace: MusicManager::PlayTrack(): track=published/sounds/music/loading_01.mp3 fade=true

G4-JNI GetEnv version=0x00010002
android[2] trace: MusicManager::PlayNextTrack() try, fade=true, soundManager.IsInitialized()=true, soundManager.IsUserMusicPlaying()=false

android[2] trace: MusicManager::PlayTrack(): track=published/sounds/music/loading_01.mp3 fade=true

G4-JNI GetEnv version=0x00010002
android[2] trace: MusicManager::PlayNextTrack() try, fade=true, soundManager.IsInitialized()=true, soundManager.IsUserMusicPlaying()=false

android[2] trace: MusicManager::PlayTrack(): track=published/sounds/music/loading_01.mp3 fade=true

G4-JNI GetEnv version=0x00010002
android[2] trace: MusicManager::PlayNextTrack() try, fade=true, soundManager.IsInitialized()=true, soundManager.IsUserMusicPlaying()=false

android[2] trace: MusicManager::PlayTrack(): track=published/sounds/music/loading_01.mp3 fade=true

G4-JNI GetEnv version=0x00010002
android[2] trace: MusicManager::PlayNextTrack() try, fade=true, soundManager.IsInitialized()=true, soundManager.IsUserMusicPlaying()=false

android[2] trace: MusicManager::PlayTrack(): track=published/sounds/music/loading_01.mp3 fade=true

G4-JNI GetEnv version=0x00010002
android[2] trace: MusicManager::PlayNextTrack() try, fade=true, soundManager.IsInitialized()=true, soundManager.IsUserMusicPlaying()=false

android[2] trace: MusicManager::PlayTrack(): track=published/sounds/music/loading_01.mp3 fade=true

G4-JNI GetEnv version=0x00010002
android[2] trace: MusicManager::PlayNextTrack() try, fade=true, soundManager.IsInitialized()=true, soundManager.IsUserMusicPlaying()=false

android[2] trace: MusicManager::PlayTrack(): track=published/sounds/music/loading_01.mp3 fade=true

G4-JNI GetEnv version=0x00010002
android[2] trace: MusicManager::PlayNextTrack() try, fade=true, soundManager.IsInitialized()=true, soundManager.IsUserMusicPlaying()=false

android[2] trace: MusicManager::PlayTrack(): track=published/sounds/music/loading_01.mp3 fade=true

G4-JNI GetEnv version=0x00010002
android[2] trace: MoGaConTrOlLeR :: ....................(KK) MogaController :: Inside nativeOnKeyEvent 

android[2] trace: ....................(KK) MogaController :: Inside nativeOnKeyEvent 96

android[2] trace: MoGaConTrOlLeR :: ....................(KK) Key Event Key A AAAA .....................

android[2] trace: MoGaConTrOlLeR :: ....................(KK) Key Event Key Down .....................

android[2] trace: MoGaConTrOlLeR :: ....................(KK) Listener Key Press .....................

android[2] trace: MoGaConTrOlLeR :: ....................(KK) AndroidKeyCode :: MogaKeyCode (Start of func) .....................

android[2] trace: MoGaConTrOlLeR :: ....................(KK) AndroidKeyCode :: MogaKeyCode Key Press A .....................

android[2] trace: MoGaConTrOlLeR :: (KK) MogaController :: Inside nativeOnKeyEvent ....................

G6-MOGA key frame=2463 code=96 state=down
android[2] trace: MusicManager::PlayNextTrack() try, fade=true, soundManager.IsInitialized()=true, soundManager.IsUserMusicPlaying()=false

android[2] trace: MusicManager::PlayTrack(): track=published/sounds/music/loading_01.mp3 fade=true

G4-JNI GetEnv version=0x00010002
G4-JNI GetEnv version=0x00010006
android[6] Sound/SoundManager/error: FMOD result of SoundManager::createSound: An error occured that wasn't supposed to.  Contact support. 

android[5] Sound/SoundManager/warn: SoundManager::createSound - 'ui/ui/btn_generic_accept': failure.

android[2] trace: UI play sound: ui/ui/btn_generic_accept

android[2] trace: MusicManager::PlayNextTrack() try, fade=true, soundManager.IsInitialized()=true, soundManager.IsUserMusicPlaying()=false

android[2] trace: MusicManager::PlayTrack(): track=published/sounds/music/loading_01.mp3 fade=true

G4-JNI GetEnv version=0x00010002
android[2] trace: MusicManager::PlayNextTrack() try, fade=true, soundManager.IsInitialized()=true, soundManager.IsUserMusicPlaying()=false

android[2] trace: MusicManager::PlayTrack(): track=published/sounds/music/loading_01.mp3 fade=true

G4-JNI GetEnv version=0x00010002
android[2] trace: MusicManager::PlayNextTrack() try, fade=true, soundManager.IsInitialized()=true, soundManager.IsUserMusicPlaying()=false

android[2] trace: MusicManager::PlayTrack(): track=published/sounds/music/loading_01.mp3 fade=true

G4-JNI GetEnv version=0x00010002
android[2] trace: MusicManager::PlayNextTrack() try, fade=true, soundManager.IsInitialized()=true, soundManager.IsUserMusicPlaying()=false

android[2] trace: MusicManager::PlayTrack(): track=published/sounds/music/loading_01.mp3 fade=true

G4-JNI GetEnv version=0x00010002
android[2] trace: MusicManager::PlayNextTrack() try, fade=true, soundManager.IsInitialized()=true, soundManager.IsUserMusicPlaying()=false

android[2] trace: MusicManager::PlayTrack(): track=published/sounds/music/loading_01.mp3 fade=true

G4-JNI GetEnv version=0x00010002
android[2] trace: MusicManager::PlayNextTrack() try, fade=true, soundManager.IsInitialized()=true, soundManager.IsUserMusicPlaying()=false

android[2] trace: MusicManager::PlayTrack(): track=published/sounds/music/loading_01.mp3 fade=true

G4-JNI GetEnv version=0x00010002
android[2] trace: MusicManager::PlayNextTrack() try, fade=true, soundManager.IsInitialized()=true, soundManager.IsUserMusicPlaying()=false

android[2] trace: MusicManager::PlayTrack(): track=published/sounds/music/loading_01.mp3 fade=true

G4-JNI GetEnv version=0x00010002
android[2] trace: MusicManager::PlayNextTrack() try, fade=true, soundManager.IsInitialized()=true, soundManager.IsUserMusicPlaying()=false

android[2] trace: MusicManager::PlayTrack(): track=published/sounds/music/loading_01.mp3 fade=true

G4-JNI GetEnv version=0x00010002
android[2] trace: MusicManager::PlayNextTrack() try, fade=true, soundManager.IsInitialized()=true, soundManager.IsUserMusicPlaying()=false

android[2] trace: MusicManager::PlayTrack(): track=published/sounds/music/loading_01.mp3 fade=true

G4-JNI GetEnv version=0x00010002
android[2] trace: MusicManager::PlayNextTrack() try, fade=true, soundManager.IsInitialized()=true, soundManager.IsUserMusicPlaying()=false

android[2] trace: MusicManager::PlayTrack(): track=published/sounds/music/loading_01.mp3 fade=true

G4-JNI GetEnv version=0x00010002
android[2] trace: MusicManager::PlayNextTrack() try, fade=true, soundManager.IsInitialized()=true, soundManager.IsUserMusicPlaying()=false

android[2] trace: MusicManager::PlayTrack(): track=published/sounds/music/loading_01.mp3 fade=true

G4-JNI GetEnv version=0x00010002
android[2] trace: MusicManager::PlayNextTrack() try, fade=true, soundManager.IsInitialized()=true, soundManager.IsUserMusicPlaying()=false

android[2] trace: MusicManager::PlayTrack(): track=published/sounds/music/loading_01.mp3 fade=true

G4-JNI GetEnv version=0x00010002
android[2] trace: MusicManager::PlayNextTrack() try, fade=true, soundManager.IsInitialized()=true, soundManager.IsUserMusicPlaying()=false

android[2] trace: MusicManager::PlayTrack(): track=published/sounds/music/loading_01.mp3 fade=true

G4-JNI GetEnv version=0x00010002
android[2] trace: MoGaConTrOlLeR :: ....................(KK) MogaController :: Inside nativeOnKeyEvent 

android[2] trace: ....................(KK) MogaController :: Inside nativeOnKeyEvent 96

android[2] trace: MoGaConTrOlLeR :: ....................(KK) Key Event Key A AAAA .....................

android[2] trace: MoGaConTrOlLeR :: ....................(KK) Key Event Key up .....................

android[2] trace: MoGaConTrOlLeR :: ....................(KK) Listener Key Release .....................

android[2] trace: MoGaConTrOlLeR :: ....................(KK) AndroidKeyCode :: MogaKeyCode (Start of func) .....................

android[2] trace: MoGaConTrOlLeR :: ....................(KK) AndroidKeyCode :: MogaKeyCode Key Press A .....................

android[2] trace: MoGaConTrOlLeR :: (KK) MogaController :: Inside nativeOnKeyEvent ....................

G6-MOGA key frame=2477 code=96 state=up
android[2] trace: MoGaConTrOlLeR :: ....................(KK) MogaController :: Inside nativeOnKeyEvent 

android[2] trace: ....................(KK) MogaController :: Inside nativeOnKeyEvent 99

android[2] trace: MoGaConTrOlLeR :: ....................(KK) Key Event Key X XXXX .....................

android[2] trace: MoGaConTrOlLeR :: ....................(KK) Key Event Key up .....................

android[2] trace: MoGaConTrOlLeR :: ....................(KK) Listener Key Release .....................

android[2] trace: MoGaConTrOlLeR :: ....................(KK) AndroidKeyCode :: MogaKeyCode (Start of func) .....................

android[2] trace: MoGaConTrOlLeR :: ....................(KK) AndroidKeyCode :: MogaKeyCode Key Press X .....................

android[2] trace: MoGaConTrOlLeR :: (KK) MogaController :: Inside nativeOnKeyEvent ....................

G6-MOGA key frame=2477 code=99 state=up
android[2] trace: MusicManager::PlayNextTrack() try, fade=true, soundManager.IsInitialized()=true, soundManager.IsUserMusicPlaying()=false

android[2] trace: MusicManager::PlayTrack(): track=published/sounds/music/loading_01.mp3 fade=true

G4-JNI GetEnv version=0x00010002
android[2] trace: MusicManager::PlayNextTrack() try, fade=true, soundManager.IsInitialized()=true, soundManager.IsUserMusicPlaying()=false

android[2] trace: MusicManager::PlayTrack(): track=published/sounds/music/loading_01.mp3 fade=true

G4-JNI GetEnv version=0x00010002
android[2] trace: MusicManager::PlayNextTrack() try, fade=true, soundManager.IsInitialized()=true, soundManager.IsUserMusicPlaying()=false

android[2] trace: MusicManager::PlayTrack(): track=published/sounds/music/loading_01.mp3 fade=true

G4-JNI GetEnv version=0x00010002
android[2] trace: MusicManager::PlayNextTrack() try, fade=true, soundManager.IsInitialized()=true, soundManager.IsUserMusicPlaying()=false

android[2] trace: MusicManager::PlayTrack(): track=published/sounds/music/loading_01.mp3 fade=true

G4-JNI GetEnv version=0x00010002
android[2] trace: MusicManager::PlayNextTrack() try, fade=true, soundManager.IsInitialized()=true, soundManager.IsUserMusicPlaying()=false

android[2] trace: MusicManager::PlayTrack(): track=published/sounds/music/loading_01.mp3 fade=true

G4-JNI GetEnv version=0x00010002
android[2] trace: MusicManager::PlayNextTrack() try, fade=true, soundManager.IsInitialized()=true, soundManager.IsUserMusicPlaying()=false

android[2] trace: MusicManager::PlayTrack(): track=published/sounds/music/loading_01.mp3 fade=true

G4-JNI GetEnv version=0x00010002
android[2] trace: MusicManager::PlayNextTrack() try, fade=true, soundManager.IsInitialized()=true, soundManager.IsUserMusicPlaying()=false

android[2] trace: MusicManager::PlayTrack(): track=published/sounds/music/loading_01.mp3 fade=true

G4-JNI GetEnv version=0x00010002
android[2] trace: MusicManager::PlayNextTrack() try, fade=true, soundManager.IsInitialized()=true, soundManager.IsUserMusicPlaying()=false

android[2] trace: MusicManager::PlayTrack(): track=published/sounds/music/loading_01.mp3 fade=true

G4-JNI GetEnv version=0x00010002
android[2] trace: MusicManager::PlayNextTrack() try, fade=true, soundManager.IsInitialized()=true, soundManager.IsUserMusicPlaying()=false

android[2] trace: MusicManager::PlayTrack(): track=published/sounds/music/loading_01.mp3 fade=true

G4-JNI GetEnv version=0x00010002
android[2] trace: MusicManager::PlayNextTrack() try, fade=true, soundManager.IsInitialized()=true, soundManager.IsUserMusicPlaying()=false

android[2] trace: MusicManager::PlayTrack(): track=published/sounds/music/loading_01.mp3 fade=true

G4-JNI GetEnv version=0x00010002
android[2] trace: MusicManager::PlayNextTrack() try, fade=true, soundManager.IsInitialized()=true, soundManager.IsUserMusicPlaying()=false

android[2] trace: MusicManager::PlayTrack(): track=published/sounds/music/loading_01.mp3 fade=true

G4-JNI GetEnv version=0x00010002
android[2] trace: MusicManager::PlayNextTrack() try, fade=true, soundManager.IsInitialized()=true, soundManager.IsUserMusicPlaying()=false

android[2] trace: MusicManager::PlayTrack(): track=published/sounds/music/loading_01.mp3 fade=true

G4-JNI GetEnv version=0x00010002
android[2] trace: MusicManager::PlayNextTrack() try, fade=true, soundManager.IsInitialized()=true, soundManager.IsUserMusicPlaying()=false

android[2] trace: MusicManager::PlayTrack(): track=published/sounds/music/loading_01.mp3 fade=true

G4-JNI GetEnv version=0x00010002
android[2] trace: MusicManager::PlayNextTrack() try, fade=true, soundManager.IsInitialized()=true, soundManager.IsUserMusicPlaying()=false

android[2] trace: MusicManager::PlayTrack(): track=published/sounds/music/loading_01.mp3 fade=true

G4-JNI GetEnv version=0x00010002
android[2] trace: MusicManager::PlayNextTrack() try, fade=true, soundManager.IsInitialized()=true, soundManager.IsUserMusicPlaying()=false

android[2] trace: MusicManager::PlayTrack(): track=published/sounds/music/loading_01.mp3 fade=true

G4-JNI GetEnv version=0x00010002
android[2] trace: MusicManager::PlayNextTrack() try, fade=true, soundManager.IsInitialized()=true, soundManager.IsUserMusicPlaying()=false

android[2] trace: MusicManager::PlayTrack(): track=published/sounds/music/loading_01.mp3 fade=true

G4-JNI GetEnv version=0x00010002
android[2] trace: MusicManager::PlayNextTrack() try, fade=true, soundManager.IsInitialized()=true, soundManager.IsUserMusicPlaying()=false

android[2] trace: MusicManager::PlayTrack(): track=published/sounds/music/loading_01.mp3 fade=true

G4-JNI GetEnv version=0x00010002
android[2] trace: MusicManager::PlayNextTrack() try, fade=true, soundManager.IsInitialized()=true, soundManager.IsUserMusicPlaying()=false

android[2] trace: MusicManager::PlayTrack(): track=published/sounds/music/loading_01.mp3 fade=true

G4-JNI GetEnv version=0x00010002
android[2] trace: MusicManager::PlayNextTrack() try, fade=true, soundManager.IsInitialized()=true, soundManager.IsUserMusicPlaying()=false

android[2] trace: MusicManager::PlayTrack(): track=published/sounds/music/loading_01.mp3 fade=true

G4-JNI GetEnv version=0x00010002
android[2] trace: MusicManager::PlayNextTrack() try, fade=true, soundManager.IsInitialized()=true, soundManager.IsUserMusicPlaying()=false

android[2] trace: MusicManager::PlayTrack(): track=published/sounds/music/loading_01.mp3 fade=true

G4-JNI GetEnv version=0x00010002
android[2] trace: MusicManager::PlayNextTrack() try, fade=true, soundManager.IsInitialized()=true, soundManager.IsUserMusicPlaying()=false

android[2] trace: MusicManager::PlayTrack(): track=published/sounds/music/loading_01.mp3 fade=true

G4-JNI GetEnv version=0x00010002
android[2] trace: MusicManager::PlayNextTrack() try, fade=true, soundManager.IsInitialized()=true, soundManager.IsUserMusicPlaying()=false

android[2] trace: MusicManager::PlayTrack(): track=published/sounds/music/loading_01.mp3 fade=true

G4-JNI GetEnv version=0x00010002
android[2] trace: MusicManager::PlayNextTrack() try, fade=true, soundManager.IsInitialized()=true, soundManager.IsUserMusicPlaying()=false

android[2] trace: MusicManager::PlayTrack(): track=published/sounds/music/loading_01.mp3 fade=true

G4-JNI GetEnv version=0x00010002
android[2] trace: MusicManager::PlayNextTrack() try, fade=true, soundManager.IsInitialized()=true, soundManager.IsUserMusicPlaying()=false

android[2] trace: MusicManager::PlayTrack(): track=published/sounds/music/loading_01.mp3 fade=true

G4-JNI GetEnv version=0x00010002
android[2] trace: MusicManager::PlayNextTrack() try, fade=true, soundManager.IsInitialized()=true, soundManager.IsUserMusicPlaying()=false

android[2] trace: MusicManager::PlayTrack(): track=published/sounds/music/loading_01.mp3 fade=true

G4-JNI GetEnv version=0x00010002
android[2] trace: MusicManager::PlayNextTrack() try, fade=true, soundManager.IsInitialized()=true, soundManager.IsUserMusicPlaying()=false

android[2] trace: MusicManager::PlayTrack(): track=published/sounds/music/loading_01.mp3 fade=true

G4-JNI GetEnv version=0x00010002
android[2] trace: MusicManager::PlayNextTrack() try, fade=true, soundManager.IsInitialized()=true, soundManager.IsUserMusicPlaying()=false

android[2] trace: MusicManager::PlayTrack(): track=published/sounds/music/loading_01.mp3 fade=true

G4-JNI GetEnv version=0x00010002
android[2] trace: MusicManager::PlayNextTrack() try, fade=true, soundManager.IsInitialized()=true, soundManager.IsUserMusicPlaying()=false

android[2] trace: MusicManager::PlayTrack(): track=published/sounds/music/loading_01.mp3 fade=true

G4-JNI GetEnv version=0x00010002
android[2] trace: MusicManager::PlayNextTrack() try, fade=true, soundManager.IsInitialized()=true, soundManager.IsUserMusicPlaying()=false

android[2] trace: MusicManager::PlayTrack(): track=published/sounds/music/loading_01.mp3 fade=true

G4-JNI GetEnv version=0x00010002
android[2] trace: MusicManager::PlayNextTrack() try, fade=true, soundManager.IsInitialized()=true, soundManager.IsUserMusicPlaying()=false

android[2] trace: MusicManager::PlayTrack(): track=published/sounds/music/loading_01.mp3 fade=true

G4-JNI GetEnv version=0x00010002
android[2] trace: MusicManager::PlayNextTrack() try, fade=true, soundManager.IsInitialized()=true, soundManager.IsUserMusicPlaying()=false

android[2] trace: MusicManager::PlayTrack(): track=published/sounds/music/loading_01.mp3 fade=true

G4-JNI GetEnv version=0x00010002
android[2] trace: MusicManager::PlayNextTrack() try, fade=true, soundManager.IsInitialized()=true, soundManager.IsUserMusicPlaying()=false

android[2] trace: MusicManager::PlayTrack(): track=published/sounds/music/loading_01.mp3 fade=true

G4-JNI GetEnv version=0x00010002
android[2] trace: MusicManager::PlayNextTrack() try, fade=true, soundManager.IsInitialized()=true, soundManager.IsUserMusicPlaying()=false

android[2] trace: MusicManager::PlayTrack(): track=published/sounds/music/loading_01.mp3 fade=true

G4-JNI GetEnv version=0x00010002
android[2] trace: MusicManager::PlayNextTrack() try, fade=true, soundManager.IsInitialized()=true, soundManager.IsUserMusicPlaying()=false

android[2] trace: MusicManager::PlayTrack(): track=published/sounds/music/loading_01.mp3 fade=true

G4-JNI GetEnv version=0x00010002
android[2] trace: MusicManager::PlayNextTrack() try, fade=true, soundManager.IsInitialized()=true, soundManager.IsUserMusicPlaying()=false

android[2] trace: MusicManager::PlayTrack(): track=published/sounds/music/loading_01.mp3 fade=true

G4-JNI GetEnv version=0x00010002
android[2] trace: MusicManager::PlayNextTrack() try, fade=true, soundManager.IsInitialized()=true, soundManager.IsUserMusicPlaying()=false

android[2] trace: MusicManager::PlayTrack(): track=published/sounds/music/loading_01.mp3 fade=true

G4-JNI GetEnv version=0x00010002
android[2] trace: MusicManager::PlayNextTrack() try, fade=true, soundManager.IsInitialized()=true, soundManager.IsUserMusicPlaying()=false

android[2] trace: MusicManager::PlayTrack(): track=published/sounds/music/loading_01.mp3 fade=true

G4-JNI GetEnv version=0x00010002
android[2] trace: MusicManager::PlayNextTrack() try, fade=true, soundManager.IsInitialized()=true, soundManager.IsUserMusicPlaying()=false

android[2] trace: MusicManager::PlayTrack(): track=published/sounds/music/loading_01.mp3 fade=true

G4-JNI GetEnv version=0x00010002
android[2] trace: MusicManager::PlayNextTrack() try, fade=true, soundManager.IsInitialized()=true, soundManager.IsUserMusicPlaying()=false

android[2] trace: MusicManager::PlayTrack(): track=published/sounds/music/loading_01.mp3 fade=true

G4-JNI GetEnv version=0x00010002
android[2] trace: MusicManager::PlayNextTrack() try, fade=true, soundManager.IsInitialized()=true, soundManager.IsUserMusicPlaying()=false

android[2] trace: MusicManager::PlayTrack(): track=published/sounds/music/loading_01.mp3 fade=true

G4-JNI GetEnv version=0x00010002
android[2] trace: MusicManager::PlayNextTrack() try, fade=true, soundManager.IsInitialized()=true, soundManager.IsUserMusicPlaying()=false

android[2] trace: MusicManager::PlayTrack(): track=published/sounds/music/loading_01.mp3 fade=true

G4-JNI GetEnv version=0x00010002
android[2] trace: MusicManager::PlayNextTrack() try, fade=true, soundManager.IsInitialized()=true, soundManager.IsUserMusicPlaying()=false

android[2] trace: MusicManager::PlayTrack(): track=published/sounds/music/loading_01.mp3 fade=true

G4-JNI GetEnv version=0x00010002
android[2] trace: MusicManager::PlayNextTrack() try, fade=true, soundManager.IsInitialized()=true, soundManager.IsUserMusicPlaying()=false

android[2] trace: MusicManager::PlayTrack(): track=published/sounds/music/loading_01.mp3 fade=true

G4-JNI GetEnv version=0x00010002
android[2] trace: MusicManager::PlayNextTrack() try, fade=true, soundManager.IsInitialized()=true, soundManager.IsUserMusicPlaying()=false

android[2] trace: MusicManager::PlayTrack(): track=published/sounds/music/loading_01.mp3 fade=true

G4-JNI GetEnv version=0x00010002
android[2] trace: MoGaConTrOlLeR :: ....................(KK) MogaController :: Inside nativeOnKeyEvent 

android[2] trace: ....................(KK) MogaController :: Inside nativeOnKeyEvent 100

android[2] trace: MoGaConTrOlLeR :: ....................(KK) Key Event Key Y YYYY .....................

android[2] trace: MoGaConTrOlLeR :: ....................(KK) Key Event Key up .....................

android[2] trace: MoGaConTrOlLeR :: ....................(KK) Listener Key Release .....................

android[2] trace: MoGaConTrOlLeR :: ....................(KK) AndroidKeyCode :: MogaKeyCode (Start of func) .....................

android[2] trace: MoGaConTrOlLeR :: ....................(KK) AndroidKeyCode :: MogaKeyCode Key Press Y .....................

android[2] trace: MoGaConTrOlLeR :: (KK) MogaController :: Inside nativeOnKeyEvent ....................

G6-MOGA key frame=2521 code=100 state=up
android[2] trace: MusicManager::PlayNextTrack() try, fade=true, soundManager.IsInitialized()=true, soundManager.IsUserMusicPlaying()=false

android[2] trace: MusicManager::PlayTrack(): track=published/sounds/music/loading_01.mp3 fade=true

G4-JNI GetEnv version=0x00010002
android[2] trace: MusicManager::PlayNextTrack() try, fade=true, soundManager.IsInitialized()=true, soundManager.IsUserMusicPlaying()=false

android[2] trace: MusicManager::PlayTrack(): track=published/sounds/music/loading_01.mp3 fade=true

G4-JNI GetEnv version=0x00010002
android[2] trace: MusicManager::PlayNextTrack() try, fade=true, soundManager.IsInitialized()=true, soundManager.IsUserMusicPlaying()=false

android[2] trace: MusicManager::PlayTrack(): track=published/sounds/music/loading_01.mp3 fade=true

G4-JNI GetEnv version=0x00010002
android[2] trace: MusicManager::PlayNextTrack() try, fade=true, soundManager.IsInitialized()=true, soundManager.IsUserMusicPlaying()=false

android[2] trace: MusicManager::PlayTrack(): track=published/sounds/music/loading_01.mp3 fade=true

G4-JNI GetEnv version=0x00010002
android[2] trace: MusicManager::PlayNextTrack() try, fade=true, soundManager.IsInitialized()=true, soundManager.IsUserMusicPlaying()=false

android[2] trace: MusicManager::PlayTrack(): track=published/sounds/music/loading_01.mp3 fade=true

G4-JNI GetEnv version=0x00010002
android[2] trace: MusicManager::PlayNextTrack() try, fade=true, soundManager.IsInitialized()=true, soundManager.IsUserMusicPlaying()=false

android[2] trace: MusicManager::PlayTrack(): track=published/sounds/music/loading_01.mp3 fade=true

G4-JNI GetEnv version=0x00010002
android[2] trace: MusicManager::PlayNextTrack() try, fade=true, soundManager.IsInitialized()=true, soundManager.IsUserMusicPlaying()=false

android[2] trace: MusicManager::PlayTrack(): track=published/sounds/music/loading_01.mp3 fade=true

G4-JNI GetEnv version=0x00010002
android[2] trace: MusicManager::PlayNextTrack() try, fade=true, soundManager.IsInitialized()=true, soundManager.IsUserMusicPlaying()=false

android[2] trace: MusicManager::PlayTrack(): track=published/sounds/music/loading_01.mp3 fade=true

G4-JNI GetEnv version=0x00010002
android[2] trace: MusicManager::PlayNextTrack() try, fade=true, soundManager.IsInitialized()=true, soundManager.IsUserMusicPlaying()=false

android[2] trace: MusicManager::PlayTrack(): track=published/sounds/music/loading_01.mp3 fade=true

G4-JNI GetEnv version=0x00010002
android[2] trace: MusicManager::PlayNextTrack() try, fade=true, soundManager.IsInitialized()=true, soundManager.IsUserMusicPlaying()=false

android[2] trace: MusicManager::PlayTrack(): track=published/sounds/music/loading_01.mp3 fade=true

G4-JNI GetEnv version=0x00010002
android[2] trace: MusicManager::PlayNextTrack() try, fade=true, soundManager.IsInitialized()=true, soundManager.IsUserMusicPlaying()=false

android[2] trace: MusicManager::PlayTrack(): track=published/sounds/music/loading_01.mp3 fade=true

G4-JNI GetEnv version=0x00010002
android[2] trace: MusicManager::PlayNextTrack() try, fade=true, soundManager.IsInitialized()=true, soundManager.IsUserMusicPlaying()=false

android[2] trace: MusicManager::PlayTrack(): track=published/sounds/music/loading_01.mp3 fade=true

G4-JNI GetEnv version=0x00010002
android[2] trace: MusicManager::PlayNextTrack() try, fade=true, soundManager.IsInitialized()=true, soundManager.IsUserMusicPlaying()=false

android[2] trace: MusicManager::PlayTrack(): track=published/sounds/music/loading_01.mp3 fade=true

G4-JNI GetEnv version=0x00010002
android[2] trace: MusicManager::PlayNextTrack() try, fade=true, soundManager.IsInitialized()=true, soundManager.IsUserMusicPlaying()=false

android[2] trace: MusicManager::PlayTrack(): track=published/sounds/music/loading_01.mp3 fade=true

G4-JNI GetEnv version=0x00010002
android[2] trace: MusicManager::PlayNextTrack() try, fade=true, soundManager.IsInitialized()=true, soundManager.IsUserMusicPlaying()=false

android[2] trace: MusicManager::PlayTrack(): track=published/sounds/music/loading_01.mp3 fade=true

G4-JNI GetEnv version=0x00010002
android[2] trace: MusicManager::PlayNextTrack() try, fade=true, soundManager.IsInitialized()=true, soundManager.IsUserMusicPlaying()=false

android[2] trace: MusicManager::PlayTrack(): track=published/sounds/music/loading_01.mp3 fade=true

G4-JNI GetEnv version=0x00010002
android[2] trace: MusicManager::PlayNextTrack() try, fade=true, soundManager.IsInitialized()=true, soundManager.IsUserMusicPlaying()=false

android[2] trace: MusicManager::PlayTrack(): track=published/sounds/music/loading_01.mp3 fade=true

G4-JNI GetEnv version=0x00010002
G4-JNI GetEnv version=0x00010002
android[2] trace: MusicManager::PlayNextTrack() try, fade=true, soundManager.IsInitialized()=true, soundManager.IsUserMusicPlaying()=false

android[2] trace: MusicManager::PlayTrack(): track=published/sounds/music/loading_01.mp3 fade=true

G4-JNI GetEnv version=0x00010002
android[2] trace: MusicManager::PlayNextTrack() try, fade=true, soundManager.IsInitialized()=true, soundManager.IsUserMusicPlaying()=false

android[2] trace: MusicManager::PlayTrack(): track=published/sounds/music/loading_01.mp3 fade=true

G4-JNI GetEnv version=0x00010002
android[5] layouts/warning: LayoutEntity not in cache, reloading: active_accept

android[5] layouts/warning: LayoutEntity not in cache, reloading: aas_inner

android[5] layouts/warning: LayoutEntity not in cache, reloading: frame

android[5] layouts/warning: LayoutEntity not in cache, reloading: btn_options_small2

android[5] layouts/warning: LayoutEntity not in cache, reloading: btn_options_large_active

android[5] layouts/warning: LayoutEntity not in cache, reloading: btn_options_large_idle

android[2] trace: LayoutScreen::LayoutScreen OptionsSettingsScreen != 0

android[2] trace: ShowMogaHighlight start

android[2] trace: ShowMogaHighlight 1

android[2] trace: ShowMogaHighlight end

android[2] trace: MusicManager::PlayNextTrack() try, fade=true, soundManager.IsInitialized()=true, soundManager.IsUserMusicPlaying()=false

android[2] trace: MusicManager::PlayTrack(): track=published/sounds/music/loading_01.mp3 fade=true

G4-JNI GetEnv version=0x00010002
android[2] trace: MusicManager::PlayNextTrack() try, fade=true, soundManager.IsInitialized()=true, soundManager.IsUserMusicPlaying()=false

android[2] trace: MusicManager::PlayTrack(): track=published/sounds/music/loading_01.mp3 fade=true

G4-JNI GetEnv version=0x00010002
android[2] trace: MusicManager::PlayNextTrack() try, fade=true, soundManager.IsInitialized()=true, soundManager.IsUserMusicPlaying()=false

android[2] trace: MusicManager::PlayTrack(): track=published/sounds/music/loading_01.mp3 fade=true

G4-JNI GetEnv version=0x00010002
android[2] trace: MusicManager::PlayNextTrack() try, fade=true, soundManager.IsInitialized()=true, soundManager.IsUserMusicPlaying()=false

android[2] trace: MusicManager::PlayTrack(): track=published/sounds/music/loading_01.mp3 fade=true

G4-JNI GetEnv version=0x00010002
android[2] trace: MusicManager::PlayNextTrack() try, fade=true, soundManager.IsInitialized()=true, soundManager.IsUserMusicPlaying()=false

android[2] trace: MusicManager::PlayTrack(): track=published/sounds/music/loading_01.mp3 fade=true

G4-JNI GetEnv version=0x00010002
android[2] trace: MusicManager::PlayNextTrack() try, fade=true, soundManager.IsInitialized()=true, soundManager.IsUserMusicPlaying()=false

android[2] trace: MusicManager::PlayTrack(): track=published/sounds/music/loading_01.mp3 fade=true

G4-JNI GetEnv version=0x00010002
android[2] trace: MusicManager::PlayNextTrack() try, fade=true, soundManager.IsInitialized()=true, soundManager.IsUserMusicPlaying()=false

android[2] trace: MusicManager::PlayTrack(): track=published/sounds/music/loading_01.mp3 fade=true

G4-JNI GetEnv version=0x00010002
android[2] trace: MusicManager::PlayNextTrack() try, fade=true, soundManager.IsInitialized()=true, soundManager.IsUserMusicPlaying()=false

android[2] trace: MusicManager::PlayTrack(): track=published/sounds/music/loading_01.mp3 fade=true

G4-JNI GetEnv version=0x00010002
android[2] trace: MusicManager::PlayNextTrack() try, fade=true, soundManager.IsInitialized()=true, soundManager.IsUserMusicPlaying()=false

android[2] trace: MusicManager::PlayTrack(): track=published/sounds/music/loading_01.mp3 fade=true

G4-JNI GetEnv version=0x00010002
android[2] trace: MusicManager::PlayNextTrack() try, fade=true, soundManager.IsInitialized()=true, soundManager.IsUserMusicPlaying()=false

android[2] trace: MusicManager::PlayTrack(): track=published/sounds/music/loading_01.mp3 fade=true

G4-JNI GetEnv version=0x00010002
android[2] trace: MusicManager::PlayNextTrack() try, fade=true, soundManager.IsInitialized()=true, soundManager.IsUserMusicPlaying()=false

android[2] trace: MusicManager::PlayTrack(): track=published/sounds/music/loading_01.mp3 fade=true

G4-JNI GetEnv version=0x00010002
android[2] trace: MusicManager::PlayNextTrack() try, fade=true, soundManager.IsInitialized()=true, soundManager.IsUserMusicPlaying()=false

android[2] trace: MusicManager::PlayTrack(): track=published/sounds/music/loading_01.mp3 fade=true

G4-JNI GetEnv version=0x00010002
android[2] trace: MusicManager::PlayNextTrack() try, fade=true, soundManager.IsInitialized()=true, soundManager.IsUserMusicPlaying()=false

android[2] trace: MusicManager::PlayTrack(): track=published/sounds/music/loading_01.mp3 fade=true

G4-JNI GetEnv version=0x00010002
android[2] trace: MusicManager::PlayNextTrack() try, fade=true, soundManager.IsInitialized()=true, soundManager.IsUserMusicPlaying()=false

android[2] trace: MusicManager::PlayTrack(): track=published/sounds/music/loading_01.mp3 fade=true

G4-JNI GetEnv version=0x00010002
android[2] trace: MusicManager::PlayNextTrack() try, fade=true, soundManager.IsInitialized()=true, soundManager.IsUserMusicPlaying()=false

android[2] trace: MusicManager::PlayTrack(): track=published/sounds/music/loading_01.mp3 fade=true

G4-JNI GetEnv version=0x00010002
android[2] trace: MusicManager::PlayNextTrack() try, fade=true, soundManager.IsInitialized()=true, soundManager.IsUserMusicPlaying()=false

android[2] trace: MusicManager::PlayTrack(): track=published/sounds/music/loading_01.mp3 fade=true

G4-JNI GetEnv version=0x00010002
android[2] trace: MusicManager::PlayNextTrack() try, fade=true, soundManager.IsInitialized()=true, soundManager.IsUserMusicPlaying()=false

android[2] trace: MusicManager::PlayTrack(): track=published/sounds/music/loading_01.mp3 fade=true

G4-JNI GetEnv version=0x00010002
android[2] trace: MusicManager::PlayNextTrack() try, fade=true, soundManager.IsInitialized()=true, soundManager.IsUserMusicPlaying()=false

android[2] trace: MusicManager::PlayTrack(): track=published/sounds/music/loading_01.mp3 fade=true

G4-JNI GetEnv version=0x00010002
android[2] trace: MusicManager::PlayNextTrack() try, fade=true, soundManager.IsInitialized()=true, soundManager.IsUserMusicPlaying()=false

android[2] trace: MusicManager::PlayTrack(): track=published/sounds/music/loading_01.mp3 fade=true

G4-JNI GetEnv version=0x00010002
android[2] trace: MusicManager::PlayNextTrack() try, fade=true, soundManager.IsInitialized()=true, soundManager.IsUserMusicPlaying()=false

android[2] trace: MusicManager::PlayTrack(): track=published/sounds/music/loading_01.mp3 fade=true

G4-JNI GetEnv version=0x00010002
G4-JNI GetEnv version=0x00010006
android[2] trace: MusicManager::PlayNextTrack() try, fade=true, soundManager.IsInitialized()=true, soundManager.IsUserMusicPlaying()=false

android[2] trace: MusicManager::PlayTrack(): track=published/sounds/music/loading_01.mp3 fade=true

G4-JNI GetEnv version=0x00010002
android[2] trace: MusicManager::PlayNextTrack() try, fade=true, soundManager.IsInitialized()=true, soundManager.IsUserMusicPlaying()=false

android[2] trace: MusicManager::PlayTrack(): track=published/sounds/music/loading_01.mp3 fade=true

G4-JNI GetEnv version=0x00010002
android[2] trace: MusicManager::PlayNextTrack() try, fade=true, soundManager.IsInitialized()=true, soundManager.IsUserMusicPlaying()=false

android[2] trace: MusicManager::PlayTrack(): track=published/sounds/music/loading_01.mp3 fade=true

G4-JNI GetEnv version=0x00010002
android[2] trace: MusicManager::PlayNextTrack() try, fade=true, soundManager.IsInitialized()=true, soundManager.IsUserMusicPlaying()=false

android[2] trace: MusicManager::PlayTrack(): track=published/sounds/music/loading_01.mp3 fade=true

G4-JNI GetEnv version=0x00010002
android[2] trace: MusicManager::PlayNextTrack() try, fade=true, soundManager.IsInitialized()=true, soundManager.IsUserMusicPlaying()=false

android[2] trace: MusicManager::PlayTrack(): track=published/sounds/music/loading_01.mp3 fade=true

G4-JNI GetEnv version=0x00010002
android[2] trace: MusicManager::PlayNextTrack() try, fade=true, soundManager.IsInitialized()=true, soundManager.IsUserMusicPlaying()=false

android[2] trace: MusicManager::PlayTrack(): track=published/sounds/music/loading_01.mp3 fade=true

G4-JNI GetEnv version=0x00010002
android[2] trace: MusicManager::PlayNextTrack() try, fade=true, soundManager.IsInitialized()=true, soundManager.IsUserMusicPlaying()=false

android[2] trace: MusicManager::PlayTrack(): track=published/sounds/music/loading_01.mp3 fade=true

G4-JNI GetEnv version=0x00010002
android[2] trace: MusicManager::PlayNextTrack() try, fade=true, soundManager.IsInitialized()=true, soundManager.IsUserMusicPlaying()=false

android[2] trace: MusicManager::PlayTrack(): track=published/sounds/music/loading_01.mp3 fade=true

G4-JNI GetEnv version=0x00010002
android[2] trace: MusicManager::PlayNextTrack() try, fade=true, soundManager.IsInitialized()=true, soundManager.IsUserMusicPlaying()=false

android[2] trace: MusicManager::PlayTrack(): track=published/sounds/music/loading_01.mp3 fade=true

G4-JNI GetEnv version=0x00010002
android[2] trace: MusicManager::PlayNextTrack() try, fade=true, soundManager.IsInitialized()=true, soundManager.IsUserMusicPlaying()=false

android[2] trace: MusicManager::PlayTrack(): track=published/sounds/music/loading_01.mp3 fade=true

G4-JNI GetEnv version=0x00010002
android[2] trace: MusicManager::PlayNextTrack() try, fade=true, soundManager.IsInitialized()=true, soundManager.IsUserMusicPlaying()=false

android[2] trace: MusicManager::PlayTrack(): track=published/sounds/music/loading_01.mp3 fade=true

G4-JNI GetEnv version=0x00010002
android[2] trace: MusicManager::PlayNextTrack() try, fade=true, soundManager.IsInitialized()=true, soundManager.IsUserMusicPlaying()=false

android[2] trace: MusicManager::PlayTrack(): track=published/sounds/music/loading_01.mp3 fade=true

G4-JNI GetEnv version=0x00010002
android[2] trace: MusicManager::PlayNextTrack() try, fade=true, soundManager.IsInitialized()=true, soundManager.IsUserMusicPlaying()=false

android[2] trace: MusicManager::PlayTrack(): track=published/sounds/music/loading_01.mp3 fade=true

G4-JNI GetEnv version=0x00010002
android[2] trace: MusicManager::PlayNextTrack() try, fade=true, soundManager.IsInitialized()=true, soundManager.IsUserMusicPlaying()=false

android[2] trace: MusicManager::PlayTrack(): track=published/sounds/music/loading_01.mp3 fade=true

G4-JNI GetEnv version=0x00010002
android[2] trace: MusicManager::PlayNextTrack() try, fade=true, soundManager.IsInitialized()=true, soundManager.IsUserMusicPlaying()=false

android[2] trace: MusicManager::PlayTrack(): track=published/sounds/music/loading_01.mp3 fade=true

G4-JNI GetEnv version=0x00010002
android[2] trace: MusicManager::PlayNextTrack() try, fade=true, soundManager.IsInitialized()=true, soundManager.IsUserMusicPlaying()=false

android[2] trace: MusicManager::PlayTrack(): track=published/sounds/music/loading_01.mp3 fade=true

G4-JNI GetEnv version=0x00010002
android[2] trace: MusicManager::PlayNextTrack() try, fade=true, soundManager.IsInitialized()=true, soundManager.IsUserMusicPlaying()=false

android[2] trace: MusicManager::PlayTrack(): track=published/sounds/music/loading_01.mp3 fade=true

G4-JNI GetEnv version=0x00010002
android[2] trace: MusicManager::PlayNextTrack() try, fade=true, soundManager.IsInitialized()=true, soundManager.IsUserMusicPlaying()=false

android[2] trace: MusicManager::PlayTrack(): track=published/sounds/music/loading_01.mp3 fade=true

G4-JNI GetEnv version=0x00010002
android[2] trace: MusicManager::PlayNextTrack() try, fade=true, soundManager.IsInitialized()=true, soundManager.IsUserMusicPlaying()=false

android[2] trace: MusicManager::PlayTrack(): track=published/sounds/music/loading_01.mp3 fade=true

G4-JNI GetEnv version=0x00010002
android[2] trace: MusicManager::PlayNextTrack() try, fade=true, soundManager.IsInitialized()=true, soundManager.IsUserMusicPlaying()=false

android[2] trace: MusicManager::PlayTrack(): track=published/sounds/music/loading_01.mp3 fade=true

G4-JNI GetEnv version=0x00010002
android[2] trace: MusicManager::PlayNextTrack() try, fade=true, soundManager.IsInitialized()=true, soundManager.IsUserMusicPlaying()=false

android[2] trace: MusicManager::PlayTrack(): track=published/sounds/music/loading_01.mp3 fade=true

G4-JNI GetEnv version=0x00010002
android[2] trace: MusicManager::PlayNextTrack() try, fade=true, soundManager.IsInitialized()=true, soundManager.IsUserMusicPlaying()=false

android[2] trace: MusicManager::PlayTrack(): track=published/sounds/music/loading_01.mp3 fade=true

G4-JNI GetEnv version=0x00010002
android[2] trace: MusicManager::PlayNextTrack() try, fade=true, soundManager.IsInitialized()=true, soundManager.IsUserMusicPlaying()=false

android[2] trace: MusicManager::PlayTrack(): track=published/sounds/music/loading_01.mp3 fade=true

G4-JNI GetEnv version=0x00010002
android[2] trace: MusicManager::PlayNextTrack() try, fade=true, soundManager.IsInitialized()=true, soundManager.IsUserMusicPlaying()=false

android[2] trace: MusicManager::PlayTrack(): track=published/sounds/music/loading_01.mp3 fade=true

G4-JNI GetEnv version=0x00010002
android[2] trace: MusicManager::PlayNextTrack() try, fade=true, soundManager.IsInitialized()=true, soundManager.IsUserMusicPlaying()=false

android[2] trace: MusicManager::PlayTrack(): track=published/sounds/music/loading_01.mp3 fade=true

G4-JNI GetEnv version=0x00010002
android[2] trace: MusicManager::PlayNextTrack() try, fade=true, soundManager.IsInitialized()=true, soundManager.IsUserMusicPlaying()=false

android[2] trace: MusicManager::PlayTrack(): track=published/sounds/music/loading_01.mp3 fade=true

G4-JNI GetEnv version=0x00010002
android[2] trace: MusicManager::PlayNextTrack() try, fade=true, soundManager.IsInitialized()=true, soundManager.IsUserMusicPlaying()=false

android[2] trace: MusicManager::PlayTrack(): track=published/sounds/music/loading_01.mp3 fade=true

G4-JNI GetEnv version=0x00010002
android[2] trace: MusicManager::PlayNextTrack() try, fade=true, soundManager.IsInitialized()=true, soundManager.IsUserMusicPlaying()=false

android[2] trace: MusicManager::PlayTrack(): track=published/sounds/music/loading_01.mp3 fade=true

G4-JNI GetEnv version=0x00010002
android[2] trace: MusicManager::PlayNextTrack() try, fade=true, soundManager.IsInitialized()=true, soundManager.IsUserMusicPlaying()=false

android[2] trace: MusicManager::PlayTrack(): track=published/sounds/music/loading_01.mp3 fade=true

G4-JNI GetEnv version=0x00010002
android[2] trace: MusicManager::PlayNextTrack() try, fade=true, soundManager.IsInitialized()=true, soundManager.IsUserMusicPlaying()=false

android[2] trace: MusicManager::PlayTrack(): track=published/sounds/music/loading_01.mp3 fade=true

G4-JNI GetEnv version=0x00010002
android[2] trace: MusicManager::PlayNextTrack() try, fade=true, soundManager.IsInitialized()=true, soundManager.IsUserMusicPlaying()=false

android[2] trace: MusicManager::PlayTrack(): track=published/sounds/music/loading_01.mp3 fade=true

G4-JNI GetEnv version=0x00010002
android[2] trace: MusicManager::PlayNextTrack() try, fade=true, soundManager.IsInitialized()=true, soundManager.IsUserMusicPlaying()=false

android[2] trace: MusicManager::PlayTrack(): track=published/sounds/music/loading_01.mp3 fade=true

G4-JNI GetEnv version=0x00010002
android[2] trace: MusicManager::PlayNextTrack() try, fade=true, soundManager.IsInitialized()=true, soundManager.IsUserMusicPlaying()=false

android[2] trace: MusicManager::PlayTrack(): track=published/sounds/music/loading_01.mp3 fade=true

G4-JNI GetEnv version=0x00010002
android[2] trace: MusicManager::PlayNextTrack() try, fade=true, soundManager.IsInitialized()=true, soundManager.IsUserMusicPlaying()=false

android[2] trace: MusicManager::PlayTrack(): track=published/sounds/music/loading_01.mp3 fade=true

G4-JNI GetEnv version=0x00010002
android[2] trace: MusicManager::PlayNextTrack() try, fade=true, soundManager.IsInitialized()=true, soundManager.IsUserMusicPlaying()=false

android[2] trace: MusicManager::PlayTrack(): track=published/sounds/music/loading_01.mp3 fade=true

G4-JNI GetEnv version=0x00010002
android[2] trace: MusicManager::PlayNextTrack() try, fade=true, soundManager.IsInitialized()=true, soundManager.IsUserMusicPlaying()=false

android[2] trace: MusicManager::PlayTrack(): track=published/sounds/music/loading_01.mp3 fade=true

G4-JNI GetEnv version=0x00010002
android[2] trace: MusicManager::PlayNextTrack() try, fade=true, soundManager.IsInitialized()=true, soundManager.IsUserMusicPlaying()=false

android[2] trace: MusicManager::PlayTrack(): track=published/sounds/music/loading_01.mp3 fade=true

G4-JNI GetEnv version=0x00010002
android[2] trace: MusicManager::PlayNextTrack() try, fade=true, soundManager.IsInitialized()=true, soundManager.IsUserMusicPlaying()=false

android[2] trace: MusicManager::PlayTrack(): track=published/sounds/music/loading_01.mp3 fade=true

G4-JNI GetEnv version=0x00010002
android[2] trace: MusicManager::PlayNextTrack() try, fade=true, soundManager.IsInitialized()=true, soundManager.IsUserMusicPlaying()=false

android[2] trace: MusicManager::PlayTrack(): track=published/sounds/music/loading_01.mp3 fade=true

G4-JNI GetEnv version=0x00010002
android[2] trace: MusicManager::PlayNextTrack() try, fade=true, soundManager.IsInitialized()=true, soundManager.IsUserMusicPlaying()=false

android[2] trace: MusicManager::PlayTrack(): track=published/sounds/music/loading_01.mp3 fade=true

G4-JNI GetEnv version=0x00010002
android[2] trace: MusicManager::PlayNextTrack() try, fade=true, soundManager.IsInitialized()=true, soundManager.IsUserMusicPlaying()=false

android[2] trace: MusicManager::PlayTrack(): track=published/sounds/music/loading_01.mp3 fade=true

G4-JNI GetEnv version=0x00010002
android[2] trace: MusicManager::PlayNextTrack() try, fade=true, soundManager.IsInitialized()=true, soundManager.IsUserMusicPlaying()=false

android[2] trace: MusicManager::PlayTrack(): track=published/sounds/music/loading_01.mp3 fade=true

G4-JNI GetEnv version=0x00010002
android[2] trace: MusicManager::PlayNextTrack() try, fade=true, soundManager.IsInitialized()=true, soundManager.IsUserMusicPlaying()=false

android[2] trace: MusicManager::PlayTrack(): track=published/sounds/music/loading_01.mp3 fade=true

G4-JNI GetEnv version=0x00010002
android[2] trace: MusicManager::PlayNextTrack() try, fade=true, soundManager.IsInitialized()=true, soundManager.IsUserMusicPlaying()=false

android[2] trace: MusicManager::PlayTrack(): track=published/sounds/music/loading_01.mp3 fade=true

G4-JNI GetEnv version=0x00010002
android[2] trace: MusicManager::PlayNextTrack() try, fade=true, soundManager.IsInitialized()=true, soundManager.IsUserMusicPlaying()=false

android[2] trace: MusicManager::PlayTrack(): track=published/sounds/music/loading_01.mp3 fade=true

G4-JNI GetEnv version=0x00010002
android[2] trace: MusicManager::PlayNextTrack() try, fade=true, soundManager.IsInitialized()=true, soundManager.IsUserMusicPlaying()=false

android[2] trace: MusicManager::PlayTrack(): track=published/sounds/music/loading_01.mp3 fade=true

G4-JNI GetEnv version=0x00010002
android[2] trace: MusicManager::PlayNextTrack() try, fade=true, soundManager.IsInitialized()=true, soundManager.IsUserMusicPlaying()=false

android[2] trace: MusicManager::PlayTrack(): track=published/sounds/music/loading_01.mp3 fade=true

G4-JNI GetEnv version=0x00010002
android[2] trace: MusicManager::PlayNextTrack() try, fade=true, soundManager.IsInitialized()=true, soundManager.IsUserMusicPlaying()=false

android[2] trace: MusicManager::PlayTrack(): track=published/sounds/music/loading_01.mp3 fade=true

G4-JNI GetEnv version=0x00010002
android[2] trace: MusicManager::PlayNextTrack() try, fade=true, soundManager.IsInitialized()=true, soundManager.IsUserMusicPlaying()=false

android[2] trace: MusicManager::PlayTrack(): track=published/sounds/music/loading_01.mp3 fade=true

G4-JNI GetEnv version=0x00010002
android[2] trace: MusicManager::PlayNextTrack() try, fade=true, soundManager.IsInitialized()=true, soundManager.IsUserMusicPlaying()=false

android[2] trace: MusicManager::PlayTrack(): track=published/sounds/music/loading_01.mp3 fade=true

G4-JNI GetEnv version=0x00010002
android[2] trace: MusicManager::PlayNextTrack() try, fade=true, soundManager.IsInitialized()=true, soundManager.IsUserMusicPlaying()=false

android[2] trace: MusicManager::PlayTrack(): track=published/sounds/music/loading_01.mp3 fade=true

G4-JNI GetEnv version=0x00010002
android[2] trace: MusicManager::PlayNextTrack() try, fade=true, soundManager.IsInitialized()=true, soundManager.IsUserMusicPlaying()=false

android[2] trace: MusicManager::PlayTrack(): track=published/sounds/music/loading_01.mp3 fade=true

G4-JNI GetEnv version=0x00010002
android[2] trace: MusicManager::PlayNextTrack() try, fade=true, soundManager.IsInitialized()=true, soundManager.IsUserMusicPlaying()=false

android[2] trace: MusicManager::PlayTrack(): track=published/sounds/music/loading_01.mp3 fade=true

G4-JNI GetEnv version=0x00010002
android[2] trace: MusicManager::PlayNextTrack() try, fade=true, soundManager.IsInitialized()=true, soundManager.IsUserMusicPlaying()=false

android[2] trace: MusicManager::PlayTrack(): track=published/sounds/music/loading_01.mp3 fade=true

G4-JNI GetEnv version=0x00010002
android[2] trace: MusicManager::PlayNextTrack() try, fade=true, soundManager.IsInitialized()=true, soundManager.IsUserMusicPlaying()=false

android[2] trace: MusicManager::PlayTrack(): track=published/sounds/music/loading_01.mp3 fade=true

G4-JNI GetEnv version=0x00010002
android[2] trace: MusicManager::PlayNextTrack() try, fade=true, soundManager.IsInitialized()=true, soundManager.IsUserMusicPlaying()=false

android[2] trace: MusicManager::PlayTrack(): track=published/sounds/music/loading_01.mp3 fade=true

G4-JNI GetEnv version=0x00010002
android[2] trace: MoGaConTrOlLeR :: ....................(KK) MogaController :: Inside nativeOnKeyEvent 

android[2] trace: ....................(KK) MogaController :: Inside nativeOnKeyEvent 108

android[2] trace: MoGaConTrOlLeR :: ....................(KK) Key Event Key Start TTTT .....................

android[2] trace: MoGaConTrOlLeR :: ....................(KK) Key Event Key Down .....................

android[2] trace: MoGaConTrOlLeR :: ....................(KK) Listener Key Press .....................

android[2] trace: MoGaConTrOlLeR :: ....................(KK) AndroidKeyCode :: MogaKeyCode (Start of func) .....................

android[2] trace: MoGaConTrOlLeR :: ....................(KK) AndroidKeyCode :: MogaKeyCode Key Press Start(KeyB) .....................

android[2] trace: MoGaConTrOlLeR :: (KK) MogaController :: Inside nativeOnKeyEvent ....................

G6-MOGA key frame=2616 code=108 state=down
android[2] trace: MusicManager::PlayNextTrack() try, fade=true, soundManager.IsInitialized()=true, soundManager.IsUserMusicPlaying()=false

android[2] trace: MusicManager::PlayTrack(): track=published/sounds/music/loading_01.mp3 fade=true

G4-JNI GetEnv version=0x00010002
android[2] trace: MusicManager::PlayNextTrack() try, fade=true, soundManager.IsInitialized()=true, soundManager.IsUserMusicPlaying()=false

android[2] trace: MusicManager::PlayTrack(): track=published/sounds/music/loading_01.mp3 fade=true

G4-JNI GetEnv version=0x00010002
android[2] trace: MusicManager::PlayNextTrack() try, fade=true, soundManager.IsInitialized()=true, soundManager.IsUserMusicPlaying()=false

android[2] trace: MusicManager::PlayTrack(): track=published/sounds/music/loading_01.mp3 fade=true

G4-JNI GetEnv version=0x00010002
android[2] trace: MusicManager::PlayNextTrack() try, fade=true, soundManager.IsInitialized()=true, soundManager.IsUserMusicPlaying()=false

android[2] trace: MusicManager::PlayTrack(): track=published/sounds/music/loading_01.mp3 fade=true

G4-JNI GetEnv version=0x00010002
android[2] trace: MusicManager::PlayNextTrack() try, fade=true, soundManager.IsInitialized()=true, soundManager.IsUserMusicPlaying()=false

android[2] trace: MusicManager::PlayTrack(): track=published/sounds/music/loading_01.mp3 fade=true

G4-JNI GetEnv version=0x00010002
android[2] trace: MusicManager::PlayNextTrack() try, fade=true, soundManager.IsInitialized()=true, soundManager.IsUserMusicPlaying()=false

android[2] trace: MusicManager::PlayTrack(): track=published/sounds/music/loading_01.mp3 fade=true

G4-JNI GetEnv version=0x00010002
android[2] trace: MusicManager::PlayNextTrack() try, fade=true, soundManager.IsInitialized()=true, soundManager.IsUserMusicPlaying()=false

android[2] trace: MusicManager::PlayTrack(): track=published/sounds/music/loading_01.mp3 fade=true

G4-JNI GetEnv version=0x00010002
android[2] trace: MusicManager::PlayNextTrack() try, fade=true, soundManager.IsInitialized()=true, soundManager.IsUserMusicPlaying()=false

android[2] trace: MusicManager::PlayTrack(): track=published/sounds/music/loading_01.mp3 fade=true

G4-JNI GetEnv version=0x00010002
android[2] trace: MusicManager::PlayNextTrack() try, fade=true, soundManager.IsInitialized()=true, soundManager.IsUserMusicPlaying()=false

android[2] trace: MusicManager::PlayTrack(): track=published/sounds/music/loading_01.mp3 fade=true

G4-JNI GetEnv version=0x00010002
android[2] trace: MusicManager::PlayNextTrack() try, fade=true, soundManager.IsInitialized()=true, soundManager.IsUserMusicPlaying()=false

android[2] trace: MusicManager::PlayTrack(): track=published/sounds/music/loading_01.mp3 fade=true

G4-JNI GetEnv version=0x00010002
android[2] trace: MusicManager::PlayNextTrack() try, fade=true, soundManager.IsInitialized()=true, soundManager.IsUserMusicPlaying()=false

android[2] trace: MusicManager::PlayTrack(): track=published/sounds/music/loading_01.mp3 fade=true

G4-JNI GetEnv version=0x00010002
android[2] trace: MoGaConTrOlLeR :: ....................(KK) MogaController :: Inside nativeOnKeyEvent 

android[2] trace: ....................(KK) MogaController :: Inside nativeOnKeyEvent 108

android[2] trace: MoGaConTrOlLeR :: ....................(KK) Key Event Key Start TTTT .....................

android[2] trace: MoGaConTrOlLeR :: ....................(KK) Key Event Key up .....................

android[2] trace: MoGaConTrOlLeR :: ....................(KK) Listener Key Release .....................

android[2] trace: MoGaConTrOlLeR :: ....................(KK) AndroidKeyCode :: MogaKeyCode (Start of func) .....................

android[2] trace: MoGaConTrOlLeR :: ....................(KK) AndroidKeyCode :: MogaKeyCode Key Press Start(KeyB) .....................

android[2] trace: MoGaConTrOlLeR :: (KK) MogaController :: Inside nativeOnKeyEvent ....................

G6-MOGA key frame=2627 code=108 state=up
android[2] trace: MusicManager::PlayNextTrack() try, fade=true, soundManager.IsInitialized()=true, soundManager.IsUserMusicPlaying()=false

android[2] trace: MusicManager::PlayTrack(): track=published/sounds/music/loading_01.mp3 fade=true

G4-JNI GetEnv version=0x00010002
android[2] trace: MusicManager::PlayNextTrack() try, fade=true, soundManager.IsInitialized()=true, soundManager.IsUserMusicPlaying()=false

android[2] trace: MusicManager::PlayTrack(): track=published/sounds/music/loading_01.mp3 fade=true

G4-JNI GetEnv version=0x00010002
android[2] trace: MusicManager::PlayNextTrack() try, fade=true, soundManager.IsInitialized()=true, soundManager.IsUserMusicPlaying()=false

android[2] trace: MusicManager::PlayTrack(): track=published/sounds/music/loading_01.mp3 fade=true

G4-JNI GetEnv version=0x00010002
android[2] trace: MusicManager::PlayNextTrack() try, fade=true, soundManager.IsInitialized()=true, soundManager.IsUserMusicPlaying()=false

android[2] trace: MusicManager::PlayTrack(): track=published/sounds/music/loading_01.mp3 fade=true

G4-JNI GetEnv version=0x00010002
android[2] trace: MusicManager::PlayNextTrack() try, fade=true, soundManager.IsInitialized()=true, soundManager.IsUserMusicPlaying()=false

android[2] trace: MusicManager::PlayTrack(): track=published/sounds/music/loading_01.mp3 fade=true

G4-JNI GetEnv version=0x00010002
android[2] trace: MusicManager::PlayNextTrack() try, fade=true, soundManager.IsInitialized()=true, soundManager.IsUserMusicPlaying()=false

android[2] trace: MusicManager::PlayTrack(): track=published/sounds/music/loading_01.mp3 fade=true

G4-JNI GetEnv version=0x00010002
android[2] trace: MusicManager::PlayNextTrack() try, fade=true, soundManager.IsInitialized()=true, soundManager.IsUserMusicPlaying()=false

android[2] trace: MusicManager::PlayTrack(): track=published/sounds/music/loading_01.mp3 fade=true

G4-JNI GetEnv version=0x00010002
android[2] trace: MusicManager::PlayNextTrack() try, fade=true, soundManager.IsInitialized()=true, soundManager.IsUserMusicPlaying()=false

android[2] trace: MusicManager::PlayTrack(): track=published/sounds/music/loading_01.mp3 fade=true

G4-JNI GetEnv version=0x00010002
android[2] trace: MusicManager::PlayNextTrack() try, fade=true, soundManager.IsInitialized()=true, soundManager.IsUserMusicPlaying()=false

android[2] trace: MusicManager::PlayTrack(): track=published/sounds/music/loading_01.mp3 fade=true

G4-JNI GetEnv version=0x00010002
android[2] trace: MusicManager::PlayNextTrack() try, fade=true, soundManager.IsInitialized()=true, soundManager.IsUserMusicPlaying()=false

android[2] trace: MusicManager::PlayTrack(): track=published/sounds/music/loading_01.mp3 fade=true

G4-JNI GetEnv version=0x00010002
android[2] trace: MusicManager::PlayNextTrack() try, fade=true, soundManager.IsInitialized()=true, soundManager.IsUserMusicPlaying()=false

android[2] trace: MusicManager::PlayTrack(): track=published/sounds/music/loading_01.mp3 fade=true

G4-JNI GetEnv version=0x00010002
android[2] trace: MusicManager::PlayNextTrack() try, fade=true, soundManager.IsInitialized()=true, soundManager.IsUserMusicPlaying()=false

android[2] trace: MusicManager::PlayTrack(): track=published/sounds/music/loading_01.mp3 fade=true

G4-JNI GetEnv version=0x00010002
android[2] trace: MusicManager::PlayNextTrack() try, fade=true, soundManager.IsInitialized()=true, soundManager.IsUserMusicPlaying()=false

android[2] trace: MusicManager::PlayTrack(): track=published/sounds/music/loading_01.mp3 fade=true

G4-JNI GetEnv version=0x00010002
android[2] trace: MusicManager::PlayNextTrack() try, fade=true, soundManager.IsInitialized()=true, soundManager.IsUserMusicPlaying()=false

android[2] trace: MusicManager::PlayTrack(): track=published/sounds/music/loading_01.mp3 fade=true

G4-JNI GetEnv version=0x00010002
android[2] trace: MusicManager::PlayNextTrack() try, fade=true, soundManager.IsInitialized()=true, soundManager.IsUserMusicPlaying()=false

android[2] trace: MusicManager::PlayTrack(): track=published/sounds/music/loading_01.mp3 fade=true

G4-JNI GetEnv version=0x00010002
android[2] trace: MusicManager::PlayNextTrack() try, fade=true, soundManager.IsInitialized()=true, soundManager.IsUserMusicPlaying()=false

android[2] trace: MusicManager::PlayTrack(): track=published/sounds/music/loading_01.mp3 fade=true

G4-JNI GetEnv version=0x00010002
android[2] trace: MusicManager::PlayNextTrack() try, fade=true, soundManager.IsInitialized()=true, soundManager.IsUserMusicPlaying()=false

android[2] trace: MusicManager::PlayTrack(): track=published/sounds/music/loading_01.mp3 fade=true

G4-JNI GetEnv version=0x00010002
android[2] trace: MusicManager::PlayNextTrack() try, fade=true, soundManager.IsInitialized()=true, soundManager.IsUserMusicPlaying()=false

android[2] trace: MusicManager::PlayTrack(): track=published/sounds/music/loading_01.mp3 fade=true

G4-JNI GetEnv version=0x00010002
android[2] trace: MusicManager::PlayNextTrack() try, fade=true, soundManager.IsInitialized()=true, soundManager.IsUserMusicPlaying()=false

android[2] trace: MusicManager::PlayTrack(): track=published/sounds/music/loading_01.mp3 fade=true

G4-JNI GetEnv version=0x00010002
android[2] trace: MusicManager::PlayNextTrack() try, fade=true, soundManager.IsInitialized()=true, soundManager.IsUserMusicPlaying()=false

android[2] trace: MusicManager::PlayTrack(): track=published/sounds/music/loading_01.mp3 fade=true

G4-JNI GetEnv version=0x00010002
android[2] trace: MusicManager::PlayNextTrack() try, fade=true, soundManager.IsInitialized()=true, soundManager.IsUserMusicPlaying()=false

android[2] trace: MusicManager::PlayTrack(): track=published/sounds/music/loading_01.mp3 fade=true

G4-JNI GetEnv version=0x00010002
android[2] trace: MusicManager::PlayNextTrack() try, fade=true, soundManager.IsInitialized()=true, soundManager.IsUserMusicPlaying()=false

android[2] trace: MusicManager::PlayTrack(): track=published/sounds/music/loading_01.mp3 fade=true

G4-JNI GetEnv version=0x00010002
android[2] trace: MusicManager::PlayNextTrack() try, fade=true, soundManager.IsInitialized()=true, soundManager.IsUserMusicPlaying()=false

android[2] trace: MusicManager::PlayTrack(): track=published/sounds/music/loading_01.mp3 fade=true

G4-JNI GetEnv version=0x00010002
android[2] trace: MusicManager::PlayNextTrack() try, fade=true, soundManager.IsInitialized()=true, soundManager.IsUserMusicPlaying()=false

android[2] trace: MusicManager::PlayTrack(): track=published/sounds/music/loading_01.mp3 fade=true

G4-JNI GetEnv version=0x00010002
android[2] trace: MusicManager::PlayNextTrack() try, fade=true, soundManager.IsInitialized()=true, soundManager.IsUserMusicPlaying()=false

android[2] trace: MusicManager::PlayTrack(): track=published/sounds/music/loading_01.mp3 fade=true

G4-JNI GetEnv version=0x00010002
android[2] trace: MusicManager::PlayNextTrack() try, fade=true, soundManager.IsInitialized()=true, soundManager.IsUserMusicPlaying()=false

android[2] trace: MusicManager::PlayTrack(): track=published/sounds/music/loading_01.mp3 fade=true

G4-JNI GetEnv version=0x00010002
android[2] trace: MusicManager::PlayNextTrack() try, fade=true, soundManager.IsInitialized()=true, soundManager.IsUserMusicPlaying()=false

android[2] trace: MusicManager::PlayTrack(): track=published/sounds/music/loading_01.mp3 fade=true

G4-JNI GetEnv version=0x00010002
android[2] trace: MusicManager::PlayNextTrack() try, fade=true, soundManager.IsInitialized()=true, soundManager.IsUserMusicPlaying()=false

android[2] trace: MusicManager::PlayTrack(): track=published/sounds/music/loading_01.mp3 fade=true

G4-JNI GetEnv version=0x00010002
android[2] trace: MusicManager::PlayNextTrack() try, fade=true, soundManager.IsInitialized()=true, soundManager.IsUserMusicPlaying()=false

android[2] trace: MusicManager::PlayTrack(): track=published/sounds/music/loading_01.mp3 fade=true

G4-JNI GetEnv version=0x00010002
android[2] trace: MusicManager::PlayNextTrack() try, fade=true, soundManager.IsInitialized()=true, soundManager.IsUserMusicPlaying()=false

android[2] trace: MusicManager::PlayTrack(): track=published/sounds/music/loading_01.mp3 fade=true

G4-JNI GetEnv version=0x00010002
android[2] trace: MusicManager::PlayNextTrack() try, fade=true, soundManager.IsInitialized()=true, soundManager.IsUserMusicPlaying()=false

android[2] trace: MusicManager::PlayTrack(): track=published/sounds/music/loading_01.mp3 fade=true

G4-JNI GetEnv version=0x00010002
android[2] trace: MusicManager::PlayNextTrack() try, fade=true, soundManager.IsInitialized()=true, soundManager.IsUserMusicPlaying()=false

android[2] trace: MusicManager::PlayTrack(): track=published/sounds/music/loading_01.mp3 fade=true

G4-JNI GetEnv version=0x00010002
android[2] trace: MusicManager::PlayNextTrack() try, fade=true, soundManager.IsInitialized()=true, soundManager.IsUserMusicPlaying()=false

android[2] trace: MusicManager::PlayTrack(): track=published/sounds/music/loading_01.mp3 fade=true

G4-JNI GetEnv version=0x00010002
android[2] trace: MusicManager::PlayNextTrack() try, fade=true, soundManager.IsInitialized()=true, soundManager.IsUserMusicPlaying()=false

android[2] trace: MusicManager::PlayTrack(): track=published/sounds/music/loading_01.mp3 fade=true

G4-JNI GetEnv version=0x00010002
android[2] trace: MusicManager::PlayNextTrack() try, fade=true, soundManager.IsInitialized()=true, soundManager.IsUserMusicPlaying()=false

android[2] trace: MusicManager::PlayTrack(): track=published/sounds/music/loading_01.mp3 fade=true

G4-JNI GetEnv version=0x00010002
android[2] trace: MusicManager::PlayNextTrack() try, fade=true, soundManager.IsInitialized()=true, soundManager.IsUserMusicPlaying()=false

android[2] trace: MusicManager::PlayTrack(): track=published/sounds/music/loading_01.mp3 fade=true

G4-JNI GetEnv version=0x00010002
android[2] trace: MusicManager::PlayNextTrack() try, fade=true, soundManager.IsInitialized()=true, soundManager.IsUserMusicPlaying()=false

android[2] trace: MusicManager::PlayTrack(): track=published/sounds/music/loading_01.mp3 fade=true

G4-JNI GetEnv version=0x00010002
android[2] trace: MusicManager::PlayNextTrack() try, fade=true, soundManager.IsInitialized()=true, soundManager.IsUserMusicPlaying()=false

android[2] trace: MusicManager::PlayTrack(): track=published/sounds/music/loading_01.mp3 fade=true

G4-JNI GetEnv version=0x00010002
android[2] trace: MusicManager::PlayNextTrack() try, fade=true, soundManager.IsInitialized()=true, soundManager.IsUserMusicPlaying()=false

android[2] trace: MusicManager::PlayTrack(): track=published/sounds/music/loading_01.mp3 fade=true

G4-JNI GetEnv version=0x00010002
android[2] trace: MusicManager::PlayNextTrack() try, fade=true, soundManager.IsInitialized()=true, soundManager.IsUserMusicPlaying()=false

android[2] trace: MusicManager::PlayTrack(): track=published/sounds/music/loading_01.mp3 fade=true

G4-JNI GetEnv version=0x00010002
android[2] trace: MusicManager::PlayNextTrack() try, fade=true, soundManager.IsInitialized()=true, soundManager.IsUserMusicPlaying()=false

android[2] trace: MusicManager::PlayTrack(): track=published/sounds/music/loading_01.mp3 fade=true

G4-JNI GetEnv version=0x00010002
android[2] trace: MusicManager::PlayNextTrack() try, fade=true, soundManager.IsInitialized()=true, soundManager.IsUserMusicPlaying()=false

android[2] trace: MusicManager::PlayTrack(): track=published/sounds/music/loading_01.mp3 fade=true

G4-JNI GetEnv version=0x00010002
android[2] trace: MusicManager::PlayNextTrack() try, fade=true, soundManager.IsInitialized()=true, soundManager.IsUserMusicPlaying()=false

android[2] trace: MusicManager::PlayTrack(): track=published/sounds/music/loading_01.mp3 fade=true

G4-JNI GetEnv version=0x00010002
android[2] trace: MusicManager::PlayNextTrack() try, fade=true, soundManager.IsInitialized()=true, soundManager.IsUserMusicPlaying()=false

android[2] trace: MusicManager::PlayTrack(): track=published/sounds/music/loading_01.mp3 fade=true

G4-JNI GetEnv version=0x00010002
android[2] trace: MusicManager::PlayNextTrack() try, fade=true, soundManager.IsInitialized()=true, soundManager.IsUserMusicPlaying()=false

android[2] trace: MusicManager::PlayTrack(): track=published/sounds/music/loading_01.mp3 fade=true

G4-JNI GetEnv version=0x00010002
android[2] trace: MusicManager::PlayNextTrack() try, fade=true, soundManager.IsInitialized()=true, soundManager.IsUserMusicPlaying()=false

android[2] trace: MusicManager::PlayTrack(): track=published/sounds/music/loading_01.mp3 fade=true

G4-JNI GetEnv version=0x00010002
android[2] trace: MusicManager::PlayNextTrack() try, fade=true, soundManager.IsInitialized()=true, soundManager.IsUserMusicPlaying()=false

android[2] trace: MusicManager::PlayTrack(): track=published/sounds/music/loading_01.mp3 fade=true

G4-JNI GetEnv version=0x00010002
android[2] trace: MusicManager::PlayNextTrack() try, fade=true, soundManager.IsInitialized()=true, soundManager.IsUserMusicPlaying()=false

android[2] trace: MusicManager::PlayTrack(): track=published/sounds/music/loading_01.mp3 fade=true

G4-JNI GetEnv version=0x00010002
android[2] trace: MusicManager::PlayNextTrack() try, fade=true, soundManager.IsInitialized()=true, soundManager.IsUserMusicPlaying()=false

android[2] trace: MusicManager::PlayTrack(): track=published/sounds/music/loading_01.mp3 fade=true

G4-JNI GetEnv version=0x00010002
android[2] trace: MusicManager::PlayNextTrack() try, fade=true, soundManager.IsInitialized()=true, soundManager.IsUserMusicPlaying()=false

android[2] trace: MusicManager::PlayTrack(): track=published/sounds/music/loading_01.mp3 fade=true

G4-JNI GetEnv version=0x00010002
android[2] trace: MusicManager::PlayNextTrack() try, fade=true, soundManager.IsInitialized()=true, soundManager.IsUserMusicPlaying()=false

android[2] trace: MusicManager::PlayTrack(): track=published/sounds/music/loading_01.mp3 fade=true

G4-JNI GetEnv version=0x00010002
android[2] trace: MusicManager::PlayNextTrack() try, fade=true, soundManager.IsInitialized()=true, soundManager.IsUserMusicPlaying()=false

android[2] trace: MusicManager::PlayTrack(): track=published/sounds/music/loading_01.mp3 fade=true

G4-JNI GetEnv version=0x00010002
android[2] trace: MusicManager::PlayNextTrack() try, fade=true, soundManager.IsInitialized()=true, soundManager.IsUserMusicPlaying()=false

android[2] trace: MusicManager::PlayTrack(): track=published/sounds/music/loading_01.mp3 fade=true

G4-JNI GetEnv version=0x00010002
android[2] trace: MusicManager::PlayNextTrack() try, fade=true, soundManager.IsInitialized()=true, soundManager.IsUserMusicPlaying()=false

android[2] trace: MusicManager::PlayTrack(): track=published/sounds/music/loading_01.mp3 fade=true

G4-JNI GetEnv version=0x00010002
android[2] trace: MusicManager::PlayNextTrack() try, fade=true, soundManager.IsInitialized()=true, soundManager.IsUserMusicPlaying()=false

android[2] trace: MusicManager::PlayTrack(): track=published/sounds/music/loading_01.mp3 fade=true

G4-JNI GetEnv version=0x00010002
android[2] trace: MusicManager::PlayNextTrack() try, fade=true, soundManager.IsInitialized()=true, soundManager.IsUserMusicPlaying()=false

android[2] trace: MusicManager::PlayTrack(): track=published/sounds/music/loading_01.mp3 fade=true

G4-JNI GetEnv version=0x00010002
android[2] trace: MusicManager::PlayNextTrack() try, fade=true, soundManager.IsInitialized()=true, soundManager.IsUserMusicPlaying()=false

android[2] trace: MusicManager::PlayTrack(): track=published/sounds/music/loading_01.mp3 fade=true

G4-JNI GetEnv version=0x00010002
android[2] trace: MusicManager::PlayNextTrack() try, fade=true, soundManager.IsInitialized()=true, soundManager.IsUserMusicPlaying()=false

android[2] trace: MusicManager::PlayTrack(): track=published/sounds/music/loading_01.mp3 fade=true

G4-JNI GetEnv version=0x00010002
android[2] trace: MusicManager::PlayNextTrack() try, fade=true, soundManager.IsInitialized()=true, soundManager.IsUserMusicPlaying()=false

android[2] trace: MusicManager::PlayTrack(): track=published/sounds/music/loading_01.mp3 fade=true

G4-JNI GetEnv version=0x00010002
android[2] trace: MusicManager::PlayNextTrack() try, fade=true, soundManager.IsInitialized()=true, soundManager.IsUserMusicPlaying()=false

android[2] trace: MusicManager::PlayTrack(): track=published/sounds/music/loading_01.mp3 fade=true

G4-JNI GetEnv version=0x00010002
android[2] trace: MusicManager::PlayNextTrack() try, fade=true, soundManager.IsInitialized()=true, soundManager.IsUserMusicPlaying()=false

android[2] trace: MusicManager::PlayTrack(): track=published/sounds/music/loading_01.mp3 fade=true

G4-JNI GetEnv version=0x00010002
android[2] trace: MusicManager::PlayNextTrack() try, fade=true, soundManager.IsInitialized()=true, soundManager.IsUserMusicPlaying()=false

android[2] trace: MusicManager::PlayTrack(): track=published/sounds/music/loading_01.mp3 fade=true

G4-JNI GetEnv version=0x00010002
android[2] trace: MusicManager::PlayNextTrack() try, fade=true, soundManager.IsInitialized()=true, soundManager.IsUserMusicPlaying()=false

android[2] trace: MusicManager::PlayTrack(): track=published/sounds/music/loading_01.mp3 fade=true

G4-JNI GetEnv version=0x00010002
android[2] trace: MusicManager::PlayNextTrack() try, fade=true, soundManager.IsInitialized()=true, soundManager.IsUserMusicPlaying()=false

android[2] trace: MusicManager::PlayTrack(): track=published/sounds/music/loading_01.mp3 fade=true

G4-JNI GetEnv version=0x00010002
android[2] trace: MusicManager::PlayNextTrack() try, fade=true, soundManager.IsInitialized()=true, soundManager.IsUserMusicPlaying()=false

android[2] trace: MusicManager::PlayTrack(): track=published/sounds/music/loading_01.mp3 fade=true

G4-JNI GetEnv version=0x00010002
android[2] trace: MusicManager::PlayNextTrack() try, fade=true, soundManager.IsInitialized()=true, soundManager.IsUserMusicPlaying()=false

android[2] trace: MusicManager::PlayTrack(): track=published/sounds/music/loading_01.mp3 fade=true

G4-JNI GetEnv version=0x00010002
android[2] trace: MusicManager::PlayNextTrack() try, fade=true, soundManager.IsInitialized()=true, soundManager.IsUserMusicPlaying()=false

android[2] trace: MusicManager::PlayTrack(): track=published/sounds/music/loading_01.mp3 fade=true

G4-JNI GetEnv version=0x00010002
android[2] trace: MoGaConTrOlLeR :: ....................(KK) MogaController :: Inside nativeOnKeyEvent 

android[2] trace: ....................(KK) MogaController :: Inside nativeOnKeyEvent 109

android[2] trace: MoGaConTrOlLeR :: ....................(KK) Key Event Key Select TTTT .....................

android[2] trace: MoGaConTrOlLeR :: ....................(KK) Key Event Key Down .....................

android[2] trace: MoGaConTrOlLeR :: ....................(KK) Listener Key Press .....................

android[2] trace: MoGaConTrOlLeR :: ....................(KK) AndroidKeyCode :: MogaKeyCode (Start of func) .....................

android[2] trace: MoGaConTrOlLeR :: ....................(KK) AndroidKeyCode :: MogaKeyCode Key Press Select .....................

android[2] trace: MoGaConTrOlLeR :: (KK) MogaController :: Inside nativeOnKeyEvent ....................

G6-MOGA key frame=2694 code=109 state=down
android[2] trace: MoGaConTrOlLeR :: ....................(KK) MogaController :: Inside nativeOnKeyEvent 

android[2] trace: ....................(KK) MogaController :: Inside nativeOnKeyEvent 108

android[2] trace: MoGaConTrOlLeR :: ....................(KK) Key Event Key Start TTTT .....................

android[2] trace: MoGaConTrOlLeR :: ....................(KK) Key Event Key Down .....................

android[2] trace: MoGaConTrOlLeR :: ....................(KK) Listener Key Press .....................

android[2] trace: MoGaConTrOlLeR :: ....................(KK) AndroidKeyCode :: MogaKeyCode (Start of func) .....................

android[2] trace: MoGaConTrOlLeR :: ....................(KK) AndroidKeyCode :: MogaKeyCode Key Press Start(KeyB) .....................

android[2] trace: MoGaConTrOlLeR :: (KK) MogaController :: Inside nativeOnKeyEvent ....................

G6-MOGA key frame=2694 code=108 state=down
android[2] trace: MusicManager::PlayNextTrack() try, fade=true, soundManager.IsInitialized()=true, soundManager.IsUserMusicPlaying()=false

android[2] trace: MusicManager::PlayTrack(): track=published/sounds/music/loading_01.mp3 fade=true

G4-JNI GetEnv version=0x00010002
G6-INPUT exit chord received frame=2694
G7-LOOP PASS frames=2695 elapsed_ms=46721 fps=57.68
G7-LOOP lifecycle shutdown
android[6] serialization/error: Cannot remove non-existent field PendingUpgrades

G4-JNI FindClass name=android/view/ViewRoot
G4-JNI GetEnv version=0x00010002
android[5] Sound/SoundManager/warn: SoundManager::unloadEventProject - project '/published/sounds/music/music.fev' not loaded

android[6] serialization/error: Cannot remove non-existent field PendingUpgrades

android[4] EAStdC.Printf: [nimble] im::nimble::Shutdown()...
android[4] EAStdC.Printf: [NimbleWrapper] ShutdownNimbleWrapper()...1
android[4] EAStdC.Printf: [NimbleWrapper] NimbleWrapper::Shutdown()
android[4] EAStdC.Printf: [NimbleWrapper] NimbleWrapper::~NimbleWrapper()
android[4] EAStdC.Printf: [Graphics] OpenGLES20::~OpenGLES20()
android[4] EAStdC.Printf: [Graphics] OpenGLES20Ext::~OpenGLES20Ext()
android[4] EAStdC.Printf: [NimbleWrapper] ShutdownNimbleWrapper()...2
android[4] EAStdC.Printf: [NimbleWrapper] ShutdownNimbleWrapper()...3
android[4] EAStdC.Printf: ...ShutdownNimbleWrapper()
android[4] EAStdC.Printf: ...im::nimble::Shutdown()
G4-JNI UNKNOWN table call guest-return=0xf5e5a180
G4-JNI UNKNOWN table call guest-return=0xf5e5a188
G4-JNI UNKNOWN table call guest-return=0xf5e5a190
G4-JNI UNKNOWN table call guest-return=0xf5e5a198
G4-JNI GetEnv version=0x00010002
G4-JNI GetEnv version=0x00010002
G4-JNI GetEnv version=0x00010002
G4-JNI GetEnv version=0x00010002
G4-JNI GetEnv version=0x00010002
G4-JNI GetEnv version=0x00010002
G4-JNI GetEnv version=0x00010002
G4-JNI GetEnv version=0x00010002
G4-JNI GetEnv version=0x00010002
G4-JNI GetEnv version=0x00010002
G4-JNI GetEnv version=0x00010002
G4-JNI GetEnv version=0x00010002
G4-JNI GetEnv version=0x00010002
G4-JNI GetEnv version=0x00010002
G4-JNI GetEnv version=0x00010002
G4-JNI GetEnv version=0x00010002
G4-JNI GetEnv version=0x00010002
G4-JNI GetEnv version=0x00010002
G4-JNI GetEnv version=0x00010002
G4-JNI GetEnv version=0x00010002
G4-JNI GetEnv version=0x00010002
G4-JNI GetEnv version=0x00010002
G4-JNI GetEnv version=0x00010002
G4-JNI GetEnv version=0x00010002
G4-JNI GetEnv version=0x00010002
G4-JNI GetEnv version=0x00010002
G4-JNI GetEnv version=0x00010002
G4-JNI GetEnv version=0x00010002
G4-JNI GetEnv version=0x00010002
G4-JNI GetEnv version=0x00010002
G4-JNI GetEnv version=0x00010002
G4-JNI GetEnv version=0x00010002
G4-JNI GetEnv version=0x00010002
G4-JNI GetEnv version=0x00010002
G4-JNI GetEnv version=0x00010002
G4-JNI GetEnv version=0x00010002
G4-JNI GetEnv version=0x00010002
G4-JNI GetEnv version=0x00010002
G4-JNI GetEnv version=0x00010002
G4-JNI GetEnv version=0x00010002
G4-JNI GetEnv version=0x00010002
G4-JNI GetEnv version=0x00010002
G4-JNI GetEnv version=0x00010002
G4-JNI GetEnv version=0x00010002
G4-JNI GetEnv version=0x00010002
G4-JNI GetEnv version=0x00010002
G4-JNI GetEnv version=0x00010002
G4-JNI GetEnv version=0x00010002
G4-JNI GetEnv version=0x00010002
G4-JNI GetEnv version=0x00010002
G4-JNI GetEnv version=0x00010002
G4-JNI GetEnv version=0x00010002
G4-JNI GetEnv version=0x00010002
G4-JNI GetEnv version=0x00010002
G4-JNI GetEnv version=0x00010002
G4-JNI GetEnv version=0x00010002
G4-JNI GetEnv version=0x00010002
G4-JNI GetEnv version=0x00010002
G4-JNI GetEnv version=0x00010002
G4-JNI GetEnv version=0x00010002
G4-JNI GetEnv version=0x00010002
G4-JNI GetEnv version=0x00010002
G4-JNI GetEnv version=0x00010002
G4-JNI GetEnv version=0x00010002
G4-JNI GetEnv version=0x00010002
G4-JNI GetEnv version=0x00010002
G4-JNI GetEnv version=0x00010002
G4-JNI GetEnv version=0x00010002
G4-JNI GetEnv version=0x00010002
G4-JNI GetEnv version=0x00010002
G4-JNI GetEnv version=0x00010002
G4-JNI GetEnv version=0x00010002
G4-JNI GetEnv version=0x00010002
G4-JNI GetEnv version=0x00010002
G4-JNI GetEnv version=0x00010002
G4-JNI GetEnv version=0x00010002
G4-JNI GetEnv version=0x00010002
G4-JNI GetEnv version=0x00010002
android[2] trace: AndroidUnregisterView 0xaba8fed0

COMBINED PASS: mapping, provider census, host preflights and relocation phase A completed
G4-CTOR finalizing __cxa_atexit registrations
=== G4 REVERSE-ORDER FINALIZERS ===
G4-DTOR enter module=libapp.so kind=DT_FINI_ARRAY index=1 address=0xf5c6800c
G4-DTOR leave module=libapp.so kind=DT_FINI_ARRAY index=1
G4-DTOR enter module=libapp.so kind=DT_FINI_ARRAY index=0 address=0xf5c68020
G4-DTOR leave module=libapp.so kind=DT_FINI_ARRAY index=0
G4-DTOR enter module=libNimble.so kind=DT_FINI_ARRAY index=0 address=0xf76f8ee8
G4-DTOR leave module=libNimble.so kind=DT_FINI_ARRAY index=0
G4-DTOR enter module=libc++_shared.so kind=DT_FINI_ARRAY index=1 address=0xf73ed108
G4-DTOR leave module=libc++_shared.so kind=DT_FINI_ARRAY index=1
G4-DTOR enter module=libc++_shared.so kind=DT_FINI_ARRAY index=0 address=0xf73ed11c
G4-DTOR leave module=libc++_shared.so kind=DT_FINI_ARRAY index=0
G4-DTOR PASS finalizers=5
exit_code=0
/opt/system/Tools/PortMaster/funcs.txt: line 136:  1497 Killed                  $ESUDO pkill -9 -f gptokeyb
/opt/system/Tools/PortMaster/funcs.txt: line 136:  1504 Killed                  $ESUDO pkill -9 -f gptokeyb2
