=== NFS Most Wanted R36S consolidated gameplay test ===
Thu Sep  4 09:31:35 PM IST 2025
Linux darkosre-r36 4.4.189 #62 SMP Sat Dec 13 08:49:45 CST 2025 aarch64 GNU/Linux
CFW_NAME=dArkOSRE
DEVICE_ARCH=aarch64
DEVICE_HAS_ARMHF=Y
mapper=/roms/ports/nfsmw-maptest/nfsmw_mapper: ELF 32-bit LSB pie executable, ARM, EABI5 version 1 (SYSV), dynamically linked, interpreter /lib/ld-linux-armhf.so.3, BuildID[sha1]=557af83b08fc8ce4597ce178ab648e62312edbbb, with debug_info, not stripped
GL: forcing the Mali blob from /usr/lib/arm-linux-gnueabihf/libmali-bifrost-g31-rxp0-gbm.so
=== G2 MAP REGRESSION ===
mapping[0]=/roms/ports/nfsmw-maptest/android-libs/libc++_shared.so
module=/roms/ports/nfsmw-maptest/android-libs/libc++_shared.so soname=libc++_shared.so mapped=581632 bytes bias=0xf6cf6000
  needed=libc.so
  needed=libdl.so
  rel=3122 plt_rel=1087 relative_fastpath=1168
mapping[1]=/roms/ports/nfsmw-maptest/android-libs/libfmodex.so
module=/roms/ports/nfsmw-maptest/android-libs/libfmodex.so soname=libfmodex.so mapped=1097728 bytes bias=0xf6b1c000
  needed=libc.so
  needed=libstdc++.so
  needed=libm.so
  needed=libdl.so
  needed=liblog.so
  rel=1184 plt_rel=462 relative_fastpath=1178
mapping[2]=/roms/ports/nfsmw-maptest/android-libs/libfmodevent.so
module=/roms/ports/nfsmw-maptest/android-libs/libfmodevent.so soname=libfmodevent.so mapped=356352 bytes bias=0xf6c9f000
  needed=libc.so
  needed=libstdc++.so
  needed=libm.so
  needed=libdl.so
  needed=liblog.so
  needed=libfmodex.so
  rel=932 plt_rel=269 relative_fastpath=754
mapping[3]=/roms/ports/nfsmw-maptest/android-libs/libNimble.so
module=/roms/ports/nfsmw-maptest/android-libs/libNimble.so soname=libNimble.so mapped=20480 bytes bias=0xf7038000
  needed=libstdc++.so
  needed=libm.so
  needed=libdl.so
  needed=libc.so
  rel=8 plt_rel=30 relative_fastpath=3
mapping[4]=/roms/ports/nfsmw-maptest/android-libs/libapp.so
module=/roms/ports/nfsmw-maptest/android-libs/libapp.so soname=libapp.so mapped=11624448 bytes bias=0xf5533000
  needed=libc++_shared.so
  needed=libfmodex.so
  needed=libfmodevent.so
  needed=libGLESv2.so
  needed=libEGL.so
  needed=liblog.so
  needed=libjnigraphics.so
  needed=libNimble.so
  needed=libc.so
  needed=libm.so
  needed=libdl.so
  rel=48533 plt_rel=515 relative_fastpath=45699
G2 PASS: mapped 5 ARM32 modules without guest execution
=== G3 PROVIDER CENSUS (NO GUEST EXECUTION) ===
Target host libraries opened (8): libc.so.6 libm.so.6 libdl.so.2 libpthread.so.0 libEGL.so.1 libEGL.so libGLESv2.so.2 libGLESv2.so
Provider census: imports=982 guest=254 softfp=61 compat=195 host-candidate=471 unbridged=0 missing=1 weak=0
Unbridged Bionic/Android APIs (0 unique):
No target provider found (1 unique):
  __dso_handle
G3-CENSUS PASS: target provider data captured; full relocation remains gated on ABI bridges
=== G5/G6/G8 HOST PREFLIGHTS ===
G5-HOST GLES vendor=ARM renderer=Mali-G31 version=OpenGL ES 3.2 v1.r13p0-01rel0.8747d14aec16ec21ac2b2da252c4ec5f drawable=640x480
G5-HOST PASS SDL=KMSDRM GLES2 frames=3
G6-HOST PASS controller=GO-Super Gamepad joysticks=1
G8-HOST PASS driver=alsa format=44100Hz/2ch queued=4096 bytes
HOST-PREFLIGHT PASS graphics=1 controller=1 audio=1
=== G3 ARM REL RELOCATION PHASE A ===
G3-REL libc++_shared.so total=4209 relative=1168 abs32=1767 glob=187 jump=1087 unresolved=0 first=none
G3-REL libfmodex.so total=1646 relative=1178 abs32=4 glob=2 jump=462 unresolved=0 first=none
G3-REL libfmodevent.so total=1201 relative=754 abs32=178 glob=0 jump=269 unresolved=0 first=none
G3-REL libNimble.so total=38 relative=3 abs32=0 glob=5 jump=30 unresolved=0 first=none
G3-REL libapp.so total=49048 relative=45699 abs32=2799 glob=35 jump=515 unresolved=0 first=none
G3-REL providers guest=3043 softfp=59 host=454 alias=183 blocked=0 missing=0
G3 FULL RELOCATION PASS processed=56142 unresolved=0; host providers retained
G3-PATCH PASS FMOD event-state NULL guard helper=0x0050eea8 cave=0x00a8d9c0
=== G4 BIONIC SIGNAL/JUMP SELFTEST ===
G4-SIGNAL PASS: sigaction, sigprocmask and siglongjmp
=== G4 DEPENDENCY-ORDERED CONSTRUCTORS ===
G4-CTOR enter module=libc++_shared.so kind=DT_INIT_ARRAY index=0 address=0xf6d2d019
G4-CTOR leave module=libc++_shared.so kind=DT_INIT_ARRAY index=0
G4-CTOR enter module=libfmodex.so kind=DT_INIT_ARRAY index=0 address=0xf6b4390c
G4-CTOR leave module=libfmodex.so kind=DT_INIT_ARRAY index=0
G4-CTOR enter module=libfmodex.so kind=DT_INIT_ARRAY index=1 address=0xf6b44fec
G4-CTOR leave module=libfmodex.so kind=DT_INIT_ARRAY index=1
G4-CTOR enter module=libfmodex.so kind=DT_INIT_ARRAY index=2 address=0xf6b60e34
G4-CTOR leave module=libfmodex.so kind=DT_INIT_ARRAY index=2
G4-CTOR enter module=libfmodex.so kind=DT_INIT_ARRAY index=3 address=0xf6b64108
G4-CTOR leave module=libfmodex.so kind=DT_INIT_ARRAY index=3
G4-CTOR enter module=libfmodex.so kind=DT_INIT_ARRAY index=4 address=0xf6b65014
G4-CTOR leave module=libfmodex.so kind=DT_INIT_ARRAY index=4
G4-CTOR enter module=libfmodex.so kind=DT_INIT_ARRAY index=5 address=0xf6b665a4
G4-CTOR leave module=libfmodex.so kind=DT_INIT_ARRAY index=5
G4-CTOR enter module=libfmodex.so kind=DT_INIT_ARRAY index=6 address=0xf6b67078
G4-CTOR leave module=libfmodex.so kind=DT_INIT_ARRAY index=6
G4-CTOR enter module=libfmodex.so kind=DT_INIT_ARRAY index=7 address=0xf6b6b78c
G4-CTOR leave module=libfmodex.so kind=DT_INIT_ARRAY index=7
G4-CTOR enter module=libfmodex.so kind=DT_INIT_ARRAY index=8 address=0xf6b72cfc
G4-CTOR leave module=libfmodex.so kind=DT_INIT_ARRAY index=8
G4-CTOR enter module=libfmodex.so kind=DT_INIT_ARRAY index=9 address=0xf6b76a3c
G4-CTOR leave module=libfmodex.so kind=DT_INIT_ARRAY index=9
G4-CTOR enter module=libfmodex.so kind=DT_INIT_ARRAY index=10 address=0xf6b793d4
G4-CTOR leave module=libfmodex.so kind=DT_INIT_ARRAY index=10
G4-CTOR enter module=libfmodex.so kind=DT_INIT_ARRAY index=11 address=0xf6b82910
G4-CTOR leave module=libfmodex.so kind=DT_INIT_ARRAY index=11
G4-CTOR enter module=libfmodex.so kind=DT_INIT_ARRAY index=12 address=0xf6b835ac
G4-CTOR leave module=libfmodex.so kind=DT_INIT_ARRAY index=12
G4-CTOR enter module=libfmodex.so kind=DT_INIT_ARRAY index=13 address=0xf6b84cb8
G4-CTOR leave module=libfmodex.so kind=DT_INIT_ARRAY index=13
G4-CTOR enter module=libfmodex.so kind=DT_INIT_ARRAY index=14 address=0xf6b85514
G4-CTOR leave module=libfmodex.so kind=DT_INIT_ARRAY index=14
G4-CTOR enter module=libfmodex.so kind=DT_INIT_ARRAY index=15 address=0xf6b886d4
G4-CTOR leave module=libfmodex.so kind=DT_INIT_ARRAY index=15
G4-CTOR enter module=libfmodex.so kind=DT_INIT_ARRAY index=16 address=0xf6b89528
G4-CTOR leave module=libfmodex.so kind=DT_INIT_ARRAY index=16
G4-CTOR enter module=libfmodex.so kind=DT_INIT_ARRAY index=17 address=0xf6b898d8
G4-CTOR leave module=libfmodex.so kind=DT_INIT_ARRAY index=17
G4-CTOR enter module=libfmodex.so kind=DT_INIT_ARRAY index=18 address=0xf6b8c2bc
G4-CTOR leave module=libfmodex.so kind=DT_INIT_ARRAY index=18
G4-CTOR enter module=libfmodex.so kind=DT_INIT_ARRAY index=19 address=0xf6b8fe14
G4-CTOR leave module=libfmodex.so kind=DT_INIT_ARRAY index=19
G4-CTOR enter module=libfmodex.so kind=DT_INIT_ARRAY index=20 address=0xf6b90c5c
G4-CTOR leave module=libfmodex.so kind=DT_INIT_ARRAY index=20
G4-CTOR enter module=libfmodex.so kind=DT_INIT_ARRAY index=21 address=0xf6b91c24
G4-CTOR leave module=libfmodex.so kind=DT_INIT_ARRAY index=21
G4-CTOR enter module=libfmodex.so kind=DT_INIT_ARRAY index=22 address=0xf6b947d8
G4-CTOR leave module=libfmodex.so kind=DT_INIT_ARRAY index=22
G4-CTOR enter module=libfmodex.so kind=DT_INIT_ARRAY index=23 address=0xf6b95870
G4-CTOR leave module=libfmodex.so kind=DT_INIT_ARRAY index=23
G4-CTOR enter module=libfmodex.so kind=DT_INIT_ARRAY index=24 address=0xf6b96108
G4-CTOR leave module=libfmodex.so kind=DT_INIT_ARRAY index=24
G4-CTOR enter module=libfmodex.so kind=DT_INIT_ARRAY index=25 address=0xf6b986e8
G4-CTOR leave module=libfmodex.so kind=DT_INIT_ARRAY index=25
G4-CTOR enter module=libfmodex.so kind=DT_INIT_ARRAY index=26 address=0xf6b99bc0
G4-CTOR leave module=libfmodex.so kind=DT_INIT_ARRAY index=26
G4-CTOR enter module=libfmodex.so kind=DT_INIT_ARRAY index=27 address=0xf6b9a330
G4-CTOR leave module=libfmodex.so kind=DT_INIT_ARRAY index=27
G4-CTOR enter module=libfmodex.so kind=DT_INIT_ARRAY index=28 address=0xf6b9adb8
G4-CTOR leave module=libfmodex.so kind=DT_INIT_ARRAY index=28
G4-CTOR enter module=libfmodex.so kind=DT_INIT_ARRAY index=29 address=0xf6b9b8bc
G4-CTOR leave module=libfmodex.so kind=DT_INIT_ARRAY index=29
G4-CTOR enter module=libfmodex.so kind=DT_INIT_ARRAY index=30 address=0xf6b9d5ec
G4-CTOR leave module=libfmodex.so kind=DT_INIT_ARRAY index=30
G4-CTOR enter module=libfmodex.so kind=DT_INIT_ARRAY index=31 address=0xf6b9dff0
G4-CTOR leave module=libfmodex.so kind=DT_INIT_ARRAY index=31
G4-CTOR enter module=libfmodex.so kind=DT_INIT_ARRAY index=32 address=0xf6b9eeb4
G4-CTOR leave module=libfmodex.so kind=DT_INIT_ARRAY index=32
G4-CTOR enter module=libfmodex.so kind=DT_INIT_ARRAY index=33 address=0xf6b9f2bc
G4-CTOR leave module=libfmodex.so kind=DT_INIT_ARRAY index=33
G4-CTOR enter module=libfmodex.so kind=DT_INIT_ARRAY index=34 address=0xf6b9f830
G4-CTOR leave module=libfmodex.so kind=DT_INIT_ARRAY index=34
G4-CTOR enter module=libfmodex.so kind=DT_INIT_ARRAY index=35 address=0xf6ba2124
G4-CTOR leave module=libfmodex.so kind=DT_INIT_ARRAY index=35
G4-CTOR enter module=libfmodex.so kind=DT_INIT_ARRAY index=36 address=0xf6baacfc
G4-CTOR leave module=libfmodex.so kind=DT_INIT_ARRAY index=36
G4-CTOR enter module=libfmodex.so kind=DT_INIT_ARRAY index=37 address=0xf6bad288
G4-CTOR leave module=libfmodex.so kind=DT_INIT_ARRAY index=37
G4-CTOR enter module=libfmodex.so kind=DT_INIT_ARRAY index=38 address=0xf6bc1878
G4-CTOR leave module=libfmodex.so kind=DT_INIT_ARRAY index=38
G4-CTOR enter module=libfmodex.so kind=DT_INIT_ARRAY index=39 address=0xf6bc1c6c
G4-CTOR leave module=libfmodex.so kind=DT_INIT_ARRAY index=39
G4-CTOR enter module=libfmodex.so kind=DT_INIT_ARRAY index=40 address=0xf6bc307c
G4-CTOR leave module=libfmodex.so kind=DT_INIT_ARRAY index=40
G4-CTOR enter module=libfmodex.so kind=DT_INIT_ARRAY index=41 address=0xf6bc38f0
G4-CTOR leave module=libfmodex.so kind=DT_INIT_ARRAY index=41
G4-CTOR enter module=libfmodevent.so kind=DT_INIT_ARRAY index=0 address=0xf6cea740
G4-CTOR leave module=libfmodevent.so kind=DT_INIT_ARRAY index=0
G4-CTOR enter module=libapp.so kind=DT_INIT_ARRAY index=0 address=0xf55a7098
G4-CTOR leave module=libapp.so kind=DT_INIT_ARRAY index=0
G4-CTOR enter module=libapp.so kind=DT_INIT_ARRAY index=1 address=0xf55a6148
G4-CTOR leave module=libapp.so kind=DT_INIT_ARRAY index=1
G4-CTOR enter module=libapp.so kind=DT_INIT_ARRAY index=2 address=0xf559b44c
G4-CTOR leave module=libapp.so kind=DT_INIT_ARRAY index=2
G4-CTOR enter module=libapp.so kind=DT_INIT_ARRAY index=3 address=0xf559b508
G4-CTOR leave module=libapp.so kind=DT_INIT_ARRAY index=3
G4-CTOR enter module=libapp.so kind=DT_INIT_ARRAY index=4 address=0xf559b5f0
G4-CTOR leave module=libapp.so kind=DT_INIT_ARRAY index=4
G4-CTOR enter module=libapp.so kind=DT_INIT_ARRAY index=5 address=0xf559b6d8
G4-CTOR leave module=libapp.so kind=DT_INIT_ARRAY index=5
G4-CTOR enter module=libapp.so kind=DT_INIT_ARRAY index=6 address=0xf559b7c0
G4-CTOR leave module=libapp.so kind=DT_INIT_ARRAY index=6
G4-CTOR enter module=libapp.so kind=DT_INIT_ARRAY index=7 address=0xf559b8a8
G4-CTOR leave module=libapp.so kind=DT_INIT_ARRAY index=7
G4-CTOR enter module=libapp.so kind=DT_INIT_ARRAY index=8 address=0xf559b968
G4-CTOR leave module=libapp.so kind=DT_INIT_ARRAY index=8
G4-CTOR enter module=libapp.so kind=DT_INIT_ARRAY index=9 address=0xf559bac8
G4-CTOR leave module=libapp.so kind=DT_INIT_ARRAY index=9
G4-CTOR enter module=libapp.so kind=DT_INIT_ARRAY index=10 address=0xf559bb4c
G4-CTOR leave module=libapp.so kind=DT_INIT_ARRAY index=10
G4-CTOR enter module=libapp.so kind=DT_INIT_ARRAY index=11 address=0xf559bbe0
G4-CTOR leave module=libapp.so kind=DT_INIT_ARRAY index=11
G4-CTOR enter module=libapp.so kind=DT_INIT_ARRAY index=12 address=0xf559bbfc
G4-CTOR leave module=libapp.so kind=DT_INIT_ARRAY index=12
G4-CTOR enter module=libapp.so kind=DT_INIT_ARRAY index=13 address=0xf559bcf0
G4-CTOR leave module=libapp.so kind=DT_INIT_ARRAY index=13
G4-CTOR enter module=libapp.so kind=DT_INIT_ARRAY index=14 address=0xf559bd7c
G4-CTOR leave module=libapp.so kind=DT_INIT_ARRAY index=14
G4-CTOR enter module=libapp.so kind=DT_INIT_ARRAY index=15 address=0xf559be18
G4-CTOR leave module=libapp.so kind=DT_INIT_ARRAY index=15
G4-CTOR enter module=libapp.so kind=DT_INIT_ARRAY index=16 address=0xf559bf00
G4-CTOR leave module=libapp.so kind=DT_INIT_ARRAY index=16
G4-CTOR enter module=libapp.so kind=DT_INIT_ARRAY index=17 address=0xf559bf38
G4-CTOR leave module=libapp.so kind=DT_INIT_ARRAY index=17
G4-CTOR enter module=libapp.so kind=DT_INIT_ARRAY index=18 address=0xf559c020
G4-CTOR leave module=libapp.so kind=DT_INIT_ARRAY index=18
G4-CTOR enter module=libapp.so kind=DT_INIT_ARRAY index=19 address=0xf559c114
G4-CTOR leave module=libapp.so kind=DT_INIT_ARRAY index=19
G4-CTOR enter module=libapp.so kind=DT_INIT_ARRAY index=20 address=0xf559c4c8
G4-CTOR leave module=libapp.so kind=DT_INIT_ARRAY index=20
G4-CTOR enter module=libapp.so kind=DT_INIT_ARRAY index=21 address=0xf559c5c4
G4-CTOR leave module=libapp.so kind=DT_INIT_ARRAY index=21
G4-CTOR enter module=libapp.so kind=DT_INIT_ARRAY index=22 address=0xf559c5fc
G4-CTOR leave module=libapp.so kind=DT_INIT_ARRAY index=22
G4-CTOR enter module=libapp.so kind=DT_INIT_ARRAY index=23 address=0xf559c7ac
G4-CTOR leave module=libapp.so kind=DT_INIT_ARRAY index=23
G4-CTOR enter module=libapp.so kind=DT_INIT_ARRAY index=24 address=0xf559c828
G4-CTOR leave module=libapp.so kind=DT_INIT_ARRAY index=24
G4-CTOR enter module=libapp.so kind=DT_INIT_ARRAY index=25 address=0xf559c88c
G4-CTOR leave module=libapp.so kind=DT_INIT_ARRAY index=25
G4-CTOR enter module=libapp.so kind=DT_INIT_ARRAY index=26 address=0xf559c8a8
G4-CTOR leave module=libapp.so kind=DT_INIT_ARRAY index=26
G4-CTOR enter module=libapp.so kind=DT_INIT_ARRAY index=27 address=0xf559c9a8
G4-CTOR leave module=libapp.so kind=DT_INIT_ARRAY index=27
G4-CTOR enter module=libapp.so kind=DT_INIT_ARRAY index=28 address=0xf559c9c4
G4-CTOR leave module=libapp.so kind=DT_INIT_ARRAY index=28
G4-CTOR enter module=libapp.so kind=DT_INIT_ARRAY index=29 address=0xf559ca94
G4-CTOR leave module=libapp.so kind=DT_INIT_ARRAY index=29
G4-CTOR enter module=libapp.so kind=DT_INIT_ARRAY index=30 address=0xf559cab0
G4-CTOR leave module=libapp.so kind=DT_INIT_ARRAY index=30
G4-CTOR enter module=libapp.so kind=DT_INIT_ARRAY index=31 address=0xf559cacc
G4-CTOR leave module=libapp.so kind=DT_INIT_ARRAY index=31
G4-CTOR enter module=libapp.so kind=DT_INIT_ARRAY index=32 address=0xf559cb2c
G4-CTOR leave module=libapp.so kind=DT_INIT_ARRAY index=32
G4-CTOR enter module=libapp.so kind=DT_INIT_ARRAY index=33 address=0xf559cc78
G4-CTOR leave module=libapp.so kind=DT_INIT_ARRAY index=33
G4-CTOR enter module=libapp.so kind=DT_INIT_ARRAY index=34 address=0xf559cedc
G4-CTOR leave module=libapp.so kind=DT_INIT_ARRAY index=34
G4-CTOR enter module=libapp.so kind=DT_INIT_ARRAY index=35 address=0xf559d140
G4-CTOR leave module=libapp.so kind=DT_INIT_ARRAY index=35
G4-CTOR enter module=libapp.so kind=DT_INIT_ARRAY index=36 address=0xf559d3a4
G4-CTOR leave module=libapp.so kind=DT_INIT_ARRAY index=36
G4-CTOR enter module=libapp.so kind=DT_INIT_ARRAY index=37 address=0xf559d658
G4-CTOR leave module=libapp.so kind=DT_INIT_ARRAY index=37
G4-CTOR enter module=libapp.so kind=DT_INIT_ARRAY index=38 address=0xf559dbbc
G4-CTOR leave module=libapp.so kind=DT_INIT_ARRAY index=38
G4-CTOR enter module=libapp.so kind=DT_INIT_ARRAY index=39 address=0xf559dc48
G4-CTOR leave module=libapp.so kind=DT_INIT_ARRAY index=39
G4-CTOR enter module=libapp.so kind=DT_INIT_ARRAY index=40 address=0xf559dc78
G4-CTOR leave module=libapp.so kind=DT_INIT_ARRAY index=40
G4-CTOR enter module=libapp.so kind=DT_INIT_ARRAY index=41 address=0xf559dcdc
G4-CTOR leave module=libapp.so kind=DT_INIT_ARRAY index=41
G4-CTOR enter module=libapp.so kind=DT_INIT_ARRAY index=42 address=0xf559dd68
G4-CTOR leave module=libapp.so kind=DT_INIT_ARRAY index=42
G4-CTOR enter module=libapp.so kind=DT_INIT_ARRAY index=43 address=0xf559dd84
G4-CTOR leave module=libapp.so kind=DT_INIT_ARRAY index=43
G4-CTOR enter module=libapp.so kind=DT_INIT_ARRAY index=44 address=0xf559de10
G4-CTOR leave module=libapp.so kind=DT_INIT_ARRAY index=44
G4-CTOR enter module=libapp.so kind=DT_INIT_ARRAY index=45 address=0xf559de48
G4-CTOR leave module=libapp.so kind=DT_INIT_ARRAY index=45
G4-CTOR enter module=libapp.so kind=DT_INIT_ARRAY index=46 address=0xf559ded4
G4-CTOR leave module=libapp.so kind=DT_INIT_ARRAY index=46
G4-CTOR enter module=libapp.so kind=DT_INIT_ARRAY index=47 address=0xf559df60
G4-CTOR leave module=libapp.so kind=DT_INIT_ARRAY index=47
G4-CTOR enter module=libapp.so kind=DT_INIT_ARRAY index=48 address=0xf559e048
G4-CTOR leave module=libapp.so kind=DT_INIT_ARRAY index=48
G4-CTOR enter module=libapp.so kind=DT_INIT_ARRAY index=49 address=0xf559e0b8
G4-CTOR leave module=libapp.so kind=DT_INIT_ARRAY index=49
G4-CTOR enter module=libapp.so kind=DT_INIT_ARRAY index=50 address=0xf559e134
G4-CTOR leave module=libapp.so kind=DT_INIT_ARRAY index=50
G4-CTOR enter module=libapp.so kind=DT_INIT_ARRAY index=51 address=0xf559e450
G4-CTOR leave module=libapp.so kind=DT_INIT_ARRAY index=51
G4-CTOR enter module=libapp.so kind=DT_INIT_ARRAY index=52 address=0xf559e91c
G4-CTOR leave module=libapp.so kind=DT_INIT_ARRAY index=52
G4-CTOR enter module=libapp.so kind=DT_INIT_ARRAY index=53 address=0xf559ea1c
G4-CTOR leave module=libapp.so kind=DT_INIT_ARRAY index=53
G4-CTOR enter module=libapp.so kind=DT_INIT_ARRAY index=54 address=0xf559ec18
G4-CTOR leave module=libapp.so kind=DT_INIT_ARRAY index=54
G4-CTOR enter module=libapp.so kind=DT_INIT_ARRAY index=55 address=0xf559ee34
G4-CTOR leave module=libapp.so kind=DT_INIT_ARRAY index=55
G4-CTOR enter module=libapp.so kind=DT_INIT_ARRAY index=56 address=0xf559efe4
G4-CTOR leave module=libapp.so kind=DT_INIT_ARRAY index=56
G4-CTOR enter module=libapp.so kind=DT_INIT_ARRAY index=57 address=0xf559f148
G4-CTOR leave module=libapp.so kind=DT_INIT_ARRAY index=57
G4-CTOR enter module=libapp.so kind=DT_INIT_ARRAY index=58 address=0xf559f2e8
G4-CTOR leave module=libapp.so kind=DT_INIT_ARRAY index=58
G4-CTOR enter module=libapp.so kind=DT_INIT_ARRAY index=59 address=0xf559f488
G4-CTOR leave module=libapp.so kind=DT_INIT_ARRAY index=59
G4-CTOR enter module=libapp.so kind=DT_INIT_ARRAY index=60 address=0xf559f620
G4-CTOR leave module=libapp.so kind=DT_INIT_ARRAY index=60
G4-CTOR enter module=libapp.so kind=DT_INIT_ARRAY index=61 address=0xf559f7cc
G4-CTOR leave module=libapp.so kind=DT_INIT_ARRAY index=61
G4-CTOR enter module=libapp.so kind=DT_INIT_ARRAY index=62 address=0xf559f91c
G4-CTOR leave module=libapp.so kind=DT_INIT_ARRAY index=62
G4-CTOR enter module=libapp.so kind=DT_INIT_ARRAY index=63 address=0xf559fa00
G4-CTOR leave module=libapp.so kind=DT_INIT_ARRAY index=63
G4-CTOR enter module=libapp.so kind=DT_INIT_ARRAY index=64 address=0xf559fb00
G4-CTOR leave module=libapp.so kind=DT_INIT_ARRAY index=64
G4-CTOR enter module=libapp.so kind=DT_INIT_ARRAY index=65 address=0xf55a0000
G4-CTOR leave module=libapp.so kind=DT_INIT_ARRAY index=65
G4-CTOR enter module=libapp.so kind=DT_INIT_ARRAY index=66 address=0xf55a0028
G4-CTOR leave module=libapp.so kind=DT_INIT_ARRAY index=66
G4-CTOR enter module=libapp.so kind=DT_INIT_ARRAY index=67 address=0xf55a006c
G4-CTOR leave module=libapp.so kind=DT_INIT_ARRAY index=67
G4-CTOR enter module=libapp.so kind=DT_INIT_ARRAY index=68 address=0xf55a0180
G4-CTOR leave module=libapp.so kind=DT_INIT_ARRAY index=68
G4-CTOR enter module=libapp.so kind=DT_INIT_ARRAY index=69 address=0xf55a0264
G4-CTOR leave module=libapp.so kind=DT_INIT_ARRAY index=69
G4-CTOR enter module=libapp.so kind=DT_INIT_ARRAY index=70 address=0xf55a02f4
G4-CTOR leave module=libapp.so kind=DT_INIT_ARRAY index=70
G4-CTOR enter module=libapp.so kind=DT_INIT_ARRAY index=71 address=0xf55a03ec
G4-CTOR leave module=libapp.so kind=DT_INIT_ARRAY index=71
G4-CTOR enter module=libapp.so kind=DT_INIT_ARRAY index=72 address=0xf55a059c
G4-CTOR leave module=libapp.so kind=DT_INIT_ARRAY index=72
G4-CTOR enter module=libapp.so kind=DT_INIT_ARRAY index=73 address=0xf55a0684
G4-CTOR leave module=libapp.so kind=DT_INIT_ARRAY index=73
G4-CTOR enter module=libapp.so kind=DT_INIT_ARRAY index=74 address=0xf55a072c
G4-CTOR leave module=libapp.so kind=DT_INIT_ARRAY index=74
G4-CTOR enter module=libapp.so kind=DT_INIT_ARRAY index=75 address=0xf55a0764
G4-CTOR leave module=libapp.so kind=DT_INIT_ARRAY index=75
G4-CTOR enter module=libapp.so kind=DT_INIT_ARRAY index=76 address=0xf55a084c
G4-CTOR leave module=libapp.so kind=DT_INIT_ARRAY index=76
G4-CTOR enter module=libapp.so kind=DT_INIT_ARRAY index=77 address=0xf55a0944
G4-CTOR leave module=libapp.so kind=DT_INIT_ARRAY index=77
G4-CTOR enter module=libapp.so kind=DT_INIT_ARRAY index=78 address=0xf55a0bb4
G4-CTOR leave module=libapp.so kind=DT_INIT_ARRAY index=78
G4-CTOR enter module=libapp.so kind=DT_INIT_ARRAY index=79 address=0xf55a0c14
G4-CTOR leave module=libapp.so kind=DT_INIT_ARRAY index=79
G4-CTOR enter module=libapp.so kind=DT_INIT_ARRAY index=80 address=0xf55a0cfc
G4-CTOR leave module=libapp.so kind=DT_INIT_ARRAY index=80
G4-CTOR enter module=libapp.so kind=DT_INIT_ARRAY index=81 address=0xf55a0e7c
G4-CTOR leave module=libapp.so kind=DT_INIT_ARRAY index=81
G4-CTOR enter module=libapp.so kind=DT_INIT_ARRAY index=82 address=0xf55a0f78
G4-CTOR leave module=libapp.so kind=DT_INIT_ARRAY index=82
G4-CTOR enter module=libapp.so kind=DT_INIT_ARRAY index=83 address=0xf55a0fb8
G4-CTOR leave module=libapp.so kind=DT_INIT_ARRAY index=83
G4-CTOR enter module=libapp.so kind=DT_INIT_ARRAY index=84 address=0xf55a111c
G4-CTOR leave module=libapp.so kind=DT_INIT_ARRAY index=84
G4-CTOR enter module=libapp.so kind=DT_INIT_ARRAY index=85 address=0xf55a1154
G4-CTOR leave module=libapp.so kind=DT_INIT_ARRAY index=85
G4-CTOR enter module=libapp.so kind=DT_INIT_ARRAY index=86 address=0xf55a124c
G4-CTOR leave module=libapp.so kind=DT_INIT_ARRAY index=86
G4-CTOR enter module=libapp.so kind=DT_INIT_ARRAY index=87 address=0xf55a12f0
G4-CTOR leave module=libapp.so kind=DT_INIT_ARRAY index=87
G4-CTOR enter module=libapp.so kind=DT_INIT_ARRAY index=88 address=0xf55a1320
G4-CTOR leave module=libapp.so kind=DT_INIT_ARRAY index=88
G4-CTOR enter module=libapp.so kind=DT_INIT_ARRAY index=89 address=0xf55a13f0
G4-CTOR leave module=libapp.so kind=DT_INIT_ARRAY index=89
G4-CTOR enter module=libapp.so kind=DT_INIT_ARRAY index=90 address=0xf55a14c0
G4-CTOR leave module=libapp.so kind=DT_INIT_ARRAY index=90
G4-CTOR enter module=libapp.so kind=DT_INIT_ARRAY index=91 address=0xf55a15f8
G4-CTOR leave module=libapp.so kind=DT_INIT_ARRAY index=91
G4-CTOR enter module=libapp.so kind=DT_INIT_ARRAY index=92 address=0xf55a1664
G4-CTOR leave module=libapp.so kind=DT_INIT_ARRAY index=92
G4-CTOR enter module=libapp.so kind=DT_INIT_ARRAY index=93 address=0xf55a1764
G4-CTOR leave module=libapp.so kind=DT_INIT_ARRAY index=93
G4-CTOR enter module=libapp.so kind=DT_INIT_ARRAY index=94 address=0xf55a17b0
G4-CTOR leave module=libapp.so kind=DT_INIT_ARRAY index=94
G4-CTOR enter module=libapp.so kind=DT_INIT_ARRAY index=95 address=0xf55a17e8
G4-CTOR leave module=libapp.so kind=DT_INIT_ARRAY index=95
G4-CTOR enter module=libapp.so kind=DT_INIT_ARRAY index=96 address=0xf55a1858
G4-CTOR leave module=libapp.so kind=DT_INIT_ARRAY index=96
G4-CTOR enter module=libapp.so kind=DT_INIT_ARRAY index=97 address=0xf55a19a4
G4-CTOR leave module=libapp.so kind=DT_INIT_ARRAY index=97
G4-CTOR enter module=libapp.so kind=DT_INIT_ARRAY index=98 address=0xf55a19ec
G4-CTOR leave module=libapp.so kind=DT_INIT_ARRAY index=98
G4-CTOR enter module=libapp.so kind=DT_INIT_ARRAY index=99 address=0xf55a1a14
G4-CTOR leave module=libapp.so kind=DT_INIT_ARRAY index=99
G4-CTOR enter module=libapp.so kind=DT_INIT_ARRAY index=100 address=0xf55a1a3c
G4-CTOR leave module=libapp.so kind=DT_INIT_ARRAY index=100
G4-CTOR enter module=libapp.so kind=DT_INIT_ARRAY index=101 address=0xf55a1a64
G4-CTOR leave module=libapp.so kind=DT_INIT_ARRAY index=101
G4-CTOR enter module=libapp.so kind=DT_INIT_ARRAY index=102 address=0xf55a1ad4
G4-CTOR leave module=libapp.so kind=DT_INIT_ARRAY index=102
G4-CTOR enter module=libapp.so kind=DT_INIT_ARRAY index=103 address=0xf55a1afc
G4-CTOR leave module=libapp.so kind=DT_INIT_ARRAY index=103
G4-CTOR enter module=libapp.so kind=DT_INIT_ARRAY index=104 address=0xf55a1f0c
G4-CTOR leave module=libapp.so kind=DT_INIT_ARRAY index=104
G4-CTOR enter module=libapp.so kind=DT_INIT_ARRAY index=105 address=0xf55a1fc0
G4-CTOR leave module=libapp.so kind=DT_INIT_ARRAY index=105
G4-CTOR enter module=libapp.so kind=DT_INIT_ARRAY index=106 address=0xf55a1fe8
G4-CTOR leave module=libapp.so kind=DT_INIT_ARRAY index=106
G4-CTOR enter module=libapp.so kind=DT_INIT_ARRAY index=107 address=0xf55a2010
G4-CTOR leave module=libapp.so kind=DT_INIT_ARRAY index=107
G4-CTOR enter module=libapp.so kind=DT_INIT_ARRAY index=108 address=0xf55a206c
G4-CTOR leave module=libapp.so kind=DT_INIT_ARRAY index=108
G4-CTOR enter module=libapp.so kind=DT_INIT_ARRAY index=109 address=0xf55a20fc
G4-CTOR leave module=libapp.so kind=DT_INIT_ARRAY index=109
G4-CTOR enter module=libapp.so kind=DT_INIT_ARRAY index=110 address=0xf55a21e4
G4-CTOR leave module=libapp.so kind=DT_INIT_ARRAY index=110
G4-CTOR enter module=libapp.so kind=DT_INIT_ARRAY index=111 address=0xf55a2270
G4-CTOR leave module=libapp.so kind=DT_INIT_ARRAY index=111
G4-CTOR enter module=libapp.so kind=DT_INIT_ARRAY index=112 address=0xf55a2298
G4-CTOR leave module=libapp.so kind=DT_INIT_ARRAY index=112
G4-CTOR enter module=libapp.so kind=DT_INIT_ARRAY index=113 address=0xf55a22f4
G4-CTOR leave module=libapp.so kind=DT_INIT_ARRAY index=113
G4-CTOR enter module=libapp.so kind=DT_INIT_ARRAY index=114 address=0xf55a2364
G4-CTOR leave module=libapp.so kind=DT_INIT_ARRAY index=114
G4-CTOR enter module=libapp.so kind=DT_INIT_ARRAY index=115 address=0xf55a238c
G4-CTOR leave module=libapp.so kind=DT_INIT_ARRAY index=115
G4-CTOR enter module=libapp.so kind=DT_INIT_ARRAY index=116 address=0xf55a23b4
G4-CTOR leave module=libapp.so kind=DT_INIT_ARRAY index=116
G4-CTOR enter module=libapp.so kind=DT_INIT_ARRAY index=117 address=0xf55a23dc
G4-CTOR leave module=libapp.so kind=DT_INIT_ARRAY index=117
G4-CTOR enter module=libapp.so kind=DT_INIT_ARRAY index=118 address=0xf55a2404
G4-CTOR leave module=libapp.so kind=DT_INIT_ARRAY index=118
G4-CTOR enter module=libapp.so kind=DT_INIT_ARRAY index=119 address=0xf55a24b0
G4-CTOR leave module=libapp.so kind=DT_INIT_ARRAY index=119
G4-CTOR enter module=libapp.so kind=DT_INIT_ARRAY index=120 address=0xf55a27dc
G4-CTOR leave module=libapp.so kind=DT_INIT_ARRAY index=120
G4-CTOR enter module=libapp.so kind=DT_INIT_ARRAY index=121 address=0xf55a2900
G4-CTOR leave module=libapp.so kind=DT_INIT_ARRAY index=121
G4-CTOR enter module=libapp.so kind=DT_INIT_ARRAY index=122 address=0xf55a2928
G4-CTOR leave module=libapp.so kind=DT_INIT_ARRAY index=122
G4-CTOR enter module=libapp.so kind=DT_INIT_ARRAY index=123 address=0xf55a2950
G4-CTOR leave module=libapp.so kind=DT_INIT_ARRAY index=123
G4-CTOR enter module=libapp.so kind=DT_INIT_ARRAY index=124 address=0xf55a2978
G4-CTOR leave module=libapp.so kind=DT_INIT_ARRAY index=124
G4-CTOR enter module=libapp.so kind=DT_INIT_ARRAY index=125 address=0xf55a29d4
G4-CTOR leave module=libapp.so kind=DT_INIT_ARRAY index=125
G4-CTOR enter module=libapp.so kind=DT_INIT_ARRAY index=126 address=0xf55a29fc
G4-CTOR leave module=libapp.so kind=DT_INIT_ARRAY index=126
G4-CTOR enter module=libapp.so kind=DT_INIT_ARRAY index=127 address=0xf55a2a24
G4-CTOR leave module=libapp.so kind=DT_INIT_ARRAY index=127
G4-CTOR enter module=libapp.so kind=DT_INIT_ARRAY index=128 address=0xf55a2dd0
G4-CTOR leave module=libapp.so kind=DT_INIT_ARRAY index=128
G4-CTOR enter module=libapp.so kind=DT_INIT_ARRAY index=129 address=0xf55a3054
G4-CTOR leave module=libapp.so kind=DT_INIT_ARRAY index=129
G4-CTOR enter module=libapp.so kind=DT_INIT_ARRAY index=130 address=0xf55a3154
G4-CTOR leave module=libapp.so kind=DT_INIT_ARRAY index=130
G4-CTOR enter module=libapp.so kind=DT_INIT_ARRAY index=131 address=0xf55a31e8
G4-CTOR leave module=libapp.so kind=DT_INIT_ARRAY index=131
G4-CTOR enter module=libapp.so kind=DT_INIT_ARRAY index=132 address=0xf55a33a8
G4-CTOR leave module=libapp.so kind=DT_INIT_ARRAY index=132
G4-CTOR enter module=libapp.so kind=DT_INIT_ARRAY index=133 address=0xf55a3550
G4-CTOR leave module=libapp.so kind=DT_INIT_ARRAY index=133
G4-CTOR enter module=libapp.so kind=DT_INIT_ARRAY index=134 address=0xf55a3578
G4-CTOR leave module=libapp.so kind=DT_INIT_ARRAY index=134
G4-CTOR enter module=libapp.so kind=DT_INIT_ARRAY index=135 address=0xf55a35d4
G4-CTOR leave module=libapp.so kind=DT_INIT_ARRAY index=135
G4-CTOR enter module=libapp.so kind=DT_INIT_ARRAY index=136 address=0xf55a35fc
G4-CTOR leave module=libapp.so kind=DT_INIT_ARRAY index=136
G4-CTOR enter module=libapp.so kind=DT_INIT_ARRAY index=137 address=0xf55a3890
G4-CTOR leave module=libapp.so kind=DT_INIT_ARRAY index=137
G4-CTOR enter module=libapp.so kind=DT_INIT_ARRAY index=138 address=0xf55a39cc
G4-CTOR leave module=libapp.so kind=DT_INIT_ARRAY index=138
G4-CTOR enter module=libapp.so kind=DT_INIT_ARRAY index=139 address=0xf55a3c48
G4-CTOR leave module=libapp.so kind=DT_INIT_ARRAY index=139
G4-CTOR enter module=libapp.so kind=DT_INIT_ARRAY index=140 address=0xf55a3ec4
G4-CTOR leave module=libapp.so kind=DT_INIT_ARRAY index=140
G4-CTOR enter module=libapp.so kind=DT_INIT_ARRAY index=141 address=0xf55a42e4
G4-CTOR leave module=libapp.so kind=DT_INIT_ARRAY index=141
G4-CTOR enter module=libapp.so kind=DT_INIT_ARRAY index=142 address=0xf55a46ec
G4-CTOR leave module=libapp.so kind=DT_INIT_ARRAY index=142
G4-CTOR enter module=libapp.so kind=DT_INIT_ARRAY index=143 address=0xf55a4758
G4-CTOR leave module=libapp.so kind=DT_INIT_ARRAY index=143
G4-CTOR enter module=libapp.so kind=DT_INIT_ARRAY index=144 address=0xf55a47cc
G4-CTOR leave module=libapp.so kind=DT_INIT_ARRAY index=144
G4-CTOR enter module=libapp.so kind=DT_INIT_ARRAY index=145 address=0xf55a48c4
G4-CTOR leave module=libapp.so kind=DT_INIT_ARRAY index=145
G4-CTOR enter module=libapp.so kind=DT_INIT_ARRAY index=146 address=0xf55a49ac
G4-CTOR leave module=libapp.so kind=DT_INIT_ARRAY index=146
G4-CTOR enter module=libapp.so kind=DT_INIT_ARRAY index=147 address=0xf55a4aa4
G4-CTOR leave module=libapp.so kind=DT_INIT_ARRAY index=147
G4-CTOR enter module=libapp.so kind=DT_INIT_ARRAY index=148 address=0xf55a4b8c
G4-CTOR leave module=libapp.so kind=DT_INIT_ARRAY index=148
G4-CTOR enter module=libapp.so kind=DT_INIT_ARRAY index=149 address=0xf55a4ce0
G4-CTOR leave module=libapp.so kind=DT_INIT_ARRAY index=149
G4-CTOR enter module=libapp.so kind=DT_INIT_ARRAY index=150 address=0xf55a4d14
G4-CTOR leave module=libapp.so kind=DT_INIT_ARRAY index=150
G4-CTOR enter module=libapp.so kind=DT_INIT_ARRAY index=151 address=0xf55a4d44
G4-CTOR leave module=libapp.so kind=DT_INIT_ARRAY index=151
G4-CTOR enter module=libapp.so kind=DT_INIT_ARRAY index=152 address=0xf55a4d84
G4-CTOR leave module=libapp.so kind=DT_INIT_ARRAY index=152
G4-CTOR enter module=libapp.so kind=DT_INIT_ARRAY index=153 address=0xf55a4e78
G4-CTOR leave module=libapp.so kind=DT_INIT_ARRAY index=153
G4-CTOR enter module=libapp.so kind=DT_INIT_ARRAY index=154 address=0xf55a4f5c
G4-CTOR leave module=libapp.so kind=DT_INIT_ARRAY index=154
G4-CTOR enter module=libapp.so kind=DT_INIT_ARRAY index=155 address=0xf55a5044
G4-CTOR leave module=libapp.so kind=DT_INIT_ARRAY index=155
G4-CTOR enter module=libapp.so kind=DT_INIT_ARRAY index=156 address=0xf55a508c
G4-CTOR leave module=libapp.so kind=DT_INIT_ARRAY index=156
G4-CTOR enter module=libapp.so kind=DT_INIT_ARRAY index=157 address=0xf55a5134
G4-CTOR leave module=libapp.so kind=DT_INIT_ARRAY index=157
G4-CTOR enter module=libapp.so kind=DT_INIT_ARRAY index=158 address=0xf55a517c
G4-CTOR leave module=libapp.so kind=DT_INIT_ARRAY index=158
G4-CTOR enter module=libapp.so kind=DT_INIT_ARRAY index=159 address=0xf55a51c4
G4-CTOR leave module=libapp.so kind=DT_INIT_ARRAY index=159
G4-CTOR enter module=libapp.so kind=DT_INIT_ARRAY index=160 address=0xf55a53a4
G4-CTOR leave module=libapp.so kind=DT_INIT_ARRAY index=160
G4-CTOR enter module=libapp.so kind=DT_INIT_ARRAY index=161 address=0xf55a54dc
G4-CTOR leave module=libapp.so kind=DT_INIT_ARRAY index=161
G4-CTOR enter module=libapp.so kind=DT_INIT_ARRAY index=162 address=0xf55a5540
G4-CTOR leave module=libapp.so kind=DT_INIT_ARRAY index=162
G4-CTOR enter module=libapp.so kind=DT_INIT_ARRAY index=163 address=0xf55a59b4
G4-CTOR leave module=libapp.so kind=DT_INIT_ARRAY index=163
G4-CTOR enter module=libapp.so kind=DT_INIT_ARRAY index=164 address=0xf55a5a10
G4-CTOR leave module=libapp.so kind=DT_INIT_ARRAY index=164
G4-CTOR enter module=libapp.so kind=DT_INIT_ARRAY index=165 address=0xf55a5e84
G4-CTOR leave module=libapp.so kind=DT_INIT_ARRAY index=165
G4-CTOR enter module=libapp.so kind=DT_INIT_ARRAY index=166 address=0xf55a5ef8
G4-CTOR leave module=libapp.so kind=DT_INIT_ARRAY index=166
G4-CTOR enter module=libapp.so kind=DT_INIT_ARRAY index=167 address=0xf55a5f6c
G4-CTOR leave module=libapp.so kind=DT_INIT_ARRAY index=167
G4-CTOR enter module=libapp.so kind=DT_INIT_ARRAY index=168 address=0xf55a5fe0
G4-CTOR leave module=libapp.so kind=DT_INIT_ARRAY index=168
G4-CTOR enter module=libapp.so kind=DT_INIT_ARRAY index=169 address=0xf55a6060
G4-CTOR leave module=libapp.so kind=DT_INIT_ARRAY index=169
G4-CTOR enter module=libapp.so kind=DT_INIT_ARRAY index=170 address=0xf5b60a70
G4-CTOR leave module=libapp.so kind=DT_INIT_ARRAY index=170
G4-CTOR enter module=libapp.so kind=DT_INIT_ARRAY index=171 address=0xf55a6264
G4-CTOR leave module=libapp.so kind=DT_INIT_ARRAY index=171
G4-CTOR enter module=libapp.so kind=DT_INIT_ARRAY index=172 address=0xf55a6268
G4-CTOR leave module=libapp.so kind=DT_INIT_ARRAY index=172
G4-CTOR enter module=libapp.so kind=DT_INIT_ARRAY index=173 address=0xf55a62ec
G4-CTOR leave module=libapp.so kind=DT_INIT_ARRAY index=173
G4-CTOR enter module=libapp.so kind=DT_INIT_ARRAY index=174 address=0xf55a63bc
G4-CTOR leave module=libapp.so kind=DT_INIT_ARRAY index=174
G4-CTOR enter module=libapp.so kind=DT_INIT_ARRAY index=175 address=0xf55a67d4
G4-CTOR leave module=libapp.so kind=DT_INIT_ARRAY index=175
G4-CTOR enter module=libapp.so kind=DT_INIT_ARRAY index=176 address=0xf55a680c
G4-CTOR leave module=libapp.so kind=DT_INIT_ARRAY index=176
G4-CTOR enter module=libapp.so kind=DT_INIT_ARRAY index=177 address=0xf55a6a8c
G4-CTOR leave module=libapp.so kind=DT_INIT_ARRAY index=177
G4-CTOR enter module=libapp.so kind=DT_INIT_ARRAY index=178 address=0xf55a6d0c
G4-CTOR leave module=libapp.so kind=DT_INIT_ARRAY index=178
G4-CTOR enter module=libapp.so kind=DT_INIT_ARRAY index=179 address=0xf55a6dec
G4-CTOR leave module=libapp.so kind=DT_INIT_ARRAY index=179
G4-CTOR enter module=libapp.so kind=DT_INIT_ARRAY index=180 address=0xf55a6e94
G4-CTOR leave module=libapp.so kind=DT_INIT_ARRAY index=180
G4-CTOR enter module=libapp.so kind=DT_INIT_ARRAY index=181 address=0xf55a6ed4
G4-CTOR leave module=libapp.so kind=DT_INIT_ARRAY index=181
G4-CTOR enter module=libapp.so kind=DT_INIT_ARRAY index=182 address=0xf55a70fc
G4-CTOR leave module=libapp.so kind=DT_INIT_ARRAY index=182
G4-CTOR enter module=libapp.so kind=DT_INIT_ARRAY index=183 address=0xf55a7100
G4-CTOR leave module=libapp.so kind=DT_INIT_ARRAY index=183
G4-CTOR enter module=libapp.so kind=DT_INIT_ARRAY index=184 address=0xf55a7220
G4-CTOR leave module=libapp.so kind=DT_INIT_ARRAY index=184
G4-CTOR enter module=libapp.so kind=DT_INIT_ARRAY index=185 address=0xf55a729c
G4-CTOR leave module=libapp.so kind=DT_INIT_ARRAY index=185
G4-CTOR enter module=libapp.so kind=DT_INIT_ARRAY index=186 address=0xf55a733c
G4-CTOR leave module=libapp.so kind=DT_INIT_ARRAY index=186
G4-CTOR enter module=libapp.so kind=DT_INIT_ARRAY index=187 address=0xf55a7631
G4-CTOR leave module=libapp.so kind=DT_INIT_ARRAY index=187
G4-CTOR enter module=libapp.so kind=DT_INIT_ARRAY index=188 address=0xf55a77b1
G4-CTOR leave module=libapp.so kind=DT_INIT_ARRAY index=188
G4-CTOR PASS initializers=233
G4-OBB PASS path=/roms/ports/nfsmw-maptest/main.1003128.com.ea.games.nfs13_row.obb entries=2411
G5-RUNTIME PASS persistent GLES drawable=640x480
G6-RUNTIME PASS controller=GO-Super Gamepad
G6-RUNTIME raw-buttons=17 go-super-fallback=1
G4-BITMAP create width=32 height=16 stride=128
G4-BITMAP PASS RGBA=32x16 stride=128 fallback-font=1
=== G4 libNimble JNI_OnLoad ===
G4-JNI GetEnv version=0x00010006
G4-JNI FindClass name=com/ea/nimble/bridge/BaseNativeCallback
G4-JNI FindClass name=java/lang/Class
G4-JNI FindClass name=java/lang/ClassLoader
G4-JNI GetMethodID name=getClassLoader signature=()Ljava/lang/ClassLoader; id=0xaae7adf8
G4-JNI GetMethodID name=loadClass signature=(Ljava/lang/String;)Ljava/lang/Class; id=0xaae7aefc
G4-JNI leave libNimble JNI_OnLoad version=0x00010006
=== G4 libapp JNI_OnLoad ===
G4-JNI GetEnv version=0x00010002
G4-JNI leave libapp JNI_OnLoad version=0x00010002
=== G4 nativeOnCreate ===
G4-JNI GetMethodID name=forEach signature=(Ljava/lang/String;)[Ljava/lang/String; id=0xaae7b000
G4-JNI GetMethodID name=getAssetSize signature=(Ljava/lang/String;)I id=0xaae7b104
G4-JNI GetMethodID name=getObbFullPath signature=()Ljava/lang/String; id=0xaae7b208
G4-JNI GetStaticMethodID name=isAnyMusicPlaying signature=()Z id=0xaae7b30c
G4-JNI GetMethodID name=useAssetsFileSystem signature=()Z id=0xaae7b410
G4-JNI GetMethodID name=isObbAssets signature=()Z id=0xaae7b514
G4-JNI GetMethodID name=isFullApkAssets signature=()Z id=0xaae7b618
G4-JNI GetEnv version=0x00010002
G4-JNI FindClass name=java/io/File
G4-JNI GetMethodID name=getAbsolutePath signature=()Ljava/lang/String; id=0xaae7b71c
G4-JNI FindClass name=android/os/Environment
G4-JNI GetStaticMethodID name=getExternalStorageDirectory signature=()Ljava/io/File; id=0xaae7b820
G4-JNI GetMethodID name=getFilesDir signature=()Ljava/io/File; id=0xaae7b924
G4-JNI GetMethodID name=getPackageName signature=()Ljava/lang/String; id=0xaae7ba28
G4-JNI GetMethodID name=getPerformanceScore signature=()F id=0xaae7bb2c
G9-PERFORMANCE requested-score=20
G4-JNI GetMethodID name=getTotalMemory signature=()I id=0xaae7bc30
G4-JNI FindClass name=android/util/DisplayMetrics
G4-JNI GetMethodID name=getDisplayMetrics signature=()Landroid/util/DisplayMetrics; id=0xaae7bd34
G4-JNI GetFieldID name=density signature=F
G4-JNI GetFieldID name=densityDpi signature=I
G4-JNI GetFieldID name=widthPixels signature=I
G4-JNI GetFieldID name=heightPixels signature=I
G4-JNI FindClass name=com/ea/ironmonkey/GameActivityMain
G4-JNI GetStaticMethodID name=GetDeviceName signature=()Ljava/lang/String; id=0xaae7be38
G4-JNI GetStaticMethodID name=GetDeviceLocale signature=()Ljava/lang/String; id=0xaae7bf3c
G4-JNI FindClass name=com/ea/ironmonkey/GameActivityMain
G4-JNI GetStaticMethodID name=GetDefaultLanguage signature=()Ljava/lang/String; id=0xaae7c040
G4-JNI FindClass name=com/ea/ironmonkey/GameActivityMain
G4-JNI GetStaticMethodID name=GetApplicationVersion signature=()Ljava/lang/String; id=0xaae7c144
G4-JNI GetStaticMethodID name=getOsVersion signature=()Ljava/lang/String; id=0xaae7c248
android[4] info: InternalStorageDirectory = ./files

android[4] info: ExternalStorageDirectory = ./Android/data/com.ea.games.nfs13_row

android[4] info: DeviceName = R36S

android[4] info: DefaultLanguage = en

android[4] info: ApplicationVersion = 1.3.128

android[4] info: ScreenDensity = 1

android[4] info: ScreenDensityDPI = 160

android[4] info: ScreenWidthPixels = 640

android[4] info: ScreenHeightPixels = 480

android[4] info: ContentScale (derived) = 1

android[4] info: PerformanceScore = 20

android[4] info: TotalMemoryMb = 768

android[4] info: OsVersion = 4.4.4

android[4] info: Tier = Higest

G4-JNI GetStaticMethodID name=isAmazon signature=()Z id=0xaae7c34c
G4-JNI GetEnv version=0x00010002
G4-JNI GetEnv version=0x00010002
G4-JNI GetEnv version=0x00010002
G4-JNI GetMethodID name=getRunLoop signature=()Lcom/ea/ironmonkey/RunLoop; id=0xaae7c450
G4-JNI GetEnv version=0x00010002
G4-JNI GetMethodID name=start signature=()V id=0xaae7c554
android[4] info: Tier = Higest

G4-JNI GetEnv version=0x00010002
G4-JNI FindClass name=android/app/NativeActivity
G4-JNI FindClass name=java/lang/ClassLoader
G4-JNI UNKNOWN table call guest-return=0xf5797ef4
G4-JNI GetStaticMethodID name=getInstance signature=(Landroid/content/Context;)Lcom/bda/controller/Controller; id=0xaae7c658
G4-JNI GetMethodID name=init signature=()Z id=0xaae7c75c
G4-JNI GetMethodID name=exit signature=()V id=0xaae7c860
G4-JNI GetMethodID name=getAxisValue signature=(I)F id=0xaae7c964
G4-JNI GetMethodID name=getInfo signature=(I)I id=0xaae7ca68
G4-JNI GetMethodID name=getKeyCode signature=(I)I id=0xaae7cb6c
G4-JNI GetMethodID name=getState signature=(I)I id=0xaae7cc70
G4-JNI GetMethodID name=onPause signature=()V id=0xaae7cd74
G4-JNI GetMethodID name=onResume signature=()V id=0xaae7ce78
G4-JNI GetMethodID name=setListener signature=(Lcom/bda/controller/ControllerListener;Landroid/os/Handler;)V id=0xaae7cf7c
G4-JNI FindClass name=android/app/NativeActivity
G4-JNI FindClass name=java/lang/ClassLoader
G4-JNI UNKNOWN table call guest-return=0xf5798ccc
G4-JNI GetMethodID name=getAction signature=()I id=0xaae7d080
G4-JNI GetMethodID name=getControllerId signature=()I id=0xaae7d184
G4-JNI GetMethodID name=getEventTime signature=()J id=0xaae7d288
G4-JNI GetMethodID name=getKeyCode signature=()I id=0xaae7d38c
G4-JNI FindClass name=android/app/NativeActivity
G4-JNI FindClass name=java/lang/ClassLoader
G4-JNI UNKNOWN table call guest-return=0xf579a784
G4-JNI GetMethodID name=findPointerIndex signature=(I)I id=0xaae7d490
G4-JNI GetMethodID name=getAxisValue signature=(II)F id=0xaae7d594
G4-JNI GetMethodID name=getPointerCount signature=()I id=0xaae7d698
G4-JNI GetMethodID name=getPointerId signature=(I)I id=0xaae7d79c
G4-JNI GetMethodID name=getRawX signature=()F id=0xaae7d8a0
G4-JNI GetMethodID name=getRawY signature=()F id=0xaae7d9a4
G4-JNI GetMethodID name=getX signature=()F id=0xaae7daa8
G4-JNI GetMethodID name=getX signature=(I)F id=0xaae7dbac
G4-JNI GetMethodID name=getXPrecision signature=()F id=0xaae7dcb0
G4-JNI GetMethodID name=getY signature=()F id=0xaae7ddb4
G4-JNI GetMethodID name=getY signature=(I)F id=0xaae7deb8
G4-JNI GetMethodID name=getYPrecision signature=()F id=0xaae7dfbc
G4-JNI FindClass name=android/app/NativeActivity
G4-JNI FindClass name=java/lang/ClassLoader
G4-JNI UNKNOWN table call guest-return=0xf579ae10
G4-JNI GetMethodID name=getState signature=()I id=0xaae7e0c0
G4-JNI GetFieldID name=mIsBound signature=Z
G4-JNI FindClass name=android/content/Intent
G4-JNI GetMethodID name=<init> signature=(Ljava/lang/String;)V id=0xaae7e1c4
G4-JNI GetMethodID name=setPackage signature=(Ljava/lang/String;)Landroid/content/Intent; id=0xaae7e2c8
G4-JNI GetFieldID name=mContext signature=Landroid/content/Context;
G4-JNI GetFieldID name=mServiceConnection signature=Lcom/bda/controller/Controller$ServiceConnection;
G4-JNI FindClass name=android/content/Context
G4-JNI GetMethodID name=startService signature=(Landroid/content/Intent;)Landroid/content/ComponentName; id=0xaae7e3cc
G4-JNI GetMethodID name=bindService signature=(Landroid/content/Intent;Landroid/content/ServiceConnection;I)Z id=0xaae7e4d0
G4-JNI FindClass name=android/app/NativeActivity
G4-JNI FindClass name=java/lang/ClassLoader
G4-JNI UNKNOWN table call guest-return=0xf5799f1c
G4-JNI GetMethodID name=<init> signature=()V id=0xaae7e5d4
G4-JNI PASS JNI_OnLoad/nativeOnCreate methods=56
=== G5 GAME SURFACE ===
G4-JNI GetEnv version=0x00010002
G4-JNI FindClass name=android/view/ViewRoot
G4-JNI GetMethodID name=setProcessPositionEvents signature=(Z)V id=0xaae7e6d8
G4-JNI GetMethodID name=GetViewRoot signature=()Landroid/view/ViewParent; id=0xaae7e7dc
android[4] ResourceManager: ContextLost() 

android[4] ResourceManager: mIAssetV.empty()? 1 mTextureV.empty()? 1

G5-SURFACE PASS lifecycle returned
android[2] trace: ....................(KK) MogaController :: Inside nativeOnStateEvent

android[2] trace: (KK) MogaController :: Inside nativeOnStateEvent ....................

android[2] trace: ....................(KK) MogaController :: Inside nativeOnStateEvent

android[2] trace: (KK) MogaController :: Inside nativeOnStateEvent ....................

android[2] trace: ....................(KK) MogaController :: Inside nativeOnStateEvent

android[2] trace: (KK) MogaController :: Inside nativeOnStateEvent ....................

G6-MOGA connected product=MOGA-Pro
=== G6/G7 GAME LOOP (Back+Start exits) ===
G6-MOGA steering=safe-pdm deadzone=8192 payload=-1/0/+1
android[2] trace: ....................(KK) MogaController :: Inside NativeOnMotionEvent

android[2] trace: (KK) MogaController :: Inside NativeOnMotionEvent ....................

G6-MOGA motion frame=0 axes=0,0,0,0,0,0
G7-FRAME enter=0
android[4] info: OpenGL-ES extensions: GL_ARM_rgba8 GL_ARM_mali_shader_binary GL_OES_depth24 GL_OES_depth_texture GL_OES_depth_texture_cube_map
android[4] info:  GL_OES_packed_depth_stencil GL_OES_rgb8_rgba8 GL_EXT_read_format_bgra GL_OES_compressed_paletted_texture GL_OES_compressed_ET
android[4] info: C1_RGB8_texture GL_OES_standard_derivatives GL_OES_EGL_image GL_OES_EGL_image_external GL_OES_EGL_image_external_essl3 GL_OES_
android[4] info: EGL_sync GL_OES_texture_npot GL_OES_vertex_half_float GL_OES_required_internalformat GL_OES_vertex_array_object GL_OES_mapbuff
android[4] info: er GL_EXT_texture_format_BGRA8888 GL_EXT_texture_rg GL_EXT_texture_type_2_10_10_10_REV GL_OES_fbo_render_mipmap GL_OES_element
android[4] info: _index_uint GL_EXT_shadow_samplers GL_OES_texture_compression_astc GL_KHR_texture_compression_astc_ldr GL_KHR_texture_compress
android[4] info: ion_astc_hdr GL_KHR_texture_compression_astc_sliced_3d GL_EXT_texture_compression_astc_decode_mode GL_EXT_texture_compression_
android[4] info: astc_decode_mode_rgb9e5 GL_KHR_debug GL_EXT_occlusion_query_boolean GL_EXT_disjoint_timer_query GL_EXT_blend_minmax GL_EXT_dis
android[4] info: card_framebuffer GL_OES_get_program_binary GL_OES_texture_3D GL_EXT_texture_storage GL_EXT_multisampled_render_to_texture GL_O
android[4] info: ES_surfaceless_context GL_OES_texture_stencil8 GL_EXT_shader_pixel_local_storage GL_ARM_shader_framebuffer_fetch GL_ARM_shader
android[4] info: _framebuffer_fetch_depth_stencil GL_ARM_mali_program_binary GL_EXT_sRGB GL_EXT_sRGB_write_control GL_EXT_texture_sRGB_decode G
android[4] info: L_EXT_texture_sRGB_R8 GL_EXT_texture_sRGB_RG8 GL_KHR_blend_equation_advanced GL_KHR_blend_equation_advanced_coherent GL_OES_te
android[4] info: xture_storage_multisample_2d_array GL_OES_shader_image_atomic GL_EXT_robustness GL_EXT_draw_buffers_indexed GL_OES_draw_buffer
android[4] info: s_indexed GL_EXT_texture_border_clamp GL_OES_texture_border_clamp GL_EXT_texture_cube_map_array GL_OES_texture_cube_map_array 
android[4] info: GL_OES_sample_variables GL_OES_sample_shading GL_OES_shader_multisample_interpolation GL_EXT_shader_io_blocks GL_OES_shader_io
android[4] info: _blocks GL_EXT_tessellation_shader GL_OES_tessellation_shader GL_EXT_primitive_bounding_box GL_OES_primitive_bounding_box GL_E
android[4] info: XT_geometry_shader GL_OES_geometry_shader GL_ANDROID_extension_pack_es31a GL_EXT_gpu_shader5 GL_OES_gpu_shader5 GL_EXT_texture
android[4] info: _buffer GL_OES_texture_buffer GL_EXT_copy_image GL_OES_copy_image GL_EXT_shader_non_constant_global_initializers GL_EXT_color_
android[4] info: buffer_half_float GL_EXT_color_buffer_float GL_EXT_YUV_target GL_OVR_multiview GL_OVR_multiview2 GL_OVR_multiview_multisampled
android[4] info: _render_to_texture GL_KHR_robustness GL_KHR_robust_buffer_access_behavior GL_EXT_draw_elements_base_vertex GL_OES_draw_element
android[4] info: s_base_vertex GL_EXT_buffer_storage 

android[4] info: Renderer: Mali-G31

G4-JNI GetEnv version=0x00010002
G4-JNI GetMethodID name=getGameGLSurfaceView signature=()Lcom/ea/ironmonkey/GameGLSurfaceView; id=0xaae7e8e0
G4-JNI GetMethodID name=getWidth signature=()I id=0xaae7e9e4
G4-JNI GetMethodID name=getHeight signature=()I id=0xaae7eae8
android[5] warn: OpenGL Renderer: Mali-G31

android[5] warn: Isis Renderer Capabilities:

android[5] warn: 	Max Texture Size:      8192

android[5] warn: 	FB Max Samples:        0

android[5] warn: 	EXT: FB Discard:       1

android[5] warn: 	EXT: Occlusion Queries 0

android[5] warn: 	EXT: Texture Max Level 0

android[5] warn: 	EXT: Framebuffer Fetch 0

android[5] warn: 	EXT: Depth Texture     1

android[5] warn: 	EXT: VAO               1

android[4] info: Tier = Higest

android[2] trace: PERFORMANCE - level = 4

android[5] warn: Primary view size: 640  480

G4-JNI GetEnv version=0x00010002
G4-JNI GetMethodID name=getAccelerometer signature=()Lcom/ea/ironmonkey/Accelerometer; id=0xaae7ebec
G4-JNI GetMethodID name=setFrequency signature=(F)V id=0xaae7ecf0
G4-JNI GetMethodID name=setBufferSize signature=(I)V id=0xaae7edf4
G4-JNI GetMethodID name=getSamples signature=(I[I[F)I id=0xaae7eef8
G4-JNI GetEnv version=0x00010002
G4-JNI FindClass name=com/ea/ironmonkey/BitmapGraphics
G4-JNI GetStaticMethodID name=createPaintFromFamilyName signature=(Ljava/lang/String;F)Landroid/graphics/Paint; id=0xaae7effc
G4-JNI GetMethodID name=getTextSize signature=()F id=0xaae7f100
G4-JNI GetMethodID name=setTextSize signature=(F)V id=0xaae7f204
G4-JNI FindClass name=android/graphics/Paint$FontMetricsInt
G4-JNI GetMethodID name=getFontMetricsInt signature=()Landroid/graphics/Paint$FontMetricsInt; id=0xaae7f308
G4-JNI GetFieldID name=ascent signature=I
G4-JNI GetFieldID name=descent signature=I
G4-JNI GetFieldID name=bottom signature=I
G4-JNI GetFieldID name=top signature=I
G4-JNI GetFieldID name=leading signature=I
G4-JNI GetMethodID name=measureText signature=(Ljava/lang/String;)F id=0xaae7f40c
android[4] EAStdC.Printf: [NimbleWrapper] ICoreAllocator::GetDefaultAllocator() is 0xf600db1c
android[4] EAStdC.Printf: [NimbleWrapper] alloc free check
android[4] EAStdC.Printf: [NimbleWrapper] NimbleWrapper::NimbleWrapper()
android[4] EAStdC.Printf: [NimbleWrapper] NimbleWrapper::Init(), allocator=f600db1c
android[4] EAStdC.Printf: [NimbleWrapper] NimbleWrapper::FinishInitialization()
android[4] EAStdC.Printf: [Graphics] OpenGLES20::OpenGLES20()
android[4] EAStdC.Printf: [Graphics] OpenGLES20Ext::OpenGLES20Ext()
android[4] EAStdC.Printf: [Graphics] OpenGLES20Ext::LoadExtensions()...
android[4] EAStdC.Printf: [Graphics] ...OpenGLES20Ext::LoadExtensions()
android[4] EAStdC.Printf: [NimbleWrapper] NimbleWrapper::InitNimble()
G4-JNI GetEnv version=0x00010006
G4-JNI GetEnv version=0x00010006
G4-JNI GetEnv version=0x00010006
G4-JNI GetMethodID name=<init> signature=(I)V id=0xaae7f510
G4-JNI GetStaticMethodID name=registerReceiver signature=(Ljava/lang/String;Landroid/content/BroadcastReceiver;)V id=0xaae7f614
G4-JNI GetEnv version=0x00010006
G4-JNI GetEnv version=0x00010006
android[4] EAStdC.Printf: [nimble] telemetry enabled=yes
G4-JNI GetEnv version=0x00010006
G4-JNI GetEnv version=0x00010006
G4-JNI GetEnv version=0x00010006
G4-JNI GetStaticMethodID name=getComponent signature=()Lcom/ea/nimble/tracking/ITracking; id=0xaae7f718
G4-JNI GetMethodID name=setEnable signature=(Z)V id=0xaae7f81c
android[4] EAStdC.Printf: [nimble] im::nimble::SaveTelemetryEnabledState(), val=yes
DEBUG: sendTrackingMessage!
G4-JNI GetEnv version=0x00010006
G4-JNI GetMethodID name=getEnable signature=()Z id=0xaae7f920
G4-JNI GetEnv version=0x00010002
G4-JNI GetEnv version=0x00010002
android[2] trace: AddSKU: texture_etc

android[2] trace: Aspect=1333

android[2] trace: AddSKU: 1x

android[2] trace: AddSKU: 2x

G4-JNI GetEnv version=0x00010002
android[2] trace: Mounting SKU: texture_etc to /published

android[2] trace: Mounting SKU: 1x to /published

android[2] trace: Mounting SKU: 2x to /published

android[2] trace: Locale: Language id=en locale id=en

android[2] trace: Locale: Language id=fr locale id=fr

android[2] trace: Locale: Language id=de locale id=de

android[2] trace: Locale: Language id=it locale id=it

android[2] trace: Locale: Language id=ja locale id=ja

android[2] trace: Locale: Language id=es locale id=es

android[2] trace: Locale: Language id=zh-Hans locale id=cn

android[2] trace: Locale: Language id=zh locale id=cn

android[2] trace: Locale: Language id=ko locale id=kr

android[2] trace: Locale: Language id=nl locale id=nl

android[2] trace: Locale: Language id=pt locale id=pt

android[2] trace: Locale: Language id=ru locale id=ru

G4-JNI GetEnv version=0x00010002
G4-JNI GetEnv version=0x00010002
android[4] EAStdC.Printf: [NimbleWrapper] NimbleWrapper::SetLanguage()
android[4] EAStdC.Printf: [NimbleWrapper] SLG3
G4-JNI GetEnv version=0x00010002
G4-JNI GetEnv version=0x00010002
G4-JNI FindClass name=com/ea/ironmonkey/BitmapGraphics
G4-JNI GetStaticMethodID name=createPaintFromFile signature=(Ljava/lang/String;F)Landroid/graphics/Paint; id=0xaae7fa24
G4-JNI FindClass name=android/graphics/Paint$FontMetricsInt
G4-JNI GetEnv version=0x00010002
G4-JNI FindClass name=com/ea/ironmonkey/BitmapGraphics
G4-JNI FindClass name=android/graphics/Paint$FontMetricsInt
G4-JNI GetEnv version=0x00010002
G4-JNI GetEnv version=0x00010002
G4-JNI FindClass name=com/ea/ironmonkey/BitmapGraphics
G4-JNI FindClass name=android/graphics/Paint$FontMetricsInt
G4-JNI GetEnv version=0x00010002
G4-JNI FindClass name=com/ea/ironmonkey/BitmapGraphics
G4-JNI FindClass name=android/graphics/Paint$FontMetricsInt
G4-JNI GetEnv version=0x00010002
G4-JNI GetEnv version=0x00010002
G4-JNI FindClass name=com/ea/ironmonkey/BitmapGraphics
G4-JNI FindClass name=android/graphics/Paint$FontMetricsInt
G4-JNI GetEnv version=0x00010002
G4-JNI FindClass name=com/ea/ironmonkey/BitmapGraphics
G4-JNI FindClass name=android/graphics/Paint$FontMetricsInt
G4-JNI GetEnv version=0x00010002
G4-JNI GetEnv version=0x00010002
G4-JNI FindClass name=com/ea/ironmonkey/BitmapGraphics
G4-JNI FindClass name=android/graphics/Paint$FontMetricsInt
G4-JNI GetEnv version=0x00010002
G4-JNI FindClass name=com/ea/ironmonkey/BitmapGraphics
G4-JNI FindClass name=android/graphics/Paint$FontMetricsInt
G4-JNI GetEnv version=0x00010002
G4-JNI GetEnv version=0x00010002
G4-JNI FindClass name=com/ea/ironmonkey/BitmapGraphics
G4-JNI FindClass name=android/graphics/Paint$FontMetricsInt
G4-JNI GetEnv version=0x00010002
G4-JNI FindClass name=com/ea/ironmonkey/BitmapGraphics
G4-JNI FindClass name=android/graphics/Paint$FontMetricsInt
G4-JNI GetEnv version=0x00010002
G4-JNI GetEnv version=0x00010002
G4-JNI FindClass name=com/ea/ironmonkey/BitmapGraphics
G4-JNI FindClass name=android/graphics/Paint$FontMetricsInt
G4-JNI GetEnv version=0x00010002
G4-JNI FindClass name=com/ea/ironmonkey/BitmapGraphics
G4-JNI FindClass name=android/graphics/Paint$FontMetricsInt
G4-JNI GetEnv version=0x00010002
G4-JNI GetEnv version=0x00010002
G4-JNI FindClass name=com/ea/ironmonkey/BitmapGraphics
G4-JNI FindClass name=android/graphics/Paint$FontMetricsInt
G4-JNI GetEnv version=0x00010002
G4-JNI FindClass name=com/ea/ironmonkey/BitmapGraphics
G4-JNI FindClass name=android/graphics/Paint$FontMetricsInt
G4-JNI GetEnv version=0x00010002
G4-JNI GetEnv version=0x00010002
G4-JNI FindClass name=com/ea/ironmonkey/BitmapGraphics
G4-JNI FindClass name=android/graphics/Paint$FontMetricsInt
G4-JNI GetEnv version=0x00010002
G4-JNI FindClass name=com/ea/ironmonkey/BitmapGraphics
G4-JNI FindClass name=android/graphics/Paint$FontMetricsInt
G4-JNI GetEnv version=0x00010002
G4-JNI GetEnv version=0x00010002
G4-JNI FindClass name=com/ea/ironmonkey/BitmapGraphics
G4-JNI FindClass name=android/graphics/Paint$FontMetricsInt
G4-JNI GetEnv version=0x00010002
G4-JNI FindClass name=com/ea/ironmonkey/BitmapGraphics
G4-JNI FindClass name=android/graphics/Paint$FontMetricsInt
G4-JNI GetEnv version=0x00010002
G4-JNI GetEnv version=0x00010002
G4-JNI FindClass name=com/ea/ironmonkey/BitmapGraphics
G4-JNI FindClass name=android/graphics/Paint$FontMetricsInt
G4-JNI GetEnv version=0x00010002
G4-JNI FindClass name=com/ea/ironmonkey/BitmapGraphics
G4-JNI FindClass name=android/graphics/Paint$FontMetricsInt
G4-JNI GetEnv version=0x00010002
G4-JNI GetEnv version=0x00010002
G4-JNI FindClass name=com/ea/ironmonkey/BitmapGraphics
G4-JNI FindClass name=android/graphics/Paint$FontMetricsInt
G4-JNI GetEnv version=0x00010002
G4-JNI FindClass name=com/ea/ironmonkey/BitmapGraphics
G4-JNI FindClass name=android/graphics/Paint$FontMetricsInt
G4-JNI GetEnv version=0x00010002
G4-JNI GetEnv version=0x00010002
G4-JNI FindClass name=com/ea/ironmonkey/BitmapGraphics
G4-JNI FindClass name=android/graphics/Paint$FontMetricsInt
G4-JNI GetEnv version=0x00010002
G4-JNI FindClass name=com/ea/ironmonkey/BitmapGraphics
G4-JNI FindClass name=android/graphics/Paint$FontMetricsInt
G4-JNI GetEnv version=0x00010002
G4-JNI GetEnv version=0x00010002
G4-JNI FindClass name=com/ea/ironmonkey/BitmapGraphics
G4-JNI FindClass name=android/graphics/Paint$FontMetricsInt
G4-JNI GetEnv version=0x00010002
G4-JNI FindClass name=com/ea/ironmonkey/BitmapGraphics
G4-JNI FindClass name=android/graphics/Paint$FontMetricsInt
G4-JNI GetEnv version=0x00010002
G4-JNI GetEnv version=0x00010002
G4-JNI FindClass name=com/ea/ironmonkey/BitmapGraphics
G4-JNI FindClass name=android/graphics/Paint$FontMetricsInt
G4-JNI GetEnv version=0x00010002
G4-JNI FindClass name=com/ea/ironmonkey/BitmapGraphics
G4-JNI FindClass name=android/graphics/Paint$FontMetricsInt
G4-JNI GetEnv version=0x00010002
G4-JNI FindClass name=com/ea/ironmonkey/BitmapGraphics
G4-JNI FindClass name=android/graphics/Paint$FontMetricsInt
G4-JNI GetEnv version=0x00010002
G4-JNI FindClass name=com/ea/ironmonkey/BitmapGraphics
G4-JNI FindClass name=android/graphics/Paint$FontMetricsInt
G4-JNI GetEnv version=0x00010002
G4-JNI GetEnv version=0x00010002
G4-JNI FindClass name=com/ea/ironmonkey/BitmapGraphics
G4-JNI FindClass name=android/graphics/Paint$FontMetricsInt
G4-JNI GetEnv version=0x00010002
G4-JNI FindClass name=com/ea/ironmonkey/BitmapGraphics
G4-JNI FindClass name=android/graphics/Paint$FontMetricsInt
G4-JNI GetEnv version=0x00010002
G4-JNI GetEnv version=0x00010002
G4-JNI FindClass name=com/ea/ironmonkey/BitmapGraphics
G4-JNI FindClass name=android/graphics/Paint$FontMetricsInt
G4-JNI GetEnv version=0x00010002
G4-JNI FindClass name=com/ea/ironmonkey/BitmapGraphics
G4-JNI FindClass name=android/graphics/Paint$FontMetricsInt
G4-JNI GetEnv version=0x00010002
G4-JNI GetEnv version=0x00010002
G4-JNI FindClass name=com/ea/ironmonkey/BitmapGraphics
G4-JNI FindClass name=android/graphics/Paint$FontMetricsInt
G4-JNI GetEnv version=0x00010002
G4-JNI FindClass name=com/ea/ironmonkey/BitmapGraphics
G4-JNI FindClass name=android/graphics/Paint$FontMetricsInt
G4-JNI GetEnv version=0x00010002
G4-JNI GetEnv version=0x00010002
G4-JNI FindClass name=com/ea/ironmonkey/BitmapGraphics
G4-JNI FindClass name=android/graphics/Paint$FontMetricsInt
G4-JNI GetEnv version=0x00010002
G4-JNI FindClass name=com/ea/ironmonkey/BitmapGraphics
G4-JNI FindClass name=android/graphics/Paint$FontMetricsInt
G4-JNI GetEnv version=0x00010002
G4-JNI GetEnv version=0x00010002
G4-JNI FindClass name=com/ea/ironmonkey/BitmapGraphics
G4-JNI FindClass name=android/graphics/Paint$FontMetricsInt
G4-JNI GetEnv version=0x00010002
G4-JNI FindClass name=com/ea/ironmonkey/BitmapGraphics
G4-JNI FindClass name=android/graphics/Paint$FontMetricsInt
G4-JNI GetEnv version=0x00010002
G4-JNI GetEnv version=0x00010002
G4-JNI FindClass name=com/ea/ironmonkey/BitmapGraphics
G4-JNI FindClass name=android/graphics/Paint$FontMetricsInt
G4-JNI GetEnv version=0x00010002
G4-JNI FindClass name=com/ea/ironmonkey/BitmapGraphics
G4-JNI FindClass name=android/graphics/Paint$FontMetricsInt
G4-JNI GetEnv version=0x00010002
G4-JNI GetEnv version=0x00010002
G4-JNI FindClass name=com/ea/ironmonkey/BitmapGraphics
G4-JNI FindClass name=android/graphics/Paint$FontMetricsInt
G4-JNI GetEnv version=0x00010002
G4-JNI FindClass name=com/ea/ironmonkey/BitmapGraphics
G4-JNI FindClass name=android/graphics/Paint$FontMetricsInt
G4-JNI GetEnv version=0x00010002
G4-JNI GetEnv version=0x00010002
G4-JNI FindClass name=com/ea/ironmonkey/BitmapGraphics
G4-JNI FindClass name=android/graphics/Paint$FontMetricsInt
G4-JNI GetEnv version=0x00010002
G4-JNI FindClass name=com/ea/ironmonkey/BitmapGraphics
G4-JNI FindClass name=android/graphics/Paint$FontMetricsInt
G4-JNI GetEnv version=0x00010002
G4-JNI GetEnv version=0x00010002
G4-JNI FindClass name=com/ea/ironmonkey/BitmapGraphics
G4-JNI FindClass name=android/graphics/Paint$FontMetricsInt
G4-JNI GetEnv version=0x00010002
G4-JNI FindClass name=com/ea/ironmonkey/BitmapGraphics
G4-JNI FindClass name=android/graphics/Paint$FontMetricsInt
G4-JNI GetEnv version=0x00010002
G4-JNI GetEnv version=0x00010002
G4-JNI FindClass name=com/ea/ironmonkey/BitmapGraphics
G4-JNI FindClass name=android/graphics/Paint$FontMetricsInt
G4-JNI GetEnv version=0x00010002
G4-JNI FindClass name=com/ea/ironmonkey/BitmapGraphics
G4-JNI FindClass name=android/graphics/Paint$FontMetricsInt
G4-JNI GetEnv version=0x00010002
G4-JNI GetEnv version=0x00010002
G4-JNI FindClass name=com/ea/ironmonkey/BitmapGraphics
G4-JNI FindClass name=android/graphics/Paint$FontMetricsInt
G4-JNI GetEnv version=0x00010002
G4-JNI FindClass name=com/ea/ironmonkey/BitmapGraphics
G4-JNI FindClass name=android/graphics/Paint$FontMetricsInt
G4-JNI GetEnv version=0x00010002
G4-JNI GetEnv version=0x00010002
G4-JNI FindClass name=com/ea/ironmonkey/BitmapGraphics
G4-JNI FindClass name=android/graphics/Paint$FontMetricsInt
G4-JNI GetEnv version=0x00010002
G4-JNI FindClass name=com/ea/ironmonkey/BitmapGraphics
G4-JNI FindClass name=android/graphics/Paint$FontMetricsInt
G4-JNI GetEnv version=0x00010002
G4-JNI GetEnv version=0x00010002
G4-JNI FindClass name=com/ea/ironmonkey/BitmapGraphics
G4-JNI FindClass name=android/graphics/Paint$FontMetricsInt
G4-JNI GetEnv version=0x00010002
G4-JNI FindClass name=com/ea/ironmonkey/BitmapGraphics
G4-JNI FindClass name=android/graphics/Paint$FontMetricsInt
G4-JNI GetEnv version=0x00010002
G4-JNI GetEnv version=0x00010002
G4-JNI FindClass name=com/ea/ironmonkey/BitmapGraphics
G4-JNI FindClass name=android/graphics/Paint$FontMetricsInt
G4-JNI GetEnv version=0x00010002
G4-JNI FindClass name=com/ea/ironmonkey/BitmapGraphics
G4-JNI FindClass name=android/graphics/Paint$FontMetricsInt
G4-JNI GetEnv version=0x00010002
G4-JNI GetEnv version=0x00010002
G4-JNI FindClass name=com/ea/ironmonkey/BitmapGraphics
G4-JNI FindClass name=android/graphics/Paint$FontMetricsInt
G4-JNI GetEnv version=0x00010002
G4-JNI FindClass name=com/ea/ironmonkey/BitmapGraphics
G4-JNI FindClass name=android/graphics/Paint$FontMetricsInt
G4-JNI GetEnv version=0x00010002
G4-JNI GetEnv version=0x00010002
G4-JNI FindClass name=com/ea/ironmonkey/BitmapGraphics
G4-JNI FindClass name=android/graphics/Paint$FontMetricsInt
G4-JNI GetEnv version=0x00010002
G4-JNI FindClass name=com/ea/ironmonkey/BitmapGraphics
G4-JNI FindClass name=android/graphics/Paint$FontMetricsInt
G4-JNI GetEnv version=0x00010002
G4-JNI GetEnv version=0x00010002
G4-JNI FindClass name=com/ea/ironmonkey/BitmapGraphics
G4-JNI FindClass name=android/graphics/Paint$FontMetricsInt
G4-JNI GetEnv version=0x00010002
G4-JNI FindClass name=com/ea/ironmonkey/BitmapGraphics
G4-JNI FindClass name=android/graphics/Paint$FontMetricsInt
G4-JNI GetEnv version=0x00010002
G4-JNI GetEnv version=0x00010002
G4-JNI FindClass name=com/ea/ironmonkey/BitmapGraphics
G4-JNI FindClass name=android/graphics/Paint$FontMetricsInt
G4-JNI GetEnv version=0x00010002
G4-JNI FindClass name=com/ea/ironmonkey/BitmapGraphics
G4-JNI FindClass name=android/graphics/Paint$FontMetricsInt
G4-JNI GetEnv version=0x00010002
G4-JNI GetEnv version=0x00010002
G4-JNI FindClass name=com/ea/ironmonkey/BitmapGraphics
G4-JNI FindClass name=android/graphics/Paint$FontMetricsInt
G4-JNI GetEnv version=0x00010002
G4-JNI FindClass name=com/ea/ironmonkey/BitmapGraphics
G4-JNI FindClass name=android/graphics/Paint$FontMetricsInt
G4-JNI GetEnv version=0x00010002
G4-JNI GetEnv version=0x00010002
G4-JNI FindClass name=com/ea/ironmonkey/BitmapGraphics
G4-JNI FindClass name=android/graphics/Paint$FontMetricsInt
G4-JNI GetEnv version=0x00010002
G4-JNI FindClass name=com/ea/ironmonkey/BitmapGraphics
G4-JNI FindClass name=android/graphics/Paint$FontMetricsInt
G4-JNI GetEnv version=0x00010002
G4-JNI GetEnv version=0x00010002
G4-JNI FindClass name=com/ea/ironmonkey/BitmapGraphics
G4-JNI FindClass name=android/graphics/Paint$FontMetricsInt
G4-JNI GetEnv version=0x00010002
G4-JNI FindClass name=com/ea/ironmonkey/BitmapGraphics
G4-JNI FindClass name=android/graphics/Paint$FontMetricsInt
G4-JNI GetEnv version=0x00010002
G4-JNI GetEnv version=0x00010002
G4-JNI FindClass name=com/ea/ironmonkey/BitmapGraphics
G4-JNI FindClass name=android/graphics/Paint$FontMetricsInt
G4-JNI GetEnv version=0x00010002
G4-JNI FindClass name=com/ea/ironmonkey/BitmapGraphics
G4-JNI FindClass name=android/graphics/Paint$FontMetricsInt
G4-JNI GetEnv version=0x00010002
G4-JNI GetEnv version=0x00010002
G4-JNI FindClass name=com/ea/ironmonkey/BitmapGraphics
G4-JNI FindClass name=android/graphics/Paint$FontMetricsInt
G4-JNI GetEnv version=0x00010002
G4-JNI FindClass name=com/ea/ironmonkey/BitmapGraphics
G4-JNI FindClass name=android/graphics/Paint$FontMetricsInt
G4-JNI GetEnv version=0x00010002
G4-JNI GetEnv version=0x00010002
G4-JNI UNKNOWN table call guest-return=0xf5a749a8
G4-JNI GetEnv version=0x00010002
android[2] trace: FlowManager splash.sba sba

android[2] trace: FlowManager splash_1333.sba sba

android[5] layouts/warning: LayoutEntity not in cache, reloading: splash

android[5] layouts/warning: LayoutEntity not in cache, reloading: spinner

android[5] layouts/warning: LayoutEntity not in cache, reloading: btn_screen_continue

android[5] layouts/warning: LayoutEntity not in cache, reloading: rollout_vingette

android[5] layouts/warning: TexturePack image not found for layout Sprite: bars_dividers/rollout_vingette.tif

android[5] layouts/warning: TexturePack image not found for layout Sprite: splash/speed_line_2.tif

android[5] layouts/warning: TexturePack image not found for layout Sprite: splash/speed_line.tif

android[5] layouts/warning: TexturePack image not found for layout Sprite: splash/triangles.tif

android[5] layouts/warning: TexturePack image not found for layout Sprite: splash/fm_logo_blur.tif

android[5] layouts/warning: TexturePack image not found for layout Sprite: splash/fm_logo.tif

android[5] layouts/warning: TexturePack image not found for layout Sprite: splash/nfs_blur_shapes.tif

android[5] layouts/warning: TexturePack image not found for layout Sprite: splash/car.tif

android[5] layouts/warning: TexturePack image not found for layout Sprite: images/messaging_white_flare.tif

android[5] layouts/warning: TexturePack image not found for layout Sprite: splash/most_wanted_logo.tif

android[5] layouts/warning: TexturePack image not found for layout Sprite: splash/ea_logo_blur.tif

android[5] layouts/warning: TexturePack image not found for layout Sprite: splash/ea_logo.tif

android[5] layouts/warning: TexturePack image not found for layout Sprite: icons/spinner_circle_mw.tif

android[5] layouts/warning: TexturePack image not found for layout Sprite: splash/car_splash_iphone.tif

android[2] trace: LayoutScreen::LayoutScreen OptionsSettingsScreen != 0

android[6] layouts/error: Unable to locate layout entity: tip_area

android[5] warn: Lock: Is being locked. Lock count: 1

android[4] ResourceManager: Add texture: /published/texturepacks_ui/splash_1333.sba_0

G4-JNI GetEnv version=0x00010002
android[2] trace: Kindle sound low latency fix

android[4] Sound/SoundManager/info: Sample Rate: 24000, Format: 2, Output Channels: 2, Max Input Channels: 2, Resample Method: 1

G4-JNI GetEnv version=0x00010002
G8-SILENT user-music-override=1
android[4] info: Platform::isAnyMusicPlaying = true

android[4] Sound/SoundManager/info: SoundManager::SuspendMusic

G4-JNI GetEnv version=0x00010002
G4-JNI GetMethodID name=getNotchesBoundingRects signature=()[[I id=0xaae7fb28
G4-JNI GetEnv version=0x00010002
android[2] trace: NFSSoundSubSystem::LoadUISounds() - memory used = 0 MB

android[2] trace: ShowMogaHighlight start

android[2] trace: ShowMogaHighlight 1

android[2] trace: ShowMogaHighlight end

G4-JNI GetEnv version=0x00010002
G4-JNI GetEnv version=0x00010002
G4-JNI FindClass name=com/ea/ironmonkey/BitmapGraphics
G4-JNI GetMethodID name=<init> signature=(II)V id=0xaae7fc2c
G4-BITMAP create width=512 height=512 stride=2048
G4-JNI GetEnv version=0x00010002
G4-JNI GetMethodID name=clear signature=()V id=0xaae7fd30
G4-JNI GetEnv version=0x00010002
G4-JNI GetMethodID name=drawString signature=(Landroid/graphics/Paint;Ljava/lang/String;II)V id=0xaae7fe34
G4-JNI GetEnv version=0x00010002
G4-JNI GetEnv version=0x00010002
G4-JNI GetEnv version=0x00010002
G4-JNI GetEnv version=0x00010002
G4-JNI GetEnv version=0x00010002
G4-JNI GetEnv version=0x00010002
G4-JNI GetEnv version=0x00010002
G4-JNI GetEnv version=0x00010002
G4-JNI GetEnv version=0x00010002
G4-JNI GetEnv version=0x00010002
G4-JNI GetEnv version=0x00010002
G4-JNI GetEnv version=0x00010002
G4-JNI GetEnv version=0x00010002
G4-JNI GetEnv version=0x00010002
G4-JNI GetEnv version=0x00010002
G4-JNI GetEnv version=0x00010002
G4-JNI GetEnv version=0x00010002
G4-JNI GetEnv version=0x00010002
G4-JNI GetEnv version=0x00010002
G4-JNI GetEnv version=0x00010002
G4-JNI GetEnv version=0x00010002
G4-JNI GetEnv version=0x00010002
G4-JNI GetEnv version=0x00010002
G4-JNI GetEnv version=0x00010002
G4-JNI GetEnv version=0x00010002
G4-JNI GetEnv version=0x00010002
G4-JNI GetEnv version=0x00010002
G4-JNI GetEnv version=0x00010002
G4-JNI GetEnv version=0x00010002
G4-JNI GetEnv version=0x00010002
G4-JNI GetEnv version=0x00010002
G4-JNI GetEnv version=0x00010002
G4-JNI GetMethodID name=getBitmap signature=()Landroid/graphics/Bitmap; id=0xaae7ff38
G5-GL STATE frame=0 framebuffer=0 status=0x8cd5 errors=0
G7-FRAME leave=0
G7-FRAME enter=1
G5-GL STATE frame=1 framebuffer=0 status=0x8cd5 errors=0
G7-FRAME leave=1
G7-FRAME enter=2
G5-GL STATE frame=2 framebuffer=0 status=0x8cd5 errors=0
G7-FRAME leave=2
G7-FRAME enter=3
G5-GL STATE frame=3 framebuffer=0 status=0x8cd5 errors=0
G7-FRAME leave=3
G7-FRAME enter=4
G5-GL STATE frame=4 framebuffer=0 status=0x8cd5 errors=0
G7-FRAME leave=4
G7-FRAME enter=5
G5-GL STATE frame=5 framebuffer=0 status=0x8cd5 errors=0
G7-FRAME leave=5
G7-FRAME enter=6
G5-GL STATE frame=6 framebuffer=0 status=0x8cd5 errors=0
G7-FRAME leave=6
G7-FRAME enter=7
G5-GL STATE frame=7 framebuffer=0 status=0x8cd5 errors=0
G7-FRAME leave=7
G7-FRAME enter=8
G5-GL STATE frame=8 framebuffer=0 status=0x8cd5 errors=0
G7-FRAME leave=8
G7-FRAME enter=9
G5-GL STATE frame=9 framebuffer=0 status=0x8cd5 errors=0
G7-FRAME leave=9
android[6] Sound/SoundManager/error: FMOD result of SoundManager::createSound: An error occured that wasn't supposed to.  Contact support. 

android[5] Sound/SoundManager/warn: SoundManager::createSound - 'ui/ui/splash_firemonkeys': failure.

android[2] trace: UI play sound: ui/ui/splash_firemonkeys

G4-JNI GetEnv version=0x00010006
G4-JNI GetEnv version=0x00010006
G4-JNI GetEnv version=0x00010006
G4-JNI GetEnv version=0x00010006
G4-JNI GetStaticMethodID name=getComponent signature=()Lcom/ea/nimble/INetwork; id=0xaae8003c
G4-JNI GetMethodID name=getStatus signature=()Lcom/ea/nimble/Network$Status; id=0xaae80140
G4-JNI GetMethodID name=ordinal signature=()I id=0xaae80244
G4-JNI GetEnv version=0x00010002
G4-JNI GetMethodID name=CallGC signature=()V id=0xaae80348
android[5] flow/FlowNode/warn: Validate node  `/menus/demo_billing_prompt': Screen `Billing' not registered

android[5] flow/FlowNode/warn: Validate node  `/menus/options/main': Node `/menus/demo_billing_prompt' for output `PURCHASE' not valid

android[5] flow/FlowNode/warn: Validate node  `/menus/store/store': Node `/menus/options/main' for output `OPTIONS' not valid

android[5] flow/FlowNode/warn: Validate node  `/menus/profile/profile': Node `/menus/store/store' for output `STORE' not valid

android[5] flow/FlowNode/warn: Validate node  `/menus/garage/garage_grid': Node `/menus/profile/profile' for output `PROFILE' not valid

android[5] flow/FlowNode/warn: Validate node  `/menus/profile/profile_comparison': Node `/menus/garage/garage_grid' for output `GARAGE' not valid

android[5] flow/FlowNode/warn: Validate node  `/menus/map_overworld': Node `/menus/profile/profile_comparison' for output `MOSTWANTEDCOMPARISON' not valid

android[5] flow/FlowNode/warn: Validate node  `/tutorial_check': Node `/menus/map_overworld' for output `MAP' not valid

android[5] flow/FlowNode/warn: Validate node  `/update_check': Node `/tutorial_check' for output `SKIP' not valid

android[5] flow/FlowNode/warn: Validate node  `default': Node `/update_check' for output `DEFAULT' not valid

android[4] ResourceManager: Add texture: /published/texturepacks_ui/mwl_ai_avatars.sba_0

android[2] trace: MusicManager::SetPlaylist(): playlist=Loading fade=true

android[2] trace: MusicManager::PlayNextTrack() try, fade=true, soundManager.IsInitialized()=true, soundManager.IsUserMusicPlaying()=true

android[2] trace: MusicManager::PlayNextTrack(): break, fade=true, soundManager.IsInitialized()=true, soundManager.IsUserMusicPlaying()=true

android[2] trace: Tutorial: m_DrivingTutorialProgress=8/8

android[2] trace: Tutorial: m_FrontEndTutorialProgress=1/5

android[2] trace: Tutorial: Achiv=1

DEBUG: sendTrackingMessage!
G4-JNI GetEnv version=0x00010006
android[4] info: -- Most Wanted List Updated --

android[4] info: 1. You(12500 PTS)

android[4] info: -- Most Wanted List Updated --

android[4] info: 1. MSTWNTD(45000 PTS)

android[4] info: 2. FANGD(42750 PTS)

android[4] info: 3. GDZLLR(40500 PTS)

android[4] info: 4. HONEY(38250 PTS)

android[4] info: 5. KRIEG(36000 PTS)

android[4] info: 6. GU1LTY(33750 PTS)

android[4] info: 7. SPIDER(31500 PTS)

android[4] info: 8. GTMC(29249 PTS)

android[4] info: 9. SNWBLND(27000 PTS)

android[4] info: 10. JAPAN4(24750 PTS)

android[4] info: 11. You(12500 PTS)

DEBUG: sendTrackingMessage!
G4-JNI GetEnv version=0x00010006
G4-JNI GetEnv version=0x00010002
G7-FRAME enter=300
G5-GL STATE frame=300 framebuffer=0 status=0x8cd5 errors=0
G7-FRAME leave=300
G4-JNI GetEnv version=0x00010002
G4-JNI GetEnv version=0x00010002
G4-JNI GetEnv version=0x00010002
G4-JNI GetEnv version=0x00010002
G4-JNI GetEnv version=0x00010002
G4-JNI GetEnv version=0x00010002
G4-JNI GetEnv version=0x00010002
G4-JNI GetEnv version=0x00010002
G4-JNI GetEnv version=0x00010002
G4-JNI GetEnv version=0x00010002
G4-JNI GetEnv version=0x00010002
G4-JNI GetEnv version=0x00010002
G4-JNI GetEnv version=0x00010002
G4-JNI GetEnv version=0x00010002
G4-JNI GetEnv version=0x00010002
G4-JNI GetEnv version=0x00010002
G4-JNI GetEnv version=0x00010002
G4-JNI GetEnv version=0x00010002
G4-JNI GetEnv version=0x00010002
G4-JNI GetEnv version=0x00010002
G4-JNI GetEnv version=0x00010002
G4-JNI GetEnv version=0x00010002
G4-JNI GetEnv version=0x00010002
G4-JNI GetEnv version=0x00010002
G4-JNI GetEnv version=0x00010002
G4-JNI GetEnv version=0x00010002
G4-JNI GetEnv version=0x00010002
G4-JNI GetEnv version=0x00010002
G4-JNI GetEnv version=0x00010002
G4-JNI GetEnv version=0x00010002
G4-JNI GetEnv version=0x00010002
G4-JNI GetEnv version=0x00010002
G4-JNI GetEnv version=0x00010002
G4-JNI GetEnv version=0x00010002
G4-JNI GetEnv version=0x00010002
G4-JNI GetEnv version=0x00010002
G4-JNI GetEnv version=0x00010002
G4-JNI GetEnv version=0x00010002
G4-JNI GetEnv version=0x00010002
G4-JNI GetEnv version=0x00010002
G4-JNI GetEnv version=0x00010002
G4-JNI GetEnv version=0x00010002
G4-JNI GetEnv version=0x00010002
G4-JNI GetEnv version=0x00010002
G4-JNI GetEnv version=0x00010002
G4-JNI GetEnv version=0x00010002
G4-JNI GetEnv version=0x00010002
G4-JNI GetEnv version=0x00010002
G4-JNI GetEnv version=0x00010002
G4-JNI GetEnv version=0x00010002
G4-JNI GetEnv version=0x00010002
G4-JNI GetEnv version=0x00010002
G4-JNI GetEnv version=0x00010002
G4-JNI GetEnv version=0x00010002
G4-JNI GetEnv version=0x00010002
G4-JNI GetEnv version=0x00010002
G4-JNI GetEnv version=0x00010002
G4-JNI GetEnv version=0x00010002
G4-JNI GetEnv version=0x00010002
G4-JNI GetEnv version=0x00010002
G4-JNI GetEnv version=0x00010002
G4-JNI GetEnv version=0x00010002
android[4] ResourceManager: Add texture: /published/texturepacks_ui/map.sba_0

android[4] ResourceManager: Add texture: /published/texturepacks_ui/map.sba_1

G4-JNI GetEnv version=0x00010002
G4-JNI GetEnv version=0x00010002
G4-JNI GetEnv version=0x00010002
G4-JNI GetEnv version=0x00010002
G4-JNI GetEnv version=0x00010002
G4-JNI GetEnv version=0x00010002
G4-JNI GetEnv version=0x00010002
G4-JNI GetEnv version=0x00010002
G4-JNI GetEnv version=0x00010002
G4-JNI GetEnv version=0x00010002
G4-JNI GetEnv version=0x00010002
G4-JNI GetEnv version=0x00010002
G4-JNI GetEnv version=0x00010002
G4-JNI GetEnv version=0x00010002
G4-JNI GetEnv version=0x00010002
G4-JNI GetEnv version=0x00010002
G4-JNI GetEnv version=0x00010002
G4-JNI GetEnv version=0x00010002
G4-JNI GetEnv version=0x00010002
G4-JNI GetEnv version=0x00010002
G4-JNI GetEnv version=0x00010002
G4-JNI GetEnv version=0x00010002
G4-JNI GetEnv version=0x00010002
G4-JNI GetEnv version=0x00010002
G4-JNI GetEnv version=0x00010002
G4-JNI GetEnv version=0x00010002
G4-JNI GetEnv version=0x00010002
G4-JNI GetEnv version=0x00010002
G4-JNI GetEnv version=0x00010002
G4-JNI GetEnv version=0x00010002
G4-JNI GetEnv version=0x00010002
G4-JNI GetEnv version=0x00010002
G4-JNI GetEnv version=0x00010002
G4-JNI GetEnv version=0x00010002
G4-JNI GetEnv version=0x00010002
G4-JNI GetEnv version=0x00010002
G4-JNI GetEnv version=0x00010002
G4-JNI GetEnv version=0x00010002
G4-JNI GetEnv version=0x00010002
G4-JNI GetEnv version=0x00010002
G4-JNI GetEnv version=0x00010002
G4-JNI GetEnv version=0x00010002
G4-JNI GetEnv version=0x00010002
G4-JNI GetEnv version=0x00010002
G4-JNI GetEnv version=0x00010002
G4-JNI GetEnv version=0x00010002
G4-JNI GetEnv version=0x00010002
G4-JNI GetEnv version=0x00010002
G4-JNI GetEnv version=0x00010002
G4-JNI GetEnv version=0x00010002
G4-JNI GetEnv version=0x00010002
G4-JNI GetEnv version=0x00010002
G4-JNI GetEnv version=0x00010002
G4-JNI GetEnv version=0x00010002
G4-JNI GetEnv version=0x00010002
G4-JNI GetEnv version=0x00010002
G4-JNI GetEnv version=0x00010002
G4-JNI GetEnv version=0x00010002
G4-JNI GetEnv version=0x00010002
G4-JNI GetEnv version=0x00010002
G4-JNI GetEnv version=0x00010002
G4-JNI GetEnv version=0x00010002
G4-JNI GetEnv version=0x00010002
G4-JNI GetEnv version=0x00010002
G4-JNI GetEnv version=0x00010002
G4-JNI GetEnv version=0x00010002
G4-JNI GetEnv version=0x00010002
G4-JNI GetEnv version=0x00010002
G4-JNI GetEnv version=0x00010002
G4-JNI GetEnv version=0x00010002
android[4] ResourceManager: Add texture: /published/texturepacks_ui/menu.sba_0

android[4] ResourceManager: Add texture: /published/texturepacks_ui/menu.sba_1

android[4] ResourceManager: Add texture: /published/texturepacks_ui/menu.sba_2

android[4] ResourceManager: Add texture: /published/texturepacks_ui/masks.sba_0

android[4] ResourceManager: Add asset: /published/textures/cars/texture_brakelight_additive.sba

android[4] ResourceManager: Add asset: /published/textures/cars/texture_headlight_additive.sba

android[4] ResourceManager: Add asset: /published/textures/environments/garage/texture_concrete_floor_1024_alt.sba

android[4] ResourceManager: Add asset: /published/textures/environments/garage/texture_garage_skydome.sba

android[4] ResourceManager: Add asset: /published/textures/environments/garage/texture_concrete_floor_1024.sba

android[5] warn: WARNING: loading model directly: /published/models/cutscenerig/garage.m3g

android[5] serialization_old/warn: Field "useOffset" not found!

android[4] ResourceManager: Add asset: /published/textures/environments/garage/texture_hemispheremap.sba

android[4] ResourceManager: Add asset: /published/textures/environments/garage/texture_hemispheremap_vinyl.sba

android[5] layouts/warning: SetAnimation: Animation load_complete not found in node /[NoID]/[NoID]

G4-JNI GetEnv version=0x00010006
G4-JNI GetEnv version=0x00010002
G4-JNI GetEnv version=0x00010002
G4-JNI GetEnv version=0x00010002
G4-JNI GetEnv version=0x00010002
G4-JNI GetEnv version=0x00010002
G4-JNI GetEnv version=0x00010002
G4-JNI GetEnv version=0x00010002
G4-JNI GetEnv version=0x00010002
G4-JNI GetEnv version=0x00010002
G4-JNI GetEnv version=0x00010002
G4-JNI GetEnv version=0x00010002
G4-JNI GetEnv version=0x00010002
G4-JNI GetEnv version=0x00010002
G4-JNI GetEnv version=0x00010002
G4-JNI GetEnv version=0x00010002
G4-JNI GetEnv version=0x00010002
G7-FRAME enter=600
G5-GL STATE frame=600 framebuffer=0 status=0x8cd5 errors=0
G7-FRAME leave=600
G4-JNI GetEnv version=0x00010006
android[5] layouts/warning: LayoutEntity not in cache, reloading: tutorial_check

android[2] trace: LayoutScreen::LayoutScreen OptionsSettingsScreen != 0

android[2] trace: ShowMogaHighlight start

android[2] trace: ShowMogaHighlight 1

android[2] trace: ShowMogaHighlight end

android[5] warn: Unlock: Is being unlocked. Lock count: 0

android[4] ResourceManager: Remove texture: /published/texturepacks_ui/splash_1333.sba_0

android[2] trace: LayoutScreen::LayoutScreen OptionsSettingsScreen != 0

android[2] trace: ShowMogaHighlight start

android[2] trace: ShowMogaHighlight 1

android[2] trace: ShowMogaHighlight end

android[5] layouts/warning: LayoutEntity not in cache, reloading: map_overworld

android[5] layouts/warning: LayoutEntity not in cache, reloading: satmap

android[5] layouts/warning: LayoutEntity not in cache, reloading: track_widget

android[5] layouts/warning: LayoutEntity not in cache, reloading: btn_track

android[5] layouts/warning: LayoutEntity not in cache, reloading: event_holder_panel_normal

android[5] layouts/warning: LayoutEntity not in cache, reloading: completion_base

android[5] layouts/warning: LayoutEntity not in cache, reloading: event_holder_panel_glow

android[5] layouts/warning: LayoutEntity not in cache, reloading: blacklist_icon

android[5] layouts/warning: LayoutEntity not in cache, reloading: new_mw_base

android[5] layouts/warning: LayoutEntity not in cache, reloading: new_events_text_looper

android[5] layouts/warning: LayoutEntity not in cache, reloading: new_map_base

android[5] layouts/warning: LayoutEntity not in cache, reloading: map_offscreen_marker

android[5] layouts/warning: LayoutEntity not in cache, reloading: event_holder_panel_glow

android[5] layouts/warning: LayoutEntity not in cache, reloading: btn_blackmarket

android[5] layouts/warning: LayoutEntity not in cache, reloading: new_events_text_looper

android[5] layouts/warning: LayoutEntity not in cache, reloading: new_map_base

android[5] layouts/warning: LayoutEntity not in cache, reloading: completion_base

android[5] layouts/warning: LayoutEntity not in cache, reloading: blacklist_clock

android[5] layouts/warning: LayoutEntity not in cache, reloading: event_list_bg

android[5] layouts/warning: LayoutEntity not in cache, reloading: event_list_widget

android[5] layouts/warning: LayoutEntity not in cache, reloading: events_list

android[5] layouts/warning: LayoutEntity not in cache, reloading: scrollbar_horizontal

android[5] layouts/warning: LayoutEntity not in cache, reloading: scrollbar_thumb_horizontal

android[5] layouts/warning: LayoutEntity not in cache, reloading: btn_easydrive

android[5] layouts/warning: LayoutEntity not in cache, reloading: btn_easydriveMoga

android[5] layouts/warning: LayoutEntity not in cache, reloading: profile_player

android[5] layouts/warning: LayoutEntity not in cache, reloading: origin_logged_out

android[5] layouts/warning: LayoutEntity not in cache, reloading: btn_origin_temp

android[5] layouts/warning: LayoutEntity not in cache, reloading: offline_online_indicator

android[5] layouts/warning: LayoutEntity not in cache, reloading: friend_notifications

android[5] layouts/warning: LayoutEntity not in cache, reloading: nav_mogaSelect

android[5] layouts/warning: LayoutEntity not in cache, reloading: btn_back_corner

android[5] layouts/warning: LayoutEntity not in cache, reloading: most_wanted_panel

android[5] layouts/warning: LayoutEntity not in cache, reloading: mwlist_arrow_flash

android[5] layouts/warning: LayoutEntity not in cache, reloading: btn_block_input

android[5] layouts/warning: LayoutEntity not in cache, reloading: most_wanted_panel_maximise

android[5] layouts/warning: LayoutEntity not in cache, reloading: most_wanted_panel_minimise

android[5] layouts/warning: LayoutEntity not in cache, reloading: swipe_widget

android[5] layouts/warning: LayoutEntity not in cache, reloading: most_wanted_leaderboard

android[5] layouts/warning: LayoutEntity not in cache, reloading: frame

android[5] layouts/warning: LayoutEntity not in cache, reloading: most_wanted_scroll_list

android[5] layouts/warning: LayoutEntity not in cache, reloading: most_wanted_entry

android[5] layouts/warning: LayoutEntity not in cache, reloading: scrollbar

android[5] layouts/warning: LayoutEntity not in cache, reloading: scrollbar_thumb

android[5] layouts/warning: LayoutEntity not in cache, reloading: most_wanted_red

android[5] layouts/warning: LayoutEntity not in cache, reloading: spinner

android[5] layouts/warning: LayoutEntity not in cache, reloading: btn_origin_nag

android[5] layouts/warning: LayoutEntity not in cache, reloading: login_reward

android[5] layouts/warning: LayoutEntity not in cache, reloading: hud_milestone_popup_sp_value

android[5] layouts/warning: LayoutEntity not in cache, reloading: nav_mogaSelect

android[5] layouts/warning: LayoutEntity not in cache, reloading: navigation_panel_android

android[5] layouts/warning: LayoutEntity not in cache, reloading: navigation_panel_shading

android[5] layouts/warning: LayoutEntity not in cache, reloading: btn_lowernav

android[5] layouts/warning: LayoutEntity not in cache, reloading: quickbar_bg_text

android[5] layouts/warning: LayoutEntity not in cache, reloading: btn_lowernav_notification

android[5] layouts/warning: LayoutEntity not in cache, reloading: btn_purchase

android[5] layouts/warning: LayoutEntity not in cache, reloading: btn_lowernav

android[5] layouts/warning: LayoutEntity not in cache, reloading: quickbar_bg_text

android[5] layouts/warning: LayoutEntity not in cache, reloading: btn_lowernav_notification

android[5] layouts/warning: LayoutEntity not in cache, reloading: nav_moga

android[5] layouts/warning: LayoutEntity not in cache, reloading: navigation_panel_android_no_moga

android[5] layouts/warning: LayoutEntity not in cache, reloading: navigation_panel_shading

android[5] layouts/warning: LayoutEntity not in cache, reloading: btn_lowernav

android[5] layouts/warning: LayoutEntity not in cache, reloading: quickbar_bg_text

android[5] layouts/warning: LayoutEntity not in cache, reloading: btn_lowernav_notification

android[5] layouts/warning: LayoutEntity not in cache, reloading: btn_purchase

android[5] layouts/warning: LayoutEntity not in cache, reloading: btn_lowernav

android[5] layouts/warning: LayoutEntity not in cache, reloading: quickbar_bg_text

android[5] layouts/warning: LayoutEntity not in cache, reloading: btn_lowernav_notification

android[5] layouts/warning: LayoutEntity not in cache, reloading: nav_moga

android[5] layouts/warning: LayoutEntity not in cache, reloading: hud_achievementnotification_infrontend

android[5] layouts/warning: LayoutEntity not in cache, reloading: hud_line

android[5] layouts/warning: LayoutEntity not in cache, reloading: achievement_icon

android[4] info: -- Most Wanted List Updated --

android[4] info: 1. MSTWNTD(45000 PTS)

android[4] info: 2. FANGD(42750 PTS)

android[4] info: 3. GDZLLR(40500 PTS)

android[4] info: 4. HONEY(38250 PTS)

android[4] info: 5. KRIEG(36000 PTS)

android[4] info: 6. GU1LTY(33750 PTS)

android[4] info: 7. SPIDER(31500 PTS)

android[4] info: 8. GTMC(29249 PTS)

android[4] info: 9. SNWBLND(27000 PTS)

android[4] info: 10. JAPAN4(24750 PTS)

android[4] info: 11. You(12500 PTS)

android[4] info: -- Most Wanted List Updated --

android[4] info: 1. MSTWNTD(45000 PTS)

android[4] info: 2. FANGD(42750 PTS)

android[4] info: 3. GDZLLR(40500 PTS)

android[4] info: 4. HONEY(38250 PTS)

android[4] info: 5. KRIEG(36000 PTS)

android[4] info: 6. GU1LTY(33750 PTS)

android[4] info: 7. SPIDER(31500 PTS)

android[4] info: 8. GTMC(29249 PTS)

android[4] info: 9. SNWBLND(27000 PTS)

android[4] info: 10. JAPAN4(24750 PTS)

android[4] info: 11. You(12500 PTS)

android[6] layouts/error: Unable to locate layout entity: _progress_bar

android[5] layouts/warning: TexturePack image not found for layout Sprite: hud/vingette.tif

android[2] trace: LayoutScreen::LayoutScreen OptionsSettingsScreen != 0

android[6] layouts/error: Unable to locate layout entity: EventName

android[6] layouts/error: Unable to locate layout entity: class_restriction

android[6] layouts/error: Unable to locate layout entity: event_type

android[6] layouts/error: Unable to locate layout entity: event_rank_corner_large

G4-JNI GetEnv version=0x00010002
G4-JNI GetMethodID name=needInstallWallpaper signature=()Z id=0xaae8044c
android[2] trace: MusicManager::SetPlaylist(): playlist=FrontEnd fade=true

android[2] trace: MusicManager::PlayNextTrack() try, fade=true, soundManager.IsInitialized()=true, soundManager.IsUserMusicPlaying()=true

android[2] trace: MusicManager::PlayNextTrack(): break, fade=true, soundManager.IsInitialized()=true, soundManager.IsUserMusicPlaying()=true

android[2] trace: [AUTOLOG QUERY] Server: Blaze     Call: /nfs-2013-android/util/ping

android[5] layouts/warning: SetAnimation: Animation _disabled not found in node /[NoID]/most_wanted_panel/_block_input

android[5] layouts/warning: SetAnimation: Animation _disabled not found in node /[NoID]/most_wanted_panel/_minimise_btn

android[2] trace: ShowMogaHighlight start

android[2] trace: ShowMogaHighlight 1

android[2] trace: ShowMogaHighlight end

G4-JNI GetEnv version=0x00010002
G4-JNI GetEnv version=0x00010002
G4-JNI GetEnv version=0x00010002
G4-JNI GetEnv version=0x00010002
G4-JNI GetEnv version=0x00010002
G4-JNI GetEnv version=0x00010002
G4-JNI GetEnv version=0x00010002
G4-JNI GetEnv version=0x00010002
G4-JNI GetEnv version=0x00010002
G4-JNI GetEnv version=0x00010002
G4-JNI GetEnv version=0x00010002
G4-JNI GetEnv version=0x00010002
G4-JNI GetEnv version=0x00010002
G4-JNI GetEnv version=0x00010002
G4-JNI GetEnv version=0x00010002
G4-JNI GetEnv version=0x00010002
G4-JNI GetEnv version=0x00010002
G4-JNI GetEnv version=0x00010002
G4-JNI GetEnv version=0x00010002
G4-JNI GetEnv version=0x00010002
G4-JNI GetEnv version=0x00010002
G4-JNI GetEnv version=0x00010002
G4-JNI GetEnv version=0x00010002
G4-JNI GetEnv version=0x00010002
G4-JNI GetEnv version=0x00010002
G4-JNI GetEnv version=0x00010002
G4-JNI GetEnv version=0x00010002
G4-JNI GetEnv version=0x00010002
G4-JNI GetEnv version=0x00010002
G4-JNI GetEnv version=0x00010002
G4-JNI GetEnv version=0x00010002
G4-JNI GetEnv version=0x00010002
G4-JNI GetEnv version=0x00010002
G4-JNI GetEnv version=0x00010002
G4-JNI GetEnv version=0x00010002
G4-JNI GetEnv version=0x00010002
G4-JNI GetEnv version=0x00010002
G4-JNI GetEnv version=0x00010002
G4-JNI GetEnv version=0x00010002
G4-JNI GetEnv version=0x00010002
G4-JNI GetEnv version=0x00010002
G4-JNI GetEnv version=0x00010002
G4-JNI GetEnv version=0x00010002
G4-JNI GetEnv version=0x00010002
G4-JNI GetEnv version=0x00010002
G4-JNI GetEnv version=0x00010002
G4-JNI GetEnv version=0x00010002
G4-JNI GetEnv version=0x00010002
G4-JNI GetEnv version=0x00010002
G4-JNI GetEnv version=0x00010002
G4-JNI GetEnv version=0x00010002
G4-JNI GetEnv version=0x00010002
G4-JNI GetEnv version=0x00010002
G4-JNI GetEnv version=0x00010002
G4-JNI GetEnv version=0x00010002
G4-JNI GetEnv version=0x00010002
G4-JNI GetEnv version=0x00010002
G4-JNI GetEnv version=0x00010002
G4-JNI GetEnv version=0x00010002
G4-JNI GetEnv version=0x00010002
G4-JNI GetEnv version=0x00010002
G4-JNI GetEnv version=0x00010002
G4-JNI GetEnv version=0x00010002
G4-JNI GetEnv version=0x00010002
G4-JNI GetEnv version=0x00010002
G4-JNI GetEnv version=0x00010002
G4-JNI GetEnv version=0x00010002
G4-JNI GetEnv version=0x00010002
G4-JNI GetEnv version=0x00010002
G4-JNI GetEnv version=0x00010002
G4-JNI GetEnv version=0x00010002
G4-JNI GetEnv version=0x00010002
G4-JNI GetEnv version=0x00010002
G4-JNI GetEnv version=0x00010002
G4-JNI GetEnv version=0x00010002
G4-JNI GetEnv version=0x00010002
G4-JNI GetEnv version=0x00010002
G4-JNI GetEnv version=0x00010002
G4-JNI GetEnv version=0x00010002
G4-JNI GetEnv version=0x00010002
G4-JNI GetEnv version=0x00010002
G4-JNI GetEnv version=0x00010002
G4-JNI GetEnv version=0x00010002
G4-JNI GetEnv version=0x00010002
G4-JNI GetEnv version=0x00010002
G4-JNI GetEnv version=0x00010002
G4-JNI GetEnv version=0x00010002
G4-JNI GetEnv version=0x00010002
G4-JNI GetEnv version=0x00010002
G4-JNI GetEnv version=0x00010002
G4-JNI GetEnv version=0x00010002
G4-JNI GetEnv version=0x00010002
G4-JNI GetEnv version=0x00010002
G4-JNI GetEnv version=0x00010002
G4-JNI GetEnv version=0x00010002
G4-JNI GetEnv version=0x00010002
G4-JNI GetEnv version=0x00010002
G4-JNI GetEnv version=0x00010002
G4-JNI GetEnv version=0x00010002
G4-JNI GetEnv version=0x00010002
G4-JNI GetEnv version=0x00010002
G4-JNI GetEnv version=0x00010002
G4-JNI GetEnv version=0x00010002
G4-JNI GetEnv version=0x00010002
G4-JNI GetEnv version=0x00010002
G4-JNI GetEnv version=0x00010002
G4-JNI GetEnv version=0x00010002
G4-JNI GetEnv version=0x00010002
G4-JNI GetEnv version=0x00010002
G4-JNI GetEnv version=0x00010002
G4-JNI GetEnv version=0x00010002
G4-JNI GetEnv version=0x00010002
G4-JNI GetEnv version=0x00010002
G4-JNI GetEnv version=0x00010002
G4-JNI GetEnv version=0x00010002
G4-JNI GetEnv version=0x00010002
G4-JNI GetEnv version=0x00010002
G4-JNI GetEnv version=0x00010002
G4-JNI GetEnv version=0x00010002
G4-JNI GetEnv version=0x00010002
G4-JNI GetEnv version=0x00010002
G4-JNI GetEnv version=0x00010002
G4-JNI GetEnv version=0x00010002
G4-JNI GetEnv version=0x00010002
G4-JNI GetEnv version=0x00010002
G4-JNI GetEnv version=0x00010002
G4-JNI GetEnv version=0x00010002
G4-JNI GetEnv version=0x00010002
G4-JNI GetEnv version=0x00010002
G4-JNI GetEnv version=0x00010002
G4-JNI GetEnv version=0x00010002
G4-JNI GetEnv version=0x00010002
G4-JNI GetEnv version=0x00010002
G4-JNI GetEnv version=0x00010002
G4-JNI GetEnv version=0x00010002
G4-JNI GetEnv version=0x00010002
G4-JNI GetEnv version=0x00010002
G4-JNI GetEnv version=0x00010002
G4-JNI GetEnv version=0x00010002
G4-JNI GetEnv version=0x00010002
G4-JNI GetEnv version=0x00010002
G4-JNI GetEnv version=0x00010002
G4-JNI GetEnv version=0x00010002
G4-JNI GetEnv version=0x00010002
G4-JNI GetEnv version=0x00010002
G4-JNI GetEnv version=0x00010002
G4-JNI GetEnv version=0x00010002
G4-JNI GetEnv version=0x00010002
G4-JNI GetEnv version=0x00010002
G4-JNI GetEnv version=0x00010002
G4-JNI GetEnv version=0x00010002
G4-JNI GetEnv version=0x00010002
G4-JNI GetEnv version=0x00010002
G4-JNI GetEnv version=0x00010002
G4-JNI GetEnv version=0x00010002
G4-JNI GetEnv version=0x00010002
G4-JNI GetEnv version=0x00010002
G4-JNI GetEnv version=0x00010002
G4-JNI GetEnv version=0x00010002
G4-JNI GetEnv version=0x00010002
G4-JNI GetEnv version=0x00010002
G4-JNI GetEnv version=0x00010002
G4-JNI GetEnv version=0x00010002
G4-JNI GetEnv version=0x00010002
G4-JNI GetEnv version=0x00010002
G4-JNI GetEnv version=0x00010002
G4-JNI GetEnv version=0x00010002
G4-JNI GetEnv version=0x00010002
G4-JNI GetEnv version=0x00010002
G4-JNI GetEnv version=0x00010002
G4-JNI GetEnv version=0x00010002
G4-JNI GetEnv version=0x00010002
G4-JNI GetEnv version=0x00010002
G4-JNI GetEnv version=0x00010002
G4-JNI GetEnv version=0x00010002
G4-JNI GetEnv version=0x00010002
G4-JNI GetEnv version=0x00010002
G4-JNI GetEnv version=0x00010002
G4-JNI GetEnv version=0x00010002
G4-JNI GetEnv version=0x00010002
G4-JNI GetEnv version=0x00010002
G4-JNI GetEnv version=0x00010002
G4-JNI GetEnv version=0x00010002
G4-JNI GetEnv version=0x00010002
G4-JNI GetEnv version=0x00010002
G4-JNI GetEnv version=0x00010002
G4-JNI GetEnv version=0x00010002
android[6] Sound/SoundManager/error: FMOD result of SoundManager::createSound: An error occured that wasn't supposed to.  Contact support. 

android[5] Sound/SoundManager/warn: SoundManager::createSound - 'ui/ui/btn_continue': failure.

android[2] trace: UI play sound: ui/ui/btn_continue

G4-JNI GetEnv version=0x00010002
G4-JNI GetEnv version=0x00010002
G4-JNI GetEnv version=0x00010002
G4-JNI GetEnv version=0x00010002
android[5] layouts/warning: LayoutEntity not in cache, reloading: generic_okay_popup

android[5] layouts/warning: LayoutEntity not in cache, reloading: btn_options_large_idle

android[5] layouts/warning: LayoutEntity not in cache, reloading: frame

android[5] layouts/warning: LayoutEntity not in cache, reloading: btn_options_small5

android[5] layouts/warning: LayoutEntity not in cache, reloading: btn_options_large_active

android[5] layouts/warning: LayoutEntity not in cache, reloading: btn_options_large_idle

android[2] trace: LayoutScreen::LayoutScreen OptionsSettingsScreen != 0

android[6] Sound/SoundManager/error: FMOD result of SoundManager::createSound: An error occured that wasn't supposed to.  Contact support. 

android[5] Sound/SoundManager/warn: SoundManager::createSound - 'ui/ui/event_popup': failure.

android[2] trace: UI play sound: ui/ui/event_popup

android[2] trace: ShowMogaHighlight start

android[2] trace: ShowMogaHighlight 1

android[2] trace: ShowMogaHighlight end

G7-FRAME enter=900
G5-GL STATE frame=900 framebuffer=0 status=0x8cd5 errors=0
G7-FRAME leave=900
G4-JNI GetEnv version=0x00010002
G4-JNI GetEnv version=0x00010002
G4-JNI GetEnv version=0x00010002
G4-JNI GetEnv version=0x00010002
G4-JNI GetEnv version=0x00010002
G4-JNI GetEnv version=0x00010002
G4-JNI GetEnv version=0x00010002
G4-JNI GetEnv version=0x00010002
G4-JNI GetEnv version=0x00010002
G4-JNI GetEnv version=0x00010002
G4-JNI GetEnv version=0x00010002
G4-JNI GetEnv version=0x00010002
G4-JNI GetEnv version=0x00010002
G4-JNI GetEnv version=0x00010002
G4-JNI GetEnv version=0x00010002
G4-JNI GetEnv version=0x00010002
G4-JNI GetEnv version=0x00010002
G4-JNI GetEnv version=0x00010002
G4-JNI GetEnv version=0x00010002
G4-JNI GetEnv version=0x00010002
G4-JNI GetEnv version=0x00010002
G4-JNI GetEnv version=0x00010002
G4-JNI GetEnv version=0x00010002
G4-JNI GetEnv version=0x00010002
G4-JNI GetEnv version=0x00010002
G4-JNI GetEnv version=0x00010002
G4-JNI GetEnv version=0x00010002
G4-JNI GetEnv version=0x00010002
G4-JNI GetEnv version=0x00010002
G4-JNI GetEnv version=0x00010002
G4-JNI GetEnv version=0x00010002
G4-JNI GetEnv version=0x00010002
G4-JNI GetEnv version=0x00010002
G4-JNI GetEnv version=0x00010002
G4-JNI GetEnv version=0x00010002
G4-JNI GetEnv version=0x00010002
G4-JNI GetEnv version=0x00010002
G4-JNI GetEnv version=0x00010002
G4-JNI GetEnv version=0x00010002
G4-JNI GetEnv version=0x00010002
G4-JNI GetEnv version=0x00010002
G4-JNI GetEnv version=0x00010002
G4-JNI GetEnv version=0x00010002
G4-JNI GetEnv version=0x00010002
G4-JNI GetEnv version=0x00010002
G4-JNI GetEnv version=0x00010002
G4-JNI GetEnv version=0x00010002
G4-JNI GetEnv version=0x00010002
G4-JNI GetEnv version=0x00010002
G4-JNI GetEnv version=0x00010002
G4-JNI GetEnv version=0x00010002
G4-JNI GetEnv version=0x00010002
G4-JNI GetEnv version=0x00010006
G7-FRAME enter=1200
G5-GL STATE frame=1200 framebuffer=0 status=0x8cd5 errors=0
G7-FRAME leave=1200
G4-JNI GetEnv version=0x00010006
android[2] trace: [AUTOLOG QUERY] Server: Blaze     Call: /nfs-2013-android/util/ping

G7-FRAME enter=1500
G5-GL STATE frame=1500 framebuffer=0 status=0x8cd5 errors=0
G7-FRAME leave=1500
G4-JNI GetEnv version=0x00010006
G4-JNI GetEnv version=0x00010006
G7-FRAME enter=1800
G5-GL STATE frame=1800 framebuffer=0 status=0x8cd5 errors=0
G7-FRAME leave=1800
G4-JNI GetEnv version=0x00010006
android[2] trace: [AUTOLOG QUERY] Server: Blaze     Call: /nfs-2013-android/util/ping

G7-FRAME enter=2100
G5-GL STATE frame=2100 framebuffer=0 status=0x8cd5 errors=0
G7-FRAME leave=2100
G4-JNI GetEnv version=0x00010006
G6-RAW buttons=0x00000002
android[2] trace: MoGaConTrOlLeR :: ....................(KK) MogaController :: Inside nativeOnKeyEvent 

android[2] trace: ....................(KK) MogaController :: Inside nativeOnKeyEvent 96

android[2] trace: MoGaConTrOlLeR :: ....................(KK) Key Event Key A AAAA .....................

android[2] trace: MoGaConTrOlLeR :: ....................(KK) Key Event Key Down .....................

android[2] trace: MoGaConTrOlLeR :: ....................(KK) Listener Key Press .....................

android[2] trace: MoGaConTrOlLeR :: ....................(KK) AndroidKeyCode :: MogaKeyCode (Start of func) .....................

android[2] trace: MoGaConTrOlLeR :: ....................(KK) AndroidKeyCode :: MogaKeyCode Key Press A .....................

android[2] trace: MoGaConTrOlLeR :: (KK) MogaController :: Inside nativeOnKeyEvent ....................

G6-MOGA key frame=2371 code=96 state=down
android[6] Sound/SoundManager/error: FMOD result of SoundManager::createSound: An error occured that wasn't supposed to.  Contact support. 

android[5] Sound/SoundManager/warn: SoundManager::createSound - 'ui/ui/btn_generic_accept': failure.

android[2] trace: UI play sound: ui/ui/btn_generic_accept

G6-RAW buttons=0x00000000
android[2] trace: MoGaConTrOlLeR :: ....................(KK) MogaController :: Inside nativeOnKeyEvent 

android[2] trace: ....................(KK) MogaController :: Inside nativeOnKeyEvent 96

android[2] trace: MoGaConTrOlLeR :: ....................(KK) Key Event Key A AAAA .....................

android[2] trace: MoGaConTrOlLeR :: ....................(KK) Key Event Key up .....................

android[2] trace: MoGaConTrOlLeR :: ....................(KK) Listener Key Release .....................

android[2] trace: MoGaConTrOlLeR :: ....................(KK) AndroidKeyCode :: MogaKeyCode (Start of func) .....................

android[2] trace: MoGaConTrOlLeR :: ....................(KK) AndroidKeyCode :: MogaKeyCode Key Press A .....................

android[2] trace: MoGaConTrOlLeR :: (KK) MogaController :: Inside nativeOnKeyEvent ....................

G6-MOGA key frame=2373 code=96 state=up
android[2] trace: MusicManager::SetPlaylist(): playlist=FrontEnd fade=true

G7-FRAME enter=2400
G5-GL STATE frame=2400 framebuffer=0 status=0x8cd5 errors=0
G7-FRAME leave=2400
G6-RAW buttons=0x00000800
android[2] trace: ....................(KK) MogaController :: Inside NativeOnMotionEvent

android[2] trace: (KK) MogaController :: Inside NativeOnMotionEvent ....................

G6-MOGA motion frame=2440 axes=32767,0,0,0,0,0
G6-MOGA dpad-as-stick frame=2440 code=22 state=down
G6-RAW buttons=0x00000000
android[2] trace: ....................(KK) MogaController :: Inside NativeOnMotionEvent

android[2] trace: (KK) MogaController :: Inside NativeOnMotionEvent ....................

G6-MOGA dpad-as-stick frame=2447 code=22 state=up
G6-RAW buttons=0x00000800
android[2] trace: ....................(KK) MogaController :: Inside NativeOnMotionEvent

android[2] trace: (KK) MogaController :: Inside NativeOnMotionEvent ....................

G6-MOGA motion frame=2485 axes=32767,0,0,0,0,0
G6-MOGA dpad-as-stick frame=2485 code=22 state=down
G6-RAW buttons=0x00000000
android[2] trace: ....................(KK) MogaController :: Inside NativeOnMotionEvent

android[2] trace: (KK) MogaController :: Inside NativeOnMotionEvent ....................

G6-MOGA dpad-as-stick frame=2493 code=22 state=up
android[2] trace: ....................(KK) MogaController :: Inside NativeOnMotionEvent

android[2] trace: (KK) MogaController :: Inside NativeOnMotionEvent ....................

G6-MOGA motion frame=2516 axes=-32767,0,0,0,0,0
android[2] trace: ....................(KK) MogaController :: Inside NativeOnMotionEvent

android[2] trace: (KK) MogaController :: Inside NativeOnMotionEvent ....................

android[2] trace: ....................(KK) MogaController :: Inside NativeOnMotionEvent

android[2] trace: (KK) MogaController :: Inside NativeOnMotionEvent ....................

G6-MOGA motion frame=2542 axes=-32767,0,0,0,0,0
android[2] trace: ....................(KK) MogaController :: Inside NativeOnMotionEvent

android[2] trace: (KK) MogaController :: Inside NativeOnMotionEvent ....................

G4-JNI GetEnv version=0x00010006
G6-RAW buttons=0x00000800
android[2] trace: ....................(KK) MogaController :: Inside NativeOnMotionEvent

android[2] trace: (KK) MogaController :: Inside NativeOnMotionEvent ....................

G6-MOGA motion frame=2646 axes=32767,0,0,0,0,0
G6-MOGA dpad-as-stick frame=2646 code=22 state=down
android[2] trace: [AUTOLOG QUERY] Server: Blaze     Call: /nfs-2013-android/util/ping

G6-RAW buttons=0x00000000
android[2] trace: ....................(KK) MogaController :: Inside NativeOnMotionEvent

android[2] trace: (KK) MogaController :: Inside NativeOnMotionEvent ....................

G6-MOGA dpad-as-stick frame=2653 code=22 state=up
G7-FRAME enter=2700
G5-GL STATE frame=2700 framebuffer=0 status=0x8cd5 errors=0
G7-FRAME leave=2700
G6-RAW buttons=0x00000020
android[2] trace: MoGaConTrOlLeR :: ....................(KK) MogaController :: Inside nativeOnKeyEvent 

android[2] trace: ....................(KK) MogaController :: Inside nativeOnKeyEvent 103

android[2] trace: MoGaConTrOlLeR :: ....................(KK) Key Event Key R1 1111 .....................

android[2] trace: MoGaConTrOlLeR :: ....................(KK) Key Event Key Down .....................

android[2] trace: MoGaConTrOlLeR :: ....................(KK) Listener Key Press .....................

android[2] trace: MoGaConTrOlLeR :: ....................(KK) AndroidKeyCode :: MogaKeyCode (Start of func) .....................

android[2] trace: MoGaConTrOlLeR :: ....................(KK) AndroidKeyCode :: MogaKeyCode Key Press R1 .....................

android[2] trace: MoGaConTrOlLeR :: (KK) MogaController :: Inside nativeOnKeyEvent ....................

G6-MOGA key frame=2729 code=103 state=down
G6-RAW buttons=0x00000000
android[2] trace: MoGaConTrOlLeR :: ....................(KK) MogaController :: Inside nativeOnKeyEvent 

android[2] trace: ....................(KK) MogaController :: Inside nativeOnKeyEvent 103

android[2] trace: MoGaConTrOlLeR :: ....................(KK) Key Event Key R1 1111 .....................

android[2] trace: MoGaConTrOlLeR :: ....................(KK) Key Event Key up .....................

android[2] trace: MoGaConTrOlLeR :: ....................(KK) Listener Key Release .....................

android[2] trace: MoGaConTrOlLeR :: ....................(KK) AndroidKeyCode :: MogaKeyCode (Start of func) .....................

android[2] trace: MoGaConTrOlLeR :: ....................(KK) AndroidKeyCode :: MogaKeyCode Key Press R1 .....................

android[2] trace: MoGaConTrOlLeR :: (KK) MogaController :: Inside nativeOnKeyEvent ....................

G6-MOGA key frame=2738 code=103 state=up
G4-JNI GetEnv version=0x00010002
G4-JNI GetEnv version=0x00010002
G4-JNI GetEnv version=0x00010002
G4-JNI GetEnv version=0x00010002
G6-RAW buttons=0x00000020
android[2] trace: MoGaConTrOlLeR :: ....................(KK) MogaController :: Inside nativeOnKeyEvent 

android[2] trace: ....................(KK) MogaController :: Inside nativeOnKeyEvent 103

android[2] trace: MoGaConTrOlLeR :: ....................(KK) Key Event Key R1 1111 .....................

android[2] trace: MoGaConTrOlLeR :: ....................(KK) Key Event Key Down .....................

android[2] trace: MoGaConTrOlLeR :: ....................(KK) Listener Key Press .....................

android[2] trace: MoGaConTrOlLeR :: ....................(KK) AndroidKeyCode :: MogaKeyCode (Start of func) .....................

android[2] trace: MoGaConTrOlLeR :: ....................(KK) AndroidKeyCode :: MogaKeyCode Key Press R1 .....................

android[2] trace: MoGaConTrOlLeR :: (KK) MogaController :: Inside nativeOnKeyEvent ....................

G6-MOGA key frame=2783 code=103 state=down
G6-RAW buttons=0x00000000
android[2] trace: MoGaConTrOlLeR :: ....................(KK) MogaController :: Inside nativeOnKeyEvent 

android[2] trace: ....................(KK) MogaController :: Inside nativeOnKeyEvent 103

android[2] trace: MoGaConTrOlLeR :: ....................(KK) Key Event Key R1 1111 .....................

android[2] trace: MoGaConTrOlLeR :: ....................(KK) Key Event Key up .....................

android[2] trace: MoGaConTrOlLeR :: ....................(KK) Listener Key Release .....................

android[2] trace: MoGaConTrOlLeR :: ....................(KK) AndroidKeyCode :: MogaKeyCode (Start of func) .....................

android[2] trace: MoGaConTrOlLeR :: ....................(KK) AndroidKeyCode :: MogaKeyCode Key Press R1 .....................

android[2] trace: MoGaConTrOlLeR :: (KK) MogaController :: Inside nativeOnKeyEvent ....................

G6-MOGA key frame=2792 code=103 state=up
G4-JNI GetEnv version=0x00010002
G4-JNI GetEnv version=0x00010002
G4-JNI GetEnv version=0x00010002
G4-JNI GetEnv version=0x00010002
G4-JNI GetEnv version=0x00010002
G4-JNI GetEnv version=0x00010002
G4-JNI GetEnv version=0x00010002
G4-JNI GetEnv version=0x00010002
G4-JNI GetEnv version=0x00010002
G4-JNI GetEnv version=0x00010002
G4-JNI GetEnv version=0x00010002
G4-JNI GetEnv version=0x00010002
G4-JNI GetEnv version=0x00010002
G4-JNI GetEnv version=0x00010002
G4-JNI GetEnv version=0x00010002
G4-JNI GetEnv version=0x00010002
G4-JNI GetEnv version=0x00010002
G4-JNI GetEnv version=0x00010002
G4-JNI GetEnv version=0x00010002
G4-JNI GetEnv version=0x00010006
G6-RAW buttons=0x00000010
android[2] trace: MoGaConTrOlLeR :: ....................(KK) MogaController :: Inside nativeOnKeyEvent 

android[2] trace: ....................(KK) MogaController :: Inside nativeOnKeyEvent 102

android[2] trace: MoGaConTrOlLeR :: ....................(KK) Key Event Key L1 1111 .....................

android[2] trace: MoGaConTrOlLeR :: ....................(KK) Key Event Key Down .....................

android[2] trace: MoGaConTrOlLeR :: ....................(KK) Listener Key Press .....................

android[2] trace: MoGaConTrOlLeR :: ....................(KK) AndroidKeyCode :: MogaKeyCode (Start of func) .....................

android[2] trace: MoGaConTrOlLeR :: ....................(KK) AndroidKeyCode :: MogaKeyCode Key Press L1 .....................

android[2] trace: MoGaConTrOlLeR :: (KK) MogaController :: Inside nativeOnKeyEvent ....................

G6-MOGA key frame=2836 code=102 state=down
G6-RAW buttons=0x00000000
android[2] trace: MoGaConTrOlLeR :: ....................(KK) MogaController :: Inside nativeOnKeyEvent 

android[2] trace: ....................(KK) MogaController :: Inside nativeOnKeyEvent 102

android[2] trace: MoGaConTrOlLeR :: ....................(KK) Key Event Key L1 1111 .....................

android[2] trace: MoGaConTrOlLeR :: ....................(KK) Key Event Key up .....................

android[2] trace: MoGaConTrOlLeR :: ....................(KK) Listener Key Release .....................

android[2] trace: MoGaConTrOlLeR :: ....................(KK) AndroidKeyCode :: MogaKeyCode (Start of func) .....................

android[2] trace: MoGaConTrOlLeR :: ....................(KK) AndroidKeyCode :: MogaKeyCode Key Press L1 .....................

android[2] trace: MoGaConTrOlLeR :: (KK) MogaController :: Inside nativeOnKeyEvent ....................

G6-MOGA key frame=2845 code=102 state=up
G6-RAW buttons=0x00000010
android[2] trace: MoGaConTrOlLeR :: ....................(KK) MogaController :: Inside nativeOnKeyEvent 

android[2] trace: ....................(KK) MogaController :: Inside nativeOnKeyEvent 102

android[2] trace: MoGaConTrOlLeR :: ....................(KK) Key Event Key L1 1111 .....................

android[2] trace: MoGaConTrOlLeR :: ....................(KK) Key Event Key Down .....................

android[2] trace: MoGaConTrOlLeR :: ....................(KK) Listener Key Press .....................

android[2] trace: MoGaConTrOlLeR :: ....................(KK) AndroidKeyCode :: MogaKeyCode (Start of func) .....................

android[2] trace: MoGaConTrOlLeR :: ....................(KK) AndroidKeyCode :: MogaKeyCode Key Press L1 .....................

android[2] trace: MoGaConTrOlLeR :: (KK) MogaController :: Inside nativeOnKeyEvent ....................

G6-MOGA key frame=2856 code=102 state=down
G6-RAW buttons=0x00000000
android[2] trace: MoGaConTrOlLeR :: ....................(KK) MogaController :: Inside nativeOnKeyEvent 

android[2] trace: ....................(KK) MogaController :: Inside nativeOnKeyEvent 102

android[2] trace: MoGaConTrOlLeR :: ....................(KK) Key Event Key L1 1111 .....................

android[2] trace: MoGaConTrOlLeR :: ....................(KK) Key Event Key up .....................

android[2] trace: MoGaConTrOlLeR :: ....................(KK) Listener Key Release .....................

android[2] trace: MoGaConTrOlLeR :: ....................(KK) AndroidKeyCode :: MogaKeyCode (Start of func) .....................

android[2] trace: MoGaConTrOlLeR :: ....................(KK) AndroidKeyCode :: MogaKeyCode Key Press L1 .....................

android[2] trace: MoGaConTrOlLeR :: (KK) MogaController :: Inside nativeOnKeyEvent ....................

G6-MOGA key frame=2867 code=102 state=up
G6-RAW buttons=0x00000020
android[2] trace: MoGaConTrOlLeR :: ....................(KK) MogaController :: Inside nativeOnKeyEvent 

android[2] trace: ....................(KK) MogaController :: Inside nativeOnKeyEvent 103

android[2] trace: MoGaConTrOlLeR :: ....................(KK) Key Event Key R1 1111 .....................

android[2] trace: MoGaConTrOlLeR :: ....................(KK) Key Event Key Down .....................

android[2] trace: MoGaConTrOlLeR :: ....................(KK) Listener Key Press .....................

android[2] trace: MoGaConTrOlLeR :: ....................(KK) AndroidKeyCode :: MogaKeyCode (Start of func) .....................

android[2] trace: MoGaConTrOlLeR :: ....................(KK) AndroidKeyCode :: MogaKeyCode Key Press R1 .....................

android[2] trace: MoGaConTrOlLeR :: (KK) MogaController :: Inside nativeOnKeyEvent ....................

G6-MOGA key frame=2903 code=103 state=down
G6-RAW buttons=0x00000000
android[2] trace: MoGaConTrOlLeR :: ....................(KK) MogaController :: Inside nativeOnKeyEvent 

android[2] trace: ....................(KK) MogaController :: Inside nativeOnKeyEvent 103

android[2] trace: MoGaConTrOlLeR :: ....................(KK) Key Event Key R1 1111 .....................

android[2] trace: MoGaConTrOlLeR :: ....................(KK) Key Event Key up .....................

android[2] trace: MoGaConTrOlLeR :: ....................(KK) Listener Key Release .....................

android[2] trace: MoGaConTrOlLeR :: ....................(KK) AndroidKeyCode :: MogaKeyCode (Start of func) .....................

android[2] trace: MoGaConTrOlLeR :: ....................(KK) AndroidKeyCode :: MogaKeyCode Key Press R1 .....................

android[2] trace: MoGaConTrOlLeR :: (KK) MogaController :: Inside nativeOnKeyEvent ....................

G6-MOGA key frame=2911 code=103 state=up
G6-RAW buttons=0x00000020
android[2] trace: MoGaConTrOlLeR :: ....................(KK) MogaController :: Inside nativeOnKeyEvent 

android[2] trace: ....................(KK) MogaController :: Inside nativeOnKeyEvent 103

android[2] trace: MoGaConTrOlLeR :: ....................(KK) Key Event Key R1 1111 .....................

android[2] trace: MoGaConTrOlLeR :: ....................(KK) Key Event Key Down .....................

android[2] trace: MoGaConTrOlLeR :: ....................(KK) Listener Key Press .....................

android[2] trace: MoGaConTrOlLeR :: ....................(KK) AndroidKeyCode :: MogaKeyCode (Start of func) .....................

android[2] trace: MoGaConTrOlLeR :: ....................(KK) AndroidKeyCode :: MogaKeyCode Key Press R1 .....................

android[2] trace: MoGaConTrOlLeR :: (KK) MogaController :: Inside nativeOnKeyEvent ....................

G6-MOGA key frame=2931 code=103 state=down
G6-RAW buttons=0x00000000
android[2] trace: MoGaConTrOlLeR :: ....................(KK) MogaController :: Inside nativeOnKeyEvent 

android[2] trace: ....................(KK) MogaController :: Inside nativeOnKeyEvent 103

android[2] trace: MoGaConTrOlLeR :: ....................(KK) Key Event Key R1 1111 .....................

android[2] trace: MoGaConTrOlLeR :: ....................(KK) Key Event Key up .....................

android[2] trace: MoGaConTrOlLeR :: ....................(KK) Listener Key Release .....................

android[2] trace: MoGaConTrOlLeR :: ....................(KK) AndroidKeyCode :: MogaKeyCode (Start of func) .....................

android[2] trace: MoGaConTrOlLeR :: ....................(KK) AndroidKeyCode :: MogaKeyCode Key Press R1 .....................

android[2] trace: MoGaConTrOlLeR :: (KK) MogaController :: Inside nativeOnKeyEvent ....................

G6-MOGA key frame=2940 code=103 state=up
G6-RAW buttons=0x00000020
android[2] trace: MoGaConTrOlLeR :: ....................(KK) MogaController :: Inside nativeOnKeyEvent 

android[2] trace: ....................(KK) MogaController :: Inside nativeOnKeyEvent 103

android[2] trace: MoGaConTrOlLeR :: ....................(KK) Key Event Key R1 1111 .....................

android[2] trace: MoGaConTrOlLeR :: ....................(KK) Key Event Key Down .....................

android[2] trace: MoGaConTrOlLeR :: ....................(KK) Listener Key Press .....................

android[2] trace: MoGaConTrOlLeR :: ....................(KK) AndroidKeyCode :: MogaKeyCode (Start of func) .....................

android[2] trace: MoGaConTrOlLeR :: ....................(KK) AndroidKeyCode :: MogaKeyCode Key Press R1 .....................

android[2] trace: MoGaConTrOlLeR :: (KK) MogaController :: Inside nativeOnKeyEvent ....................

G6-MOGA key frame=2966 code=103 state=down
G6-RAW buttons=0x00000000
android[2] trace: MoGaConTrOlLeR :: ....................(KK) MogaController :: Inside nativeOnKeyEvent 

android[2] trace: ....................(KK) MogaController :: Inside nativeOnKeyEvent 103

android[2] trace: MoGaConTrOlLeR :: ....................(KK) Key Event Key R1 1111 .....................

android[2] trace: MoGaConTrOlLeR :: ....................(KK) Key Event Key up .....................

android[2] trace: MoGaConTrOlLeR :: ....................(KK) Listener Key Release .....................

android[2] trace: MoGaConTrOlLeR :: ....................(KK) AndroidKeyCode :: MogaKeyCode (Start of func) .....................

android[2] trace: MoGaConTrOlLeR :: ....................(KK) AndroidKeyCode :: MogaKeyCode Key Press R1 .....................

android[2] trace: MoGaConTrOlLeR :: (KK) MogaController :: Inside nativeOnKeyEvent ....................

G6-MOGA key frame=2975 code=103 state=up
G4-JNI GetEnv version=0x00010002
G4-JNI GetEnv version=0x00010002
G4-JNI GetEnv version=0x00010002
G4-JNI GetEnv version=0x00010002
G7-FRAME enter=3000
G5-GL STATE frame=3000 framebuffer=0 status=0x8cd5 errors=0
G7-FRAME leave=3000
G6-RAW buttons=0x00000020
android[2] trace: MoGaConTrOlLeR :: ....................(KK) MogaController :: Inside nativeOnKeyEvent 

android[2] trace: ....................(KK) MogaController :: Inside nativeOnKeyEvent 103

android[2] trace: MoGaConTrOlLeR :: ....................(KK) Key Event Key R1 1111 .....................

android[2] trace: MoGaConTrOlLeR :: ....................(KK) Key Event Key Down .....................

android[2] trace: MoGaConTrOlLeR :: ....................(KK) Listener Key Press .....................

android[2] trace: MoGaConTrOlLeR :: ....................(KK) AndroidKeyCode :: MogaKeyCode (Start of func) .....................

android[2] trace: MoGaConTrOlLeR :: ....................(KK) AndroidKeyCode :: MogaKeyCode Key Press R1 .....................

android[2] trace: MoGaConTrOlLeR :: (KK) MogaController :: Inside nativeOnKeyEvent ....................

G6-MOGA key frame=3011 code=103 state=down
G6-RAW buttons=0x00000000
android[2] trace: MoGaConTrOlLeR :: ....................(KK) MogaController :: Inside nativeOnKeyEvent 

android[2] trace: ....................(KK) MogaController :: Inside nativeOnKeyEvent 103

android[2] trace: MoGaConTrOlLeR :: ....................(KK) Key Event Key R1 1111 .....................

android[2] trace: MoGaConTrOlLeR :: ....................(KK) Key Event Key up .....................

android[2] trace: MoGaConTrOlLeR :: ....................(KK) Listener Key Release .....................

android[2] trace: MoGaConTrOlLeR :: ....................(KK) AndroidKeyCode :: MogaKeyCode (Start of func) .....................

android[2] trace: MoGaConTrOlLeR :: ....................(KK) AndroidKeyCode :: MogaKeyCode Key Press R1 .....................

android[2] trace: MoGaConTrOlLeR :: (KK) MogaController :: Inside nativeOnKeyEvent ....................

G6-MOGA key frame=3021 code=103 state=up
G6-RAW buttons=0x00000020
android[2] trace: MoGaConTrOlLeR :: ....................(KK) MogaController :: Inside nativeOnKeyEvent 

android[2] trace: ....................(KK) MogaController :: Inside nativeOnKeyEvent 103

android[2] trace: MoGaConTrOlLeR :: ....................(KK) Key Event Key R1 1111 .....................

android[2] trace: MoGaConTrOlLeR :: ....................(KK) Key Event Key Down .....................

android[2] trace: MoGaConTrOlLeR :: ....................(KK) Listener Key Press .....................

android[2] trace: MoGaConTrOlLeR :: ....................(KK) AndroidKeyCode :: MogaKeyCode (Start of func) .....................

android[2] trace: MoGaConTrOlLeR :: ....................(KK) AndroidKeyCode :: MogaKeyCode Key Press R1 .....................

android[2] trace: MoGaConTrOlLeR :: (KK) MogaController :: Inside nativeOnKeyEvent ....................

G6-MOGA key frame=3046 code=103 state=down
G6-RAW buttons=0x00000000
android[2] trace: MoGaConTrOlLeR :: ....................(KK) MogaController :: Inside nativeOnKeyEvent 

android[2] trace: ....................(KK) MogaController :: Inside nativeOnKeyEvent 103

android[2] trace: MoGaConTrOlLeR :: ....................(KK) Key Event Key R1 1111 .....................

android[2] trace: MoGaConTrOlLeR :: ....................(KK) Key Event Key up .....................

android[2] trace: MoGaConTrOlLeR :: ....................(KK) Listener Key Release .....................

android[2] trace: MoGaConTrOlLeR :: ....................(KK) AndroidKeyCode :: MogaKeyCode (Start of func) .....................

android[2] trace: MoGaConTrOlLeR :: ....................(KK) AndroidKeyCode :: MogaKeyCode Key Press R1 .....................

android[2] trace: MoGaConTrOlLeR :: (KK) MogaController :: Inside nativeOnKeyEvent ....................

G6-MOGA key frame=3055 code=103 state=up
G4-JNI GetEnv version=0x00010006
G6-RAW buttons=0x00000020
android[2] trace: MoGaConTrOlLeR :: ....................(KK) MogaController :: Inside nativeOnKeyEvent 

android[2] trace: ....................(KK) MogaController :: Inside nativeOnKeyEvent 103

android[2] trace: MoGaConTrOlLeR :: ....................(KK) Key Event Key R1 1111 .....................

android[2] trace: MoGaConTrOlLeR :: ....................(KK) Key Event Key Down .....................

android[2] trace: MoGaConTrOlLeR :: ....................(KK) Listener Key Press .....................

android[2] trace: MoGaConTrOlLeR :: ....................(KK) AndroidKeyCode :: MogaKeyCode (Start of func) .....................

android[2] trace: MoGaConTrOlLeR :: ....................(KK) AndroidKeyCode :: MogaKeyCode Key Press R1 .....................

android[2] trace: MoGaConTrOlLeR :: (KK) MogaController :: Inside nativeOnKeyEvent ....................

G6-MOGA key frame=3098 code=103 state=down
G6-RAW buttons=0x00000000
android[2] trace: MoGaConTrOlLeR :: ....................(KK) MogaController :: Inside nativeOnKeyEvent 

android[2] trace: ....................(KK) MogaController :: Inside nativeOnKeyEvent 103

android[2] trace: MoGaConTrOlLeR :: ....................(KK) Key Event Key R1 1111 .....................

android[2] trace: MoGaConTrOlLeR :: ....................(KK) Key Event Key up .....................

android[2] trace: MoGaConTrOlLeR :: ....................(KK) Listener Key Release .....................

android[2] trace: MoGaConTrOlLeR :: ....................(KK) AndroidKeyCode :: MogaKeyCode (Start of func) .....................

android[2] trace: MoGaConTrOlLeR :: ....................(KK) AndroidKeyCode :: MogaKeyCode Key Press R1 .....................

android[2] trace: MoGaConTrOlLeR :: (KK) MogaController :: Inside nativeOnKeyEvent ....................

G6-MOGA key frame=3106 code=103 state=up
G4-JNI GetEnv version=0x00010002
G4-JNI GetEnv version=0x00010002
G4-JNI GetEnv version=0x00010002
G4-JNI GetEnv version=0x00010002
G6-RAW buttons=0x00000020
android[2] trace: MoGaConTrOlLeR :: ....................(KK) MogaController :: Inside nativeOnKeyEvent 

android[2] trace: ....................(KK) MogaController :: Inside nativeOnKeyEvent 103

android[2] trace: MoGaConTrOlLeR :: ....................(KK) Key Event Key R1 1111 .....................

android[2] trace: MoGaConTrOlLeR :: ....................(KK) Key Event Key Down .....................

android[2] trace: MoGaConTrOlLeR :: ....................(KK) Listener Key Press .....................

android[2] trace: MoGaConTrOlLeR :: ....................(KK) AndroidKeyCode :: MogaKeyCode (Start of func) .....................

android[2] trace: MoGaConTrOlLeR :: ....................(KK) AndroidKeyCode :: MogaKeyCode Key Press R1 .....................

android[2] trace: MoGaConTrOlLeR :: (KK) MogaController :: Inside nativeOnKeyEvent ....................

G6-MOGA key frame=3129 code=103 state=down
G6-RAW buttons=0x00000000
android[2] trace: MoGaConTrOlLeR :: ....................(KK) MogaController :: Inside nativeOnKeyEvent 

android[2] trace: ....................(KK) MogaController :: Inside nativeOnKeyEvent 103

android[2] trace: MoGaConTrOlLeR :: ....................(KK) Key Event Key R1 1111 .....................

android[2] trace: MoGaConTrOlLeR :: ....................(KK) Key Event Key up .....................

android[2] trace: MoGaConTrOlLeR :: ....................(KK) Listener Key Release .....................

android[2] trace: MoGaConTrOlLeR :: ....................(KK) AndroidKeyCode :: MogaKeyCode (Start of func) .....................

android[2] trace: MoGaConTrOlLeR :: ....................(KK) AndroidKeyCode :: MogaKeyCode Key Press R1 .....................

android[2] trace: MoGaConTrOlLeR :: (KK) MogaController :: Inside nativeOnKeyEvent ....................

G6-MOGA key frame=3138 code=103 state=up
G6-RAW buttons=0x00000002
android[2] trace: MoGaConTrOlLeR :: ....................(KK) MogaController :: Inside nativeOnKeyEvent 

android[2] trace: ....................(KK) MogaController :: Inside nativeOnKeyEvent 96

android[2] trace: MoGaConTrOlLeR :: ....................(KK) Key Event Key A AAAA .....................

android[2] trace: MoGaConTrOlLeR :: ....................(KK) Key Event Key Down .....................

android[2] trace: MoGaConTrOlLeR :: ....................(KK) Listener Key Press .....................

android[2] trace: MoGaConTrOlLeR :: ....................(KK) AndroidKeyCode :: MogaKeyCode (Start of func) .....................

android[2] trace: MoGaConTrOlLeR :: ....................(KK) AndroidKeyCode :: MogaKeyCode Key Press A .....................

android[2] trace: MoGaConTrOlLeR :: (KK) MogaController :: Inside nativeOnKeyEvent ....................

G6-MOGA key frame=3231 code=96 state=down
G6-RAW buttons=0x00000000
android[2] trace: MoGaConTrOlLeR :: ....................(KK) MogaController :: Inside nativeOnKeyEvent 

android[2] trace: ....................(KK) MogaController :: Inside nativeOnKeyEvent 96

android[2] trace: MoGaConTrOlLeR :: ....................(KK) Key Event Key A AAAA .....................

android[2] trace: MoGaConTrOlLeR :: ....................(KK) Key Event Key up .....................

android[2] trace: MoGaConTrOlLeR :: ....................(KK) Listener Key Release .....................

android[2] trace: MoGaConTrOlLeR :: ....................(KK) AndroidKeyCode :: MogaKeyCode (Start of func) .....................

android[2] trace: MoGaConTrOlLeR :: ....................(KK) AndroidKeyCode :: MogaKeyCode Key Press A .....................

android[2] trace: MoGaConTrOlLeR :: (KK) MogaController :: Inside nativeOnKeyEvent ....................

G6-MOGA key frame=3238 code=96 state=up
android[6] error: Node /menus/map_overworld has no output for MAP. Ignoring

android[6] Sound/SoundManager/error: FMOD result of SoundManager::createSound: An error occured that wasn't supposed to.  Contact support. 

android[5] Sound/SoundManager/warn: SoundManager::createSound - 'ui/ui/btn_continue': failure.

android[2] trace: UI play sound: ui/ui/btn_continue

android[2] trace: [AUTOLOG QUERY] Server: Blaze     Call: /nfs-2013-android/util/ping

G7-FRAME enter=3300
G5-GL STATE frame=3300 framebuffer=0 status=0x8cd5 errors=0
G7-FRAME leave=3300
G4-JNI GetEnv version=0x00010006
android[2] trace: ....................(KK) MogaController :: Inside NativeOnMotionEvent

android[2] trace: (KK) MogaController :: Inside NativeOnMotionEvent ....................

G6-MOGA motion frame=3331 axes=-32767,0,0,0,0,0
android[2] trace: ....................(KK) MogaController :: Inside NativeOnMotionEvent

android[2] trace: (KK) MogaController :: Inside NativeOnMotionEvent ....................

G6-RAW buttons=0x00000002
android[2] trace: MoGaConTrOlLeR :: ....................(KK) MogaController :: Inside nativeOnKeyEvent 

android[2] trace: ....................(KK) MogaController :: Inside nativeOnKeyEvent 96

android[2] trace: MoGaConTrOlLeR :: ....................(KK) Key Event Key A AAAA .....................

android[2] trace: MoGaConTrOlLeR :: ....................(KK) Key Event Key Down .....................

android[2] trace: MoGaConTrOlLeR :: ....................(KK) Listener Key Press .....................

android[2] trace: MoGaConTrOlLeR :: ....................(KK) AndroidKeyCode :: MogaKeyCode (Start of func) .....................

android[2] trace: MoGaConTrOlLeR :: ....................(KK) AndroidKeyCode :: MogaKeyCode Key Press A .....................

android[2] trace: MoGaConTrOlLeR :: (KK) MogaController :: Inside nativeOnKeyEvent ....................

G6-MOGA key frame=3372 code=96 state=down
android[6] Sound/SoundManager/error: FMOD result of SoundManager::createSound: An error occured that wasn't supposed to.  Contact support. 

android[5] Sound/SoundManager/warn: SoundManager::createSound - 'ui/ui/btn_continue': failure.

android[2] trace: UI play sound: ui/ui/btn_continue

G6-RAW buttons=0x00000000
android[2] trace: MoGaConTrOlLeR :: ....................(KK) MogaController :: Inside nativeOnKeyEvent 

android[2] trace: ....................(KK) MogaController :: Inside nativeOnKeyEvent 96

android[2] trace: MoGaConTrOlLeR :: ....................(KK) Key Event Key A AAAA .....................

android[2] trace: MoGaConTrOlLeR :: ....................(KK) Key Event Key up .....................

android[2] trace: MoGaConTrOlLeR :: ....................(KK) Listener Key Release .....................

android[2] trace: MoGaConTrOlLeR :: ....................(KK) AndroidKeyCode :: MogaKeyCode (Start of func) .....................

android[2] trace: MoGaConTrOlLeR :: ....................(KK) AndroidKeyCode :: MogaKeyCode Key Press A .....................

android[2] trace: MoGaConTrOlLeR :: (KK) MogaController :: Inside nativeOnKeyEvent ....................

G6-MOGA key frame=3376 code=96 state=up
android[5] layouts/warning: LayoutEntity not in cache, reloading: profile

android[5] layouts/warning: LayoutEntity not in cache, reloading: options_scroll_bg

android[5] layouts/warning: LayoutEntity not in cache, reloading: frame

android[5] layouts/warning: LayoutEntity not in cache, reloading: profile_detailed

android[5] layouts/warning: LayoutEntity not in cache, reloading: profile_achievements_compacted

android[5] layouts/warning: LayoutEntity not in cache, reloading: frame

android[5] layouts/warning: LayoutEntity not in cache, reloading: profile_achievements_title

android[5] layouts/warning: LayoutEntity not in cache, reloading: progress_bar_holder

android[5] layouts/warning: LayoutEntity not in cache, reloading: achievement_progress

android[5] layouts/warning: LayoutEntity not in cache, reloading: btn_profile_toggle1

android[5] layouts/warning: LayoutEntity not in cache, reloading: btn_options_large_active

android[5] layouts/warning: LayoutEntity not in cache, reloading: btn_options_large_idle

android[5] layouts/warning: LayoutEntity not in cache, reloading: maxmin_arrow_flash

android[5] layouts/warning: LayoutEntity not in cache, reloading: profile_achievements_other_platform

android[5] layouts/warning: LayoutEntity not in cache, reloading: frame

android[5] layouts/warning: LayoutEntity not in cache, reloading: btn_profile_notoggle

android[5] layouts/warning: LayoutEntity not in cache, reloading: btn_options_large_active

android[5] layouts/warning: LayoutEntity not in cache, reloading: btn_options_large_idle

android[5] layouts/warning: LayoutEntity not in cache, reloading: profile_detailed_info

android[5] layouts/warning: LayoutEntity not in cache, reloading: profile_player_large

android[5] layouts/warning: LayoutEntity not in cache, reloading: cash

android[5] layouts/warning: LayoutEntity not in cache, reloading: cash_container

android[5] layouts/warning: LayoutEntity not in cache, reloading: scrollbar

android[5] layouts/warning: LayoutEntity not in cache, reloading: scrollbar_thumb

android[5] layouts/warning: LayoutEntity not in cache, reloading: profile_player

android[5] layouts/warning: LayoutEntity not in cache, reloading: origin_logged_out

android[5] layouts/warning: LayoutEntity not in cache, reloading: btn_origin_temp

android[5] layouts/warning: LayoutEntity not in cache, reloading: offline_online_indicator

android[5] layouts/warning: LayoutEntity not in cache, reloading: friend_notifications

android[5] layouts/warning: LayoutEntity not in cache, reloading: nav_mogaSelect

android[5] layouts/warning: LayoutEntity not in cache, reloading: most_wanted_panel

android[5] layouts/warning: LayoutEntity not in cache, reloading: mwlist_arrow_flash

android[5] layouts/warning: LayoutEntity not in cache, reloading: btn_block_input

android[5] layouts/warning: LayoutEntity not in cache, reloading: most_wanted_panel_maximise

android[5] layouts/warning: LayoutEntity not in cache, reloading: most_wanted_panel_minimise

android[5] layouts/warning: LayoutEntity not in cache, reloading: swipe_widget

android[5] layouts/warning: LayoutEntity not in cache, reloading: most_wanted_leaderboard

android[5] layouts/warning: LayoutEntity not in cache, reloading: frame

android[5] layouts/warning: LayoutEntity not in cache, reloading: most_wanted_scroll_list

android[5] layouts/warning: LayoutEntity not in cache, reloading: most_wanted_entry

android[5] layouts/warning: LayoutEntity not in cache, reloading: scrollbar

android[5] layouts/warning: LayoutEntity not in cache, reloading: scrollbar_thumb

android[5] layouts/warning: LayoutEntity not in cache, reloading: most_wanted_red

android[5] layouts/warning: LayoutEntity not in cache, reloading: spinner

android[5] layouts/warning: LayoutEntity not in cache, reloading: btn_origin_nag

android[5] layouts/warning: LayoutEntity not in cache, reloading: login_reward

android[5] layouts/warning: LayoutEntity not in cache, reloading: hud_milestone_popup_sp_value

android[5] layouts/warning: LayoutEntity not in cache, reloading: nav_mogaSelect

android[5] layouts/warning: LayoutEntity not in cache, reloading: navigation_panel_android

android[5] layouts/warning: LayoutEntity not in cache, reloading: navigation_panel_shading

android[5] layouts/warning: LayoutEntity not in cache, reloading: btn_lowernav

android[5] layouts/warning: LayoutEntity not in cache, reloading: quickbar_bg_text

android[5] layouts/warning: LayoutEntity not in cache, reloading: btn_lowernav_notification

android[5] layouts/warning: LayoutEntity not in cache, reloading: btn_purchase

android[5] layouts/warning: LayoutEntity not in cache, reloading: btn_lowernav

android[5] layouts/warning: LayoutEntity not in cache, reloading: quickbar_bg_text

android[5] layouts/warning: LayoutEntity not in cache, reloading: btn_lowernav_notification

android[5] layouts/warning: LayoutEntity not in cache, reloading: nav_moga

android[5] layouts/warning: LayoutEntity not in cache, reloading: navigation_panel_android_no_moga

android[5] layouts/warning: LayoutEntity not in cache, reloading: navigation_panel_shading

android[5] layouts/warning: LayoutEntity not in cache, reloading: btn_lowernav

android[5] layouts/warning: LayoutEntity not in cache, reloading: quickbar_bg_text

android[5] layouts/warning: LayoutEntity not in cache, reloading: btn_lowernav_notification

android[5] layouts/warning: LayoutEntity not in cache, reloading: btn_purchase

android[5] layouts/warning: LayoutEntity not in cache, reloading: btn_lowernav

android[5] layouts/warning: LayoutEntity not in cache, reloading: quickbar_bg_text

android[5] layouts/warning: LayoutEntity not in cache, reloading: btn_lowernav_notification

android[5] layouts/warning: LayoutEntity not in cache, reloading: nav_moga

android[5] layouts/warning: LayoutEntity not in cache, reloading: hud_achievementnotification_infrontend

android[5] layouts/warning: LayoutEntity not in cache, reloading: hud_line

android[5] layouts/warning: LayoutEntity not in cache, reloading: achievement_icon

android[5] layouts/warning: LayoutEntity not in cache, reloading: profile_achievements_body

android[5] layouts/warning: LayoutEntity not in cache, reloading: frame

android[5] layouts/warning: LayoutEntity not in cache, reloading: achievement_icon

android[6] layouts/error: Unable to locate layout entity: _icon

android[4] info: -- Most Wanted List Updated --

android[4] info: 1. MSTWNTD(45000 PTS)

android[4] info: 2. FANGD(42750 PTS)

android[4] info: 3. GDZLLR(40500 PTS)

android[4] info: 4. HONEY(38250 PTS)

android[4] info: 5. KRIEG(36000 PTS)

android[4] info: 6. GU1LTY(33750 PTS)

android[4] info: 7. SPIDER(31500 PTS)

android[4] info: 8. GTMC(29249 PTS)

android[4] info: 9. SNWBLND(27000 PTS)

android[4] info: 10. JAPAN4(24750 PTS)

android[4] info: 11. You(12500 PTS)

android[4] info: -- Most Wanted List Updated --

android[4] info: 1. MSTWNTD(45000 PTS)

android[4] info: 2. FANGD(42750 PTS)

android[4] info: 3. GDZLLR(40500 PTS)

android[4] info: 4. HONEY(38250 PTS)

android[4] info: 5. KRIEG(36000 PTS)

android[4] info: 6. GU1LTY(33750 PTS)

android[4] info: 7. SPIDER(31500 PTS)

android[4] info: 8. GTMC(29249 PTS)

android[4] info: 9. SNWBLND(27000 PTS)

android[4] info: 10. JAPAN4(24750 PTS)

android[4] info: 11. You(12500 PTS)

android[6] layouts/error: Unable to locate layout entity: _progress_bar

android[2] trace: LayoutScreen::LayoutScreen OptionsSettingsScreen != 0

android[5] layouts/warning: SetAnimation: Animation _disabled not found in node /[NoID]/most_wanted_panel/_block_input

android[5] layouts/warning: SetAnimation: Animation _disabled not found in node /[NoID]/most_wanted_panel/_minimise_btn

android[2] trace: ShowMogaHighlight start

android[2] trace: ShowMogaHighlight 1

android[2] trace: ShowMogaHighlight end

G4-JNI GetEnv version=0x00010002
G4-JNI GetEnv version=0x00010002
G4-JNI GetEnv version=0x00010002
G4-JNI GetEnv version=0x00010002
G4-JNI GetEnv version=0x00010002
G4-JNI GetEnv version=0x00010002
G4-JNI GetEnv version=0x00010002
G4-JNI GetEnv version=0x00010002
G4-JNI GetEnv version=0x00010002
G4-JNI GetEnv version=0x00010002
G4-JNI GetEnv version=0x00010002
G4-JNI GetEnv version=0x00010002
G4-JNI GetEnv version=0x00010002
G4-JNI GetEnv version=0x00010002
G4-JNI GetEnv version=0x00010002
G4-JNI GetEnv version=0x00010002
G4-JNI GetEnv version=0x00010002
G4-JNI GetEnv version=0x00010002
G4-JNI GetEnv version=0x00010002
G4-JNI GetEnv version=0x00010002
G4-JNI GetEnv version=0x00010002
G4-JNI GetEnv version=0x00010002
G4-JNI GetEnv version=0x00010002
G4-JNI GetEnv version=0x00010002
G4-JNI GetEnv version=0x00010002
G4-JNI GetEnv version=0x00010002
G4-JNI GetEnv version=0x00010002
G4-JNI GetEnv version=0x00010002
G4-JNI GetEnv version=0x00010002
G4-JNI GetEnv version=0x00010002
G4-JNI GetEnv version=0x00010002
G4-JNI GetEnv version=0x00010002
G4-JNI GetEnv version=0x00010002
G4-JNI GetEnv version=0x00010002
G4-JNI GetEnv version=0x00010002
G4-JNI GetEnv version=0x00010002
G4-JNI GetEnv version=0x00010002
G4-JNI GetEnv version=0x00010002
G4-JNI GetEnv version=0x00010002
G4-JNI GetEnv version=0x00010002
G4-JNI GetEnv version=0x00010002
G4-JNI GetEnv version=0x00010002
G4-JNI GetEnv version=0x00010002
G4-JNI GetEnv version=0x00010002
G4-JNI GetEnv version=0x00010002
G4-JNI GetEnv version=0x00010002
G4-JNI GetEnv version=0x00010002
G4-JNI GetEnv version=0x00010002
G4-JNI GetEnv version=0x00010002
G4-JNI GetEnv version=0x00010002
G4-JNI GetEnv version=0x00010002
G4-JNI GetEnv version=0x00010002
G4-JNI GetEnv version=0x00010002
G4-JNI GetEnv version=0x00010002
G4-JNI GetEnv version=0x00010002
G4-JNI GetEnv version=0x00010002
G4-JNI GetEnv version=0x00010002
G4-JNI GetEnv version=0x00010002
G4-JNI GetEnv version=0x00010002
G4-JNI GetEnv version=0x00010002
G4-JNI GetEnv version=0x00010002
G4-JNI GetEnv version=0x00010002
G4-JNI GetEnv version=0x00010002
G4-JNI GetEnv version=0x00010002
G4-JNI GetEnv version=0x00010002
G4-JNI GetEnv version=0x00010002
G4-JNI GetEnv version=0x00010002
G4-JNI GetEnv version=0x00010002
G4-JNI GetEnv version=0x00010002
G4-JNI GetEnv version=0x00010002
G4-JNI GetEnv version=0x00010002
G4-JNI GetEnv version=0x00010002
G4-JNI GetEnv version=0x00010002
G4-JNI GetEnv version=0x00010002
G4-JNI GetEnv version=0x00010002
G4-JNI GetEnv version=0x00010002
G4-JNI GetEnv version=0x00010002
G4-JNI GetEnv version=0x00010002
G4-JNI GetEnv version=0x00010002
G4-JNI GetEnv version=0x00010002
G4-JNI GetEnv version=0x00010002
G4-JNI GetEnv version=0x00010002
G4-JNI GetEnv version=0x00010002
G4-JNI GetEnv version=0x00010002
G4-JNI GetEnv version=0x00010002
G4-JNI GetEnv version=0x00010002
G4-JNI GetEnv version=0x00010002
G4-JNI GetEnv version=0x00010002
G6-RAW buttons=0x00000400
android[2] trace: ....................(KK) MogaController :: Inside NativeOnMotionEvent

android[2] trace: (KK) MogaController :: Inside NativeOnMotionEvent ....................

G6-MOGA motion frame=3477 axes=-32767,0,0,0,0,0
G6-MOGA dpad-as-stick frame=3477 code=21 state=down
G6-RAW buttons=0x00000000
android[2] trace: ....................(KK) MogaController :: Inside NativeOnMotionEvent

android[2] trace: (KK) MogaController :: Inside NativeOnMotionEvent ....................

G6-MOGA dpad-as-stick frame=3485 code=21 state=up
G6-RAW buttons=0x00000400
android[2] trace: ....................(KK) MogaController :: Inside NativeOnMotionEvent

android[2] trace: (KK) MogaController :: Inside NativeOnMotionEvent ....................

G6-MOGA motion frame=3500 axes=-32767,0,0,0,0,0
G6-MOGA dpad-as-stick frame=3500 code=21 state=down
G6-RAW buttons=0x00000000
android[2] trace: ....................(KK) MogaController :: Inside NativeOnMotionEvent

android[2] trace: (KK) MogaController :: Inside NativeOnMotionEvent ....................

G6-MOGA dpad-as-stick frame=3508 code=21 state=up
G6-RAW buttons=0x00000800
android[2] trace: ....................(KK) MogaController :: Inside NativeOnMotionEvent

android[2] trace: (KK) MogaController :: Inside NativeOnMotionEvent ....................

G6-MOGA motion frame=3528 axes=32767,0,0,0,0,0
G6-MOGA dpad-as-stick frame=3528 code=22 state=down
G6-RAW buttons=0x00000000
android[2] trace: ....................(KK) MogaController :: Inside NativeOnMotionEvent

android[2] trace: (KK) MogaController :: Inside NativeOnMotionEvent ....................

G6-MOGA dpad-as-stick frame=3537 code=22 state=up
G6-RAW buttons=0x00000001
android[2] trace: MoGaConTrOlLeR :: ....................(KK) MogaController :: Inside nativeOnKeyEvent 

android[2] trace: ....................(KK) MogaController :: Inside nativeOnKeyEvent 97

android[2] trace: MoGaConTrOlLeR :: ....................(KK) Key Event Key B BBBB .....................

android[2] trace: MoGaConTrOlLeR :: ....................(KK) Key Event Key Down .....................

android[2] trace: MoGaConTrOlLeR :: ....................(KK) Listener Key Press .....................

android[2] trace: MoGaConTrOlLeR :: ....................(KK) AndroidKeyCode :: MogaKeyCode (Start of func) .....................

android[2] trace: MoGaConTrOlLeR :: ....................(KK) AndroidKeyCode :: MogaKeyCode Key Press B .....................

android[2] trace: MoGaConTrOlLeR :: (KK) MogaController :: Inside nativeOnKeyEvent ....................

G6-MOGA key frame=3568 code=97 state=down
G6-RAW buttons=0x00000000
android[2] trace: MoGaConTrOlLeR :: ....................(KK) MogaController :: Inside nativeOnKeyEvent 

android[2] trace: ....................(KK) MogaController :: Inside nativeOnKeyEvent 97

android[2] trace: MoGaConTrOlLeR :: ....................(KK) Key Event Key B BBBB .....................

android[2] trace: MoGaConTrOlLeR :: ....................(KK) Key Event Key up .....................

android[2] trace: MoGaConTrOlLeR :: ....................(KK) Listener Key Release .....................

android[2] trace: MoGaConTrOlLeR :: ....................(KK) AndroidKeyCode :: MogaKeyCode (Start of func) .....................

android[2] trace: MoGaConTrOlLeR :: ....................(KK) AndroidKeyCode :: MogaKeyCode Key Press B .....................

android[2] trace: MoGaConTrOlLeR :: (KK) MogaController :: Inside nativeOnKeyEvent ....................

G6-MOGA key frame=3576 code=97 state=up
android[6] Sound/SoundManager/error: FMOD result of SoundManager::createSound: An error occured that wasn't supposed to.  Contact support. 

android[5] Sound/SoundManager/warn: SoundManager::createSound - 'ui/ui/btn_continue': failure.

android[2] trace: UI play sound: ui/ui/btn_continue

G4-JNI GetEnv version=0x00010006
G7-FRAME enter=3600
G5-GL STATE frame=3600 framebuffer=0 status=0x8cd5 errors=0
G7-FRAME leave=3600
android[5] layouts/warning: LayoutEntity not in cache, reloading: map_overworld

android[5] layouts/warning: LayoutEntity not in cache, reloading: satmap

android[5] layouts/warning: LayoutEntity not in cache, reloading: track_widget

android[5] layouts/warning: LayoutEntity not in cache, reloading: btn_track

android[5] layouts/warning: LayoutEntity not in cache, reloading: event_holder_panel_normal

android[5] layouts/warning: LayoutEntity not in cache, reloading: completion_base

android[5] layouts/warning: LayoutEntity not in cache, reloading: event_holder_panel_glow

android[5] layouts/warning: LayoutEntity not in cache, reloading: blacklist_icon

android[5] layouts/warning: LayoutEntity not in cache, reloading: new_mw_base

android[5] layouts/warning: LayoutEntity not in cache, reloading: new_events_text_looper

android[5] layouts/warning: LayoutEntity not in cache, reloading: new_map_base

android[5] layouts/warning: LayoutEntity not in cache, reloading: map_offscreen_marker

android[5] layouts/warning: LayoutEntity not in cache, reloading: event_holder_panel_glow

android[5] layouts/warning: LayoutEntity not in cache, reloading: btn_blackmarket

android[5] layouts/warning: LayoutEntity not in cache, reloading: new_events_text_looper

android[5] layouts/warning: LayoutEntity not in cache, reloading: new_map_base

android[5] layouts/warning: LayoutEntity not in cache, reloading: completion_base

android[5] layouts/warning: LayoutEntity not in cache, reloading: blacklist_clock

android[5] layouts/warning: LayoutEntity not in cache, reloading: event_list_bg

android[5] layouts/warning: LayoutEntity not in cache, reloading: event_list_widget

android[5] layouts/warning: LayoutEntity not in cache, reloading: events_list

android[5] layouts/warning: LayoutEntity not in cache, reloading: scrollbar_horizontal

android[5] layouts/warning: LayoutEntity not in cache, reloading: scrollbar_thumb_horizontal

android[5] layouts/warning: LayoutEntity not in cache, reloading: btn_easydrive

android[5] layouts/warning: LayoutEntity not in cache, reloading: btn_easydriveMoga

android[5] layouts/warning: LayoutEntity not in cache, reloading: profile_player

android[5] layouts/warning: LayoutEntity not in cache, reloading: origin_logged_out

android[5] layouts/warning: LayoutEntity not in cache, reloading: btn_origin_temp

android[5] layouts/warning: LayoutEntity not in cache, reloading: offline_online_indicator

android[5] layouts/warning: LayoutEntity not in cache, reloading: friend_notifications

android[5] layouts/warning: LayoutEntity not in cache, reloading: nav_mogaSelect

android[5] layouts/warning: LayoutEntity not in cache, reloading: btn_back_corner

android[5] layouts/warning: LayoutEntity not in cache, reloading: most_wanted_panel

android[5] layouts/warning: LayoutEntity not in cache, reloading: mwlist_arrow_flash

android[5] layouts/warning: LayoutEntity not in cache, reloading: btn_block_input

android[5] layouts/warning: LayoutEntity not in cache, reloading: most_wanted_panel_maximise

android[5] layouts/warning: LayoutEntity not in cache, reloading: most_wanted_panel_minimise

android[5] layouts/warning: LayoutEntity not in cache, reloading: swipe_widget

android[5] layouts/warning: LayoutEntity not in cache, reloading: most_wanted_leaderboard

android[5] layouts/warning: LayoutEntity not in cache, reloading: frame

android[5] layouts/warning: LayoutEntity not in cache, reloading: most_wanted_scroll_list

android[5] layouts/warning: LayoutEntity not in cache, reloading: most_wanted_entry

android[5] layouts/warning: LayoutEntity not in cache, reloading: scrollbar

android[5] layouts/warning: LayoutEntity not in cache, reloading: scrollbar_thumb

android[5] layouts/warning: LayoutEntity not in cache, reloading: most_wanted_red

android[5] layouts/warning: LayoutEntity not in cache, reloading: spinner

android[5] layouts/warning: LayoutEntity not in cache, reloading: btn_origin_nag

android[5] layouts/warning: LayoutEntity not in cache, reloading: login_reward

android[5] layouts/warning: LayoutEntity not in cache, reloading: hud_milestone_popup_sp_value

android[5] layouts/warning: LayoutEntity not in cache, reloading: nav_mogaSelect

android[5] layouts/warning: LayoutEntity not in cache, reloading: navigation_panel_android

android[5] layouts/warning: LayoutEntity not in cache, reloading: navigation_panel_shading

android[5] layouts/warning: LayoutEntity not in cache, reloading: btn_lowernav

android[5] layouts/warning: LayoutEntity not in cache, reloading: quickbar_bg_text

android[5] layouts/warning: LayoutEntity not in cache, reloading: btn_lowernav_notification

android[5] layouts/warning: LayoutEntity not in cache, reloading: btn_purchase

android[5] layouts/warning: LayoutEntity not in cache, reloading: btn_lowernav

android[5] layouts/warning: LayoutEntity not in cache, reloading: quickbar_bg_text

android[5] layouts/warning: LayoutEntity not in cache, reloading: btn_lowernav_notification

android[5] layouts/warning: LayoutEntity not in cache, reloading: nav_moga

android[5] layouts/warning: LayoutEntity not in cache, reloading: navigation_panel_android_no_moga

android[5] layouts/warning: LayoutEntity not in cache, reloading: navigation_panel_shading

android[5] layouts/warning: LayoutEntity not in cache, reloading: btn_lowernav

android[5] layouts/warning: LayoutEntity not in cache, reloading: quickbar_bg_text

android[5] layouts/warning: LayoutEntity not in cache, reloading: btn_lowernav_notification

android[5] layouts/warning: LayoutEntity not in cache, reloading: btn_purchase

android[5] layouts/warning: LayoutEntity not in cache, reloading: btn_lowernav

android[5] layouts/warning: LayoutEntity not in cache, reloading: quickbar_bg_text

android[5] layouts/warning: LayoutEntity not in cache, reloading: btn_lowernav_notification

android[5] layouts/warning: LayoutEntity not in cache, reloading: nav_moga

android[5] layouts/warning: LayoutEntity not in cache, reloading: hud_achievementnotification_infrontend

android[5] layouts/warning: LayoutEntity not in cache, reloading: hud_line

android[5] layouts/warning: LayoutEntity not in cache, reloading: achievement_icon

android[4] info: -- Most Wanted List Updated --

android[4] info: 1. MSTWNTD(45000 PTS)

android[4] info: 2. FANGD(42750 PTS)

android[4] info: 3. GDZLLR(40500 PTS)

android[4] info: 4. HONEY(38250 PTS)

android[4] info: 5. KRIEG(36000 PTS)

android[4] info: 6. GU1LTY(33750 PTS)

android[4] info: 7. SPIDER(31500 PTS)

android[4] info: 8. GTMC(29249 PTS)

android[4] info: 9. SNWBLND(27000 PTS)

android[4] info: 10. JAPAN4(24750 PTS)

android[4] info: 11. You(12500 PTS)

android[4] info: -- Most Wanted List Updated --

android[4] info: 1. MSTWNTD(45000 PTS)

android[4] info: 2. FANGD(42750 PTS)

android[4] info: 3. GDZLLR(40500 PTS)

android[4] info: 4. HONEY(38250 PTS)

android[4] info: 5. KRIEG(36000 PTS)

android[4] info: 6. GU1LTY(33750 PTS)

android[4] info: 7. SPIDER(31500 PTS)

android[4] info: 8. GTMC(29249 PTS)

android[4] info: 9. SNWBLND(27000 PTS)

android[4] info: 10. JAPAN4(24750 PTS)

android[4] info: 11. You(12500 PTS)

android[6] layouts/error: Unable to locate layout entity: _progress_bar

android[2] trace: LayoutScreen::LayoutScreen OptionsSettingsScreen != 0

android[6] layouts/error: Unable to locate layout entity: EventName

android[6] layouts/error: Unable to locate layout entity: class_restriction

android[6] layouts/error: Unable to locate layout entity: event_type

android[6] layouts/error: Unable to locate layout entity: event_rank_corner_large

G4-JNI GetEnv version=0x00010002
android[2] trace: MusicManager::SetPlaylist(): playlist=FrontEnd fade=true

android[5] layouts/warning: SetAnimation: Animation _disabled not found in node /[NoID]/most_wanted_panel/_block_input

android[5] layouts/warning: SetAnimation: Animation _disabled not found in node /[NoID]/most_wanted_panel/_minimise_btn

android[2] trace: ShowMogaHighlight start

android[2] trace: ShowMogaHighlight 1

android[2] trace: ShowMogaHighlight end

android[6] Sound/SoundManager/error: FMOD result of SoundManager::createSound: An error occured that wasn't supposed to.  Contact support. 

android[5] Sound/SoundManager/warn: SoundManager::createSound - 'ui/ui/btn_continue': failure.

android[2] trace: UI play sound: ui/ui/btn_continue

android[2] trace: ....................(KK) MogaController :: Inside NativeOnMotionEvent

android[2] trace: (KK) MogaController :: Inside NativeOnMotionEvent ....................

G6-MOGA motion frame=3635 axes=32767,0,0,0,0,0
android[2] trace: ....................(KK) MogaController :: Inside NativeOnMotionEvent

android[2] trace: (KK) MogaController :: Inside NativeOnMotionEvent ....................

android[2] trace: ....................(KK) MogaController :: Inside NativeOnMotionEvent

android[2] trace: (KK) MogaController :: Inside NativeOnMotionEvent ....................

G6-MOGA motion frame=3666 axes=-32767,0,0,0,0,0
android[2] trace: ....................(KK) MogaController :: Inside NativeOnMotionEvent

android[2] trace: (KK) MogaController :: Inside NativeOnMotionEvent ....................

G6-RAW buttons=0x00000020
android[2] trace: MoGaConTrOlLeR :: ....................(KK) MogaController :: Inside nativeOnKeyEvent 

android[2] trace: ....................(KK) MogaController :: Inside nativeOnKeyEvent 103

android[2] trace: MoGaConTrOlLeR :: ....................(KK) Key Event Key R1 1111 .....................

android[2] trace: MoGaConTrOlLeR :: ....................(KK) Key Event Key Down .....................

android[2] trace: MoGaConTrOlLeR :: ....................(KK) Listener Key Press .....................

android[2] trace: MoGaConTrOlLeR :: ....................(KK) AndroidKeyCode :: MogaKeyCode (Start of func) .....................

android[2] trace: MoGaConTrOlLeR :: ....................(KK) AndroidKeyCode :: MogaKeyCode Key Press R1 .....................

android[2] trace: MoGaConTrOlLeR :: (KK) MogaController :: Inside nativeOnKeyEvent ....................

G6-MOGA key frame=3761 code=103 state=down
G6-RAW buttons=0x00000000
android[2] trace: MoGaConTrOlLeR :: ....................(KK) MogaController :: Inside nativeOnKeyEvent 

android[2] trace: ....................(KK) MogaController :: Inside nativeOnKeyEvent 103

android[2] trace: MoGaConTrOlLeR :: ....................(KK) Key Event Key R1 1111 .....................

android[2] trace: MoGaConTrOlLeR :: ....................(KK) Key Event Key up .....................

android[2] trace: MoGaConTrOlLeR :: ....................(KK) Listener Key Release .....................

android[2] trace: MoGaConTrOlLeR :: ....................(KK) AndroidKeyCode :: MogaKeyCode (Start of func) .....................

android[2] trace: MoGaConTrOlLeR :: ....................(KK) AndroidKeyCode :: MogaKeyCode Key Press R1 .....................

android[2] trace: MoGaConTrOlLeR :: (KK) MogaController :: Inside nativeOnKeyEvent ....................

G6-MOGA key frame=3782 code=103 state=up
android[2] trace: [AUTOLOG QUERY] Server: Blaze     Call: /nfs-2013-android/util/ping

G4-JNI GetEnv version=0x00010006
G6-RAW buttons=0x00000010
android[2] trace: MoGaConTrOlLeR :: ....................(KK) MogaController :: Inside nativeOnKeyEvent 

android[2] trace: ....................(KK) MogaController :: Inside nativeOnKeyEvent 102

android[2] trace: MoGaConTrOlLeR :: ....................(KK) Key Event Key L1 1111 .....................

android[2] trace: MoGaConTrOlLeR :: ....................(KK) Key Event Key Down .....................

android[2] trace: MoGaConTrOlLeR :: ....................(KK) Listener Key Press .....................

android[2] trace: MoGaConTrOlLeR :: ....................(KK) AndroidKeyCode :: MogaKeyCode (Start of func) .....................

android[2] trace: MoGaConTrOlLeR :: ....................(KK) AndroidKeyCode :: MogaKeyCode Key Press L1 .....................

android[2] trace: MoGaConTrOlLeR :: (KK) MogaController :: Inside nativeOnKeyEvent ....................

G6-MOGA key frame=3882 code=102 state=down
G6-RAW buttons=0x00000000
android[2] trace: MoGaConTrOlLeR :: ....................(KK) MogaController :: Inside nativeOnKeyEvent 

android[2] trace: ....................(KK) MogaController :: Inside nativeOnKeyEvent 102

android[2] trace: MoGaConTrOlLeR :: ....................(KK) Key Event Key L1 1111 .....................

android[2] trace: MoGaConTrOlLeR :: ....................(KK) Key Event Key up .....................

android[2] trace: MoGaConTrOlLeR :: ....................(KK) Listener Key Release .....................

android[2] trace: MoGaConTrOlLeR :: ....................(KK) AndroidKeyCode :: MogaKeyCode (Start of func) .....................

android[2] trace: MoGaConTrOlLeR :: ....................(KK) AndroidKeyCode :: MogaKeyCode Key Press L1 .....................

android[2] trace: MoGaConTrOlLeR :: (KK) MogaController :: Inside nativeOnKeyEvent ....................

G6-MOGA key frame=3894 code=102 state=up
G7-FRAME enter=3900
G5-GL STATE frame=3900 framebuffer=0 status=0x8cd5 errors=0
G7-FRAME leave=3900
G6-RAW buttons=0x00000002
android[2] trace: MoGaConTrOlLeR :: ....................(KK) MogaController :: Inside nativeOnKeyEvent 

android[2] trace: ....................(KK) MogaController :: Inside nativeOnKeyEvent 96

android[2] trace: MoGaConTrOlLeR :: ....................(KK) Key Event Key A AAAA .....................

android[2] trace: MoGaConTrOlLeR :: ....................(KK) Key Event Key Down .....................

android[2] trace: MoGaConTrOlLeR :: ....................(KK) Listener Key Press .....................

android[2] trace: MoGaConTrOlLeR :: ....................(KK) AndroidKeyCode :: MogaKeyCode (Start of func) .....................

android[2] trace: MoGaConTrOlLeR :: ....................(KK) AndroidKeyCode :: MogaKeyCode Key Press A .....................

android[2] trace: MoGaConTrOlLeR :: (KK) MogaController :: Inside nativeOnKeyEvent ....................

G6-MOGA key frame=3918 code=96 state=down
G6-RAW buttons=0x00000000
android[2] trace: MoGaConTrOlLeR :: ....................(KK) MogaController :: Inside nativeOnKeyEvent 

android[2] trace: ....................(KK) MogaController :: Inside nativeOnKeyEvent 96

android[2] trace: MoGaConTrOlLeR :: ....................(KK) Key Event Key A AAAA .....................

android[2] trace: MoGaConTrOlLeR :: ....................(KK) Key Event Key up .....................

android[2] trace: MoGaConTrOlLeR :: ....................(KK) Listener Key Release .....................

android[2] trace: MoGaConTrOlLeR :: ....................(KK) AndroidKeyCode :: MogaKeyCode (Start of func) .....................

android[2] trace: MoGaConTrOlLeR :: ....................(KK) AndroidKeyCode :: MogaKeyCode Key Press A .....................

android[2] trace: MoGaConTrOlLeR :: (KK) MogaController :: Inside nativeOnKeyEvent ....................

G6-MOGA key frame=3928 code=96 state=up
android[6] error: Node /menus/map_overworld has no output for MAP. Ignoring

android[6] Sound/SoundManager/error: FMOD result of SoundManager::createSound: An error occured that wasn't supposed to.  Contact support. 

android[5] Sound/SoundManager/warn: SoundManager::createSound - 'ui/ui/btn_continue': failure.

android[2] trace: UI play sound: ui/ui/btn_continue

G6-RAW buttons=0x00000100
G6-MOGA dpad-as-stick frame=4020 code=19 state=down
G6-RAW buttons=0x00000000
G6-MOGA dpad-as-stick frame=4025 code=19 state=up
G6-RAW buttons=0x00000100
G6-MOGA dpad-as-stick frame=4050 code=19 state=down
G6-RAW buttons=0x00000000
G6-MOGA dpad-as-stick frame=4060 code=19 state=up
G6-RAW buttons=0x00000200
G6-MOGA dpad-as-stick frame=4075 code=20 state=down
G6-RAW buttons=0x00000000
G6-MOGA dpad-as-stick frame=4083 code=20 state=up
G4-JNI GetEnv version=0x00010006
G6-RAW buttons=0x00000002
android[2] trace: MoGaConTrOlLeR :: ....................(KK) MogaController :: Inside nativeOnKeyEvent 

android[2] trace: ....................(KK) MogaController :: Inside nativeOnKeyEvent 96

android[2] trace: MoGaConTrOlLeR :: ....................(KK) Key Event Key A AAAA .....................

android[2] trace: MoGaConTrOlLeR :: ....................(KK) Key Event Key Down .....................

android[2] trace: MoGaConTrOlLeR :: ....................(KK) Listener Key Press .....................

android[2] trace: MoGaConTrOlLeR :: ....................(KK) AndroidKeyCode :: MogaKeyCode (Start of func) .....................

android[2] trace: MoGaConTrOlLeR :: ....................(KK) AndroidKeyCode :: MogaKeyCode Key Press A .....................

android[2] trace: MoGaConTrOlLeR :: (KK) MogaController :: Inside nativeOnKeyEvent ....................

G6-MOGA key frame=4106 code=96 state=down
G6-RAW buttons=0x00000000
android[2] trace: MoGaConTrOlLeR :: ....................(KK) MogaController :: Inside nativeOnKeyEvent 

android[2] trace: ....................(KK) MogaController :: Inside nativeOnKeyEvent 96

android[2] trace: MoGaConTrOlLeR :: ....................(KK) Key Event Key A AAAA .....................

android[2] trace: MoGaConTrOlLeR :: ....................(KK) Key Event Key up .....................

android[2] trace: MoGaConTrOlLeR :: ....................(KK) Listener Key Release .....................

android[2] trace: MoGaConTrOlLeR :: ....................(KK) AndroidKeyCode :: MogaKeyCode (Start of func) .....................

android[2] trace: MoGaConTrOlLeR :: ....................(KK) AndroidKeyCode :: MogaKeyCode Key Press A .....................

android[2] trace: MoGaConTrOlLeR :: (KK) MogaController :: Inside nativeOnKeyEvent ....................

G6-MOGA key frame=4117 code=96 state=up
android[5] layouts/warning: LayoutEntity not in cache, reloading: event_entry

android[5] layouts/warning: LayoutEntity not in cache, reloading: event_frame

android[5] layouts/warning: LayoutEntity not in cache, reloading: event_entry_class_type

android[5] layouts/warning: LayoutEntity not in cache, reloading: event_rank_corner_large

android[5] layouts/warning: LayoutEntity not in cache, reloading: new_events_text_looper

android[5] layouts/warning: LayoutEntity not in cache, reloading: new_map_base

android[5] layouts/warning: LayoutEntity not in cache, reloading: event_frame

android[6] layouts/error: Unable to locate layout entity: hotride_logos

android[6] layouts/error: Unable to locate layout entity: blacklist_plates

android[6] layouts/error: Unable to locate layout entity: number

android[6] layouts/error: Unable to locate layout entity: hotride_logos

android[6] layouts/error: Unable to locate layout entity: blacklist_plates

android[6] layouts/error: Unable to locate layout entity: number

android[6] layouts/error: Unable to locate layout entity: hotride_logos

android[6] layouts/error: Unable to locate layout entity: blacklist_plates

android[6] layouts/error: Unable to locate layout entity: number

android[5] layouts/warning: LayoutEntity not in cache, reloading: event_hotride_entry

android[5] layouts/warning: LayoutEntity not in cache, reloading: event_frame

android[5] layouts/warning: LayoutEntity not in cache, reloading: event_rank_corner_large

android[5] layouts/warning: LayoutEntity not in cache, reloading: new_events_text_looper

android[5] layouts/warning: LayoutEntity not in cache, reloading: new_map_base

android[5] layouts/warning: LayoutEntity not in cache, reloading: event_hotride_entry_logos

android[5] layouts/warning: LayoutEntity not in cache, reloading: event_frame

android[6] layouts/error: Unable to locate layout entity: class

android[6] layouts/error: Unable to locate layout entity: blacklist_plates

android[6] layouts/error: Unable to locate layout entity: number

android[6] layouts/error: Unable to locate layout entity: hotride_logos

android[6] layouts/error: Unable to locate layout entity: blacklist_plates

android[6] layouts/error: Unable to locate layout entity: number

android[5] layouts/warning: LayoutEntity not in cache, reloading: event_blacklist_entry

android[5] layouts/warning: LayoutEntity not in cache, reloading: event_frame

android[5] layouts/warning: LayoutEntity not in cache, reloading: blacklist_plates

android[5] layouts/warning: LayoutEntity not in cache, reloading: event_rank_corner_large

android[5] layouts/warning: LayoutEntity not in cache, reloading: new_events_text_looper

android[5] layouts/warning: LayoutEntity not in cache, reloading: new_map_base

android[5] layouts/warning: LayoutEntity not in cache, reloading: event_frame

android[6] layouts/error: Unable to locate layout entity: class

android[6] layouts/error: Unable to locate layout entity: hotride_logos

android[6] layouts/error: Unable to locate layout entity: name

android[6] layouts/error: Unable to locate layout entity: type

android[6] layouts/error: Unable to locate layout entity: class

android[6] layouts/error: Unable to locate layout entity: blacklist_plates

android[6] layouts/error: Unable to locate layout entity: number

android[6] Sound/SoundManager/error: FMOD result of SoundManager::createSound: An error occured that wasn't supposed to.  Contact support. 

android[5] Sound/SoundManager/warn: SoundManager::createSound - 'ui/ui/btn_event_select': failure.

android[2] trace: UI play sound: ui/ui/btn_event_select

G4-JNI GetEnv version=0x00010002
G4-JNI GetEnv version=0x00010002
G4-JNI GetEnv version=0x00010002
G4-JNI GetEnv version=0x00010002
G4-JNI GetEnv version=0x00010002
G4-JNI GetEnv version=0x00010002
G4-JNI GetEnv version=0x00010002
G4-JNI GetEnv version=0x00010002
G4-JNI GetEnv version=0x00010002
G4-JNI GetEnv version=0x00010002
G4-JNI GetEnv version=0x00010002
G4-JNI GetEnv version=0x00010002
G4-JNI GetEnv version=0x00010002
G4-JNI GetEnv version=0x00010002
G4-JNI GetEnv version=0x00010002
G4-JNI GetEnv version=0x00010002
G4-JNI GetEnv version=0x00010002
G4-JNI GetEnv version=0x00010002
G4-JNI GetEnv version=0x00010002
G4-JNI GetEnv version=0x00010002
G4-JNI GetEnv version=0x00010002
G4-JNI GetEnv version=0x00010002
G4-JNI GetEnv version=0x00010002
G4-JNI GetEnv version=0x00010002
G4-JNI GetEnv version=0x00010002
G4-JNI GetEnv version=0x00010002
G4-JNI GetEnv version=0x00010002
G4-JNI GetEnv version=0x00010002
G4-JNI GetEnv version=0x00010002
G4-JNI GetEnv version=0x00010002
G4-JNI GetEnv version=0x00010002
G4-JNI GetEnv version=0x00010002
G4-JNI GetEnv version=0x00010002
G4-JNI GetEnv version=0x00010002
G4-JNI GetEnv version=0x00010002
G4-JNI GetEnv version=0x00010002
G4-JNI GetEnv version=0x00010002
G4-JNI GetEnv version=0x00010002
G4-JNI GetEnv version=0x00010002
G4-JNI GetEnv version=0x00010002
G4-JNI GetEnv version=0x00010002
G4-JNI GetEnv version=0x00010002
G4-JNI GetEnv version=0x00010002
G4-JNI GetEnv version=0x00010002
G4-JNI GetEnv version=0x00010002
G4-JNI GetEnv version=0x00010002
G4-JNI GetEnv version=0x00010002
G4-JNI GetEnv version=0x00010002
G4-JNI GetEnv version=0x00010002
G4-JNI GetEnv version=0x00010002
G4-JNI GetEnv version=0x00010002
G4-JNI GetEnv version=0x00010002
G4-JNI GetEnv version=0x00010002
G4-JNI GetEnv version=0x00010002
G4-JNI GetEnv version=0x00010002
G4-JNI GetEnv version=0x00010002
G4-JNI GetEnv version=0x00010002
G4-JNI GetEnv version=0x00010002
G4-JNI GetEnv version=0x00010002
G4-JNI GetEnv version=0x00010002
G4-JNI GetEnv version=0x00010002
G4-JNI GetEnv version=0x00010002
G4-JNI GetEnv version=0x00010002
G4-JNI GetEnv version=0x00010002
G4-JNI GetEnv version=0x00010002
G4-JNI GetEnv version=0x00010002
G4-JNI GetEnv version=0x00010002
G4-JNI GetEnv version=0x00010002
G4-JNI GetEnv version=0x00010002
G4-JNI GetEnv version=0x00010002
G4-JNI GetEnv version=0x00010002
G4-JNI GetEnv version=0x00010002
G4-JNI GetEnv version=0x00010002
G4-JNI GetEnv version=0x00010002
G4-JNI GetEnv version=0x00010002
G4-JNI GetEnv version=0x00010002
G4-JNI GetEnv version=0x00010002
G4-JNI GetEnv version=0x00010002
G4-JNI GetEnv version=0x00010002
G4-JNI GetEnv version=0x00010002
G4-JNI GetEnv version=0x00010002
G4-JNI GetEnv version=0x00010002
G4-JNI GetEnv version=0x00010002
G4-JNI GetEnv version=0x00010002
G4-JNI GetEnv version=0x00010002
G4-JNI GetEnv version=0x00010002
G4-JNI GetEnv version=0x00010002
G4-JNI GetEnv version=0x00010002
G4-JNI GetEnv version=0x00010002
G4-JNI GetEnv version=0x00010002
G4-JNI GetEnv version=0x00010002
G4-JNI GetEnv version=0x00010002
G4-JNI GetEnv version=0x00010002
G4-JNI GetEnv version=0x00010002
G4-JNI GetEnv version=0x00010002
G4-JNI GetEnv version=0x00010002
G4-JNI GetEnv version=0x00010002
G4-JNI GetEnv version=0x00010002
G4-JNI GetEnv version=0x00010002
G4-JNI GetEnv version=0x00010002
G4-JNI GetEnv version=0x00010002
G4-JNI GetEnv version=0x00010002
G4-JNI GetEnv version=0x00010002
G4-JNI GetEnv version=0x00010002
G4-JNI GetEnv version=0x00010002
G4-JNI GetEnv version=0x00010002
G4-JNI GetEnv version=0x00010002
G4-JNI GetEnv version=0x00010002
G4-JNI GetEnv version=0x00010002
G4-JNI GetEnv version=0x00010002
G4-JNI GetEnv version=0x00010002
G7-FRAME enter=4200
G5-GL STATE frame=4200 framebuffer=0 status=0x8cd5 errors=0
G7-FRAME leave=4200
G6-RAW buttons=0x00000800
android[2] trace: ....................(KK) MogaController :: Inside NativeOnMotionEvent

android[2] trace: (KK) MogaController :: Inside NativeOnMotionEvent ....................

G6-MOGA motion frame=4226 axes=32767,0,0,0,0,0
G6-MOGA dpad-as-stick frame=4226 code=22 state=down
G6-RAW buttons=0x00000000
android[2] trace: ....................(KK) MogaController :: Inside NativeOnMotionEvent

android[2] trace: (KK) MogaController :: Inside NativeOnMotionEvent ....................

G6-MOGA dpad-as-stick frame=4234 code=22 state=up
G6-RAW buttons=0x00000002
android[2] trace: MoGaConTrOlLeR :: ....................(KK) MogaController :: Inside nativeOnKeyEvent 

android[2] trace: ....................(KK) MogaController :: Inside nativeOnKeyEvent 96

android[2] trace: MoGaConTrOlLeR :: ....................(KK) Key Event Key A AAAA .....................

android[2] trace: MoGaConTrOlLeR :: ....................(KK) Key Event Key Down .....................

android[2] trace: MoGaConTrOlLeR :: ....................(KK) Listener Key Press .....................

android[2] trace: MoGaConTrOlLeR :: ....................(KK) AndroidKeyCode :: MogaKeyCode (Start of func) .....................

android[2] trace: MoGaConTrOlLeR :: ....................(KK) AndroidKeyCode :: MogaKeyCode Key Press A .....................

android[2] trace: MoGaConTrOlLeR :: (KK) MogaController :: Inside nativeOnKeyEvent ....................

G6-MOGA key frame=4275 code=96 state=down
G6-RAW buttons=0x00000000
android[2] trace: MoGaConTrOlLeR :: ....................(KK) MogaController :: Inside nativeOnKeyEvent 

android[2] trace: ....................(KK) MogaController :: Inside nativeOnKeyEvent 96

android[2] trace: MoGaConTrOlLeR :: ....................(KK) Key Event Key A AAAA .....................

android[2] trace: MoGaConTrOlLeR :: ....................(KK) Key Event Key up .....................

android[2] trace: MoGaConTrOlLeR :: ....................(KK) Listener Key Release .....................

android[2] trace: MoGaConTrOlLeR :: ....................(KK) AndroidKeyCode :: MogaKeyCode (Start of func) .....................

android[2] trace: MoGaConTrOlLeR :: ....................(KK) AndroidKeyCode :: MogaKeyCode Key Press A .....................

android[2] trace: MoGaConTrOlLeR :: (KK) MogaController :: Inside nativeOnKeyEvent ....................

G6-MOGA key frame=4284 code=96 state=up
android[2] trace: EVENT ID event_01_race

android[6] Sound/SoundManager/error: FMOD result of SoundManager::createSound: An error occured that wasn't supposed to.  Contact support. 

android[5] Sound/SoundManager/warn: SoundManager::createSound - 'ui/ui/btn_generic_accept': failure.

android[2] trace: UI play sound: ui/ui/btn_generic_accept

android[5] layouts/warning: LayoutEntity not in cache, reloading: event_details

android[5] layouts/warning: LayoutEntity not in cache, reloading: btn_back_corner2

android[5] layouts/warning: LayoutEntity not in cache, reloading: event_details_speedwall

android[5] layouts/warning: LayoutEntity not in cache, reloading: event_frame

android[5] layouts/warning: LayoutEntity not in cache, reloading: event_details_speedwall_list

android[5] layouts/warning: LayoutEntity not in cache, reloading: event_details_speedwall_entry

android[5] layouts/warning: LayoutEntity not in cache, reloading: results_speedwall_personalbest

android[5] layouts/warning: LayoutEntity not in cache, reloading: new_map_base

android[5] layouts/warning: LayoutEntity not in cache, reloading: scrollbar

android[5] layouts/warning: LayoutEntity not in cache, reloading: scrollbar_thumb

android[5] layouts/warning: LayoutEntity not in cache, reloading: spinner

android[5] layouts/warning: LayoutEntity not in cache, reloading: speedwall_footer

android[5] layouts/warning: LayoutEntity not in cache, reloading: speedwall_header

android[5] layouts/warning: LayoutEntity not in cache, reloading: medal_targets_event_details

android[5] layouts/warning: LayoutEntity not in cache, reloading: hud_achievementnotification_infrontend

android[5] layouts/warning: LayoutEntity not in cache, reloading: hud_line

android[5] layouts/warning: LayoutEntity not in cache, reloading: achievement_icon

android[5] layouts/warning: LayoutEntity not in cache, reloading: profile_player

android[5] layouts/warning: LayoutEntity not in cache, reloading: origin_logged_out

android[5] layouts/warning: LayoutEntity not in cache, reloading: btn_origin_temp

android[5] layouts/warning: LayoutEntity not in cache, reloading: offline_online_indicator

android[5] layouts/warning: LayoutEntity not in cache, reloading: friend_notifications

android[5] layouts/warning: LayoutEntity not in cache, reloading: nav_mogaSelect

android[5] layouts/warning: LayoutEntity not in cache, reloading: masked_line_most_wanted_goals

android[5] layouts/warning: LayoutEntity not in cache, reloading: btn_car_action_large

android[5] layouts/warning: LayoutEntity not in cache, reloading: lower_white_bar

android[5] layouts/warning: SetAnimation: Animation _idle not found in node /[NoID]

android[5] layouts/warning: SetAnimation: Animation _idle not found in node /[NoID]

android[5] layouts/warning: SetAnimation: Animation _idle not found in node /[NoID]

android[5] layouts/warning: SetAnimation: Animation _idle not found in node /[NoID]

android[5] layouts/warning: SetAnimation: Animation _idle not found in node /[NoID]

android[5] layouts/warning: SetAnimation: Animation _idle not found in node /[NoID]

android[5] layouts/warning: SetAnimation: Animation _idle not found in node /[NoID]

android[5] layouts/warning: SetAnimation: Animation _idle not found in node /[NoID]

android[5] layouts/warning: SetAnimation: Animation _idle not found in node /[NoID]

android[5] layouts/warning: SetAnimation: Animation _idle not found in node /[NoID]

android[5] layouts/warning: SetAnimation: Animation _idle not found in node /[NoID]

android[5] layouts/warning: SetAnimation: Animation _idle not found in node /[NoID]

android[6] layouts/error: Unable to locate layout entity: _name_header

android[6] layouts/error: Unable to locate layout entity: _personal_best

android[6] layouts/error: Unable to locate layout entity: _personal_best

android[6] layouts/error: Unable to locate layout entity: _personal_best

android[6] layouts/error: Unable to locate layout entity: _personal_best

android[6] layouts/error: Unable to locate layout entity: _personal_best

android[6] layouts/error: Unable to locate layout entity: _personal_best

android[6] layouts/error: Unable to locate layout entity: _personal_best

android[6] layouts/error: Unable to locate layout entity: _personal_best

android[6] layouts/error: Unable to locate layout entity: _personal_best

android[6] layouts/error: Unable to locate layout entity: _personal_best

android[6] layouts/error: Unable to locate layout entity: _personal_best

android[6] layouts/error: Unable to locate layout entity: _personal_best

android[6] layouts/error: Unable to locate layout entity: _progress_bar

android[2] trace: LayoutScreen::LayoutScreen OptionsSettingsScreen != 0

android[2] trace: A.N. produce offset for race selection screen

android[2] trace: ShowMogaHighlight start

android[2] trace: ShowMogaHighlight 1

android[2] trace: ShowMogaHighlight end

G4-JNI GetEnv version=0x00010002
G4-JNI GetEnv version=0x00010002
G4-JNI GetEnv version=0x00010002
G4-JNI GetEnv version=0x00010002
G4-JNI GetEnv version=0x00010002
G4-JNI GetEnv version=0x00010002
G4-JNI GetEnv version=0x00010002
G4-JNI GetEnv version=0x00010002
G4-JNI GetEnv version=0x00010002
G4-JNI GetEnv version=0x00010002
G4-JNI GetEnv version=0x00010002
G4-JNI GetEnv version=0x00010002
G4-JNI GetEnv version=0x00010002
G4-JNI GetEnv version=0x00010002
G4-JNI GetEnv version=0x00010002
G4-JNI GetEnv version=0x00010002
G4-JNI GetEnv version=0x00010002
G4-JNI GetEnv version=0x00010002
G4-JNI GetEnv version=0x00010002
G4-JNI GetEnv version=0x00010002
G4-JNI GetEnv version=0x00010002
G4-JNI GetEnv version=0x00010002
G4-JNI GetEnv version=0x00010002
G4-JNI GetEnv version=0x00010002
G4-JNI GetEnv version=0x00010002
G4-JNI GetEnv version=0x00010002
G4-JNI GetEnv version=0x00010002
G4-JNI GetEnv version=0x00010002
G4-JNI GetEnv version=0x00010002
G4-JNI GetEnv version=0x00010002
G4-JNI GetEnv version=0x00010002
G4-JNI GetEnv version=0x00010002
G4-JNI GetEnv version=0x00010002
G4-JNI GetEnv version=0x00010002
G4-JNI GetEnv version=0x00010002
G4-JNI GetEnv version=0x00010002
G4-JNI GetEnv version=0x00010002
G4-JNI GetEnv version=0x00010002
G4-JNI GetEnv version=0x00010002
G4-JNI GetEnv version=0x00010002
G4-JNI GetEnv version=0x00010002
G4-JNI GetEnv version=0x00010002
G4-JNI GetEnv version=0x00010002
G4-JNI GetEnv version=0x00010002
G4-JNI GetEnv version=0x00010002
G4-JNI GetEnv version=0x00010002
G4-JNI GetEnv version=0x00010002
G4-JNI GetEnv version=0x00010002
G4-JNI GetEnv version=0x00010002
G4-JNI GetEnv version=0x00010002
G4-JNI GetEnv version=0x00010002
G4-JNI GetEnv version=0x00010002
G4-JNI GetEnv version=0x00010002
G4-JNI GetEnv version=0x00010002
G4-JNI GetEnv version=0x00010002
G4-JNI GetEnv version=0x00010002
G4-JNI GetEnv version=0x00010002
G4-JNI GetEnv version=0x00010002
G4-JNI GetEnv version=0x00010002
G4-JNI GetEnv version=0x00010002
G4-JNI GetEnv version=0x00010002
G4-JNI GetEnv version=0x00010002
G4-JNI GetEnv version=0x00010002
G4-JNI GetEnv version=0x00010002
G4-JNI GetEnv version=0x00010002
G4-JNI GetEnv version=0x00010002
G4-JNI GetEnv version=0x00010002
G4-JNI GetEnv version=0x00010002
G4-JNI GetEnv version=0x00010002
G4-JNI GetEnv version=0x00010002
G4-JNI GetEnv version=0x00010002
G4-JNI GetEnv version=0x00010002
G4-JNI GetEnv version=0x00010002
G4-JNI GetEnv version=0x00010002
G4-JNI GetEnv version=0x00010002
G4-JNI GetEnv version=0x00010002
G4-JNI GetEnv version=0x00010002
G4-JNI GetEnv version=0x00010002
G4-JNI GetEnv version=0x00010002
G4-JNI GetEnv version=0x00010002
G4-JNI GetEnv version=0x00010002
G4-JNI GetEnv version=0x00010002
G4-JNI GetEnv version=0x00010002
G4-JNI GetEnv version=0x00010002
G4-JNI GetEnv version=0x00010002
G4-JNI GetEnv version=0x00010002
G4-JNI GetEnv version=0x00010002
G4-JNI GetEnv version=0x00010002
G4-JNI GetEnv version=0x00010002
G4-JNI GetEnv version=0x00010002
G4-JNI GetEnv version=0x00010002
G4-JNI GetEnv version=0x00010002
G4-JNI GetEnv version=0x00010002
G4-JNI GetEnv version=0x00010002
G4-JNI GetEnv version=0x00010002
G4-JNI GetEnv version=0x00010002
G4-JNI GetEnv version=0x00010002
G4-JNI GetEnv version=0x00010002
G4-JNI GetEnv version=0x00010002
G4-JNI GetEnv version=0x00010002
G4-JNI GetEnv version=0x00010002
G4-JNI GetEnv version=0x00010002
G4-JNI GetEnv version=0x00010002
G4-JNI GetEnv version=0x00010002
G4-JNI GetEnv version=0x00010002
G4-JNI GetEnv version=0x00010002
G4-JNI GetEnv version=0x00010002
G4-JNI GetEnv version=0x00010002
G4-JNI GetEnv version=0x00010002
G4-JNI GetEnv version=0x00010002
G4-JNI GetEnv version=0x00010002
G4-JNI GetEnv version=0x00010002
G4-JNI GetEnv version=0x00010002
G4-JNI GetEnv version=0x00010002
G4-JNI GetEnv version=0x00010002
G4-JNI GetEnv version=0x00010002
G4-JNI GetEnv version=0x00010002
G4-JNI GetEnv version=0x00010002
G4-JNI GetEnv version=0x00010002
G4-JNI GetEnv version=0x00010002
G4-JNI GetEnv version=0x00010002
G4-JNI GetEnv version=0x00010002
G4-JNI GetEnv version=0x00010002
G4-JNI GetEnv version=0x00010002
G4-JNI GetEnv version=0x00010002
G4-JNI GetEnv version=0x00010002
G4-JNI GetEnv version=0x00010002
G4-JNI GetEnv version=0x00010002
G4-JNI GetEnv version=0x00010002
G4-JNI GetEnv version=0x00010002
G4-JNI GetEnv version=0x00010002
G4-JNI GetEnv version=0x00010002
G4-JNI GetEnv version=0x00010002
G4-JNI GetEnv version=0x00010002
G4-JNI GetEnv version=0x00010002
G4-JNI GetEnv version=0x00010002
G4-JNI GetEnv version=0x00010002
G4-JNI GetEnv version=0x00010002
G4-JNI GetEnv version=0x00010002
G4-JNI GetEnv version=0x00010002
G4-JNI GetEnv version=0x00010002
G4-JNI GetEnv version=0x00010002
G4-JNI GetEnv version=0x00010002
G4-JNI GetEnv version=0x00010002
G4-JNI GetEnv version=0x00010002
G4-JNI GetEnv version=0x00010002
G4-JNI GetEnv version=0x00010002
G4-JNI GetEnv version=0x00010002
G4-JNI GetEnv version=0x00010002
G4-JNI GetEnv version=0x00010002
G4-JNI GetEnv version=0x00010002
G4-JNI GetEnv version=0x00010002
G4-JNI GetEnv version=0x00010002
G4-JNI GetEnv version=0x00010002
G4-JNI GetEnv version=0x00010002
G4-JNI GetEnv version=0x00010002
G4-JNI GetEnv version=0x00010002
G4-JNI GetEnv version=0x00010002
G4-JNI GetEnv version=0x00010002
android[6] Sound/SoundManager/error: FMOD result of SoundManager::createSound: An error occured that wasn't supposed to.  Contact support. 

android[5] Sound/SoundManager/warn: SoundManager::createSound - 'ui/ui/event_menu_in': failure.

android[2] trace: UI play sound: ui/ui/event_menu_in

G4-JNI GetEnv version=0x00010002
G4-JNI GetEnv version=0x00010002
G4-JNI GetEnv version=0x00010002
G4-JNI GetEnv version=0x00010002
G4-JNI GetEnv version=0x00010002
G4-JNI GetEnv version=0x00010002
G4-JNI GetEnv version=0x00010002
G4-JNI GetEnv version=0x00010002
G4-JNI GetEnv version=0x00010002
G4-JNI GetEnv version=0x00010002
G4-JNI GetEnv version=0x00010002
G4-JNI GetEnv version=0x00010002
G4-JNI GetEnv version=0x00010002
G4-JNI GetEnv version=0x00010002
G4-JNI GetEnv version=0x00010002
G4-JNI GetEnv version=0x00010002
android[6] Sound/SoundManager/error: FMOD result of SoundManager::createSound: An error occured that wasn't supposed to.  Contact support. 

android[5] Sound/SoundManager/warn: SoundManager::createSound - 'ui/ui/swipe_info': failure.

android[2] trace: UI play sound: ui/ui/swipe_info

android[6] Sound/SoundManager/error: FMOD result of SoundManager::createSound: An error occured that wasn't supposed to.  Contact support. 

android[5] Sound/SoundManager/warn: SoundManager::createSound - 'ui/ui/swipe_info': failure.

android[2] trace: UI play sound: ui/ui/swipe_info

android[5] layouts/warning: SetAnimation: Animation _idle not found in node /[NoID]

G4-JNI GetEnv version=0x00010006
android[2] trace: [AUTOLOG QUERY] Server: Blaze     Call: /nfs-2013-android/util/ping

G7-FRAME enter=4500
G5-GL STATE frame=4500 framebuffer=0 status=0x8cd5 errors=0
G7-FRAME leave=4500
G6-RAW buttons=0x00000001
android[2] trace: MoGaConTrOlLeR :: ....................(KK) MogaController :: Inside nativeOnKeyEvent 

android[2] trace: ....................(KK) MogaController :: Inside nativeOnKeyEvent 97

android[2] trace: MoGaConTrOlLeR :: ....................(KK) Key Event Key B BBBB .....................

android[2] trace: MoGaConTrOlLeR :: ....................(KK) Key Event Key Down .....................

android[2] trace: MoGaConTrOlLeR :: ....................(KK) Listener Key Press .....................

android[2] trace: MoGaConTrOlLeR :: ....................(KK) AndroidKeyCode :: MogaKeyCode (Start of func) .....................

android[2] trace: MoGaConTrOlLeR :: ....................(KK) AndroidKeyCode :: MogaKeyCode Key Press B .....................

android[2] trace: MoGaConTrOlLeR :: (KK) MogaController :: Inside nativeOnKeyEvent ....................

G6-MOGA key frame=4521 code=97 state=down
android[6] Sound/SoundManager/error: FMOD result of SoundManager::createSound: An error occured that wasn't supposed to.  Contact support. 

android[5] Sound/SoundManager/warn: SoundManager::createSound - 'ui/ui/btn_generic_back': failure.

android[2] trace: UI play sound: ui/ui/btn_generic_back

G6-RAW buttons=0x00000000
android[2] trace: MoGaConTrOlLeR :: ....................(KK) MogaController :: Inside nativeOnKeyEvent 

android[2] trace: ....................(KK) MogaController :: Inside nativeOnKeyEvent 97

android[2] trace: MoGaConTrOlLeR :: ....................(KK) Key Event Key B BBBB .....................

android[2] trace: MoGaConTrOlLeR :: ....................(KK) Key Event Key up .....................

android[2] trace: MoGaConTrOlLeR :: ....................(KK) Listener Key Release .....................

android[2] trace: MoGaConTrOlLeR :: ....................(KK) AndroidKeyCode :: MogaKeyCode (Start of func) .....................

android[2] trace: MoGaConTrOlLeR :: ....................(KK) AndroidKeyCode :: MogaKeyCode Key Press B .....................

android[2] trace: MoGaConTrOlLeR :: (KK) MogaController :: Inside nativeOnKeyEvent ....................

G6-MOGA key frame=4526 code=97 state=up
android[5] layouts/warning: LayoutEntity not in cache, reloading: map_overworld

android[5] layouts/warning: LayoutEntity not in cache, reloading: satmap

android[5] layouts/warning: LayoutEntity not in cache, reloading: track_widget

android[5] layouts/warning: LayoutEntity not in cache, reloading: btn_track

android[5] layouts/warning: LayoutEntity not in cache, reloading: event_holder_panel_normal

android[5] layouts/warning: LayoutEntity not in cache, reloading: completion_base

android[5] layouts/warning: LayoutEntity not in cache, reloading: event_holder_panel_glow

android[5] layouts/warning: LayoutEntity not in cache, reloading: blacklist_icon

android[5] layouts/warning: LayoutEntity not in cache, reloading: new_mw_base

android[5] layouts/warning: LayoutEntity not in cache, reloading: new_events_text_looper

android[5] layouts/warning: LayoutEntity not in cache, reloading: new_map_base

android[5] layouts/warning: LayoutEntity not in cache, reloading: map_offscreen_marker

android[5] layouts/warning: LayoutEntity not in cache, reloading: event_holder_panel_glow

android[5] layouts/warning: LayoutEntity not in cache, reloading: btn_blackmarket

android[5] layouts/warning: LayoutEntity not in cache, reloading: new_events_text_looper

android[5] layouts/warning: LayoutEntity not in cache, reloading: new_map_base

android[5] layouts/warning: LayoutEntity not in cache, reloading: completion_base

android[5] layouts/warning: LayoutEntity not in cache, reloading: blacklist_clock

android[5] layouts/warning: LayoutEntity not in cache, reloading: event_list_bg

android[5] layouts/warning: LayoutEntity not in cache, reloading: event_list_widget

android[5] layouts/warning: LayoutEntity not in cache, reloading: events_list

android[5] layouts/warning: LayoutEntity not in cache, reloading: scrollbar_horizontal

android[5] layouts/warning: LayoutEntity not in cache, reloading: scrollbar_thumb_horizontal

android[5] layouts/warning: LayoutEntity not in cache, reloading: btn_easydrive

android[5] layouts/warning: LayoutEntity not in cache, reloading: btn_easydriveMoga

android[5] layouts/warning: LayoutEntity not in cache, reloading: profile_player

android[5] layouts/warning: LayoutEntity not in cache, reloading: origin_logged_out

android[5] layouts/warning: LayoutEntity not in cache, reloading: btn_origin_temp

android[5] layouts/warning: LayoutEntity not in cache, reloading: offline_online_indicator

android[5] layouts/warning: LayoutEntity not in cache, reloading: friend_notifications

android[5] layouts/warning: LayoutEntity not in cache, reloading: nav_mogaSelect

android[5] layouts/warning: LayoutEntity not in cache, reloading: btn_back_corner

android[5] layouts/warning: LayoutEntity not in cache, reloading: most_wanted_panel

android[5] layouts/warning: LayoutEntity not in cache, reloading: mwlist_arrow_flash

android[5] layouts/warning: LayoutEntity not in cache, reloading: btn_block_input

android[5] layouts/warning: LayoutEntity not in cache, reloading: most_wanted_panel_maximise

android[5] layouts/warning: LayoutEntity not in cache, reloading: most_wanted_panel_minimise

android[5] layouts/warning: LayoutEntity not in cache, reloading: swipe_widget

android[5] layouts/warning: LayoutEntity not in cache, reloading: most_wanted_leaderboard

android[5] layouts/warning: LayoutEntity not in cache, reloading: frame

android[5] layouts/warning: LayoutEntity not in cache, reloading: most_wanted_scroll_list

android[5] layouts/warning: LayoutEntity not in cache, reloading: most_wanted_entry

android[5] layouts/warning: LayoutEntity not in cache, reloading: scrollbar

android[5] layouts/warning: LayoutEntity not in cache, reloading: scrollbar_thumb

android[5] layouts/warning: LayoutEntity not in cache, reloading: most_wanted_red

android[5] layouts/warning: LayoutEntity not in cache, reloading: spinner

android[5] layouts/warning: LayoutEntity not in cache, reloading: btn_origin_nag

android[5] layouts/warning: LayoutEntity not in cache, reloading: login_reward

android[5] layouts/warning: LayoutEntity not in cache, reloading: hud_milestone_popup_sp_value

android[5] layouts/warning: LayoutEntity not in cache, reloading: nav_mogaSelect

android[5] layouts/warning: LayoutEntity not in cache, reloading: navigation_panel_android

android[5] layouts/warning: LayoutEntity not in cache, reloading: navigation_panel_shading

android[5] layouts/warning: LayoutEntity not in cache, reloading: btn_lowernav

android[5] layouts/warning: LayoutEntity not in cache, reloading: quickbar_bg_text

android[5] layouts/warning: LayoutEntity not in cache, reloading: btn_lowernav_notification

android[5] layouts/warning: LayoutEntity not in cache, reloading: btn_purchase

android[5] layouts/warning: LayoutEntity not in cache, reloading: btn_lowernav

android[5] layouts/warning: LayoutEntity not in cache, reloading: quickbar_bg_text

android[5] layouts/warning: LayoutEntity not in cache, reloading: btn_lowernav_notification

android[5] layouts/warning: LayoutEntity not in cache, reloading: nav_moga

android[5] layouts/warning: LayoutEntity not in cache, reloading: navigation_panel_android_no_moga

android[5] layouts/warning: LayoutEntity not in cache, reloading: navigation_panel_shading

android[5] layouts/warning: LayoutEntity not in cache, reloading: btn_lowernav

android[5] layouts/warning: LayoutEntity not in cache, reloading: quickbar_bg_text

android[5] layouts/warning: LayoutEntity not in cache, reloading: btn_lowernav_notification

android[5] layouts/warning: LayoutEntity not in cache, reloading: btn_purchase

android[5] layouts/warning: LayoutEntity not in cache, reloading: btn_lowernav

android[5] layouts/warning: LayoutEntity not in cache, reloading: quickbar_bg_text

android[5] layouts/warning: LayoutEntity not in cache, reloading: btn_lowernav_notification

android[5] layouts/warning: LayoutEntity not in cache, reloading: nav_moga

android[5] layouts/warning: LayoutEntity not in cache, reloading: hud_achievementnotification_infrontend

android[5] layouts/warning: LayoutEntity not in cache, reloading: hud_line

android[5] layouts/warning: LayoutEntity not in cache, reloading: achievement_icon

android[4] info: -- Most Wanted List Updated --

android[4] info: 1. MSTWNTD(45000 PTS)

android[4] info: 2. FANGD(42750 PTS)

android[4] info: 3. GDZLLR(40500 PTS)

android[4] info: 4. HONEY(38250 PTS)

android[4] info: 5. KRIEG(36000 PTS)

android[4] info: 6. GU1LTY(33750 PTS)

android[4] info: 7. SPIDER(31500 PTS)

android[4] info: 8. GTMC(29249 PTS)

android[4] info: 9. SNWBLND(27000 PTS)

android[4] info: 10. JAPAN4(24750 PTS)

android[4] info: 11. You(12500 PTS)

android[4] info: -- Most Wanted List Updated --

android[4] info: 1. MSTWNTD(45000 PTS)

android[4] info: 2. FANGD(42750 PTS)

android[4] info: 3. GDZLLR(40500 PTS)

android[4] info: 4. HONEY(38250 PTS)

android[4] info: 5. KRIEG(36000 PTS)

android[4] info: 6. GU1LTY(33750 PTS)

android[4] info: 7. SPIDER(31500 PTS)

android[4] info: 8. GTMC(29249 PTS)

android[4] info: 9. SNWBLND(27000 PTS)

android[4] info: 10. JAPAN4(24750 PTS)

android[4] info: 11. You(12500 PTS)

android[6] layouts/error: Unable to locate layout entity: _progress_bar

android[2] trace: LayoutScreen::LayoutScreen OptionsSettingsScreen != 0

android[6] layouts/error: Unable to locate layout entity: EventName

android[6] layouts/error: Unable to locate layout entity: class_restriction

android[6] layouts/error: Unable to locate layout entity: event_type

android[6] layouts/error: Unable to locate layout entity: event_rank_corner_large

android[5] layouts/warning: LayoutEntity not in cache, reloading: event_entry

android[5] layouts/warning: LayoutEntity not in cache, reloading: event_frame

android[5] layouts/warning: LayoutEntity not in cache, reloading: event_entry_class_type

android[5] layouts/warning: LayoutEntity not in cache, reloading: event_rank_corner_large

android[5] layouts/warning: LayoutEntity not in cache, reloading: new_events_text_looper

android[5] layouts/warning: LayoutEntity not in cache, reloading: new_map_base

android[5] layouts/warning: LayoutEntity not in cache, reloading: event_frame

android[6] layouts/error: Unable to locate layout entity: hotride_logos

android[6] layouts/error: Unable to locate layout entity: blacklist_plates

android[6] layouts/error: Unable to locate layout entity: number

android[6] layouts/error: Unable to locate layout entity: hotride_logos

android[6] layouts/error: Unable to locate layout entity: blacklist_plates

android[6] layouts/error: Unable to locate layout entity: number

android[6] layouts/error: Unable to locate layout entity: hotride_logos

android[6] layouts/error: Unable to locate layout entity: blacklist_plates

android[6] layouts/error: Unable to locate layout entity: number

android[5] layouts/warning: LayoutEntity not in cache, reloading: event_hotride_entry

android[5] layouts/warning: LayoutEntity not in cache, reloading: event_frame

android[5] layouts/warning: LayoutEntity not in cache, reloading: event_rank_corner_large

android[5] layouts/warning: LayoutEntity not in cache, reloading: new_events_text_looper

android[5] layouts/warning: LayoutEntity not in cache, reloading: new_map_base

android[5] layouts/warning: LayoutEntity not in cache, reloading: event_hotride_entry_logos

android[5] layouts/warning: LayoutEntity not in cache, reloading: event_frame

android[6] layouts/error: Unable to locate layout entity: class

android[6] layouts/error: Unable to locate layout entity: blacklist_plates

android[6] layouts/error: Unable to locate layout entity: number

android[6] layouts/error: Unable to locate layout entity: hotride_logos

android[6] layouts/error: Unable to locate layout entity: blacklist_plates

android[6] layouts/error: Unable to locate layout entity: number

android[5] layouts/warning: LayoutEntity not in cache, reloading: event_blacklist_entry

android[5] layouts/warning: LayoutEntity not in cache, reloading: event_frame

android[5] layouts/warning: LayoutEntity not in cache, reloading: blacklist_plates

android[5] layouts/warning: LayoutEntity not in cache, reloading: event_rank_corner_large

android[5] layouts/warning: LayoutEntity not in cache, reloading: new_events_text_looper

android[5] layouts/warning: LayoutEntity not in cache, reloading: new_map_base

android[5] layouts/warning: LayoutEntity not in cache, reloading: event_frame

android[6] layouts/error: Unable to locate layout entity: class

android[6] layouts/error: Unable to locate layout entity: hotride_logos

android[6] layouts/error: Unable to locate layout entity: name

android[6] layouts/error: Unable to locate layout entity: type

android[6] layouts/error: Unable to locate layout entity: class

android[6] layouts/error: Unable to locate layout entity: blacklist_plates

android[6] layouts/error: Unable to locate layout entity: number

G4-JNI GetEnv version=0x00010002
android[2] trace: MusicManager::SetPlaylist(): playlist=FrontEnd fade=true

android[5] layouts/warning: SetAnimation: Animation _disabled not found in node /[NoID]/most_wanted_panel/_block_input

android[5] layouts/warning: SetAnimation: Animation _disabled not found in node /[NoID]/most_wanted_panel/_minimise_btn

android[2] trace: ShowMogaHighlight start

android[2] trace: ShowMogaHighlight 1

android[2] trace: ShowMogaHighlight end

android[6] Sound/SoundManager/error: FMOD result of SoundManager::createSound: An error occured that wasn't supposed to.  Contact support. 

android[5] Sound/SoundManager/warn: SoundManager::createSound - 'ui/ui/btn_continue': failure.

android[2] trace: UI play sound: ui/ui/btn_continue

G6-RAW buttons=0x00000800
android[2] trace: ....................(KK) MogaController :: Inside NativeOnMotionEvent

android[2] trace: (KK) MogaController :: Inside NativeOnMotionEvent ....................

G6-MOGA motion frame=4563 axes=32767,0,0,0,0,0
G6-MOGA dpad-as-stick frame=4563 code=22 state=down
G6-RAW buttons=0x00000000
android[2] trace: ....................(KK) MogaController :: Inside NativeOnMotionEvent

android[2] trace: (KK) MogaController :: Inside NativeOnMotionEvent ....................

G6-MOGA dpad-as-stick frame=4573 code=22 state=up
G4-JNI GetEnv version=0x00010006
android[2] trace: ....................(KK) MogaController :: Inside NativeOnMotionEvent

android[2] trace: (KK) MogaController :: Inside NativeOnMotionEvent ....................

G6-MOGA motion frame=4613 axes=32767,0,0,0,0,0
android[2] trace: ....................(KK) MogaController :: Inside NativeOnMotionEvent

android[2] trace: (KK) MogaController :: Inside NativeOnMotionEvent ....................

G6-MOGA motion frame=4641 axes=0,0,0,0,0,0
G6-RAW buttons=0x00000800
android[2] trace: ....................(KK) MogaController :: Inside NativeOnMotionEvent

android[2] trace: (KK) MogaController :: Inside NativeOnMotionEvent ....................

G6-MOGA motion frame=4683 axes=32767,0,0,0,0,0
G6-MOGA dpad-as-stick frame=4683 code=22 state=down
G6-RAW buttons=0x00000000
android[2] trace: ....................(KK) MogaController :: Inside NativeOnMotionEvent

android[2] trace: (KK) MogaController :: Inside NativeOnMotionEvent ....................

G6-MOGA dpad-as-stick frame=4690 code=22 state=up
G6-RAW buttons=0x00000800
android[2] trace: ....................(KK) MogaController :: Inside NativeOnMotionEvent

android[2] trace: (KK) MogaController :: Inside NativeOnMotionEvent ....................

G6-MOGA dpad-as-stick frame=4697 code=22 state=down
G6-RAW buttons=0x00000000
android[2] trace: ....................(KK) MogaController :: Inside NativeOnMotionEvent

android[2] trace: (KK) MogaController :: Inside NativeOnMotionEvent ....................

G6-MOGA motion frame=4704 axes=0,0,0,0,0,0
G6-MOGA dpad-as-stick frame=4704 code=22 state=up
G6-RAW buttons=0x00000800
android[2] trace: ....................(KK) MogaController :: Inside NativeOnMotionEvent

android[2] trace: (KK) MogaController :: Inside NativeOnMotionEvent ....................

G6-MOGA dpad-as-stick frame=4709 code=22 state=down
G6-RAW buttons=0x00000000
android[2] trace: ....................(KK) MogaController :: Inside NativeOnMotionEvent

android[2] trace: (KK) MogaController :: Inside NativeOnMotionEvent ....................

G6-MOGA dpad-as-stick frame=4717 code=22 state=up
G6-RAW buttons=0x00000800
android[2] trace: ....................(KK) MogaController :: Inside NativeOnMotionEvent

android[2] trace: (KK) MogaController :: Inside NativeOnMotionEvent ....................

G6-MOGA motion frame=4771 axes=32767,0,0,0,0,0
G6-MOGA dpad-as-stick frame=4771 code=22 state=down
G6-RAW buttons=0x00000000
android[2] trace: ....................(KK) MogaController :: Inside NativeOnMotionEvent

android[2] trace: (KK) MogaController :: Inside NativeOnMotionEvent ....................

G6-MOGA dpad-as-stick frame=4779 code=22 state=up
G7-FRAME enter=4800
G5-GL STATE frame=4800 framebuffer=0 status=0x8cd5 errors=0
G7-FRAME leave=4800
G4-JNI GetEnv version=0x00010006
G6-RAW buttons=0x00000001
android[2] trace: MoGaConTrOlLeR :: ....................(KK) MogaController :: Inside nativeOnKeyEvent 

android[2] trace: ....................(KK) MogaController :: Inside nativeOnKeyEvent 97

android[2] trace: MoGaConTrOlLeR :: ....................(KK) Key Event Key B BBBB .....................

android[2] trace: MoGaConTrOlLeR :: ....................(KK) Key Event Key Down .....................

android[2] trace: MoGaConTrOlLeR :: ....................(KK) Listener Key Press .....................

android[2] trace: MoGaConTrOlLeR :: ....................(KK) AndroidKeyCode :: MogaKeyCode (Start of func) .....................

android[2] trace: MoGaConTrOlLeR :: ....................(KK) AndroidKeyCode :: MogaKeyCode Key Press B .....................

android[2] trace: MoGaConTrOlLeR :: (KK) MogaController :: Inside nativeOnKeyEvent ....................

G6-MOGA key frame=4965 code=97 state=down
android[6] Sound/SoundManager/error: FMOD result of SoundManager::createSound: An error occured that wasn't supposed to.  Contact support. 

android[5] Sound/SoundManager/warn: SoundManager::createSound - 'ui/ui/btn_generic_back': failure.

android[2] trace: UI play sound: ui/ui/btn_generic_back

G6-RAW buttons=0x00000000
android[2] trace: MoGaConTrOlLeR :: ....................(KK) MogaController :: Inside nativeOnKeyEvent 

android[2] trace: ....................(KK) MogaController :: Inside nativeOnKeyEvent 97

android[2] trace: MoGaConTrOlLeR :: ....................(KK) Key Event Key B BBBB .....................

android[2] trace: MoGaConTrOlLeR :: ....................(KK) Key Event Key up .....................

android[2] trace: MoGaConTrOlLeR :: ....................(KK) Listener Key Release .....................

android[2] trace: MoGaConTrOlLeR :: ....................(KK) AndroidKeyCode :: MogaKeyCode (Start of func) .....................

android[2] trace: MoGaConTrOlLeR :: ....................(KK) AndroidKeyCode :: MogaKeyCode Key Press B .....................

android[2] trace: MoGaConTrOlLeR :: (KK) MogaController :: Inside nativeOnKeyEvent ....................

G6-MOGA key frame=4967 code=97 state=up
android[2] trace: [AUTOLOG QUERY] Server: Blaze     Call: /nfs-2013-android/util/ping

G6-RAW buttons=0x00000800
android[2] trace: ....................(KK) MogaController :: Inside NativeOnMotionEvent

android[2] trace: (KK) MogaController :: Inside NativeOnMotionEvent ....................

G6-MOGA motion frame=5005 axes=32767,0,0,0,0,0
G6-MOGA dpad-as-stick frame=5005 code=22 state=down
G6-RAW buttons=0x00000000
android[2] trace: ....................(KK) MogaController :: Inside NativeOnMotionEvent

android[2] trace: (KK) MogaController :: Inside NativeOnMotionEvent ....................

G6-MOGA motion frame=5033 axes=0,0,0,0,0,0
G6-MOGA dpad-as-stick frame=5033 code=22 state=up
G6-RAW buttons=0x00000800
android[2] trace: ....................(KK) MogaController :: Inside NativeOnMotionEvent

android[2] trace: (KK) MogaController :: Inside NativeOnMotionEvent ....................

G6-MOGA dpad-as-stick frame=5039 code=22 state=down
G6-RAW buttons=0x00000000
android[2] trace: ....................(KK) MogaController :: Inside NativeOnMotionEvent

android[2] trace: (KK) MogaController :: Inside NativeOnMotionEvent ....................

G6-MOGA motion frame=5080 axes=0,0,0,0,0,0
G6-MOGA dpad-as-stick frame=5080 code=22 state=up
G6-RAW buttons=0x00000800
android[2] trace: ....................(KK) MogaController :: Inside NativeOnMotionEvent

android[2] trace: (KK) MogaController :: Inside NativeOnMotionEvent ....................

G6-MOGA motion frame=5097 axes=32767,0,0,0,0,0
G6-MOGA dpad-as-stick frame=5097 code=22 state=down
G7-FRAME enter=5100
G5-GL STATE frame=5100 framebuffer=0 status=0x8cd5 errors=0
G7-FRAME leave=5100
G6-RAW buttons=0x00000000
android[2] trace: ....................(KK) MogaController :: Inside NativeOnMotionEvent

android[2] trace: (KK) MogaController :: Inside NativeOnMotionEvent ....................

G6-MOGA dpad-as-stick frame=5106 code=22 state=up
G4-JNI GetEnv version=0x00010006
G6-RAW buttons=0x00000100
G6-MOGA dpad-as-stick frame=5120 code=19 state=down
G6-RAW buttons=0x00000000
G6-MOGA dpad-as-stick frame=5133 code=19 state=up
G6-RAW buttons=0x00000100
G6-MOGA dpad-as-stick frame=5146 code=19 state=down
G6-RAW buttons=0x00000000
G6-MOGA dpad-as-stick frame=5158 code=19 state=up
G6-RAW buttons=0x00000400
android[2] trace: ....................(KK) MogaController :: Inside NativeOnMotionEvent

android[2] trace: (KK) MogaController :: Inside NativeOnMotionEvent ....................

G6-MOGA motion frame=5183 axes=-32767,0,0,0,0,0
G6-MOGA dpad-as-stick frame=5183 code=21 state=down
G6-RAW buttons=0x00000000
android[2] trace: ....................(KK) MogaController :: Inside NativeOnMotionEvent

android[2] trace: (KK) MogaController :: Inside NativeOnMotionEvent ....................

G6-MOGA dpad-as-stick frame=5190 code=21 state=up
G6-RAW buttons=0x00000100
G6-MOGA dpad-as-stick frame=5203 code=19 state=down
G6-RAW buttons=0x00000000
G6-MOGA dpad-as-stick frame=5222 code=19 state=up
android[2] trace: ....................(KK) MogaController :: Inside NativeOnMotionEvent

android[2] trace: (KK) MogaController :: Inside NativeOnMotionEvent ....................

G6-MOGA motion frame=5241 axes=32767,0,0,0,0,0
android[2] trace: ....................(KK) MogaController :: Inside NativeOnMotionEvent

android[2] trace: (KK) MogaController :: Inside NativeOnMotionEvent ....................

android[2] trace: ....................(KK) MogaController :: Inside NativeOnMotionEvent

android[2] trace: (KK) MogaController :: Inside NativeOnMotionEvent ....................

G6-MOGA motion frame=5272 axes=-32767,0,0,0,0,0
android[2] trace: ....................(KK) MogaController :: Inside NativeOnMotionEvent

android[2] trace: (KK) MogaController :: Inside NativeOnMotionEvent ....................

G6-MOGA motion frame=5319 axes=0,0,0,0,0,0
G6-RAW buttons=0x00000400
android[2] trace: ....................(KK) MogaController :: Inside NativeOnMotionEvent

android[2] trace: (KK) MogaController :: Inside NativeOnMotionEvent ....................

G6-MOGA motion frame=5359 axes=-32767,0,0,0,0,0
G6-MOGA dpad-as-stick frame=5359 code=21 state=down
G4-JNI GetEnv version=0x00010006
G6-RAW buttons=0x00000000
android[2] trace: ....................(KK) MogaController :: Inside NativeOnMotionEvent

android[2] trace: (KK) MogaController :: Inside NativeOnMotionEvent ....................

G6-MOGA motion frame=5378 axes=0,0,0,0,0,0
G6-MOGA dpad-as-stick frame=5378 code=21 state=up
G6-RAW buttons=0x00000100
G6-MOGA dpad-as-stick frame=5390 code=19 state=down
G7-FRAME enter=5400
G5-GL STATE frame=5400 framebuffer=0 status=0x8cd5 errors=0
G7-FRAME leave=5400
G6-RAW buttons=0x00000000
G6-MOGA dpad-as-stick frame=5410 code=19 state=up
G6-RAW buttons=0x00000400
android[2] trace: ....................(KK) MogaController :: Inside NativeOnMotionEvent

android[2] trace: (KK) MogaController :: Inside NativeOnMotionEvent ....................

G6-MOGA motion frame=5422 axes=-32767,0,0,0,0,0
G6-MOGA dpad-as-stick frame=5422 code=21 state=down
G6-RAW buttons=0x00000000
android[2] trace: ....................(KK) MogaController :: Inside NativeOnMotionEvent

android[2] trace: (KK) MogaController :: Inside NativeOnMotionEvent ....................

G6-MOGA motion frame=5443 axes=0,0,0,0,0,0
G6-MOGA dpad-as-stick frame=5443 code=21 state=up
G6-RAW buttons=0x00000100
G6-MOGA dpad-as-stick frame=5456 code=19 state=down
G6-RAW buttons=0x00000000
G6-MOGA dpad-as-stick frame=5476 code=19 state=up
G6-RAW buttons=0x00000800
android[2] trace: ....................(KK) MogaController :: Inside NativeOnMotionEvent

android[2] trace: (KK) MogaController :: Inside NativeOnMotionEvent ....................

G6-MOGA motion frame=5486 axes=32767,0,0,0,0,0
G6-MOGA dpad-as-stick frame=5486 code=22 state=down
G6-RAW buttons=0x00000000
android[2] trace: ....................(KK) MogaController :: Inside NativeOnMotionEvent

android[2] trace: (KK) MogaController :: Inside NativeOnMotionEvent ....................

G6-MOGA motion frame=5501 axes=0,0,0,0,0,0
G6-MOGA dpad-as-stick frame=5501 code=22 state=up
G6-RAW buttons=0x00000200
G6-MOGA dpad-as-stick frame=5509 code=20 state=down
G6-RAW buttons=0x00000000
G6-MOGA dpad-as-stick frame=5521 code=20 state=up
G6-RAW buttons=0x00000100
G6-MOGA dpad-as-stick frame=5532 code=19 state=down
G6-RAW buttons=0x00000000
G6-MOGA dpad-as-stick frame=5544 code=19 state=up
G6-RAW buttons=0x00000800
android[2] trace: ....................(KK) MogaController :: Inside NativeOnMotionEvent

android[2] trace: (KK) MogaController :: Inside NativeOnMotionEvent ....................

G6-MOGA motion frame=5554 axes=32767,0,0,0,0,0
G6-MOGA dpad-as-stick frame=5554 code=22 state=down
android[2] trace: [AUTOLOG QUERY] Server: Blaze     Call: /nfs-2013-android/util/ping

G6-RAW buttons=0x00000000
android[2] trace: ....................(KK) MogaController :: Inside NativeOnMotionEvent

android[2] trace: (KK) MogaController :: Inside NativeOnMotionEvent ....................

G6-MOGA motion frame=5622 axes=0,0,0,0,0,0
G6-MOGA dpad-as-stick frame=5622 code=22 state=up
G4-JNI GetEnv version=0x00010006
G6-RAW buttons=0x00000800
android[2] trace: ....................(KK) MogaController :: Inside NativeOnMotionEvent

android[2] trace: (KK) MogaController :: Inside NativeOnMotionEvent ....................

G6-MOGA dpad-as-stick frame=5636 code=22 state=down
G6-RAW buttons=0x00000000
android[2] trace: ....................(KK) MogaController :: Inside NativeOnMotionEvent

android[2] trace: (KK) MogaController :: Inside NativeOnMotionEvent ....................

G6-MOGA motion frame=5645 axes=0,0,0,0,0,0
G6-MOGA dpad-as-stick frame=5645 code=22 state=up
G6-RAW buttons=0x00000400
android[2] trace: ....................(KK) MogaController :: Inside NativeOnMotionEvent

android[2] trace: (KK) MogaController :: Inside NativeOnMotionEvent ....................

G6-MOGA motion frame=5683 axes=-32767,0,0,0,0,0
G6-MOGA dpad-as-stick frame=5683 code=21 state=down
G6-RAW buttons=0x00000000
android[2] trace: ....................(KK) MogaController :: Inside NativeOnMotionEvent

android[2] trace: (KK) MogaController :: Inside NativeOnMotionEvent ....................

G6-MOGA dpad-as-stick frame=5687 code=21 state=up
G6-RAW buttons=0x00000002
android[2] trace: MoGaConTrOlLeR :: ....................(KK) MogaController :: Inside nativeOnKeyEvent 

android[2] trace: ....................(KK) MogaController :: Inside nativeOnKeyEvent 96

android[2] trace: MoGaConTrOlLeR :: ....................(KK) Key Event Key A AAAA .....................

android[2] trace: MoGaConTrOlLeR :: ....................(KK) Key Event Key Down .....................

android[2] trace: MoGaConTrOlLeR :: ....................(KK) Listener Key Press .....................

android[2] trace: MoGaConTrOlLeR :: ....................(KK) AndroidKeyCode :: MogaKeyCode (Start of func) .....................

android[2] trace: MoGaConTrOlLeR :: ....................(KK) AndroidKeyCode :: MogaKeyCode Key Press A .....................

android[2] trace: MoGaConTrOlLeR :: (KK) MogaController :: Inside nativeOnKeyEvent ....................

G6-MOGA key frame=5692 code=96 state=down
G7-FRAME enter=5700
G5-GL STATE frame=5700 framebuffer=0 status=0x8cd5 errors=0
G7-FRAME leave=5700
G6-RAW buttons=0x00000000
android[2] trace: MoGaConTrOlLeR :: ....................(KK) MogaController :: Inside nativeOnKeyEvent 

android[2] trace: ....................(KK) MogaController :: Inside nativeOnKeyEvent 96

android[2] trace: MoGaConTrOlLeR :: ....................(KK) Key Event Key A AAAA .....................

android[2] trace: MoGaConTrOlLeR :: ....................(KK) Key Event Key up .....................

android[2] trace: MoGaConTrOlLeR :: ....................(KK) Listener Key Release .....................

android[2] trace: MoGaConTrOlLeR :: ....................(KK) AndroidKeyCode :: MogaKeyCode (Start of func) .....................

android[2] trace: MoGaConTrOlLeR :: ....................(KK) AndroidKeyCode :: MogaKeyCode Key Press A .....................

android[2] trace: MoGaConTrOlLeR :: (KK) MogaController :: Inside nativeOnKeyEvent ....................

G6-MOGA key frame=5701 code=96 state=up
android[6] layouts/error: Unable to locate layout entity: hotride_logos

android[6] layouts/error: Unable to locate layout entity: blacklist_plates

android[6] layouts/error: Unable to locate layout entity: number

android[6] layouts/error: Unable to locate layout entity: hotride_logos

android[6] layouts/error: Unable to locate layout entity: blacklist_plates

android[6] layouts/error: Unable to locate layout entity: number

android[6] layouts/error: Unable to locate layout entity: hotride_logos

android[6] layouts/error: Unable to locate layout entity: blacklist_plates

android[6] layouts/error: Unable to locate layout entity: number

android[6] layouts/error: Unable to locate layout entity: class

android[6] layouts/error: Unable to locate layout entity: blacklist_plates

android[6] layouts/error: Unable to locate layout entity: number

android[6] layouts/error: Unable to locate layout entity: hotride_logos

android[6] layouts/error: Unable to locate layout entity: blacklist_plates

android[6] layouts/error: Unable to locate layout entity: number

android[6] layouts/error: Unable to locate layout entity: class

android[6] layouts/error: Unable to locate layout entity: hotride_logos

android[6] layouts/error: Unable to locate layout entity: name

android[6] layouts/error: Unable to locate layout entity: type

android[6] layouts/error: Unable to locate layout entity: class

android[6] layouts/error: Unable to locate layout entity: blacklist_plates

android[6] layouts/error: Unable to locate layout entity: number

android[6] Sound/SoundManager/error: FMOD result of SoundManager::createSound: An error occured that wasn't supposed to.  Contact support. 

android[5] Sound/SoundManager/warn: SoundManager::createSound - 'ui/ui/btn_event_select': failure.

android[2] trace: UI play sound: ui/ui/btn_event_select

G6-RAW buttons=0x00000001
android[2] trace: MoGaConTrOlLeR :: ....................(KK) MogaController :: Inside nativeOnKeyEvent 

android[2] trace: ....................(KK) MogaController :: Inside nativeOnKeyEvent 97

android[2] trace: MoGaConTrOlLeR :: ....................(KK) Key Event Key B BBBB .....................

android[2] trace: MoGaConTrOlLeR :: ....................(KK) Key Event Key Down .....................

android[2] trace: MoGaConTrOlLeR :: ....................(KK) Listener Key Press .....................

android[2] trace: MoGaConTrOlLeR :: ....................(KK) AndroidKeyCode :: MogaKeyCode (Start of func) .....................

android[2] trace: MoGaConTrOlLeR :: ....................(KK) AndroidKeyCode :: MogaKeyCode Key Press B .....................

android[2] trace: MoGaConTrOlLeR :: (KK) MogaController :: Inside nativeOnKeyEvent ....................

G6-MOGA key frame=5777 code=97 state=down
android[6] Sound/SoundManager/error: FMOD result of SoundManager::createSound: An error occured that wasn't supposed to.  Contact support. 

android[5] Sound/SoundManager/warn: SoundManager::createSound - 'ui/ui/btn_generic_back': failure.

android[2] trace: UI play sound: ui/ui/btn_generic_back

G6-RAW buttons=0x00000000
android[2] trace: MoGaConTrOlLeR :: ....................(KK) MogaController :: Inside nativeOnKeyEvent 

android[2] trace: ....................(KK) MogaController :: Inside nativeOnKeyEvent 97

android[2] trace: MoGaConTrOlLeR :: ....................(KK) Key Event Key B BBBB .....................

android[2] trace: MoGaConTrOlLeR :: ....................(KK) Key Event Key up .....................

android[2] trace: MoGaConTrOlLeR :: ....................(KK) Listener Key Release .....................

android[2] trace: MoGaConTrOlLeR :: ....................(KK) AndroidKeyCode :: MogaKeyCode (Start of func) .....................

android[2] trace: MoGaConTrOlLeR :: ....................(KK) AndroidKeyCode :: MogaKeyCode Key Press B .....................

android[2] trace: MoGaConTrOlLeR :: (KK) MogaController :: Inside nativeOnKeyEvent ....................

G6-MOGA key frame=5779 code=97 state=up
G6-RAW buttons=0x00000800
android[2] trace: ....................(KK) MogaController :: Inside NativeOnMotionEvent

android[2] trace: (KK) MogaController :: Inside NativeOnMotionEvent ....................

G6-MOGA motion frame=5806 axes=32767,0,0,0,0,0
G6-MOGA dpad-as-stick frame=5806 code=22 state=down
G6-RAW buttons=0x00000000
android[2] trace: ....................(KK) MogaController :: Inside NativeOnMotionEvent

android[2] trace: (KK) MogaController :: Inside NativeOnMotionEvent ....................

G6-MOGA dpad-as-stick frame=5815 code=22 state=up
G6-RAW buttons=0x00000800
android[2] trace: ....................(KK) MogaController :: Inside NativeOnMotionEvent

android[2] trace: (KK) MogaController :: Inside NativeOnMotionEvent ....................

G6-MOGA motion frame=5834 axes=32767,0,0,0,0,0
G6-MOGA dpad-as-stick frame=5834 code=22 state=down
G6-RAW buttons=0x00000000
android[2] trace: ....................(KK) MogaController :: Inside NativeOnMotionEvent

android[2] trace: (KK) MogaController :: Inside NativeOnMotionEvent ....................

G6-MOGA dpad-as-stick frame=5841 code=22 state=up
G6-RAW buttons=0x00000100
G6-MOGA dpad-as-stick frame=5868 code=19 state=down
G4-JNI GetEnv version=0x00010006
G6-RAW buttons=0x00000000
G6-MOGA dpad-as-stick frame=5889 code=19 state=up
G6-RAW buttons=0x00000080
android[2] trace: ....................(KK) MogaController :: Inside NativeOnMotionEvent

android[2] trace: (KK) MogaController :: Inside NativeOnMotionEvent ....................

G6-MOGA motion frame=5976 axes=0,0,0,0,0,32767
G6-RAW buttons=0x00000000
android[2] trace: ....................(KK) MogaController :: Inside NativeOnMotionEvent

android[2] trace: (KK) MogaController :: Inside NativeOnMotionEvent ....................

G7-FRAME enter=6000
G5-GL STATE frame=6000 framebuffer=0 status=0x8cd5 errors=0
G7-FRAME leave=6000
G6-RAW buttons=0x00000020
android[2] trace: MoGaConTrOlLeR :: ....................(KK) MogaController :: Inside nativeOnKeyEvent 

android[2] trace: ....................(KK) MogaController :: Inside nativeOnKeyEvent 103

android[2] trace: MoGaConTrOlLeR :: ....................(KK) Key Event Key R1 1111 .....................

android[2] trace: MoGaConTrOlLeR :: ....................(KK) Key Event Key Down .....................

android[2] trace: MoGaConTrOlLeR :: ....................(KK) Listener Key Press .....................

android[2] trace: MoGaConTrOlLeR :: ....................(KK) AndroidKeyCode :: MogaKeyCode (Start of func) .....................

android[2] trace: MoGaConTrOlLeR :: ....................(KK) AndroidKeyCode :: MogaKeyCode Key Press R1 .....................

android[2] trace: MoGaConTrOlLeR :: (KK) MogaController :: Inside nativeOnKeyEvent ....................

G6-MOGA key frame=6017 code=103 state=down
G6-RAW buttons=0x00000000
android[2] trace: MoGaConTrOlLeR :: ....................(KK) MogaController :: Inside nativeOnKeyEvent 

android[2] trace: ....................(KK) MogaController :: Inside nativeOnKeyEvent 103

android[2] trace: MoGaConTrOlLeR :: ....................(KK) Key Event Key R1 1111 .....................

android[2] trace: MoGaConTrOlLeR :: ....................(KK) Key Event Key up .....................

android[2] trace: MoGaConTrOlLeR :: ....................(KK) Listener Key Release .....................

android[2] trace: MoGaConTrOlLeR :: ....................(KK) AndroidKeyCode :: MogaKeyCode (Start of func) .....................

android[2] trace: MoGaConTrOlLeR :: ....................(KK) AndroidKeyCode :: MogaKeyCode Key Press R1 .....................

android[2] trace: MoGaConTrOlLeR :: (KK) MogaController :: Inside nativeOnKeyEvent ....................

G6-MOGA key frame=6029 code=103 state=up
G6-RAW buttons=0x00000020
android[2] trace: MoGaConTrOlLeR :: ....................(KK) MogaController :: Inside nativeOnKeyEvent 

android[2] trace: ....................(KK) MogaController :: Inside nativeOnKeyEvent 103

android[2] trace: MoGaConTrOlLeR :: ....................(KK) Key Event Key R1 1111 .....................

android[2] trace: MoGaConTrOlLeR :: ....................(KK) Key Event Key Down .....................

android[2] trace: MoGaConTrOlLeR :: ....................(KK) Listener Key Press .....................

android[2] trace: MoGaConTrOlLeR :: ....................(KK) AndroidKeyCode :: MogaKeyCode (Start of func) .....................

android[2] trace: MoGaConTrOlLeR :: ....................(KK) AndroidKeyCode :: MogaKeyCode Key Press R1 .....................

android[2] trace: MoGaConTrOlLeR :: (KK) MogaController :: Inside nativeOnKeyEvent ....................

G6-MOGA key frame=6067 code=103 state=down
G6-RAW buttons=0x00000000
android[2] trace: MoGaConTrOlLeR :: ....................(KK) MogaController :: Inside nativeOnKeyEvent 

android[2] trace: ....................(KK) MogaController :: Inside nativeOnKeyEvent 103

android[2] trace: MoGaConTrOlLeR :: ....................(KK) Key Event Key R1 1111 .....................

android[2] trace: MoGaConTrOlLeR :: ....................(KK) Key Event Key up .....................

android[2] trace: MoGaConTrOlLeR :: ....................(KK) Listener Key Release .....................

android[2] trace: MoGaConTrOlLeR :: ....................(KK) AndroidKeyCode :: MogaKeyCode (Start of func) .....................

android[2] trace: MoGaConTrOlLeR :: ....................(KK) AndroidKeyCode :: MogaKeyCode Key Press R1 .....................

android[2] trace: MoGaConTrOlLeR :: (KK) MogaController :: Inside nativeOnKeyEvent ....................

G6-MOGA key frame=6079 code=103 state=up
G4-JNI GetEnv version=0x00010006
G6-RAW buttons=0x00000400
android[2] trace: ....................(KK) MogaController :: Inside NativeOnMotionEvent

android[2] trace: (KK) MogaController :: Inside NativeOnMotionEvent ....................

G6-MOGA motion frame=6147 axes=-32767,0,0,0,0,0
G6-MOGA dpad-as-stick frame=6147 code=21 state=down
G6-RAW buttons=0x00000000
android[2] trace: ....................(KK) MogaController :: Inside NativeOnMotionEvent

android[2] trace: (KK) MogaController :: Inside NativeOnMotionEvent ....................

G6-MOGA dpad-as-stick frame=6154 code=21 state=up
G6-RAW buttons=0x00000400
android[2] trace: ....................(KK) MogaController :: Inside NativeOnMotionEvent

android[2] trace: (KK) MogaController :: Inside NativeOnMotionEvent ....................

G6-MOGA dpad-as-stick frame=6159 code=21 state=down
G6-RAW buttons=0x00000000
android[2] trace: ....................(KK) MogaController :: Inside NativeOnMotionEvent

android[2] trace: (KK) MogaController :: Inside NativeOnMotionEvent ....................

G6-MOGA motion frame=6165 axes=0,0,0,0,0,0
G6-MOGA dpad-as-stick frame=6165 code=21 state=up
android[2] trace: [AUTOLOG QUERY] Server: Blaze     Call: /nfs-2013-android/util/ping

G6-RAW buttons=0x00000010
android[2] trace: MoGaConTrOlLeR :: ....................(KK) MogaController :: Inside nativeOnKeyEvent 

android[2] trace: ....................(KK) MogaController :: Inside nativeOnKeyEvent 102

android[2] trace: MoGaConTrOlLeR :: ....................(KK) Key Event Key L1 1111 .....................

android[2] trace: MoGaConTrOlLeR :: ....................(KK) Key Event Key Down .....................

android[2] trace: MoGaConTrOlLeR :: ....................(KK) Listener Key Press .....................

android[2] trace: MoGaConTrOlLeR :: ....................(KK) AndroidKeyCode :: MogaKeyCode (Start of func) .....................

android[2] trace: MoGaConTrOlLeR :: ....................(KK) AndroidKeyCode :: MogaKeyCode Key Press L1 .....................

android[2] trace: MoGaConTrOlLeR :: (KK) MogaController :: Inside nativeOnKeyEvent ....................

G6-MOGA key frame=6250 code=102 state=down
G6-RAW buttons=0x00000000
android[2] trace: MoGaConTrOlLeR :: ....................(KK) MogaController :: Inside nativeOnKeyEvent 

android[2] trace: ....................(KK) MogaController :: Inside nativeOnKeyEvent 102

android[2] trace: MoGaConTrOlLeR :: ....................(KK) Key Event Key L1 1111 .....................

android[2] trace: MoGaConTrOlLeR :: ....................(KK) Key Event Key up .....................

android[2] trace: MoGaConTrOlLeR :: ....................(KK) Listener Key Release .....................

android[2] trace: MoGaConTrOlLeR :: ....................(KK) AndroidKeyCode :: MogaKeyCode (Start of func) .....................

android[2] trace: MoGaConTrOlLeR :: ....................(KK) AndroidKeyCode :: MogaKeyCode Key Press L1 .....................

android[2] trace: MoGaConTrOlLeR :: (KK) MogaController :: Inside nativeOnKeyEvent ....................

G6-MOGA key frame=6261 code=102 state=up
G6-RAW buttons=0x00000002
android[2] trace: MoGaConTrOlLeR :: ....................(KK) MogaController :: Inside nativeOnKeyEvent 

android[2] trace: ....................(KK) MogaController :: Inside nativeOnKeyEvent 96

android[2] trace: MoGaConTrOlLeR :: ....................(KK) Key Event Key A AAAA .....................

android[2] trace: MoGaConTrOlLeR :: ....................(KK) Key Event Key Down .....................

android[2] trace: MoGaConTrOlLeR :: ....................(KK) Listener Key Press .....................

android[2] trace: MoGaConTrOlLeR :: ....................(KK) AndroidKeyCode :: MogaKeyCode (Start of func) .....................

android[2] trace: MoGaConTrOlLeR :: ....................(KK) AndroidKeyCode :: MogaKeyCode Key Press A .....................

android[2] trace: MoGaConTrOlLeR :: (KK) MogaController :: Inside nativeOnKeyEvent ....................

G6-MOGA key frame=6279 code=96 state=down
G6-RAW buttons=0x00000000
android[2] trace: MoGaConTrOlLeR :: ....................(KK) MogaController :: Inside nativeOnKeyEvent 

android[2] trace: ....................(KK) MogaController :: Inside nativeOnKeyEvent 96

android[2] trace: MoGaConTrOlLeR :: ....................(KK) Key Event Key A AAAA .....................

android[2] trace: MoGaConTrOlLeR :: ....................(KK) Key Event Key up .....................

android[2] trace: MoGaConTrOlLeR :: ....................(KK) Listener Key Release .....................

android[2] trace: MoGaConTrOlLeR :: ....................(KK) AndroidKeyCode :: MogaKeyCode (Start of func) .....................

android[2] trace: MoGaConTrOlLeR :: ....................(KK) AndroidKeyCode :: MogaKeyCode Key Press A .....................

android[2] trace: MoGaConTrOlLeR :: (KK) MogaController :: Inside nativeOnKeyEvent ....................

G6-MOGA key frame=6286 code=96 state=up
android[6] Sound/SoundManager/error: FMOD result of SoundManager::createSound: An error occured that wasn't supposed to.  Contact support. 

android[5] Sound/SoundManager/warn: SoundManager::createSound - 'ui/ui/btn_continue': failure.

android[2] trace: UI play sound: ui/ui/btn_continue

G7-FRAME enter=6300
G5-GL STATE frame=6300 framebuffer=0 status=0x8cd5 errors=0
G7-FRAME leave=6300
android[5] layouts/warning: LayoutEntity not in cache, reloading: garage_new

android[5] layouts/warning: LayoutEntity not in cache, reloading: options_scroll_bg

android[5] layouts/warning: LayoutEntity not in cache, reloading: frame

android[5] layouts/warning: LayoutEntity not in cache, reloading: garage_scroll_area

android[5] layouts/warning: LayoutEntity not in cache, reloading: scrollbar

android[5] layouts/warning: LayoutEntity not in cache, reloading: scrollbar_thumb

android[5] layouts/warning: LayoutEntity not in cache, reloading: garage_scroll

android[5] layouts/warning: LayoutEntity not in cache, reloading: frame

android[5] layouts/warning: LayoutEntity not in cache, reloading: profile_garage

android[5] layouts/warning: LayoutEntity not in cache, reloading: cash

android[5] layouts/warning: LayoutEntity not in cache, reloading: cash_container

android[5] layouts/warning: LayoutEntity not in cache, reloading: btn_add_cash

android[5] layouts/warning: LayoutEntity not in cache, reloading: class_menu

android[5] layouts/warning: LayoutEntity not in cache, reloading: btn_class

android[5] layouts/warning: LayoutEntity not in cache, reloading: btn_class_dropdown

android[5] layouts/warning: LayoutEntity not in cache, reloading: class_frame_dropdown

android[5] layouts/warning: LayoutEntity not in cache, reloading: nav_moga_highlight

android[5] layouts/warning: LayoutEntity not in cache, reloading: most_wanted_panel

android[5] layouts/warning: LayoutEntity not in cache, reloading: mwlist_arrow_flash

android[5] layouts/warning: LayoutEntity not in cache, reloading: btn_block_input

android[5] layouts/warning: LayoutEntity not in cache, reloading: most_wanted_panel_maximise

android[5] layouts/warning: LayoutEntity not in cache, reloading: most_wanted_panel_minimise

android[5] layouts/warning: LayoutEntity not in cache, reloading: swipe_widget

android[5] layouts/warning: LayoutEntity not in cache, reloading: most_wanted_leaderboard

android[5] layouts/warning: LayoutEntity not in cache, reloading: frame

android[5] layouts/warning: LayoutEntity not in cache, reloading: most_wanted_scroll_list

android[5] layouts/warning: LayoutEntity not in cache, reloading: most_wanted_entry

android[5] layouts/warning: LayoutEntity not in cache, reloading: scrollbar

android[5] layouts/warning: LayoutEntity not in cache, reloading: scrollbar_thumb

android[5] layouts/warning: LayoutEntity not in cache, reloading: most_wanted_red

android[5] layouts/warning: LayoutEntity not in cache, reloading: spinner

android[5] layouts/warning: LayoutEntity not in cache, reloading: btn_origin_nag

android[5] layouts/warning: LayoutEntity not in cache, reloading: login_reward

android[5] layouts/warning: LayoutEntity not in cache, reloading: hud_milestone_popup_sp_value

android[5] layouts/warning: LayoutEntity not in cache, reloading: nav_mogaSelect

android[5] layouts/warning: LayoutEntity not in cache, reloading: navigation_panel_android

android[5] layouts/warning: LayoutEntity not in cache, reloading: navigation_panel_shading

android[5] layouts/warning: LayoutEntity not in cache, reloading: btn_lowernav

android[5] layouts/warning: LayoutEntity not in cache, reloading: quickbar_bg_text

android[5] layouts/warning: LayoutEntity not in cache, reloading: btn_lowernav_notification

android[5] layouts/warning: LayoutEntity not in cache, reloading: btn_purchase

android[5] layouts/warning: LayoutEntity not in cache, reloading: btn_lowernav

android[5] layouts/warning: LayoutEntity not in cache, reloading: quickbar_bg_text

android[5] layouts/warning: LayoutEntity not in cache, reloading: btn_lowernav_notification

android[5] layouts/warning: LayoutEntity not in cache, reloading: nav_moga

android[5] layouts/warning: LayoutEntity not in cache, reloading: navigation_panel_android_no_moga

android[5] layouts/warning: LayoutEntity not in cache, reloading: navigation_panel_shading

android[5] layouts/warning: LayoutEntity not in cache, reloading: btn_lowernav

android[5] layouts/warning: LayoutEntity not in cache, reloading: quickbar_bg_text

android[5] layouts/warning: LayoutEntity not in cache, reloading: btn_lowernav_notification

android[5] layouts/warning: LayoutEntity not in cache, reloading: btn_purchase

android[5] layouts/warning: LayoutEntity not in cache, reloading: btn_lowernav

android[5] layouts/warning: LayoutEntity not in cache, reloading: quickbar_bg_text

android[5] layouts/warning: LayoutEntity not in cache, reloading: btn_lowernav_notification

android[5] layouts/warning: LayoutEntity not in cache, reloading: nav_moga

android[5] layouts/warning: LayoutEntity not in cache, reloading: hud_achievementnotification_infrontend

android[5] layouts/warning: LayoutEntity not in cache, reloading: hud_line

android[5] layouts/warning: LayoutEntity not in cache, reloading: achievement_icon

android[6] layouts/error: Unable to locate layout entity: _icon

android[4] info: -- Most Wanted List Updated --

android[4] info: 1. MSTWNTD(45000 PTS)

android[4] info: 2. FANGD(42750 PTS)

android[4] info: 3. GDZLLR(40500 PTS)

android[4] info: 4. HONEY(38250 PTS)

android[4] info: 5. KRIEG(36000 PTS)

android[4] info: 6. GU1LTY(33750 PTS)

android[4] info: 7. SPIDER(31500 PTS)

android[4] info: 8. GTMC(29249 PTS)

android[4] info: 9. SNWBLND(27000 PTS)

android[4] info: 10. JAPAN4(24750 PTS)

android[4] info: 11. You(12500 PTS)

android[4] info: -- Most Wanted List Updated --

android[4] info: 1. MSTWNTD(45000 PTS)

android[4] info: 2. FANGD(42750 PTS)

android[4] info: 3. GDZLLR(40500 PTS)

android[4] info: 4. HONEY(38250 PTS)

android[4] info: 5. KRIEG(36000 PTS)

android[4] info: 6. GU1LTY(33750 PTS)

android[4] info: 7. SPIDER(31500 PTS)

android[4] info: 8. GTMC(29249 PTS)

android[4] info: 9. SNWBLND(27000 PTS)

android[4] info: 10. JAPAN4(24750 PTS)

android[4] info: 11. You(12500 PTS)

android[6] layouts/error: Unable to locate layout entity: _progress_bar

android[2] trace: LayoutScreen::LayoutScreen OptionsSettingsScreen != 0

android[4] ResourceManager: Add texture: /published/texturepacks_ui/garage.sba_0

android[5] layouts/warning: LayoutEntity not in cache, reloading: btn_garage_car

android[5] layouts/warning: LayoutEntity not in cache, reloading: garage_requirement

android[5] layouts/warning: LayoutEntity not in cache, reloading: btn_locked_clip_garage

android[5] layouts/warning: LayoutEntity not in cache, reloading: garage_requirement_housing

DEBUG: sendTrackingMessage!
G4-JNI GetEnv version=0x00010006
android[5] layouts/warning: SetAnimation: Animation _disabled not found in node /[NoID]/_scroll/_scrollable/[NoID]

android[5] layouts/warning: SetAnimation: Animation _disabled not found in node /[NoID]/_scroll/_scrollable/[NoID]

android[5] layouts/warning: SetAnimation: Animation _disabled not found in node /[NoID]/_scroll/_scrollable/[NoID]

android[5] layouts/warning: SetAnimation: Animation _disabled not found in node /[NoID]/_scroll/_scrollable/[NoID]

android[5] layouts/warning: SetAnimation: Animation _disabled not found in node /[NoID]/_scroll/_scrollable/[NoID]

android[5] layouts/warning: SetAnimation: Animation _disabled not found in node /[NoID]/_scroll/_scrollable/[NoID]

android[5] layouts/warning: SetAnimation: Animation _disabled not found in node /[NoID]/_scroll/_scrollable/[NoID]

android[5] layouts/warning: SetAnimation: Animation _disabled not found in node /[NoID]/_scroll/_scrollable/[NoID]

android[5] layouts/warning: SetAnimation: Animation _disabled not found in node /[NoID]/_scroll/_scrollable/[NoID]

android[5] layouts/warning: SetAnimation: Animation _disabled not found in node /[NoID]/_scroll/_scrollable/[NoID]

android[5] layouts/warning: SetAnimation: Animation _disabled not found in node /[NoID]/_scroll/_scrollable/[NoID]

android[5] layouts/warning: SetAnimation: Animation _disabled not found in node /[NoID]/_scroll/_scrollable/[NoID]

android[5] layouts/warning: SetAnimation: Animation _disabled not found in node /[NoID]/_scroll/_scrollable/[NoID]

android[5] layouts/warning: SetAnimation: Animation _disabled not found in node /[NoID]/_scroll/_scrollable/[NoID]

android[5] layouts/warning: SetAnimation: Animation _disabled not found in node /[NoID]/most_wanted_panel/_block_input

android[5] layouts/warning: SetAnimation: Animation _disabled not found in node /[NoID]/most_wanted_panel/_minimise_btn

android[2] trace: ShowMogaHighlight start

android[2] trace: ShowMogaHighlight 1

android[2] trace: ShowMogaHighlight end

G4-JNI GetEnv version=0x00010002
G4-JNI GetEnv version=0x00010002
G4-JNI GetEnv version=0x00010002
G4-JNI GetEnv version=0x00010002
G4-JNI GetEnv version=0x00010002
G4-JNI GetEnv version=0x00010002
G4-JNI GetEnv version=0x00010002
G4-JNI GetEnv version=0x00010002
G4-JNI GetEnv version=0x00010002
G4-JNI GetEnv version=0x00010002
G4-JNI GetEnv version=0x00010002
G4-JNI GetEnv version=0x00010002
G4-JNI GetEnv version=0x00010002
G4-JNI GetEnv version=0x00010002
G4-JNI GetEnv version=0x00010002
G4-JNI GetEnv version=0x00010002
G4-JNI GetEnv version=0x00010002
G4-JNI GetEnv version=0x00010002
G4-JNI GetEnv version=0x00010002
G4-JNI GetEnv version=0x00010002
G4-JNI GetEnv version=0x00010002
G4-JNI GetEnv version=0x00010002
G4-JNI GetEnv version=0x00010002
G4-JNI GetEnv version=0x00010002
G4-JNI GetEnv version=0x00010002
G4-JNI GetEnv version=0x00010002
G4-JNI GetEnv version=0x00010002
G4-JNI GetEnv version=0x00010002
G4-JNI GetEnv version=0x00010002
G4-JNI GetEnv version=0x00010002
G4-JNI GetEnv version=0x00010002
G4-JNI GetEnv version=0x00010002
G4-JNI GetEnv version=0x00010002
G4-JNI GetEnv version=0x00010002
G4-JNI GetEnv version=0x00010002
G4-JNI GetEnv version=0x00010002
G4-JNI GetEnv version=0x00010002
G4-JNI GetEnv version=0x00010002
G4-JNI GetEnv version=0x00010002
G4-JNI GetEnv version=0x00010002
G4-JNI GetEnv version=0x00010002
G4-JNI GetEnv version=0x00010002
G4-JNI GetEnv version=0x00010002
G4-JNI GetEnv version=0x00010002
G4-JNI GetEnv version=0x00010002
G4-JNI GetEnv version=0x00010002
G4-JNI GetEnv version=0x00010002
G4-JNI GetEnv version=0x00010002
G4-JNI GetEnv version=0x00010002
G4-JNI GetEnv version=0x00010002
G4-JNI GetEnv version=0x00010002
G4-JNI GetEnv version=0x00010002
G4-JNI GetEnv version=0x00010002
G4-JNI GetEnv version=0x00010002
G4-JNI GetEnv version=0x00010002
G4-JNI GetEnv version=0x00010002
G4-JNI GetEnv version=0x00010002
G4-JNI GetEnv version=0x00010002
G4-JNI GetEnv version=0x00010002
G4-JNI GetEnv version=0x00010002
G4-JNI GetEnv version=0x00010002
G4-JNI GetEnv version=0x00010002
G4-JNI GetEnv version=0x00010002
G4-JNI GetEnv version=0x00010002
G4-JNI GetEnv version=0x00010002
G4-JNI GetEnv version=0x00010002
G4-JNI GetEnv version=0x00010002
G4-JNI GetEnv version=0x00010002
G4-JNI GetEnv version=0x00010002
G4-JNI GetEnv version=0x00010002
G4-JNI GetEnv version=0x00010002
G4-JNI GetEnv version=0x00010002
G4-JNI GetEnv version=0x00010002
G4-JNI GetEnv version=0x00010002
G4-JNI GetEnv version=0x00010002
G4-JNI GetEnv version=0x00010002
G4-JNI GetEnv version=0x00010002
G4-JNI GetEnv version=0x00010002
G4-JNI GetEnv version=0x00010002
G4-JNI GetEnv version=0x00010002
G4-JNI GetEnv version=0x00010002
G4-JNI GetEnv version=0x00010002
G4-JNI GetEnv version=0x00010002
G4-JNI GetEnv version=0x00010002
G4-JNI GetEnv version=0x00010002
G4-JNI GetEnv version=0x00010002
G4-JNI GetEnv version=0x00010002
G4-JNI GetEnv version=0x00010002
G4-JNI GetEnv version=0x00010002
G4-JNI GetEnv version=0x00010002
G4-JNI GetEnv version=0x00010002
G4-JNI GetEnv version=0x00010002
G4-JNI GetEnv version=0x00010002
G4-JNI GetEnv version=0x00010002
G4-JNI GetEnv version=0x00010002
G4-JNI GetEnv version=0x00010002
G4-JNI GetEnv version=0x00010002
G4-JNI GetEnv version=0x00010002
G4-JNI GetEnv version=0x00010002
G4-JNI GetEnv version=0x00010002
G4-JNI GetEnv version=0x00010002
G4-JNI GetEnv version=0x00010002
G4-JNI GetEnv version=0x00010002
G4-JNI GetEnv version=0x00010002
G4-JNI GetEnv version=0x00010002
G4-JNI GetEnv version=0x00010002
G4-JNI GetEnv version=0x00010002
G4-JNI GetEnv version=0x00010002
G4-JNI GetEnv version=0x00010002
G4-JNI GetEnv version=0x00010002
G4-JNI GetEnv version=0x00010002
G4-JNI GetEnv version=0x00010002
G4-JNI GetEnv version=0x00010002
G4-JNI GetEnv version=0x00010002
G4-JNI GetEnv version=0x00010002
G4-JNI GetEnv version=0x00010002
G4-JNI GetEnv version=0x00010002
G4-JNI GetEnv version=0x00010002
G4-JNI GetEnv version=0x00010002
G4-JNI GetEnv version=0x00010002
G4-JNI GetEnv version=0x00010002
G4-JNI GetEnv version=0x00010002
G4-JNI GetEnv version=0x00010002
G4-JNI GetEnv version=0x00010002
G6-RAW buttons=0x00000800
android[2] trace: ....................(KK) MogaController :: Inside NativeOnMotionEvent

android[2] trace: (KK) MogaController :: Inside NativeOnMotionEvent ....................

G6-MOGA motion frame=6367 axes=32767,0,0,0,0,0
G6-MOGA dpad-as-stick frame=6367 code=22 state=down
G6-RAW buttons=0x00000000
android[2] trace: ....................(KK) MogaController :: Inside NativeOnMotionEvent

android[2] trace: (KK) MogaController :: Inside NativeOnMotionEvent ....................

G6-MOGA dpad-as-stick frame=6373 code=22 state=up
G6-RAW buttons=0x00000800
android[2] trace: ....................(KK) MogaController :: Inside NativeOnMotionEvent

android[2] trace: (KK) MogaController :: Inside NativeOnMotionEvent ....................

G6-MOGA motion frame=6399 axes=32767,0,0,0,0,0
G6-MOGA dpad-as-stick frame=6399 code=22 state=down
G4-JNI GetEnv version=0x00010006
G6-RAW buttons=0x00000000
android[2] trace: ....................(KK) MogaController :: Inside NativeOnMotionEvent

android[2] trace: (KK) MogaController :: Inside NativeOnMotionEvent ....................

G6-MOGA dpad-as-stick frame=6410 code=22 state=up
G6-RAW buttons=0x00000800
android[2] trace: ....................(KK) MogaController :: Inside NativeOnMotionEvent

android[2] trace: (KK) MogaController :: Inside NativeOnMotionEvent ....................

G6-MOGA motion frame=6438 axes=32767,0,0,0,0,0
G6-MOGA dpad-as-stick frame=6438 code=22 state=down
G6-RAW buttons=0x00000000
android[2] trace: ....................(KK) MogaController :: Inside NativeOnMotionEvent

android[2] trace: (KK) MogaController :: Inside NativeOnMotionEvent ....................

G6-MOGA dpad-as-stick frame=6447 code=22 state=up
G6-RAW buttons=0x00000200
G6-MOGA dpad-as-stick frame=6458 code=20 state=down
G6-RAW buttons=0x00000000
G6-MOGA dpad-as-stick frame=6467 code=20 state=up
G6-RAW buttons=0x00000200
G6-MOGA dpad-as-stick frame=6473 code=20 state=down
G6-RAW buttons=0x00000000
G6-MOGA dpad-as-stick frame=6481 code=20 state=up
G6-RAW buttons=0x00000200
G6-MOGA dpad-as-stick frame=6554 code=20 state=down
G6-RAW buttons=0x00000000
G6-MOGA dpad-as-stick frame=6564 code=20 state=up
G6-RAW buttons=0x00000400
android[2] trace: ....................(KK) MogaController :: Inside NativeOnMotionEvent

android[2] trace: (KK) MogaController :: Inside NativeOnMotionEvent ....................

G6-MOGA motion frame=6581 axes=-32767,0,0,0,0,0
G6-MOGA dpad-as-stick frame=6581 code=21 state=down
G6-RAW buttons=0x00000000
android[2] trace: ....................(KK) MogaController :: Inside NativeOnMotionEvent

android[2] trace: (KK) MogaController :: Inside NativeOnMotionEvent ....................

G6-MOGA dpad-as-stick frame=6590 code=21 state=up
G7-FRAME enter=6600
G5-GL STATE frame=6600 framebuffer=0 status=0x8cd5 errors=0
G7-FRAME leave=6600
G6-RAW buttons=0x00000100
G6-MOGA dpad-as-stick frame=6608 code=19 state=down
G6-RAW buttons=0x00000000
G6-MOGA dpad-as-stick frame=6618 code=19 state=up
G6-RAW buttons=0x00000200
G6-MOGA dpad-as-stick frame=6631 code=20 state=down
G6-RAW buttons=0x00000000
G6-MOGA dpad-as-stick frame=6637 code=20 state=up
G4-JNI GetEnv version=0x00010006
G6-RAW buttons=0x00000001
android[2] trace: MoGaConTrOlLeR :: ....................(KK) MogaController :: Inside nativeOnKeyEvent 

android[2] trace: ....................(KK) MogaController :: Inside nativeOnKeyEvent 97

android[2] trace: MoGaConTrOlLeR :: ....................(KK) Key Event Key B BBBB .....................

android[2] trace: MoGaConTrOlLeR :: ....................(KK) Key Event Key Down .....................

android[2] trace: MoGaConTrOlLeR :: ....................(KK) Listener Key Press .....................

android[2] trace: MoGaConTrOlLeR :: ....................(KK) AndroidKeyCode :: MogaKeyCode (Start of func) .....................

android[2] trace: MoGaConTrOlLeR :: ....................(KK) AndroidKeyCode :: MogaKeyCode Key Press B .....................

android[2] trace: MoGaConTrOlLeR :: (KK) MogaController :: Inside nativeOnKeyEvent ....................

G6-MOGA key frame=6679 code=97 state=down
G6-RAW buttons=0x00000000
android[2] trace: MoGaConTrOlLeR :: ....................(KK) MogaController :: Inside nativeOnKeyEvent 

android[2] trace: ....................(KK) MogaController :: Inside nativeOnKeyEvent 97

android[2] trace: MoGaConTrOlLeR :: ....................(KK) Key Event Key B BBBB .....................

android[2] trace: MoGaConTrOlLeR :: ....................(KK) Key Event Key up .....................

android[2] trace: MoGaConTrOlLeR :: ....................(KK) Listener Key Release .....................

android[2] trace: MoGaConTrOlLeR :: ....................(KK) AndroidKeyCode :: MogaKeyCode (Start of func) .....................

android[2] trace: MoGaConTrOlLeR :: ....................(KK) AndroidKeyCode :: MogaKeyCode Key Press B .....................

android[2] trace: MoGaConTrOlLeR :: (KK) MogaController :: Inside nativeOnKeyEvent ....................

G6-MOGA key frame=6687 code=97 state=up
G6-RAW buttons=0x00000010
android[2] trace: MoGaConTrOlLeR :: ....................(KK) MogaController :: Inside nativeOnKeyEvent 

android[2] trace: ....................(KK) MogaController :: Inside nativeOnKeyEvent 102

android[2] trace: MoGaConTrOlLeR :: ....................(KK) Key Event Key L1 1111 .....................

android[2] trace: MoGaConTrOlLeR :: ....................(KK) Key Event Key Down .....................

android[2] trace: MoGaConTrOlLeR :: ....................(KK) Listener Key Press .....................

android[2] trace: MoGaConTrOlLeR :: ....................(KK) AndroidKeyCode :: MogaKeyCode (Start of func) .....................

android[2] trace: MoGaConTrOlLeR :: ....................(KK) AndroidKeyCode :: MogaKeyCode Key Press L1 .....................

android[2] trace: MoGaConTrOlLeR :: (KK) MogaController :: Inside nativeOnKeyEvent ....................

G6-MOGA key frame=6747 code=102 state=down
G6-RAW buttons=0x00000000
android[2] trace: MoGaConTrOlLeR :: ....................(KK) MogaController :: Inside nativeOnKeyEvent 

android[2] trace: ....................(KK) MogaController :: Inside nativeOnKeyEvent 102

android[2] trace: MoGaConTrOlLeR :: ....................(KK) Key Event Key L1 1111 .....................

android[2] trace: MoGaConTrOlLeR :: ....................(KK) Key Event Key up .....................

android[2] trace: MoGaConTrOlLeR :: ....................(KK) Listener Key Release .....................

android[2] trace: MoGaConTrOlLeR :: ....................(KK) AndroidKeyCode :: MogaKeyCode (Start of func) .....................

android[2] trace: MoGaConTrOlLeR :: ....................(KK) AndroidKeyCode :: MogaKeyCode Key Press L1 .....................

android[2] trace: MoGaConTrOlLeR :: (KK) MogaController :: Inside nativeOnKeyEvent ....................

G6-MOGA key frame=6759 code=102 state=up
G6-RAW buttons=0x00000020
android[2] trace: MoGaConTrOlLeR :: ....................(KK) MogaController :: Inside nativeOnKeyEvent 

android[2] trace: ....................(KK) MogaController :: Inside nativeOnKeyEvent 103

android[2] trace: MoGaConTrOlLeR :: ....................(KK) Key Event Key R1 1111 .....................

android[2] trace: MoGaConTrOlLeR :: ....................(KK) Key Event Key Down .....................

android[2] trace: MoGaConTrOlLeR :: ....................(KK) Listener Key Press .....................

android[2] trace: MoGaConTrOlLeR :: ....................(KK) AndroidKeyCode :: MogaKeyCode (Start of func) .....................

android[2] trace: MoGaConTrOlLeR :: ....................(KK) AndroidKeyCode :: MogaKeyCode Key Press R1 .....................

android[2] trace: MoGaConTrOlLeR :: (KK) MogaController :: Inside nativeOnKeyEvent ....................

G6-MOGA key frame=6798 code=103 state=down
G6-RAW buttons=0x00000000
android[2] trace: MoGaConTrOlLeR :: ....................(KK) MogaController :: Inside nativeOnKeyEvent 

android[2] trace: ....................(KK) MogaController :: Inside nativeOnKeyEvent 103

android[2] trace: MoGaConTrOlLeR :: ....................(KK) Key Event Key R1 1111 .....................

android[2] trace: MoGaConTrOlLeR :: ....................(KK) Key Event Key up .....................

android[2] trace: MoGaConTrOlLeR :: ....................(KK) Listener Key Release .....................

android[2] trace: MoGaConTrOlLeR :: ....................(KK) AndroidKeyCode :: MogaKeyCode (Start of func) .....................

android[2] trace: MoGaConTrOlLeR :: ....................(KK) AndroidKeyCode :: MogaKeyCode Key Press R1 .....................

android[2] trace: MoGaConTrOlLeR :: (KK) MogaController :: Inside nativeOnKeyEvent ....................

G6-MOGA key frame=6806 code=103 state=up
G6-RAW buttons=0x00000020
android[2] trace: MoGaConTrOlLeR :: ....................(KK) MogaController :: Inside nativeOnKeyEvent 

android[2] trace: ....................(KK) MogaController :: Inside nativeOnKeyEvent 103

android[2] trace: MoGaConTrOlLeR :: ....................(KK) Key Event Key R1 1111 .....................

android[2] trace: MoGaConTrOlLeR :: ....................(KK) Key Event Key Down .....................

android[2] trace: MoGaConTrOlLeR :: ....................(KK) Listener Key Press .....................

android[2] trace: MoGaConTrOlLeR :: ....................(KK) AndroidKeyCode :: MogaKeyCode (Start of func) .....................

android[2] trace: MoGaConTrOlLeR :: ....................(KK) AndroidKeyCode :: MogaKeyCode Key Press R1 .....................

android[2] trace: MoGaConTrOlLeR :: (KK) MogaController :: Inside nativeOnKeyEvent ....................

G6-MOGA key frame=6821 code=103 state=down
G6-RAW buttons=0x00000000
android[2] trace: MoGaConTrOlLeR :: ....................(KK) MogaController :: Inside nativeOnKeyEvent 

android[2] trace: ....................(KK) MogaController :: Inside nativeOnKeyEvent 103

android[2] trace: MoGaConTrOlLeR :: ....................(KK) Key Event Key R1 1111 .....................

android[2] trace: MoGaConTrOlLeR :: ....................(KK) Key Event Key up .....................

android[2] trace: MoGaConTrOlLeR :: ....................(KK) Listener Key Release .....................

android[2] trace: MoGaConTrOlLeR :: ....................(KK) AndroidKeyCode :: MogaKeyCode (Start of func) .....................

android[2] trace: MoGaConTrOlLeR :: ....................(KK) AndroidKeyCode :: MogaKeyCode Key Press R1 .....................

android[2] trace: MoGaConTrOlLeR :: (KK) MogaController :: Inside nativeOnKeyEvent ....................

G6-MOGA key frame=6829 code=103 state=up
G6-RAW buttons=0x00000010
android[2] trace: MoGaConTrOlLeR :: ....................(KK) MogaController :: Inside nativeOnKeyEvent 

android[2] trace: ....................(KK) MogaController :: Inside nativeOnKeyEvent 102

android[2] trace: MoGaConTrOlLeR :: ....................(KK) Key Event Key L1 1111 .....................

android[2] trace: MoGaConTrOlLeR :: ....................(KK) Key Event Key Down .....................

android[2] trace: MoGaConTrOlLeR :: ....................(KK) Listener Key Press .....................

android[2] trace: MoGaConTrOlLeR :: ....................(KK) AndroidKeyCode :: MogaKeyCode (Start of func) .....................

android[2] trace: MoGaConTrOlLeR :: ....................(KK) AndroidKeyCode :: MogaKeyCode Key Press L1 .....................

android[2] trace: MoGaConTrOlLeR :: (KK) MogaController :: Inside nativeOnKeyEvent ....................

G6-MOGA key frame=6847 code=102 state=down
android[2] trace: [AUTOLOG QUERY] Server: Blaze     Call: /nfs-2013-android/util/ping

G6-RAW buttons=0x00000000
android[2] trace: MoGaConTrOlLeR :: ....................(KK) MogaController :: Inside nativeOnKeyEvent 

android[2] trace: ....................(KK) MogaController :: Inside nativeOnKeyEvent 102

android[2] trace: MoGaConTrOlLeR :: ....................(KK) Key Event Key L1 1111 .....................

android[2] trace: MoGaConTrOlLeR :: ....................(KK) Key Event Key up .....................

android[2] trace: MoGaConTrOlLeR :: ....................(KK) Listener Key Release .....................

android[2] trace: MoGaConTrOlLeR :: ....................(KK) AndroidKeyCode :: MogaKeyCode (Start of func) .....................

android[2] trace: MoGaConTrOlLeR :: ....................(KK) AndroidKeyCode :: MogaKeyCode Key Press L1 .....................

android[2] trace: MoGaConTrOlLeR :: (KK) MogaController :: Inside nativeOnKeyEvent ....................

G6-MOGA key frame=6857 code=102 state=up
G6-RAW buttons=0x00000010
android[2] trace: MoGaConTrOlLeR :: ....................(KK) MogaController :: Inside nativeOnKeyEvent 

android[2] trace: ....................(KK) MogaController :: Inside nativeOnKeyEvent 102

android[2] trace: MoGaConTrOlLeR :: ....................(KK) Key Event Key L1 1111 .....................

android[2] trace: MoGaConTrOlLeR :: ....................(KK) Key Event Key Down .....................

android[2] trace: MoGaConTrOlLeR :: ....................(KK) Listener Key Press .....................

android[2] trace: MoGaConTrOlLeR :: ....................(KK) AndroidKeyCode :: MogaKeyCode (Start of func) .....................

android[2] trace: MoGaConTrOlLeR :: ....................(KK) AndroidKeyCode :: MogaKeyCode Key Press L1 .....................

android[2] trace: MoGaConTrOlLeR :: (KK) MogaController :: Inside nativeOnKeyEvent ....................

G6-MOGA key frame=6863 code=102 state=down
G6-RAW buttons=0x00000000
android[2] trace: MoGaConTrOlLeR :: ....................(KK) MogaController :: Inside nativeOnKeyEvent 

android[2] trace: ....................(KK) MogaController :: Inside nativeOnKeyEvent 102

android[2] trace: MoGaConTrOlLeR :: ....................(KK) Key Event Key L1 1111 .....................

android[2] trace: MoGaConTrOlLeR :: ....................(KK) Key Event Key up .....................

android[2] trace: MoGaConTrOlLeR :: ....................(KK) Listener Key Release .....................

android[2] trace: MoGaConTrOlLeR :: ....................(KK) AndroidKeyCode :: MogaKeyCode (Start of func) .....................

android[2] trace: MoGaConTrOlLeR :: ....................(KK) AndroidKeyCode :: MogaKeyCode Key Press L1 .....................

android[2] trace: MoGaConTrOlLeR :: (KK) MogaController :: Inside nativeOnKeyEvent ....................

G6-MOGA key frame=6874 code=102 state=up
G6-RAW buttons=0x00000002
android[2] trace: MoGaConTrOlLeR :: ....................(KK) MogaController :: Inside nativeOnKeyEvent 

android[2] trace: ....................(KK) MogaController :: Inside nativeOnKeyEvent 96

android[2] trace: MoGaConTrOlLeR :: ....................(KK) Key Event Key A AAAA .....................

android[2] trace: MoGaConTrOlLeR :: ....................(KK) Key Event Key Down .....................

android[2] trace: MoGaConTrOlLeR :: ....................(KK) Listener Key Press .....................

android[2] trace: MoGaConTrOlLeR :: ....................(KK) AndroidKeyCode :: MogaKeyCode (Start of func) .....................

android[2] trace: MoGaConTrOlLeR :: ....................(KK) AndroidKeyCode :: MogaKeyCode Key Press A .....................

android[2] trace: MoGaConTrOlLeR :: (KK) MogaController :: Inside nativeOnKeyEvent ....................

G6-MOGA key frame=6884 code=96 state=down
G6-RAW buttons=0x00000000
android[2] trace: MoGaConTrOlLeR :: ....................(KK) MogaController :: Inside nativeOnKeyEvent 

android[2] trace: ....................(KK) MogaController :: Inside nativeOnKeyEvent 96

android[2] trace: MoGaConTrOlLeR :: ....................(KK) Key Event Key A AAAA .....................

android[2] trace: MoGaConTrOlLeR :: ....................(KK) Key Event Key up .....................

android[2] trace: MoGaConTrOlLeR :: ....................(KK) Listener Key Release .....................

android[2] trace: MoGaConTrOlLeR :: ....................(KK) AndroidKeyCode :: MogaKeyCode (Start of func) .....................

android[2] trace: MoGaConTrOlLeR :: ....................(KK) AndroidKeyCode :: MogaKeyCode Key Press A .....................

android[2] trace: MoGaConTrOlLeR :: (KK) MogaController :: Inside nativeOnKeyEvent ....................

G6-MOGA key frame=6893 code=96 state=up
android[6] Sound/SoundManager/error: FMOD result of SoundManager::createSound: An error occured that wasn't supposed to.  Contact support. 

android[5] Sound/SoundManager/warn: SoundManager::createSound - 'ui/ui/btn_continue': failure.

android[2] trace: UI play sound: ui/ui/btn_continue

G7-FRAME enter=6900
G5-GL STATE frame=6900 framebuffer=0 status=0x8cd5 errors=0
G7-FRAME leave=6900
G4-JNI GetEnv version=0x00010006
android[5] layouts/warning: LayoutEntity not in cache, reloading: map_overworld

android[5] layouts/warning: LayoutEntity not in cache, reloading: satmap

android[5] layouts/warning: LayoutEntity not in cache, reloading: track_widget

android[5] layouts/warning: LayoutEntity not in cache, reloading: btn_track

android[5] layouts/warning: LayoutEntity not in cache, reloading: event_holder_panel_normal

android[5] layouts/warning: LayoutEntity not in cache, reloading: completion_base

android[5] layouts/warning: LayoutEntity not in cache, reloading: event_holder_panel_glow

android[5] layouts/warning: LayoutEntity not in cache, reloading: blacklist_icon

android[5] layouts/warning: LayoutEntity not in cache, reloading: new_mw_base

android[5] layouts/warning: LayoutEntity not in cache, reloading: new_events_text_looper

android[5] layouts/warning: LayoutEntity not in cache, reloading: new_map_base

android[5] layouts/warning: LayoutEntity not in cache, reloading: map_offscreen_marker

android[5] layouts/warning: LayoutEntity not in cache, reloading: event_holder_panel_glow

android[5] layouts/warning: LayoutEntity not in cache, reloading: btn_blackmarket

android[5] layouts/warning: LayoutEntity not in cache, reloading: new_events_text_looper

android[5] layouts/warning: LayoutEntity not in cache, reloading: new_map_base

android[5] layouts/warning: LayoutEntity not in cache, reloading: completion_base

android[5] layouts/warning: LayoutEntity not in cache, reloading: blacklist_clock

android[5] layouts/warning: LayoutEntity not in cache, reloading: event_list_bg

android[5] layouts/warning: LayoutEntity not in cache, reloading: event_list_widget

android[5] layouts/warning: LayoutEntity not in cache, reloading: events_list

android[5] layouts/warning: LayoutEntity not in cache, reloading: scrollbar_horizontal

android[5] layouts/warning: LayoutEntity not in cache, reloading: scrollbar_thumb_horizontal

android[5] layouts/warning: LayoutEntity not in cache, reloading: btn_easydrive

android[5] layouts/warning: LayoutEntity not in cache, reloading: btn_easydriveMoga

android[5] layouts/warning: LayoutEntity not in cache, reloading: profile_player

android[5] layouts/warning: LayoutEntity not in cache, reloading: origin_logged_out

android[5] layouts/warning: LayoutEntity not in cache, reloading: btn_origin_temp

android[5] layouts/warning: LayoutEntity not in cache, reloading: offline_online_indicator

android[5] layouts/warning: LayoutEntity not in cache, reloading: friend_notifications

android[5] layouts/warning: LayoutEntity not in cache, reloading: nav_mogaSelect

android[5] layouts/warning: LayoutEntity not in cache, reloading: btn_back_corner

android[5] layouts/warning: LayoutEntity not in cache, reloading: most_wanted_panel

android[5] layouts/warning: LayoutEntity not in cache, reloading: mwlist_arrow_flash

android[5] layouts/warning: LayoutEntity not in cache, reloading: btn_block_input

android[5] layouts/warning: LayoutEntity not in cache, reloading: most_wanted_panel_maximise

android[5] layouts/warning: LayoutEntity not in cache, reloading: most_wanted_panel_minimise

android[5] layouts/warning: LayoutEntity not in cache, reloading: swipe_widget

android[5] layouts/warning: LayoutEntity not in cache, reloading: most_wanted_leaderboard

android[5] layouts/warning: LayoutEntity not in cache, reloading: frame

android[5] layouts/warning: LayoutEntity not in cache, reloading: most_wanted_scroll_list

android[5] layouts/warning: LayoutEntity not in cache, reloading: most_wanted_entry

android[5] layouts/warning: LayoutEntity not in cache, reloading: scrollbar

android[5] layouts/warning: LayoutEntity not in cache, reloading: scrollbar_thumb

android[5] layouts/warning: LayoutEntity not in cache, reloading: most_wanted_red

android[5] layouts/warning: LayoutEntity not in cache, reloading: spinner

android[5] layouts/warning: LayoutEntity not in cache, reloading: btn_origin_nag

android[5] layouts/warning: LayoutEntity not in cache, reloading: login_reward

android[5] layouts/warning: LayoutEntity not in cache, reloading: hud_milestone_popup_sp_value

android[5] layouts/warning: LayoutEntity not in cache, reloading: nav_mogaSelect

android[5] layouts/warning: LayoutEntity not in cache, reloading: navigation_panel_android

android[5] layouts/warning: LayoutEntity not in cache, reloading: navigation_panel_shading

android[5] layouts/warning: LayoutEntity not in cache, reloading: btn_lowernav

android[5] layouts/warning: LayoutEntity not in cache, reloading: quickbar_bg_text

android[5] layouts/warning: LayoutEntity not in cache, reloading: btn_lowernav_notification

android[5] layouts/warning: LayoutEntity not in cache, reloading: btn_purchase

android[5] layouts/warning: LayoutEntity not in cache, reloading: btn_lowernav

android[5] layouts/warning: LayoutEntity not in cache, reloading: quickbar_bg_text

android[5] layouts/warning: LayoutEntity not in cache, reloading: btn_lowernav_notification

android[5] layouts/warning: LayoutEntity not in cache, reloading: nav_moga

android[5] layouts/warning: LayoutEntity not in cache, reloading: navigation_panel_android_no_moga

android[5] layouts/warning: LayoutEntity not in cache, reloading: navigation_panel_shading

android[5] layouts/warning: LayoutEntity not in cache, reloading: btn_lowernav

android[5] layouts/warning: LayoutEntity not in cache, reloading: quickbar_bg_text

android[5] layouts/warning: LayoutEntity not in cache, reloading: btn_lowernav_notification

android[5] layouts/warning: LayoutEntity not in cache, reloading: btn_purchase

android[5] layouts/warning: LayoutEntity not in cache, reloading: btn_lowernav

android[5] layouts/warning: LayoutEntity not in cache, reloading: quickbar_bg_text

android[5] layouts/warning: LayoutEntity not in cache, reloading: btn_lowernav_notification

android[5] layouts/warning: LayoutEntity not in cache, reloading: nav_moga

android[5] layouts/warning: LayoutEntity not in cache, reloading: hud_achievementnotification_infrontend

android[5] layouts/warning: LayoutEntity not in cache, reloading: hud_line

android[5] layouts/warning: LayoutEntity not in cache, reloading: achievement_icon

android[4] info: -- Most Wanted List Updated --

android[4] info: 1. MSTWNTD(45000 PTS)

android[4] info: 2. FANGD(42750 PTS)

android[4] info: 3. GDZLLR(40500 PTS)

android[4] info: 4. HONEY(38250 PTS)

android[4] info: 5. KRIEG(36000 PTS)

android[4] info: 6. GU1LTY(33750 PTS)

android[4] info: 7. SPIDER(31500 PTS)

android[4] info: 8. GTMC(29249 PTS)

android[4] info: 9. SNWBLND(27000 PTS)

android[4] info: 10. JAPAN4(24750 PTS)

android[4] info: 11. You(12500 PTS)

android[4] info: -- Most Wanted List Updated --

android[4] info: 1. MSTWNTD(45000 PTS)

android[4] info: 2. FANGD(42750 PTS)

android[4] info: 3. GDZLLR(40500 PTS)

android[4] info: 4. HONEY(38250 PTS)

android[4] info: 5. KRIEG(36000 PTS)

android[4] info: 6. GU1LTY(33750 PTS)

android[4] info: 7. SPIDER(31500 PTS)

android[4] info: 8. GTMC(29249 PTS)

android[4] info: 9. SNWBLND(27000 PTS)

android[4] info: 10. JAPAN4(24750 PTS)

android[4] info: 11. You(12500 PTS)

android[6] layouts/error: Unable to locate layout entity: _progress_bar

android[2] trace: LayoutScreen::LayoutScreen OptionsSettingsScreen != 0

android[6] layouts/error: Unable to locate layout entity: EventName

android[6] layouts/error: Unable to locate layout entity: class_restriction

android[6] layouts/error: Unable to locate layout entity: event_type

android[6] layouts/error: Unable to locate layout entity: event_rank_corner_large

G4-JNI GetEnv version=0x00010002
android[2] trace: MusicManager::SetPlaylist(): playlist=FrontEnd fade=true

android[5] layouts/warning: SetAnimation: Animation _disabled not found in node /[NoID]/most_wanted_panel/_block_input

android[5] layouts/warning: SetAnimation: Animation _disabled not found in node /[NoID]/most_wanted_panel/_minimise_btn

android[2] trace: ShowMogaHighlight start

android[2] trace: ShowMogaHighlight 1

android[2] trace: ShowMogaHighlight end

android[6] Sound/SoundManager/error: FMOD result of SoundManager::createSound: An error occured that wasn't supposed to.  Contact support. 

android[5] Sound/SoundManager/warn: SoundManager::createSound - 'ui/ui/btn_continue': failure.

android[2] trace: UI play sound: ui/ui/btn_continue

G6-RAW buttons=0x00000800
android[2] trace: ....................(KK) MogaController :: Inside NativeOnMotionEvent

android[2] trace: (KK) MogaController :: Inside NativeOnMotionEvent ....................

G6-MOGA motion frame=6934 axes=32767,0,0,0,0,0
G6-MOGA dpad-as-stick frame=6934 code=22 state=down
G6-RAW buttons=0x00000000
android[2] trace: ....................(KK) MogaController :: Inside NativeOnMotionEvent

android[2] trace: (KK) MogaController :: Inside NativeOnMotionEvent ....................

G6-MOGA motion frame=6962 axes=0,0,0,0,0,0
G6-MOGA dpad-as-stick frame=6962 code=22 state=up
G6-RAW buttons=0x00000100
G6-MOGA dpad-as-stick frame=6974 code=19 state=down
G6-RAW buttons=0x00000000
G6-MOGA dpad-as-stick frame=6992 code=19 state=up
G6-RAW buttons=0x00000800
android[2] trace: ....................(KK) MogaController :: Inside NativeOnMotionEvent

android[2] trace: (KK) MogaController :: Inside NativeOnMotionEvent ....................

G6-MOGA motion frame=7002 axes=32767,0,0,0,0,0
G6-MOGA dpad-as-stick frame=7002 code=22 state=down
G6-RAW buttons=0x00000000
android[2] trace: ....................(KK) MogaController :: Inside NativeOnMotionEvent

android[2] trace: (KK) MogaController :: Inside NativeOnMotionEvent ....................

G6-MOGA motion frame=7020 axes=0,0,0,0,0,0
G6-MOGA dpad-as-stick frame=7020 code=22 state=up
G4-JNI GetEnv version=0x00010006
G7-FRAME enter=7200
G5-GL STATE frame=7200 framebuffer=0 status=0x8cd5 errors=0
G7-FRAME leave=7200
G4-JNI GetEnv version=0x00010006
android[2] trace: [AUTOLOG QUERY] Server: Blaze     Call: /nfs-2013-android/util/ping

G6-RAW buttons=0x00000800
android[2] trace: ....................(KK) MogaController :: Inside NativeOnMotionEvent

android[2] trace: (KK) MogaController :: Inside NativeOnMotionEvent ....................

G6-MOGA motion frame=7499 axes=32767,0,0,0,0,0
G6-MOGA dpad-as-stick frame=7499 code=22 state=down
G7-FRAME enter=7500
G5-GL STATE frame=7500 framebuffer=0 status=0x8cd5 errors=0
G7-FRAME leave=7500
G6-RAW buttons=0x00000000
android[2] trace: ....................(KK) MogaController :: Inside NativeOnMotionEvent

android[2] trace: (KK) MogaController :: Inside NativeOnMotionEvent ....................

G6-MOGA dpad-as-stick frame=7507 code=22 state=up
G6-RAW buttons=0x00000400
android[2] trace: ....................(KK) MogaController :: Inside NativeOnMotionEvent

android[2] trace: (KK) MogaController :: Inside NativeOnMotionEvent ....................

G6-MOGA motion frame=7526 axes=-32767,0,0,0,0,0
G6-MOGA dpad-as-stick frame=7526 code=21 state=down
G6-RAW buttons=0x00000000
android[2] trace: ....................(KK) MogaController :: Inside NativeOnMotionEvent

android[2] trace: (KK) MogaController :: Inside NativeOnMotionEvent ....................

G6-MOGA dpad-as-stick frame=7534 code=21 state=up
G6-RAW buttons=0x00000100
G6-MOGA dpad-as-stick frame=7554 code=19 state=down
G6-RAW buttons=0x00000000
G6-MOGA dpad-as-stick frame=7565 code=19 state=up
G4-JNI GetEnv version=0x00010006
G6-RAW buttons=0x00002000
android[2] trace: MoGaConTrOlLeR :: ....................(KK) MogaController :: Inside nativeOnKeyEvent 

android[2] trace: ....................(KK) MogaController :: Inside nativeOnKeyEvent 108

android[2] trace: MoGaConTrOlLeR :: ....................(KK) Key Event Key Start TTTT .....................

android[2] trace: MoGaConTrOlLeR :: ....................(KK) Key Event Key Down .....................

android[2] trace: MoGaConTrOlLeR :: ....................(KK) Listener Key Press .....................

android[2] trace: MoGaConTrOlLeR :: ....................(KK) AndroidKeyCode :: MogaKeyCode (Start of func) .....................

android[2] trace: MoGaConTrOlLeR :: ....................(KK) AndroidKeyCode :: MogaKeyCode Key Press Start(KeyB) .....................

android[2] trace: MoGaConTrOlLeR :: (KK) MogaController :: Inside nativeOnKeyEvent ....................

G6-MOGA key frame=7695 code=108 state=down
G6-TOUCH cursor=on frame=7695 position=320,240
G6-RAW buttons=0x00000000
android[2] trace: MoGaConTrOlLeR :: ....................(KK) MogaController :: Inside nativeOnKeyEvent 

android[2] trace: ....................(KK) MogaController :: Inside nativeOnKeyEvent 108

android[2] trace: MoGaConTrOlLeR :: ....................(KK) Key Event Key Start TTTT .....................

android[2] trace: MoGaConTrOlLeR :: ....................(KK) Key Event Key up .....................

android[2] trace: MoGaConTrOlLeR :: ....................(KK) Listener Key Release .....................

android[2] trace: MoGaConTrOlLeR :: ....................(KK) AndroidKeyCode :: MogaKeyCode (Start of func) .....................

android[2] trace: MoGaConTrOlLeR :: ....................(KK) AndroidKeyCode :: MogaKeyCode Key Press Start(KeyB) .....................

android[2] trace: MoGaConTrOlLeR :: (KK) MogaController :: Inside nativeOnKeyEvent ....................

G6-MOGA key frame=7705 code=108 state=up
android[6] Sound/SoundManager/error: FMOD result of SoundManager::createSound: An error occured that wasn't supposed to.  Contact support. 

android[5] Sound/SoundManager/warn: SoundManager::createSound - 'ui/ui/btn_easydrive': failure.

android[2] trace: UI play sound: ui/ui/btn_easydrive

G6-TOUCH cursor=auto-off frame=7778 reason=drive-stick
android[2] trace: ....................(KK) MogaController :: Inside NativeOnMotionEvent

android[2] trace: (KK) MogaController :: Inside NativeOnMotionEvent ....................

G6-MOGA motion frame=7779 axes=-32767,0,0,0,0,0
android[5] layouts/warning: LayoutEntity not in cache, reloading: event_details

android[5] layouts/warning: LayoutEntity not in cache, reloading: btn_back_corner2

android[5] layouts/warning: LayoutEntity not in cache, reloading: event_details_speedwall

android[5] layouts/warning: LayoutEntity not in cache, reloading: event_frame

android[5] layouts/warning: LayoutEntity not in cache, reloading: event_details_speedwall_list

android[5] layouts/warning: LayoutEntity not in cache, reloading: event_details_speedwall_entry

android[5] layouts/warning: LayoutEntity not in cache, reloading: results_speedwall_personalbest

android[5] layouts/warning: LayoutEntity not in cache, reloading: new_map_base

android[5] layouts/warning: LayoutEntity not in cache, reloading: scrollbar

android[5] layouts/warning: LayoutEntity not in cache, reloading: scrollbar_thumb

android[5] layouts/warning: LayoutEntity not in cache, reloading: spinner

android[5] layouts/warning: LayoutEntity not in cache, reloading: speedwall_footer

android[5] layouts/warning: LayoutEntity not in cache, reloading: speedwall_header

android[5] layouts/warning: LayoutEntity not in cache, reloading: medal_targets_event_details

android[5] layouts/warning: LayoutEntity not in cache, reloading: hud_achievementnotification_infrontend

android[5] layouts/warning: LayoutEntity not in cache, reloading: hud_line

android[5] layouts/warning: LayoutEntity not in cache, reloading: achievement_icon

android[5] layouts/warning: LayoutEntity not in cache, reloading: profile_player

android[5] layouts/warning: LayoutEntity not in cache, reloading: origin_logged_out

android[5] layouts/warning: LayoutEntity not in cache, reloading: btn_origin_temp

android[5] layouts/warning: LayoutEntity not in cache, reloading: offline_online_indicator

android[5] layouts/warning: LayoutEntity not in cache, reloading: friend_notifications

android[5] layouts/warning: LayoutEntity not in cache, reloading: nav_mogaSelect

android[5] layouts/warning: LayoutEntity not in cache, reloading: masked_line_most_wanted_goals

android[5] layouts/warning: LayoutEntity not in cache, reloading: btn_car_action_large

android[5] layouts/warning: LayoutEntity not in cache, reloading: lower_white_bar

android[5] layouts/warning: SetAnimation: Animation _idle not found in node /[NoID]

android[5] layouts/warning: SetAnimation: Animation _idle not found in node /[NoID]

android[5] layouts/warning: SetAnimation: Animation _idle not found in node /[NoID]

android[5] layouts/warning: SetAnimation: Animation _idle not found in node /[NoID]

android[5] layouts/warning: SetAnimation: Animation _idle not found in node /[NoID]

android[5] layouts/warning: SetAnimation: Animation _idle not found in node /[NoID]

android[5] layouts/warning: SetAnimation: Animation _idle not found in node /[NoID]

android[5] layouts/warning: SetAnimation: Animation _idle not found in node /[NoID]

android[5] layouts/warning: SetAnimation: Animation _idle not found in node /[NoID]

android[5] layouts/warning: SetAnimation: Animation _idle not found in node /[NoID]

android[5] layouts/warning: SetAnimation: Animation _idle not found in node /[NoID]

android[5] layouts/warning: SetAnimation: Animation _idle not found in node /[NoID]

android[6] layouts/error: Unable to locate layout entity: _name_header

android[6] layouts/error: Unable to locate layout entity: _progress_bar

android[2] trace: LayoutScreen::LayoutScreen OptionsSettingsScreen != 0

android[2] trace: A.N. produce offset for race selection screen

android[2] trace: ShowMogaHighlight start

android[2] trace: ShowMogaHighlight 1

android[2] trace: ShowMogaHighlight end

G4-JNI GetEnv version=0x00010002
G4-JNI GetEnv version=0x00010002
G4-JNI GetEnv version=0x00010002
G4-JNI GetEnv version=0x00010002
G4-JNI GetEnv version=0x00010002
G4-JNI GetEnv version=0x00010002
G4-JNI GetEnv version=0x00010002
G4-JNI GetEnv version=0x00010002
G4-JNI GetEnv version=0x00010002
G4-JNI GetEnv version=0x00010002
G4-JNI GetEnv version=0x00010002
G4-JNI GetEnv version=0x00010002
G4-JNI GetEnv version=0x00010002
G4-JNI GetEnv version=0x00010002
G4-JNI GetEnv version=0x00010002
G4-JNI GetEnv version=0x00010002
G4-JNI GetEnv version=0x00010002
G4-JNI GetEnv version=0x00010002
G4-JNI GetEnv version=0x00010002
G4-JNI GetEnv version=0x00010002
G4-JNI GetEnv version=0x00010002
G4-JNI GetEnv version=0x00010002
G4-JNI GetEnv version=0x00010002
G4-JNI GetEnv version=0x00010002
G4-JNI GetEnv version=0x00010002
G4-JNI GetEnv version=0x00010002
G4-JNI GetEnv version=0x00010002
G4-JNI GetEnv version=0x00010002
G4-JNI GetEnv version=0x00010002
G4-JNI GetEnv version=0x00010002
G4-JNI GetEnv version=0x00010002
G4-JNI GetEnv version=0x00010002
G4-JNI GetEnv version=0x00010002
android[2] trace: ....................(KK) MogaController :: Inside NativeOnMotionEvent

android[2] trace: (KK) MogaController :: Inside NativeOnMotionEvent ....................

android[6] Sound/SoundManager/error: FMOD result of SoundManager::createSound: An error occured that wasn't supposed to.  Contact support. 

android[5] Sound/SoundManager/warn: SoundManager::createSound - 'ui/ui/event_menu_in': failure.

android[2] trace: UI play sound: ui/ui/event_menu_in

G4-JNI GetEnv version=0x00010002
G4-JNI GetEnv version=0x00010002
G4-JNI GetEnv version=0x00010002
G4-JNI GetEnv version=0x00010002
G4-JNI GetEnv version=0x00010002
G4-JNI GetEnv version=0x00010002
G4-JNI GetEnv version=0x00010002
G7-FRAME enter=7800
G5-GL STATE frame=7800 framebuffer=0 status=0x8cd5 errors=0
G7-FRAME leave=7800
android[6] Sound/SoundManager/error: FMOD result of SoundManager::createSound: An error occured that wasn't supposed to.  Contact support. 

android[5] Sound/SoundManager/warn: SoundManager::createSound - 'ui/ui/swipe_info': failure.

android[2] trace: UI play sound: ui/ui/swipe_info

android[6] Sound/SoundManager/error: FMOD result of SoundManager::createSound: An error occured that wasn't supposed to.  Contact support. 

android[5] Sound/SoundManager/warn: SoundManager::createSound - 'ui/ui/swipe_info': failure.

android[2] trace: UI play sound: ui/ui/swipe_info

android[5] layouts/warning: SetAnimation: Animation _idle not found in node /[NoID]

G6-RAW buttons=0x00000002
android[2] trace: MoGaConTrOlLeR :: ....................(KK) MogaController :: Inside nativeOnKeyEvent 

android[2] trace: ....................(KK) MogaController :: Inside nativeOnKeyEvent 96

android[2] trace: MoGaConTrOlLeR :: ....................(KK) Key Event Key A AAAA .....................

android[2] trace: MoGaConTrOlLeR :: ....................(KK) Key Event Key Down .....................

android[2] trace: MoGaConTrOlLeR :: ....................(KK) Listener Key Press .....................

android[2] trace: MoGaConTrOlLeR :: ....................(KK) AndroidKeyCode :: MogaKeyCode (Start of func) .....................

android[2] trace: MoGaConTrOlLeR :: ....................(KK) AndroidKeyCode :: MogaKeyCode Key Press A .....................

android[2] trace: MoGaConTrOlLeR :: (KK) MogaController :: Inside nativeOnKeyEvent ....................

G6-MOGA key frame=7926 code=96 state=down
android[6] Sound/SoundManager/error: FMOD result of SoundManager::createSound: An error occured that wasn't supposed to.  Contact support. 

android[5] Sound/SoundManager/warn: SoundManager::createSound - 'ui/ui/btn_accept': failure.

android[2] trace: UI play sound: ui/ui/btn_accept

G6-RAW buttons=0x00000000
android[2] trace: MoGaConTrOlLeR :: ....................(KK) MogaController :: Inside nativeOnKeyEvent 

android[2] trace: ....................(KK) MogaController :: Inside nativeOnKeyEvent 96

android[2] trace: MoGaConTrOlLeR :: ....................(KK) Key Event Key A AAAA .....................

android[2] trace: MoGaConTrOlLeR :: ....................(KK) Key Event Key up .....................

android[2] trace: MoGaConTrOlLeR :: ....................(KK) Listener Key Release .....................

android[2] trace: MoGaConTrOlLeR :: ....................(KK) AndroidKeyCode :: MogaKeyCode (Start of func) .....................

android[2] trace: MoGaConTrOlLeR :: ....................(KK) AndroidKeyCode :: MogaKeyCode Key Press A .....................

android[2] trace: MoGaConTrOlLeR :: (KK) MogaController :: Inside nativeOnKeyEvent ....................

G6-MOGA key frame=7930 code=96 state=up
G4-JNI GetEnv version=0x00010006
android[5] layouts/warning: LayoutEntity not in cache, reloading: car_select_new

android[5] layouts/warning: LayoutEntity not in cache, reloading: spinner

android[5] layouts/warning: LayoutEntity not in cache, reloading: rollout_vingette

android[5] layouts/warning: LayoutEntity not in cache, reloading: car_select_locked

android[5] layouts/warning: LayoutEntity not in cache, reloading: btn_arrow_car_select

android[5] layouts/warning: LayoutEntity not in cache, reloading: btn_car_action_small

android[5] layouts/warning: LayoutEntity not in cache, reloading: btn_uppernav

android[5] layouts/warning: LayoutEntity not in cache, reloading: profile_garage

android[5] layouts/warning: LayoutEntity not in cache, reloading: cash

android[5] layouts/warning: LayoutEntity not in cache, reloading: cash_container

android[5] layouts/warning: LayoutEntity not in cache, reloading: btn_add_cash

android[5] layouts/warning: LayoutEntity not in cache, reloading: btn_class_dropdown

android[5] layouts/warning: LayoutEntity not in cache, reloading: class_frame_dropdown

android[5] layouts/warning: LayoutEntity not in cache, reloading: btn_paint

android[5] layouts/warning: LayoutEntity not in cache, reloading: btn_car_action_large

android[5] layouts/warning: LayoutEntity not in cache, reloading: btn_car_action_buy_temp

android[5] layouts/warning: LayoutEntity not in cache, reloading: car_select_instance

android[5] layouts/warning: LayoutEntity not in cache, reloading: car_select_nfs_edition

android[5] layouts/warning: LayoutEntity not in cache, reloading: car_selector_main_element

android[5] layouts/warning: LayoutEntity not in cache, reloading: car_select_stats_bar

android[5] layouts/warning: LayoutEntity not in cache, reloading: class_bg_frame

android[5] layouts/warning: LayoutEntity not in cache, reloading: nav_moga_highlight

android[5] layouts/warning: LayoutEntity not in cache, reloading: class_menu

android[5] layouts/warning: LayoutEntity not in cache, reloading: btn_class

android[5] layouts/warning: LayoutEntity not in cache, reloading: hud_achievementnotification_infrontend

android[5] layouts/warning: LayoutEntity not in cache, reloading: hud_line

android[5] layouts/warning: LayoutEntity not in cache, reloading: achievement_icon

android[6] layouts/error: Unable to locate layout entity: _icon

android[6] layouts/error: Unable to locate layout entity: _progress_bar

android[2] trace: LayoutScreen::LayoutScreen OptionsSettingsScreen != 0

android[6] layouts/error: Attempted to access invalid layout: car_select_bg

G4-JNI GetEnv version=0x00010002
G4-JNI GetEnv version=0x00010002
G4-JNI GetEnv version=0x00010002
G4-JNI GetEnv version=0x00010002
G4-JNI GetEnv version=0x00010002
G4-JNI GetEnv version=0x00010002
G4-JNI GetEnv version=0x00010002
G4-JNI GetEnv version=0x00010002
G4-JNI GetEnv version=0x00010002
G4-JNI GetEnv version=0x00010002
G4-JNI GetEnv version=0x00010002
G4-JNI GetEnv version=0x00010002
G4-JNI GetEnv version=0x00010002
G4-JNI GetEnv version=0x00010002
G4-JNI GetEnv version=0x00010002
G4-JNI GetEnv version=0x00010002
G4-JNI GetEnv version=0x00010002
G4-JNI GetEnv version=0x00010002
G4-JNI GetEnv version=0x00010002
G4-JNI GetEnv version=0x00010002
G4-JNI GetEnv version=0x00010002
G4-JNI GetEnv version=0x00010002
android[5] warn: WARNING: loading model directly: /published/models/cars/dodge_challenger_srt8_392_2011/dodge_challenger_srt8_392_2011.m3g

android[4] ResourceManager: Add asset: /published/textures/cars/dodge_challenger_srt8_392_2011/texture_dodge_challenger_srt8_392_2011_diffuse_00.sba

android[4] ResourceManager: Add asset: /published/textures/cars/dodge_challenger_srt8_392_2011/texture_dodge_challenger_srt8_392_2011_alpha.sba

android[4] ResourceManager: Add asset: /published/textures/cars/numberplates/texture_numberplate_need4speed.sba

android[4] ResourceManager: Add asset: /published/textures/cars/texture_light_falloff.sba

android[5] warn: WARNING: loading model directly: /published/models/cars/fx_nitro.m3g

android[4] ResourceManager: Add asset: /published/textures/cars/texture_fx_nitro.sba

android[5] warn: WARNING: loading model directly: /published/models/cars/fx_nitro.m3g

android[5] warn: WARNING: loading model directly: /published/models/cars/fx_nitro.m3g

android[5] warn: WARNING: loading model directly: /published/models/cars/fx_nitro.m3g

android[4] ResourceManager: Add asset: /published/brdf/texture_sp_wheels.sba

android[4] ResourceManager: Add asset: /published/textures/cars/numberplates/texture_numberplate_need4speed_reflection.sba

android[4] ResourceManager: Add asset: /published/textures/cars/dodge_challenger_srt8_392_2011/texture_dodge_challenger_srt8_392_2011_alpha_reflection.sba

android[4] ResourceManager: Add asset: /published/textures/cars/dodge_challenger_srt8_392_2011/texture_dodge_challenger_srt8_392_2011_alpha_damage.sba

android[4] ResourceManager: Add asset: /published/textures/cars/damage/texture_scratch.sba

android[5] layouts/warning: SetAnimation: Animation _idle not found in node /[NoID]

android[4] ResourceManager: Add asset: /published/textures/cars/dodge_challenger_srt8_392_2011/texture_dodge_challenger_srt8_392_2011_diffuse_reflection_g
android[4] ResourceManager: loss.sba

android[4] ResourceManager: Add asset: /published/brdf/texture_brdf_gloss_light.sba

android[4] ResourceManager: Add asset: /published/brdf/texture_sp_dodge_challenger_srt8_392_2011_white.sba

android[5] layouts/warning: LayoutEntity not in cache, reloading: generic_yesno_popup

android[5] layouts/warning: LayoutEntity not in cache, reloading: btn_options_large_idle

android[5] layouts/warning: LayoutEntity not in cache, reloading: frame

android[5] layouts/warning: LayoutEntity not in cache, reloading: btn_options_small5

android[5] layouts/warning: LayoutEntity not in cache, reloading: btn_options_large_active

android[5] layouts/warning: LayoutEntity not in cache, reloading: btn_options_large_idle

android[2] trace: LayoutScreen::LayoutScreen OptionsSettingsScreen != 0

android[6] Sound/SoundManager/error: FMOD result of SoundManager::createSound: An error occured that wasn't supposed to.  Contact support. 

android[5] Sound/SoundManager/warn: SoundManager::createSound - 'ui/ui/event_popup': failure.

android[2] trace: UI play sound: ui/ui/event_popup

android[2] trace: ShowMogaHighlight start

android[2] trace: ShowMogaHighlight 1

android[2] trace: ShowMogaHighlight end

G4-JNI GetEnv version=0x00010002
G4-JNI GetEnv version=0x00010002
G4-JNI GetEnv version=0x00010002
G4-JNI GetEnv version=0x00010002
G4-JNI GetEnv version=0x00010002
G4-JNI GetEnv version=0x00010002
G4-JNI GetEnv version=0x00010002
G4-JNI GetEnv version=0x00010002
G4-JNI GetEnv version=0x00010002
G4-JNI GetEnv version=0x00010002
G4-JNI GetEnv version=0x00010002
G4-JNI GetEnv version=0x00010002
G4-JNI GetEnv version=0x00010002
G4-JNI GetEnv version=0x00010002
G4-JNI GetEnv version=0x00010002
G4-JNI GetEnv version=0x00010002
G4-JNI GetEnv version=0x00010002
G4-JNI GetEnv version=0x00010002
G4-JNI GetEnv version=0x00010002
G4-JNI GetEnv version=0x00010002
G4-JNI GetEnv version=0x00010002
G4-JNI GetEnv version=0x00010002
G4-JNI GetEnv version=0x00010002
G4-JNI GetEnv version=0x00010002
G4-JNI GetEnv version=0x00010002
G4-JNI GetEnv version=0x00010002
G4-JNI GetEnv version=0x00010002
G4-JNI GetEnv version=0x00010002
G4-JNI GetEnv version=0x00010002
android[2] trace: [AUTOLOG QUERY] Server: Blaze     Call: /nfs-2013-android/util/ping

G7-FRAME enter=8100
G5-GL STATE frame=8100 framebuffer=0 status=0x8cd5 errors=0
G7-FRAME leave=8100
G6-RAW buttons=0x00000001
android[2] trace: MoGaConTrOlLeR :: ....................(KK) MogaController :: Inside nativeOnKeyEvent 

android[2] trace: ....................(KK) MogaController :: Inside nativeOnKeyEvent 97

android[2] trace: MoGaConTrOlLeR :: ....................(KK) Key Event Key B BBBB .....................

android[2] trace: MoGaConTrOlLeR :: ....................(KK) Key Event Key Down .....................

android[2] trace: MoGaConTrOlLeR :: ....................(KK) Listener Key Press .....................

android[2] trace: MoGaConTrOlLeR :: ....................(KK) AndroidKeyCode :: MogaKeyCode (Start of func) .....................

android[2] trace: MoGaConTrOlLeR :: ....................(KK) AndroidKeyCode :: MogaKeyCode Key Press B .....................

android[2] trace: MoGaConTrOlLeR :: (KK) MogaController :: Inside nativeOnKeyEvent ....................

G6-MOGA key frame=8138 code=97 state=down
android[6] Sound/SoundManager/error: FMOD result of SoundManager::createSound: An error occured that wasn't supposed to.  Contact support. 

android[5] Sound/SoundManager/warn: SoundManager::createSound - 'ui/ui/btn_generic_cancel': failure.

android[2] trace: UI play sound: ui/ui/btn_generic_cancel

android[6] Sound/SoundManager/error: FMOD result of SoundManager::createSound: An error occured that wasn't supposed to.  Contact support. 

android[5] Sound/SoundManager/warn: SoundManager::createSound - 'ui/ui/btn_generic_accept': failure.

android[2] trace: UI play sound: ui/ui/btn_generic_accept

G6-RAW buttons=0x00000000
android[2] trace: MoGaConTrOlLeR :: ....................(KK) MogaController :: Inside nativeOnKeyEvent 

android[2] trace: ....................(KK) MogaController :: Inside nativeOnKeyEvent 97

android[2] trace: MoGaConTrOlLeR :: ....................(KK) Key Event Key B BBBB .....................

android[2] trace: MoGaConTrOlLeR :: ....................(KK) Key Event Key up .....................

android[2] trace: MoGaConTrOlLeR :: ....................(KK) Listener Key Release .....................

android[2] trace: MoGaConTrOlLeR :: ....................(KK) AndroidKeyCode :: MogaKeyCode (Start of func) .....................

android[2] trace: MoGaConTrOlLeR :: ....................(KK) AndroidKeyCode :: MogaKeyCode Key Press B .....................

android[2] trace: MoGaConTrOlLeR :: (KK) MogaController :: Inside nativeOnKeyEvent ....................

G6-MOGA key frame=8140 code=97 state=up
android[5] layouts/warning: SetAnimation: Animation _idle not found in node /[NoID]

android[6] serialization/error: Cannot remove non-existent field PendingUpgrades

G4-JNI GetEnv version=0x00010006
G6-RAW buttons=0x00000800
android[2] trace: ....................(KK) MogaController :: Inside NativeOnMotionEvent

android[2] trace: (KK) MogaController :: Inside NativeOnMotionEvent ....................

G6-MOGA motion frame=8233 axes=32767,0,0,0,0,0
G6-MOGA dpad-as-stick frame=8233 code=22 state=down
G6-RAW buttons=0x00000000
android[2] trace: ....................(KK) MogaController :: Inside NativeOnMotionEvent

android[2] trace: (KK) MogaController :: Inside NativeOnMotionEvent ....................

G6-MOGA dpad-as-stick frame=8242 code=22 state=up
android[2] trace: ....................(KK) MogaController :: Inside NativeOnMotionEvent

android[2] trace: (KK) MogaController :: Inside NativeOnMotionEvent ....................

G6-MOGA motion frame=8282 axes=32767,0,0,0,0,0
android[2] trace: ....................(KK) MogaController :: Inside NativeOnMotionEvent

android[2] trace: (KK) MogaController :: Inside NativeOnMotionEvent ....................

G6-MOGA motion frame=8298 axes=0,0,0,0,0,0
G6-RAW buttons=0x00000020
android[2] trace: MoGaConTrOlLeR :: ....................(KK) MogaController :: Inside nativeOnKeyEvent 

android[2] trace: ....................(KK) MogaController :: Inside nativeOnKeyEvent 103

android[2] trace: MoGaConTrOlLeR :: ....................(KK) Key Event Key R1 1111 .....................

android[2] trace: MoGaConTrOlLeR :: ....................(KK) Key Event Key Down .....................

android[2] trace: MoGaConTrOlLeR :: ....................(KK) Listener Key Press .....................

android[2] trace: MoGaConTrOlLeR :: ....................(KK) AndroidKeyCode :: MogaKeyCode (Start of func) .....................

android[2] trace: MoGaConTrOlLeR :: ....................(KK) AndroidKeyCode :: MogaKeyCode Key Press R1 .....................

android[2] trace: MoGaConTrOlLeR :: (KK) MogaController :: Inside nativeOnKeyEvent ....................

G6-MOGA key frame=8332 code=103 state=down
G6-RAW buttons=0x00000000
android[2] trace: MoGaConTrOlLeR :: ....................(KK) MogaController :: Inside nativeOnKeyEvent 

android[2] trace: ....................(KK) MogaController :: Inside nativeOnKeyEvent 103

android[2] trace: MoGaConTrOlLeR :: ....................(KK) Key Event Key R1 1111 .....................

android[2] trace: MoGaConTrOlLeR :: ....................(KK) Key Event Key up .....................

android[2] trace: MoGaConTrOlLeR :: ....................(KK) Listener Key Release .....................

android[2] trace: MoGaConTrOlLeR :: ....................(KK) AndroidKeyCode :: MogaKeyCode (Start of func) .....................

android[2] trace: MoGaConTrOlLeR :: ....................(KK) AndroidKeyCode :: MogaKeyCode Key Press R1 .....................

android[2] trace: MoGaConTrOlLeR :: (KK) MogaController :: Inside nativeOnKeyEvent ....................

G6-MOGA key frame=8343 code=103 state=up
G6-RAW buttons=0x00000080
android[2] trace: ....................(KK) MogaController :: Inside NativeOnMotionEvent

android[2] trace: (KK) MogaController :: Inside NativeOnMotionEvent ....................

G6-MOGA motion frame=8366 axes=0,0,0,0,0,32767
G6-RAW buttons=0x00000000
android[2] trace: ....................(KK) MogaController :: Inside NativeOnMotionEvent

android[2] trace: (KK) MogaController :: Inside NativeOnMotionEvent ....................

G7-FRAME enter=8400
G5-GL STATE frame=8400 framebuffer=0 status=0x8cd5 errors=0
G7-FRAME leave=8400
G6-RAW buttons=0x00000010
android[2] trace: MoGaConTrOlLeR :: ....................(KK) MogaController :: Inside nativeOnKeyEvent 

android[2] trace: ....................(KK) MogaController :: Inside nativeOnKeyEvent 102

android[2] trace: MoGaConTrOlLeR :: ....................(KK) Key Event Key L1 1111 .....................

android[2] trace: MoGaConTrOlLeR :: ....................(KK) Key Event Key Down .....................

android[2] trace: MoGaConTrOlLeR :: ....................(KK) Listener Key Press .....................

android[2] trace: MoGaConTrOlLeR :: ....................(KK) AndroidKeyCode :: MogaKeyCode (Start of func) .....................

android[2] trace: MoGaConTrOlLeR :: ....................(KK) AndroidKeyCode :: MogaKeyCode Key Press L1 .....................

android[2] trace: MoGaConTrOlLeR :: (KK) MogaController :: Inside nativeOnKeyEvent ....................

G6-MOGA key frame=8408 code=102 state=down
G6-RAW buttons=0x00000000
android[2] trace: MoGaConTrOlLeR :: ....................(KK) MogaController :: Inside nativeOnKeyEvent 

android[2] trace: ....................(KK) MogaController :: Inside nativeOnKeyEvent 102

android[2] trace: MoGaConTrOlLeR :: ....................(KK) Key Event Key L1 1111 .....................

android[2] trace: MoGaConTrOlLeR :: ....................(KK) Key Event Key up .....................

android[2] trace: MoGaConTrOlLeR :: ....................(KK) Listener Key Release .....................

android[2] trace: MoGaConTrOlLeR :: ....................(KK) AndroidKeyCode :: MogaKeyCode (Start of func) .....................

android[2] trace: MoGaConTrOlLeR :: ....................(KK) AndroidKeyCode :: MogaKeyCode Key Press L1 .....................

android[2] trace: MoGaConTrOlLeR :: (KK) MogaController :: Inside nativeOnKeyEvent ....................

G6-MOGA key frame=8417 code=102 state=up
android[2] trace: ....................(KK) MogaController :: Inside NativeOnMotionEvent

android[2] trace: (KK) MogaController :: Inside NativeOnMotionEvent ....................

G6-MOGA motion frame=8430 axes=32767,0,0,0,0,0
android[2] trace: ....................(KK) MogaController :: Inside NativeOnMotionEvent

android[2] trace: (KK) MogaController :: Inside NativeOnMotionEvent ....................

G4-JNI GetEnv version=0x00010006
G6-RAW buttons=0x00000002
android[2] trace: MoGaConTrOlLeR :: ....................(KK) MogaController :: Inside nativeOnKeyEvent 

android[2] trace: ....................(KK) MogaController :: Inside nativeOnKeyEvent 96

android[2] trace: MoGaConTrOlLeR :: ....................(KK) Key Event Key A AAAA .....................

android[2] trace: MoGaConTrOlLeR :: ....................(KK) Key Event Key Down .....................

android[2] trace: MoGaConTrOlLeR :: ....................(KK) Listener Key Press .....................

android[2] trace: MoGaConTrOlLeR :: ....................(KK) AndroidKeyCode :: MogaKeyCode (Start of func) .....................

android[2] trace: MoGaConTrOlLeR :: ....................(KK) AndroidKeyCode :: MogaKeyCode Key Press A .....................

android[2] trace: MoGaConTrOlLeR :: (KK) MogaController :: Inside nativeOnKeyEvent ....................

G6-MOGA key frame=8473 code=96 state=down
android[6] error: Node /menus/garage/garage_select_car has no output for CLASS_FILTER_SPORTS. Ignoring

android[6] Sound/SoundManager/error: FMOD result of SoundManager::createSound: An error occured that wasn't supposed to.  Contact support. 

android[5] Sound/SoundManager/warn: SoundManager::createSound - 'ui/ui/btn_generic_accept': failure.

android[2] trace: UI play sound: ui/ui/btn_generic_accept

G4-JNI GetEnv version=0x00010002
G4-JNI GetEnv version=0x00010002
G4-JNI GetEnv version=0x00010002
G4-JNI GetEnv version=0x00010002
G4-JNI GetEnv version=0x00010002
G4-JNI GetEnv version=0x00010002
G4-JNI GetEnv version=0x00010002
G4-JNI GetEnv version=0x00010002
G4-JNI GetEnv version=0x00010002
G4-JNI GetEnv version=0x00010002
G4-JNI GetEnv version=0x00010002
G4-JNI GetEnv version=0x00010002
G4-JNI GetEnv version=0x00010002
G4-JNI GetEnv version=0x00010002
G4-JNI GetEnv version=0x00010002
G4-JNI GetEnv version=0x00010002
G6-RAW buttons=0x00000000
android[2] trace: MoGaConTrOlLeR :: ....................(KK) MogaController :: Inside nativeOnKeyEvent 

android[2] trace: ....................(KK) MogaController :: Inside nativeOnKeyEvent 96

android[2] trace: MoGaConTrOlLeR :: ....................(KK) Key Event Key A AAAA .....................

android[2] trace: MoGaConTrOlLeR :: ....................(KK) Key Event Key up .....................

android[2] trace: MoGaConTrOlLeR :: ....................(KK) Listener Key Release .....................

android[2] trace: MoGaConTrOlLeR :: ....................(KK) AndroidKeyCode :: MogaKeyCode (Start of func) .....................

android[2] trace: MoGaConTrOlLeR :: ....................(KK) AndroidKeyCode :: MogaKeyCode Key Press A .....................

android[2] trace: MoGaConTrOlLeR :: (KK) MogaController :: Inside nativeOnKeyEvent ....................

G6-MOGA key frame=8475 code=96 state=up
android[4] ResourceManager: Remove asset: /published/textures/cars/texture_fx_nitro.sba

android[4] ResourceManager: Remove asset: /published/textures/cars/texture_light_falloff.sba

android[4] ResourceManager: Remove asset: /published/textures/cars/dodge_challenger_srt8_392_2011/texture_dodge_challenger_srt8_392_2011_alpha_damage.sba

android[4] ResourceManager: Remove asset: /published/textures/cars/dodge_challenger_srt8_392_2011/texture_dodge_challenger_srt8_392_2011_alpha.sba

android[4] ResourceManager: Remove asset: /published/textures/cars/dodge_challenger_srt8_392_2011/texture_dodge_challenger_srt8_392_2011_alpha_reflection.
android[4] ResourceManager: sba

android[4] ResourceManager: Remove asset: /published/textures/cars/numberplates/texture_numberplate_need4speed_reflection.sba

android[4] ResourceManager: Remove asset: /published/brdf/texture_sp_wheels.sba

android[4] ResourceManager: Remove asset: /published/textures/cars/numberplates/texture_numberplate_need4speed.sba

android[4] ResourceManager: Remove asset: /published/brdf/texture_brdf_gloss_light.sba

android[4] ResourceManager: Remove asset: /published/textures/cars/damage/texture_scratch.sba

android[4] ResourceManager: Remove asset: /published/textures/cars/dodge_challenger_srt8_392_2011/texture_dodge_challenger_srt8_392_2011_diffuse_reflectio
android[4] ResourceManager: n_gloss.sba

android[4] ResourceManager: Remove asset: /published/brdf/texture_sp_dodge_challenger_srt8_392_2011_white.sba

android[4] ResourceManager: Remove asset: /published/textures/cars/dodge_challenger_srt8_392_2011/texture_dodge_challenger_srt8_392_2011_diffuse_00.sba

G4-JNI GetEnv version=0x00010002
G4-JNI GetEnv version=0x00010002
G4-JNI GetEnv version=0x00010002
G4-JNI GetEnv version=0x00010002
G4-JNI GetEnv version=0x00010002
G4-JNI GetEnv version=0x00010002
G4-JNI GetEnv version=0x00010002
android[5] warn: WARNING: loading model directly: /published/models/cars/tesla_roadster_25s_2011/tesla_roadster_25s_2011.m3g

android[6] Sound/SoundManager/error: FMOD result of SoundManager::createSound: An error occured that wasn't supposed to.  Contact support. 

android[5] Sound/SoundManager/warn: SoundManager::createSound - 'ui/ui/btn_generic': failure.

android[2] trace: UI play sound: ui/ui/btn_generic

android[5] layouts/warning: LayoutEntity not in cache, reloading: generic_yesno_popup

android[5] layouts/warning: LayoutEntity not in cache, reloading: btn_options_large_idle

android[5] layouts/warning: LayoutEntity not in cache, reloading: frame

android[5] layouts/warning: LayoutEntity not in cache, reloading: btn_options_small5

android[5] layouts/warning: LayoutEntity not in cache, reloading: btn_options_large_active

android[5] layouts/warning: LayoutEntity not in cache, reloading: btn_options_large_idle

android[4] ResourceManager: Add asset: /published/textures/cars/tesla_roadster_25s_2011/texture_tesla_roadster_25s_2011_diffuse_00.sba

android[2] trace: LayoutScreen::LayoutScreen OptionsSettingsScreen != 0

android[4] ResourceManager: Add asset: /published/textures/cars/tesla_roadster_25s_2011/texture_tesla_roadster_25s_2011_alpha.sba

android[6] Sound/SoundManager/error: FMOD result of SoundManager::createSound: An error occured that wasn't supposed to.  Contact support. 

android[5] Sound/SoundManager/warn: SoundManager::createSound - 'ui/ui/event_popup': failure.

android[2] trace: UI play sound: ui/ui/event_popup

android[2] trace: ShowMogaHighlight start

android[2] trace: ShowMogaHighlight 1

android[2] trace: ShowMogaHighlight end

G4-JNI GetEnv version=0x00010002
G4-JNI GetEnv version=0x00010002
G4-JNI GetEnv version=0x00010002
G4-JNI GetEnv version=0x00010002
G4-JNI GetEnv version=0x00010002
G4-JNI GetEnv version=0x00010002
G4-JNI GetEnv version=0x00010002
G4-JNI GetEnv version=0x00010002
G4-JNI GetEnv version=0x00010002
G4-JNI GetEnv version=0x00010002
G4-JNI GetEnv version=0x00010002
G4-JNI GetEnv version=0x00010002
G4-JNI GetEnv version=0x00010002
G4-JNI GetEnv version=0x00010002
G4-JNI GetEnv version=0x00010002
G4-JNI GetEnv version=0x00010002
G4-JNI GetEnv version=0x00010002
G4-JNI GetEnv version=0x00010002
G4-JNI GetEnv version=0x00010002
android[4] ResourceManager: Add asset: /published/textures/cars/texture_light_falloff.sba

android[4] ResourceManager: Add asset: /published/textures/cars/numberplates/texture_numberplate_need4speed.sba

android[4] ResourceManager: Add asset: /published/textures/cars/damage/texture_scratch.sba

android[4] ResourceManager: Add asset: /published/brdf/texture_sp_wheels.sba

android[4] ResourceManager: Add asset: /published/textures/cars/tesla_roadster_25s_2011/texture_tesla_roadster_25s_2011_alpha_reflection.sba

android[4] ResourceManager: Add asset: /published/textures/cars/tesla_roadster_25s_2011/texture_tesla_roadster_25s_2011_alpha_damage.sba

android[4] ResourceManager: Add asset: /published/textures/cars/numberplates/texture_numberplate_need4speed_reflection.sba

android[4] ResourceManager: Add asset: /published/textures/cars/tesla_roadster_25s_2011/texture_tesla_roadster_25s_2011_diffuse_reflection_gloss.sba

android[4] ResourceManager: Add asset: /published/brdf/texture_brdf_gloss_light.sba

android[4] ResourceManager: Add asset: /published/brdf/texture_sp_gloss.sba

G6-RAW buttons=0x00000001
android[2] trace: MoGaConTrOlLeR :: ....................(KK) MogaController :: Inside nativeOnKeyEvent 

android[2] trace: ....................(KK) MogaController :: Inside nativeOnKeyEvent 97

android[2] trace: MoGaConTrOlLeR :: ....................(KK) Key Event Key B BBBB .....................

android[2] trace: MoGaConTrOlLeR :: ....................(KK) Key Event Key Down .....................

android[2] trace: MoGaConTrOlLeR :: ....................(KK) Listener Key Press .....................

android[2] trace: MoGaConTrOlLeR :: ....................(KK) AndroidKeyCode :: MogaKeyCode (Start of func) .....................

android[2] trace: MoGaConTrOlLeR :: ....................(KK) AndroidKeyCode :: MogaKeyCode Key Press B .....................

android[2] trace: MoGaConTrOlLeR :: (KK) MogaController :: Inside nativeOnKeyEvent ....................

G6-MOGA key frame=8553 code=97 state=down
android[6] Sound/SoundManager/error: FMOD result of SoundManager::createSound: An error occured that wasn't supposed to.  Contact support. 

android[5] Sound/SoundManager/warn: SoundManager::createSound - 'ui/ui/btn_generic_cancel': failure.

android[2] trace: UI play sound: ui/ui/btn_generic_cancel

android[6] Sound/SoundManager/error: FMOD result of SoundManager::createSound: An error occured that wasn't supposed to.  Contact support. 

android[5] Sound/SoundManager/warn: SoundManager::createSound - 'ui/ui/btn_generic_accept': failure.

android[2] trace: UI play sound: ui/ui/btn_generic_accept

G6-RAW buttons=0x00000000
android[2] trace: MoGaConTrOlLeR :: ....................(KK) MogaController :: Inside nativeOnKeyEvent 

android[2] trace: ....................(KK) MogaController :: Inside nativeOnKeyEvent 97

android[2] trace: MoGaConTrOlLeR :: ....................(KK) Key Event Key B BBBB .....................

android[2] trace: MoGaConTrOlLeR :: ....................(KK) Key Event Key up .....................

android[2] trace: MoGaConTrOlLeR :: ....................(KK) Listener Key Release .....................

android[2] trace: MoGaConTrOlLeR :: ....................(KK) AndroidKeyCode :: MogaKeyCode (Start of func) .....................

android[2] trace: MoGaConTrOlLeR :: ....................(KK) AndroidKeyCode :: MogaKeyCode Key Press B .....................

android[2] trace: MoGaConTrOlLeR :: (KK) MogaController :: Inside nativeOnKeyEvent ....................

G6-MOGA key frame=8555 code=97 state=up
android[5] layouts/warning: SetAnimation: Animation _idle not found in node /[NoID]

android[2] trace: [AUTOLOG QUERY] Server: Blaze     Call: /nfs-2013-android/util/ping

G6-RAW buttons=0x00000400
android[2] trace: ....................(KK) MogaController :: Inside NativeOnMotionEvent

android[2] trace: (KK) MogaController :: Inside NativeOnMotionEvent ....................

G6-MOGA motion frame=8619 axes=-32767,0,0,0,0,0
G6-MOGA dpad-as-stick frame=8619 code=21 state=down
G6-RAW buttons=0x00000000
android[2] trace: ....................(KK) MogaController :: Inside NativeOnMotionEvent

android[2] trace: (KK) MogaController :: Inside NativeOnMotionEvent ....................

G6-MOGA dpad-as-stick frame=8630 code=21 state=up
android[2] trace: ....................(KK) MogaController :: Inside NativeOnMotionEvent

android[2] trace: (KK) MogaController :: Inside NativeOnMotionEvent ....................

G6-MOGA motion frame=8677 axes=-32767,0,0,0,0,0
android[2] trace: ....................(KK) MogaController :: Inside NativeOnMotionEvent

android[2] trace: (KK) MogaController :: Inside NativeOnMotionEvent ....................

G7-FRAME enter=8700
G5-GL STATE frame=8700 framebuffer=0 status=0x8cd5 errors=0
G7-FRAME leave=8700
G6-RAW buttons=0x00000001
android[2] trace: MoGaConTrOlLeR :: ....................(KK) MogaController :: Inside nativeOnKeyEvent 

android[2] trace: ....................(KK) MogaController :: Inside nativeOnKeyEvent 97

android[2] trace: MoGaConTrOlLeR :: ....................(KK) Key Event Key B BBBB .....................

android[2] trace: MoGaConTrOlLeR :: ....................(KK) Key Event Key Down .....................

android[2] trace: MoGaConTrOlLeR :: ....................(KK) Listener Key Press .....................

android[2] trace: MoGaConTrOlLeR :: ....................(KK) AndroidKeyCode :: MogaKeyCode (Start of func) .....................

android[2] trace: MoGaConTrOlLeR :: ....................(KK) AndroidKeyCode :: MogaKeyCode Key Press B .....................

android[2] trace: MoGaConTrOlLeR :: (KK) MogaController :: Inside nativeOnKeyEvent ....................

G6-MOGA key frame=8701 code=97 state=down
android[6] Sound/SoundManager/error: FMOD result of SoundManager::createSound: An error occured that wasn't supposed to.  Contact support. 

android[5] Sound/SoundManager/warn: SoundManager::createSound - 'ui/ui/btn_generic_back': failure.

android[2] trace: UI play sound: ui/ui/btn_generic_back

G4-JNI GetEnv version=0x00010006
G6-RAW buttons=0x00000000
android[2] trace: MoGaConTrOlLeR :: ....................(KK) MogaController :: Inside nativeOnKeyEvent 

android[2] trace: ....................(KK) MogaController :: Inside nativeOnKeyEvent 97

android[2] trace: MoGaConTrOlLeR :: ....................(KK) Key Event Key B BBBB .....................

android[2] trace: MoGaConTrOlLeR :: ....................(KK) Key Event Key up .....................

android[2] trace: MoGaConTrOlLeR :: ....................(KK) Listener Key Release .....................

android[2] trace: MoGaConTrOlLeR :: ....................(KK) AndroidKeyCode :: MogaKeyCode (Start of func) .....................

android[2] trace: MoGaConTrOlLeR :: ....................(KK) AndroidKeyCode :: MogaKeyCode Key Press B .....................

android[2] trace: MoGaConTrOlLeR :: (KK) MogaController :: Inside nativeOnKeyEvent ....................

G6-MOGA key frame=8704 code=97 state=up
android[5] layouts/warning: LayoutEntity not in cache, reloading: event_details

android[5] layouts/warning: LayoutEntity not in cache, reloading: btn_back_corner2

android[5] layouts/warning: LayoutEntity not in cache, reloading: event_details_speedwall

android[5] layouts/warning: LayoutEntity not in cache, reloading: event_frame

android[5] layouts/warning: LayoutEntity not in cache, reloading: event_details_speedwall_list

android[5] layouts/warning: LayoutEntity not in cache, reloading: event_details_speedwall_entry

android[5] layouts/warning: LayoutEntity not in cache, reloading: results_speedwall_personalbest

android[5] layouts/warning: LayoutEntity not in cache, reloading: new_map_base

android[5] layouts/warning: LayoutEntity not in cache, reloading: scrollbar

android[5] layouts/warning: LayoutEntity not in cache, reloading: scrollbar_thumb

android[5] layouts/warning: LayoutEntity not in cache, reloading: spinner

android[5] layouts/warning: LayoutEntity not in cache, reloading: speedwall_footer

android[5] layouts/warning: LayoutEntity not in cache, reloading: speedwall_header

android[5] layouts/warning: LayoutEntity not in cache, reloading: medal_targets_event_details

android[5] layouts/warning: LayoutEntity not in cache, reloading: hud_achievementnotification_infrontend

android[5] layouts/warning: LayoutEntity not in cache, reloading: hud_line

android[5] layouts/warning: LayoutEntity not in cache, reloading: achievement_icon

android[5] layouts/warning: LayoutEntity not in cache, reloading: profile_player

android[5] layouts/warning: LayoutEntity not in cache, reloading: origin_logged_out

android[5] layouts/warning: LayoutEntity not in cache, reloading: btn_origin_temp

android[5] layouts/warning: LayoutEntity not in cache, reloading: offline_online_indicator

android[5] layouts/warning: LayoutEntity not in cache, reloading: friend_notifications

android[5] layouts/warning: LayoutEntity not in cache, reloading: nav_mogaSelect

android[5] layouts/warning: LayoutEntity not in cache, reloading: masked_line_most_wanted_goals

android[5] layouts/warning: LayoutEntity not in cache, reloading: btn_car_action_large

android[5] layouts/warning: LayoutEntity not in cache, reloading: lower_white_bar

android[5] layouts/warning: SetAnimation: Animation _idle not found in node /[NoID]

android[5] layouts/warning: SetAnimation: Animation _idle not found in node /[NoID]

android[5] layouts/warning: SetAnimation: Animation _idle not found in node /[NoID]

android[5] layouts/warning: SetAnimation: Animation _idle not found in node /[NoID]

android[5] layouts/warning: SetAnimation: Animation _idle not found in node /[NoID]

android[5] layouts/warning: SetAnimation: Animation _idle not found in node /[NoID]

android[5] layouts/warning: SetAnimation: Animation _idle not found in node /[NoID]

android[5] layouts/warning: SetAnimation: Animation _idle not found in node /[NoID]

android[5] layouts/warning: SetAnimation: Animation _idle not found in node /[NoID]

android[5] layouts/warning: SetAnimation: Animation _idle not found in node /[NoID]

android[5] layouts/warning: SetAnimation: Animation _idle not found in node /[NoID]

android[5] layouts/warning: SetAnimation: Animation _idle not found in node /[NoID]

android[6] layouts/error: Unable to locate layout entity: _name_header

android[6] layouts/error: Unable to locate layout entity: _progress_bar

android[2] trace: LayoutScreen::LayoutScreen OptionsSettingsScreen != 0

android[2] trace: A.N. produce offset for race selection screen

android[2] trace: ShowMogaHighlight start

android[2] trace: ShowMogaHighlight 1

android[2] trace: ShowMogaHighlight end

android[5] layouts/warning: SetAnimation: Animation _idle not found in node /[NoID]

G6-RAW buttons=0x00000002
android[2] trace: MoGaConTrOlLeR :: ....................(KK) MogaController :: Inside nativeOnKeyEvent 

android[2] trace: ....................(KK) MogaController :: Inside nativeOnKeyEvent 96

android[2] trace: MoGaConTrOlLeR :: ....................(KK) Key Event Key A AAAA .....................

android[2] trace: MoGaConTrOlLeR :: ....................(KK) Key Event Key Down .....................

android[2] trace: MoGaConTrOlLeR :: ....................(KK) Listener Key Press .....................

android[2] trace: MoGaConTrOlLeR :: ....................(KK) AndroidKeyCode :: MogaKeyCode (Start of func) .....................

android[2] trace: MoGaConTrOlLeR :: ....................(KK) AndroidKeyCode :: MogaKeyCode Key Press A .....................

android[2] trace: MoGaConTrOlLeR :: (KK) MogaController :: Inside nativeOnKeyEvent ....................

G6-MOGA key frame=8786 code=96 state=down
android[6] Sound/SoundManager/error: FMOD result of SoundManager::createSound: An error occured that wasn't supposed to.  Contact support. 

android[5] Sound/SoundManager/warn: SoundManager::createSound - 'ui/ui/btn_accept': failure.

android[2] trace: UI play sound: ui/ui/btn_accept

G6-RAW buttons=0x00000000
android[2] trace: MoGaConTrOlLeR :: ....................(KK) MogaController :: Inside nativeOnKeyEvent 

android[2] trace: ....................(KK) MogaController :: Inside nativeOnKeyEvent 96

android[2] trace: MoGaConTrOlLeR :: ....................(KK) Key Event Key A AAAA .....................

android[2] trace: MoGaConTrOlLeR :: ....................(KK) Key Event Key up .....................

android[2] trace: MoGaConTrOlLeR :: ....................(KK) Listener Key Release .....................

android[2] trace: MoGaConTrOlLeR :: ....................(KK) AndroidKeyCode :: MogaKeyCode (Start of func) .....................

android[2] trace: MoGaConTrOlLeR :: ....................(KK) AndroidKeyCode :: MogaKeyCode Key Press A .....................

android[2] trace: MoGaConTrOlLeR :: (KK) MogaController :: Inside nativeOnKeyEvent ....................

G6-MOGA key frame=8788 code=96 state=up
android[5] layouts/warning: LayoutEntity not in cache, reloading: car_select_new

android[5] layouts/warning: LayoutEntity not in cache, reloading: spinner

android[5] layouts/warning: LayoutEntity not in cache, reloading: rollout_vingette

android[5] layouts/warning: LayoutEntity not in cache, reloading: car_select_locked

android[5] layouts/warning: LayoutEntity not in cache, reloading: btn_arrow_car_select

android[5] layouts/warning: LayoutEntity not in cache, reloading: btn_car_action_small

android[5] layouts/warning: LayoutEntity not in cache, reloading: btn_uppernav

android[5] layouts/warning: LayoutEntity not in cache, reloading: profile_garage

android[5] layouts/warning: LayoutEntity not in cache, reloading: cash

android[5] layouts/warning: LayoutEntity not in cache, reloading: cash_container

android[5] layouts/warning: LayoutEntity not in cache, reloading: btn_add_cash

android[5] layouts/warning: LayoutEntity not in cache, reloading: btn_class_dropdown

android[5] layouts/warning: LayoutEntity not in cache, reloading: class_frame_dropdown

android[5] layouts/warning: LayoutEntity not in cache, reloading: btn_paint

android[5] layouts/warning: LayoutEntity not in cache, reloading: btn_car_action_large

android[5] layouts/warning: LayoutEntity not in cache, reloading: btn_car_action_buy_temp

android[5] layouts/warning: LayoutEntity not in cache, reloading: car_select_instance

android[5] layouts/warning: LayoutEntity not in cache, reloading: car_select_nfs_edition

android[5] layouts/warning: LayoutEntity not in cache, reloading: car_selector_main_element

android[5] layouts/warning: LayoutEntity not in cache, reloading: car_select_stats_bar

android[5] layouts/warning: LayoutEntity not in cache, reloading: class_bg_frame

android[5] layouts/warning: LayoutEntity not in cache, reloading: nav_moga_highlight

android[5] layouts/warning: LayoutEntity not in cache, reloading: class_menu

android[5] layouts/warning: LayoutEntity not in cache, reloading: btn_class

android[5] layouts/warning: LayoutEntity not in cache, reloading: hud_achievementnotification_infrontend

android[5] layouts/warning: LayoutEntity not in cache, reloading: hud_line

android[5] layouts/warning: LayoutEntity not in cache, reloading: achievement_icon

android[6] layouts/error: Unable to locate layout entity: _icon

android[6] layouts/error: Unable to locate layout entity: _progress_bar

android[2] trace: LayoutScreen::LayoutScreen OptionsSettingsScreen != 0

android[6] layouts/error: Attempted to access invalid layout: car_select_bg

android[4] ResourceManager: Remove asset: /published/textures/cars/texture_light_falloff.sba

android[4] ResourceManager: Remove asset: /published/textures/cars/numberplates/texture_numberplate_need4speed_reflection.sba

android[4] ResourceManager: Remove asset: /published/textures/cars/numberplates/texture_numberplate_need4speed.sba

android[4] ResourceManager: Remove asset: /published/brdf/texture_sp_wheels.sba

android[4] ResourceManager: Remove asset: /published/textures/cars/tesla_roadster_25s_2011/texture_tesla_roadster_25s_2011_alpha_damage.sba

android[4] ResourceManager: Remove asset: /published/textures/cars/tesla_roadster_25s_2011/texture_tesla_roadster_25s_2011_alpha.sba

android[4] ResourceManager: Remove asset: /published/textures/cars/tesla_roadster_25s_2011/texture_tesla_roadster_25s_2011_alpha_reflection.sba

android[4] ResourceManager: Remove asset: /published/brdf/texture_brdf_gloss_light.sba

android[4] ResourceManager: Remove asset: /published/textures/cars/damage/texture_scratch.sba

android[4] ResourceManager: Remove asset: /published/textures/cars/tesla_roadster_25s_2011/texture_tesla_roadster_25s_2011_diffuse_reflection_gloss.sba

android[4] ResourceManager: Remove asset: /published/brdf/texture_sp_gloss.sba

android[4] ResourceManager: Remove asset: /published/textures/cars/tesla_roadster_25s_2011/texture_tesla_roadster_25s_2011_diffuse_00.sba

android[5] warn: WARNING: loading model directly: /published/models/cars/dodge_challenger_srt8_392_2011/dodge_challenger_srt8_392_2011.m3g

android[4] ResourceManager: Add asset: /published/textures/cars/dodge_challenger_srt8_392_2011/texture_dodge_challenger_srt8_392_2011_diffuse_00.sba

android[4] ResourceManager: Add asset: /published/textures/cars/dodge_challenger_srt8_392_2011/texture_dodge_challenger_srt8_392_2011_alpha.sba

android[4] ResourceManager: Add asset: /published/textures/cars/numberplates/texture_numberplate_need4speed.sba

android[4] ResourceManager: Add asset: /published/textures/cars/texture_light_falloff.sba

android[5] warn: WARNING: loading model directly: /published/models/cars/fx_nitro.m3g

android[4] ResourceManager: Add asset: /published/textures/cars/texture_fx_nitro.sba

android[5] warn: WARNING: loading model directly: /published/models/cars/fx_nitro.m3g

android[5] warn: WARNING: loading model directly: /published/models/cars/fx_nitro.m3g

android[5] warn: WARNING: loading model directly: /published/models/cars/fx_nitro.m3g

android[4] ResourceManager: Add asset: /published/textures/cars/damage/texture_scratch.sba

android[4] ResourceManager: Add asset: /published/brdf/texture_sp_wheels.sba

android[4] ResourceManager: Add asset: /published/textures/cars/numberplates/texture_numberplate_need4speed_reflection.sba

android[4] ResourceManager: Add asset: /published/textures/cars/dodge_challenger_srt8_392_2011/texture_dodge_challenger_srt8_392_2011_alpha_reflection.sba

android[4] ResourceManager: Add asset: /published/textures/cars/dodge_challenger_srt8_392_2011/texture_dodge_challenger_srt8_392_2011_alpha_damage.sba

android[4] ResourceManager: Add asset: /published/textures/cars/dodge_challenger_srt8_392_2011/texture_dodge_challenger_srt8_392_2011_diffuse_reflection_g
android[4] ResourceManager: loss.sba

android[4] ResourceManager: Add asset: /published/brdf/texture_brdf_gloss_light.sba

android[4] ResourceManager: Add asset: /published/brdf/texture_sp_dodge_challenger_srt8_392_2011_white.sba

android[5] layouts/warning: SetAnimation: Animation _idle not found in node /[NoID]

G6-RAW buttons=0x00000002
android[2] trace: MoGaConTrOlLeR :: ....................(KK) MogaController :: Inside nativeOnKeyEvent 

android[2] trace: ....................(KK) MogaController :: Inside nativeOnKeyEvent 96

android[2] trace: MoGaConTrOlLeR :: ....................(KK) Key Event Key A AAAA .....................

android[2] trace: MoGaConTrOlLeR :: ....................(KK) Key Event Key Down .....................

android[2] trace: MoGaConTrOlLeR :: ....................(KK) Listener Key Press .....................

android[2] trace: MoGaConTrOlLeR :: ....................(KK) AndroidKeyCode :: MogaKeyCode (Start of func) .....................

android[2] trace: MoGaConTrOlLeR :: ....................(KK) AndroidKeyCode :: MogaKeyCode Key Press A .....................

android[2] trace: MoGaConTrOlLeR :: (KK) MogaController :: Inside nativeOnKeyEvent ....................

G6-MOGA key frame=8910 code=96 state=down
android[6] error: Node /menus/garage/garage_select_car has no output for CLASS_FILTER_SUPER. Ignoring

android[6] Sound/SoundManager/error: FMOD result of SoundManager::createSound: An error occured that wasn't supposed to.  Contact support. 

android[5] Sound/SoundManager/warn: SoundManager::createSound - 'ui/ui/btn_generic_accept': failure.

android[2] trace: UI play sound: ui/ui/btn_generic_accept

G4-JNI GetEnv version=0x00010002
G4-JNI GetEnv version=0x00010002
G4-JNI GetEnv version=0x00010002
G4-JNI GetEnv version=0x00010002
G4-JNI GetEnv version=0x00010002
G4-JNI GetEnv version=0x00010002
G4-JNI GetEnv version=0x00010002
G4-JNI GetEnv version=0x00010002
G4-JNI GetEnv version=0x00010002
G4-JNI GetEnv version=0x00010002
G4-JNI GetEnv version=0x00010002
G4-JNI GetEnv version=0x00010002
G4-JNI GetEnv version=0x00010002
G4-JNI GetEnv version=0x00010002
G4-JNI GetEnv version=0x00010002
G4-JNI GetEnv version=0x00010002
G4-JNI GetEnv version=0x00010002
G4-JNI GetEnv version=0x00010002
G4-JNI GetEnv version=0x00010002
G4-JNI GetEnv version=0x00010002
G4-JNI GetEnv version=0x00010002
G4-JNI GetEnv version=0x00010002
G4-JNI GetEnv version=0x00010002
G4-JNI GetEnv version=0x00010002
G4-JNI GetEnv version=0x00010002
G4-JNI GetEnv version=0x00010002
G4-JNI GetEnv version=0x00010002
G4-JNI GetEnv version=0x00010002
G4-JNI GetEnv version=0x00010002
G4-JNI GetEnv version=0x00010002
G4-JNI GetEnv version=0x00010002
G4-JNI GetEnv version=0x00010002
G4-JNI GetEnv version=0x00010002
G4-JNI GetEnv version=0x00010002
G4-JNI GetEnv version=0x00010002
G4-JNI GetEnv version=0x00010002
G4-JNI GetEnv version=0x00010002
G4-JNI GetEnv version=0x00010002
G4-JNI GetEnv version=0x00010002
G4-JNI GetEnv version=0x00010002
G4-JNI GetEnv version=0x00010002
G4-JNI GetEnv version=0x00010002
G4-JNI GetEnv version=0x00010002
android[4] ResourceManager: Remove asset: /published/textures/cars/texture_fx_nitro.sba

android[4] ResourceManager: Remove asset: /published/textures/cars/texture_light_falloff.sba

android[4] ResourceManager: Remove asset: /published/textures/cars/dodge_challenger_srt8_392_2011/texture_dodge_challenger_srt8_392_2011_alpha_damage.sba

android[4] ResourceManager: Remove asset: /published/textures/cars/dodge_challenger_srt8_392_2011/texture_dodge_challenger_srt8_392_2011_alpha.sba

android[4] ResourceManager: Remove asset: /published/textures/cars/dodge_challenger_srt8_392_2011/texture_dodge_challenger_srt8_392_2011_alpha_reflection.
android[4] ResourceManager: sba

android[4] ResourceManager: Remove asset: /published/textures/cars/numberplates/texture_numberplate_need4speed_reflection.sba

android[4] ResourceManager: Remove asset: /published/brdf/texture_sp_wheels.sba

android[4] ResourceManager: Remove asset: /published/textures/cars/numberplates/texture_numberplate_need4speed.sba

android[4] ResourceManager: Remove asset: /published/brdf/texture_brdf_gloss_light.sba

android[4] ResourceManager: Remove asset: /published/textures/cars/damage/texture_scratch.sba

android[4] ResourceManager: Remove asset: /published/textures/cars/dodge_challenger_srt8_392_2011/texture_dodge_challenger_srt8_392_2011_diffuse_reflectio
android[4] ResourceManager: n_gloss.sba

android[4] ResourceManager: Remove asset: /published/brdf/texture_sp_dodge_challenger_srt8_392_2011_white.sba

android[4] ResourceManager: Remove asset: /published/textures/cars/dodge_challenger_srt8_392_2011/texture_dodge_challenger_srt8_392_2011_diffuse_00.sba

G6-RAW buttons=0x00000000
android[2] trace: MoGaConTrOlLeR :: ....................(KK) MogaController :: Inside nativeOnKeyEvent 

android[2] trace: ....................(KK) MogaController :: Inside nativeOnKeyEvent 96

android[2] trace: MoGaConTrOlLeR :: ....................(KK) Key Event Key A AAAA .....................

android[2] trace: MoGaConTrOlLeR :: ....................(KK) Key Event Key up .....................

android[2] trace: MoGaConTrOlLeR :: ....................(KK) Listener Key Release .....................

android[2] trace: MoGaConTrOlLeR :: ....................(KK) AndroidKeyCode :: MogaKeyCode (Start of func) .....................

android[2] trace: MoGaConTrOlLeR :: ....................(KK) AndroidKeyCode :: MogaKeyCode Key Press A .....................

android[2] trace: MoGaConTrOlLeR :: (KK) MogaController :: Inside nativeOnKeyEvent ....................

G6-MOGA key frame=8913 code=96 state=up
android[5] warn: WARNING: loading model directly: /published/models/cars/lexus_lfa_2010/lexus_lfa_2010.m3g

android[4] ResourceManager: Add asset: /published/textures/cars/lexus_lfa_2010/texture_lexus_lfa_2010_diffuse_00.sba

android[4] ResourceManager: Add asset: /published/textures/cars/lexus_lfa_2010/texture_lexus_lfa_2010_alpha.sba

android[4] ResourceManager: Add asset: /published/textures/cars/texture_light_falloff.sba

android[4] ResourceManager: Add asset: /published/textures/cars/numberplates/texture_numberplate_mostwanted_04.sba

android[5] warn: WARNING: loading model directly: /published/models/cars/fx_nitro.m3g

android[4] ResourceManager: Add asset: /published/textures/cars/texture_fx_nitro.sba

android[5] warn: WARNING: loading model directly: /published/models/cars/fx_nitro.m3g

android[5] warn: WARNING: loading model directly: /published/models/cars/fx_nitro.m3g

android[4] ResourceManager: Add asset: /published/brdf/texture_sp_wheels.sba

android[4] ResourceManager: Add asset: /published/textures/cars/numberplates/texture_numberplate_need4speed_reflection.sba

android[4] ResourceManager: Add asset: /published/textures/cars/damage/texture_scratch.sba

android[4] ResourceManager: Add asset: /published/textures/cars/lexus_lfa_2010/texture_lexus_lfa_2010_alpha_reflection.sba

android[4] ResourceManager: Add asset: /published/textures/cars/lexus_lfa_2010/texture_lexus_lfa_2010_alpha_damage.sba

android[4] ResourceManager: Add asset: /published/textures/cars/lexus_lfa_2010/texture_lexus_lfa_2010_diffuse_reflection_gloss.sba

android[4] ResourceManager: Add asset: /published/brdf/texture_brdf_gloss_light.sba

android[4] ResourceManager: Add asset: /published/brdf/texture_sp_gloss.sba

android[4] ResourceManager: Add asset: /published/textures/cars/numberplates/texture_numberplate_need4speed.sba

android[4] ResourceManager: Remove asset: /published/textures/cars/numberplates/texture_numberplate_mostwanted_04.sba

G4-JNI GetEnv version=0x00010006
G7-FRAME enter=9000
G5-GL STATE frame=9000 framebuffer=0 status=0x8cd5 errors=0
G7-FRAME leave=9000
G6-RAW buttons=0x00000002
android[2] trace: MoGaConTrOlLeR :: ....................(KK) MogaController :: Inside nativeOnKeyEvent 

android[2] trace: ....................(KK) MogaController :: Inside nativeOnKeyEvent 96

android[2] trace: MoGaConTrOlLeR :: ....................(KK) Key Event Key A AAAA .....................

android[2] trace: MoGaConTrOlLeR :: ....................(KK) Key Event Key Down .....................

android[2] trace: MoGaConTrOlLeR :: ....................(KK) Listener Key Press .....................

android[2] trace: MoGaConTrOlLeR :: ....................(KK) AndroidKeyCode :: MogaKeyCode (Start of func) .....................

android[2] trace: MoGaConTrOlLeR :: ....................(KK) AndroidKeyCode :: MogaKeyCode Key Press A .....................

android[2] trace: MoGaConTrOlLeR :: (KK) MogaController :: Inside nativeOnKeyEvent ....................

G6-MOGA key frame=9020 code=96 state=down
android[6] error: Node /menus/garage/garage_select_car has no output for CLASS_FILTER_SUPER. Ignoring

android[6] Sound/SoundManager/error: FMOD result of SoundManager::createSound: An error occured that wasn't supposed to.  Contact support. 

android[5] Sound/SoundManager/warn: SoundManager::createSound - 'ui/ui/btn_generic_accept': failure.

android[2] trace: UI play sound: ui/ui/btn_generic_accept

G6-RAW buttons=0x00000000
android[2] trace: MoGaConTrOlLeR :: ....................(KK) MogaController :: Inside nativeOnKeyEvent 

android[2] trace: ....................(KK) MogaController :: Inside nativeOnKeyEvent 96

android[2] trace: MoGaConTrOlLeR :: ....................(KK) Key Event Key A AAAA .....................

android[2] trace: MoGaConTrOlLeR :: ....................(KK) Key Event Key up .....................

android[2] trace: MoGaConTrOlLeR :: ....................(KK) Listener Key Release .....................

android[2] trace: MoGaConTrOlLeR :: ....................(KK) AndroidKeyCode :: MogaKeyCode (Start of func) .....................

android[2] trace: MoGaConTrOlLeR :: ....................(KK) AndroidKeyCode :: MogaKeyCode Key Press A .....................

android[2] trace: MoGaConTrOlLeR :: (KK) MogaController :: Inside nativeOnKeyEvent ....................

G6-MOGA key frame=9022 code=96 state=up
G6-RAW buttons=0x00000002
android[2] trace: MoGaConTrOlLeR :: ....................(KK) MogaController :: Inside nativeOnKeyEvent 

android[2] trace: ....................(KK) MogaController :: Inside nativeOnKeyEvent 96

android[2] trace: MoGaConTrOlLeR :: ....................(KK) Key Event Key A AAAA .....................

android[2] trace: MoGaConTrOlLeR :: ....................(KK) Key Event Key Down .....................

android[2] trace: MoGaConTrOlLeR :: ....................(KK) Listener Key Press .....................

android[2] trace: MoGaConTrOlLeR :: ....................(KK) AndroidKeyCode :: MogaKeyCode (Start of func) .....................

android[2] trace: MoGaConTrOlLeR :: ....................(KK) AndroidKeyCode :: MogaKeyCode Key Press A .....................

android[2] trace: MoGaConTrOlLeR :: (KK) MogaController :: Inside nativeOnKeyEvent ....................

G6-MOGA key frame=9058 code=96 state=down
android[6] error: Node /menus/garage/garage_select_car has no output for CLASS_FILTER_SUPER. Ignoring

android[6] Sound/SoundManager/error: FMOD result of SoundManager::createSound: An error occured that wasn't supposed to.  Contact support. 

android[5] Sound/SoundManager/warn: SoundManager::createSound - 'ui/ui/btn_generic_accept': failure.

android[2] trace: UI play sound: ui/ui/btn_generic_accept

G6-RAW buttons=0x00000000
android[2] trace: MoGaConTrOlLeR :: ....................(KK) MogaController :: Inside nativeOnKeyEvent 

android[2] trace: ....................(KK) MogaController :: Inside nativeOnKeyEvent 96

android[2] trace: MoGaConTrOlLeR :: ....................(KK) Key Event Key A AAAA .....................

android[2] trace: MoGaConTrOlLeR :: ....................(KK) Key Event Key up .....................

android[2] trace: MoGaConTrOlLeR :: ....................(KK) Listener Key Release .....................

android[2] trace: MoGaConTrOlLeR :: ....................(KK) AndroidKeyCode :: MogaKeyCode (Start of func) .....................

android[2] trace: MoGaConTrOlLeR :: ....................(KK) AndroidKeyCode :: MogaKeyCode Key Press A .....................

android[2] trace: MoGaConTrOlLeR :: (KK) MogaController :: Inside nativeOnKeyEvent ....................

G6-MOGA key frame=9060 code=96 state=up
G6-RAW buttons=0x00000002
android[2] trace: MoGaConTrOlLeR :: ....................(KK) MogaController :: Inside nativeOnKeyEvent 

android[2] trace: ....................(KK) MogaController :: Inside nativeOnKeyEvent 96

android[2] trace: MoGaConTrOlLeR :: ....................(KK) Key Event Key A AAAA .....................

android[2] trace: MoGaConTrOlLeR :: ....................(KK) Key Event Key Down .....................

android[2] trace: MoGaConTrOlLeR :: ....................(KK) Listener Key Press .....................

android[2] trace: MoGaConTrOlLeR :: ....................(KK) AndroidKeyCode :: MogaKeyCode (Start of func) .....................

android[2] trace: MoGaConTrOlLeR :: ....................(KK) AndroidKeyCode :: MogaKeyCode Key Press A .....................

android[2] trace: MoGaConTrOlLeR :: (KK) MogaController :: Inside nativeOnKeyEvent ....................

G6-MOGA key frame=9089 code=96 state=down
android[6] error: Node /menus/garage/garage_select_car has no output for CLASS_FILTER_SUPER. Ignoring

android[6] Sound/SoundManager/error: FMOD result of SoundManager::createSound: An error occured that wasn't supposed to.  Contact support. 

android[5] Sound/SoundManager/warn: SoundManager::createSound - 'ui/ui/btn_generic_accept': failure.

android[2] trace: UI play sound: ui/ui/btn_generic_accept

G6-RAW buttons=0x00000000
android[2] trace: MoGaConTrOlLeR :: ....................(KK) MogaController :: Inside nativeOnKeyEvent 

android[2] trace: ....................(KK) MogaController :: Inside nativeOnKeyEvent 96

android[2] trace: MoGaConTrOlLeR :: ....................(KK) Key Event Key A AAAA .....................

android[2] trace: MoGaConTrOlLeR :: ....................(KK) Key Event Key up .....................

android[2] trace: MoGaConTrOlLeR :: ....................(KK) Listener Key Release .....................

android[2] trace: MoGaConTrOlLeR :: ....................(KK) AndroidKeyCode :: MogaKeyCode (Start of func) .....................

android[2] trace: MoGaConTrOlLeR :: ....................(KK) AndroidKeyCode :: MogaKeyCode Key Press A .....................

android[2] trace: MoGaConTrOlLeR :: (KK) MogaController :: Inside nativeOnKeyEvent ....................

G6-MOGA key frame=9091 code=96 state=up
G6-RAW buttons=0x00000001
android[2] trace: MoGaConTrOlLeR :: ....................(KK) MogaController :: Inside nativeOnKeyEvent 

android[2] trace: ....................(KK) MogaController :: Inside nativeOnKeyEvent 97

android[2] trace: MoGaConTrOlLeR :: ....................(KK) Key Event Key B BBBB .....................

android[2] trace: MoGaConTrOlLeR :: ....................(KK) Key Event Key Down .....................

android[2] trace: MoGaConTrOlLeR :: ....................(KK) Listener Key Press .....................

android[2] trace: MoGaConTrOlLeR :: ....................(KK) AndroidKeyCode :: MogaKeyCode (Start of func) .....................

android[2] trace: MoGaConTrOlLeR :: ....................(KK) AndroidKeyCode :: MogaKeyCode Key Press B .....................

android[2] trace: MoGaConTrOlLeR :: (KK) MogaController :: Inside nativeOnKeyEvent ....................

G6-MOGA key frame=9111 code=97 state=down
android[6] Sound/SoundManager/error: FMOD result of SoundManager::createSound: An error occured that wasn't supposed to.  Contact support. 

android[5] Sound/SoundManager/warn: SoundManager::createSound - 'ui/ui/btn_generic_back': failure.

android[2] trace: UI play sound: ui/ui/btn_generic_back

G6-RAW buttons=0x00000000
android[2] trace: MoGaConTrOlLeR :: ....................(KK) MogaController :: Inside nativeOnKeyEvent 

android[2] trace: ....................(KK) MogaController :: Inside nativeOnKeyEvent 97

android[2] trace: MoGaConTrOlLeR :: ....................(KK) Key Event Key B BBBB .....................

android[2] trace: MoGaConTrOlLeR :: ....................(KK) Key Event Key up .....................

android[2] trace: MoGaConTrOlLeR :: ....................(KK) Listener Key Release .....................

android[2] trace: MoGaConTrOlLeR :: ....................(KK) AndroidKeyCode :: MogaKeyCode (Start of func) .....................

android[2] trace: MoGaConTrOlLeR :: ....................(KK) AndroidKeyCode :: MogaKeyCode Key Press B .....................

android[2] trace: MoGaConTrOlLeR :: (KK) MogaController :: Inside nativeOnKeyEvent ....................

G6-MOGA key frame=9113 code=97 state=up
android[2] trace: [AUTOLOG QUERY] Server: Blaze     Call: /nfs-2013-android/util/ping

android[5] layouts/warning: LayoutEntity not in cache, reloading: event_details

android[5] layouts/warning: LayoutEntity not in cache, reloading: btn_back_corner2

android[5] layouts/warning: LayoutEntity not in cache, reloading: event_details_speedwall

android[5] layouts/warning: LayoutEntity not in cache, reloading: event_frame

android[5] layouts/warning: LayoutEntity not in cache, reloading: event_details_speedwall_list

android[5] layouts/warning: LayoutEntity not in cache, reloading: event_details_speedwall_entry

android[5] layouts/warning: LayoutEntity not in cache, reloading: results_speedwall_personalbest

android[5] layouts/warning: LayoutEntity not in cache, reloading: new_map_base

android[5] layouts/warning: LayoutEntity not in cache, reloading: scrollbar

android[5] layouts/warning: LayoutEntity not in cache, reloading: scrollbar_thumb

android[5] layouts/warning: LayoutEntity not in cache, reloading: spinner

android[5] layouts/warning: LayoutEntity not in cache, reloading: speedwall_footer

android[5] layouts/warning: LayoutEntity not in cache, reloading: speedwall_header

android[5] layouts/warning: LayoutEntity not in cache, reloading: medal_targets_event_details

android[5] layouts/warning: LayoutEntity not in cache, reloading: hud_achievementnotification_infrontend

android[5] layouts/warning: LayoutEntity not in cache, reloading: hud_line

android[5] layouts/warning: LayoutEntity not in cache, reloading: achievement_icon

android[5] layouts/warning: LayoutEntity not in cache, reloading: profile_player

android[5] layouts/warning: LayoutEntity not in cache, reloading: origin_logged_out

android[5] layouts/warning: LayoutEntity not in cache, reloading: btn_origin_temp

android[5] layouts/warning: LayoutEntity not in cache, reloading: offline_online_indicator

android[5] layouts/warning: LayoutEntity not in cache, reloading: friend_notifications

android[5] layouts/warning: LayoutEntity not in cache, reloading: nav_mogaSelect

android[5] layouts/warning: LayoutEntity not in cache, reloading: masked_line_most_wanted_goals

android[5] layouts/warning: LayoutEntity not in cache, reloading: btn_car_action_large

android[5] layouts/warning: LayoutEntity not in cache, reloading: lower_white_bar

android[5] layouts/warning: SetAnimation: Animation _idle not found in node /[NoID]

android[5] layouts/warning: SetAnimation: Animation _idle not found in node /[NoID]

android[5] layouts/warning: SetAnimation: Animation _idle not found in node /[NoID]

android[5] layouts/warning: SetAnimation: Animation _idle not found in node /[NoID]

android[5] layouts/warning: SetAnimation: Animation _idle not found in node /[NoID]

android[5] layouts/warning: SetAnimation: Animation _idle not found in node /[NoID]

android[5] layouts/warning: SetAnimation: Animation _idle not found in node /[NoID]

android[5] layouts/warning: SetAnimation: Animation _idle not found in node /[NoID]

android[5] layouts/warning: SetAnimation: Animation _idle not found in node /[NoID]

android[5] layouts/warning: SetAnimation: Animation _idle not found in node /[NoID]

android[5] layouts/warning: SetAnimation: Animation _idle not found in node /[NoID]

android[5] layouts/warning: SetAnimation: Animation _idle not found in node /[NoID]

android[6] layouts/error: Unable to locate layout entity: _name_header

android[6] layouts/error: Unable to locate layout entity: _progress_bar

android[2] trace: LayoutScreen::LayoutScreen OptionsSettingsScreen != 0

android[2] trace: A.N. produce offset for race selection screen

android[2] trace: ShowMogaHighlight start

android[2] trace: ShowMogaHighlight 1

android[2] trace: ShowMogaHighlight end

android[5] layouts/warning: SetAnimation: Animation _idle not found in node /[NoID]

G6-RAW buttons=0x00000002
android[2] trace: MoGaConTrOlLeR :: ....................(KK) MogaController :: Inside nativeOnKeyEvent 

android[2] trace: ....................(KK) MogaController :: Inside nativeOnKeyEvent 96

android[2] trace: MoGaConTrOlLeR :: ....................(KK) Key Event Key A AAAA .....................

android[2] trace: MoGaConTrOlLeR :: ....................(KK) Key Event Key Down .....................

android[2] trace: MoGaConTrOlLeR :: ....................(KK) Listener Key Press .....................

android[2] trace: MoGaConTrOlLeR :: ....................(KK) AndroidKeyCode :: MogaKeyCode (Start of func) .....................

android[2] trace: MoGaConTrOlLeR :: ....................(KK) AndroidKeyCode :: MogaKeyCode Key Press A .....................

android[2] trace: MoGaConTrOlLeR :: (KK) MogaController :: Inside nativeOnKeyEvent ....................

G6-MOGA key frame=9167 code=96 state=down
android[6] Sound/SoundManager/error: FMOD result of SoundManager::createSound: An error occured that wasn't supposed to.  Contact support. 

android[5] Sound/SoundManager/warn: SoundManager::createSound - 'ui/ui/btn_accept': failure.

android[2] trace: UI play sound: ui/ui/btn_accept

G6-RAW buttons=0x00000000
android[2] trace: MoGaConTrOlLeR :: ....................(KK) MogaController :: Inside nativeOnKeyEvent 

android[2] trace: ....................(KK) MogaController :: Inside nativeOnKeyEvent 96

android[2] trace: MoGaConTrOlLeR :: ....................(KK) Key Event Key A AAAA .....................

android[2] trace: MoGaConTrOlLeR :: ....................(KK) Key Event Key up .....................

android[2] trace: MoGaConTrOlLeR :: ....................(KK) Listener Key Release .....................

android[2] trace: MoGaConTrOlLeR :: ....................(KK) AndroidKeyCode :: MogaKeyCode (Start of func) .....................

android[2] trace: MoGaConTrOlLeR :: ....................(KK) AndroidKeyCode :: MogaKeyCode Key Press A .....................

android[2] trace: MoGaConTrOlLeR :: (KK) MogaController :: Inside nativeOnKeyEvent ....................

G6-MOGA key frame=9169 code=96 state=up
android[5] layouts/warning: LayoutEntity not in cache, reloading: car_select_new

android[5] layouts/warning: LayoutEntity not in cache, reloading: spinner

android[5] layouts/warning: LayoutEntity not in cache, reloading: rollout_vingette

android[5] layouts/warning: LayoutEntity not in cache, reloading: car_select_locked

android[5] layouts/warning: LayoutEntity not in cache, reloading: btn_arrow_car_select

android[5] layouts/warning: LayoutEntity not in cache, reloading: btn_car_action_small

android[5] layouts/warning: LayoutEntity not in cache, reloading: btn_uppernav

android[5] layouts/warning: LayoutEntity not in cache, reloading: profile_garage

android[5] layouts/warning: LayoutEntity not in cache, reloading: cash

android[5] layouts/warning: LayoutEntity not in cache, reloading: cash_container

android[5] layouts/warning: LayoutEntity not in cache, reloading: btn_add_cash

android[5] layouts/warning: LayoutEntity not in cache, reloading: btn_class_dropdown

android[5] layouts/warning: LayoutEntity not in cache, reloading: class_frame_dropdown

android[5] layouts/warning: LayoutEntity not in cache, reloading: btn_paint

android[5] layouts/warning: LayoutEntity not in cache, reloading: btn_car_action_large

android[5] layouts/warning: LayoutEntity not in cache, reloading: btn_car_action_buy_temp

android[5] layouts/warning: LayoutEntity not in cache, reloading: car_select_instance

android[5] layouts/warning: LayoutEntity not in cache, reloading: car_select_nfs_edition

android[5] layouts/warning: LayoutEntity not in cache, reloading: car_selector_main_element

android[5] layouts/warning: LayoutEntity not in cache, reloading: car_select_stats_bar

android[5] layouts/warning: LayoutEntity not in cache, reloading: class_bg_frame

android[5] layouts/warning: LayoutEntity not in cache, reloading: nav_moga_highlight

android[5] layouts/warning: LayoutEntity not in cache, reloading: class_menu

android[5] layouts/warning: LayoutEntity not in cache, reloading: btn_class

android[5] layouts/warning: LayoutEntity not in cache, reloading: hud_achievementnotification_infrontend

android[5] layouts/warning: LayoutEntity not in cache, reloading: hud_line

android[5] layouts/warning: LayoutEntity not in cache, reloading: achievement_icon

android[6] layouts/error: Unable to locate layout entity: _icon

android[6] layouts/error: Unable to locate layout entity: _progress_bar

android[2] trace: LayoutScreen::LayoutScreen OptionsSettingsScreen != 0

android[6] layouts/error: Attempted to access invalid layout: car_select_bg

android[4] ResourceManager: Remove asset: /published/textures/cars/texture_fx_nitro.sba

android[4] ResourceManager: Remove asset: /published/textures/cars/texture_light_falloff.sba

android[4] ResourceManager: Remove asset: /published/textures/cars/numberplates/texture_numberplate_need4speed_reflection.sba

android[4] ResourceManager: Remove asset: /published/brdf/texture_sp_wheels.sba

android[4] ResourceManager: Remove asset: /published/textures/cars/numberplates/texture_numberplate_need4speed.sba

android[4] ResourceManager: Remove asset: /published/textures/cars/lexus_lfa_2010/texture_lexus_lfa_2010_alpha_damage.sba

android[4] ResourceManager: Remove asset: /published/textures/cars/lexus_lfa_2010/texture_lexus_lfa_2010_alpha.sba

android[4] ResourceManager: Remove asset: /published/textures/cars/lexus_lfa_2010/texture_lexus_lfa_2010_alpha_reflection.sba

android[4] ResourceManager: Remove asset: /published/brdf/texture_brdf_gloss_light.sba

android[4] ResourceManager: Remove asset: /published/textures/cars/damage/texture_scratch.sba

android[4] ResourceManager: Remove asset: /published/textures/cars/lexus_lfa_2010/texture_lexus_lfa_2010_diffuse_reflection_gloss.sba

android[4] ResourceManager: Remove asset: /published/brdf/texture_sp_gloss.sba

android[4] ResourceManager: Remove asset: /published/textures/cars/lexus_lfa_2010/texture_lexus_lfa_2010_diffuse_00.sba

android[5] warn: WARNING: loading model directly: /published/models/cars/dodge_challenger_srt8_392_2011/dodge_challenger_srt8_392_2011.m3g

android[4] ResourceManager: Add asset: /published/textures/cars/dodge_challenger_srt8_392_2011/texture_dodge_challenger_srt8_392_2011_diffuse_00.sba

android[4] ResourceManager: Add asset: /published/textures/cars/dodge_challenger_srt8_392_2011/texture_dodge_challenger_srt8_392_2011_alpha.sba

android[4] ResourceManager: Add asset: /published/textures/cars/numberplates/texture_numberplate_need4speed.sba

android[4] ResourceManager: Add asset: /published/textures/cars/texture_light_falloff.sba

android[5] warn: WARNING: loading model directly: /published/models/cars/fx_nitro.m3g

android[4] ResourceManager: Add asset: /published/textures/cars/texture_fx_nitro.sba

android[5] warn: WARNING: loading model directly: /published/models/cars/fx_nitro.m3g

android[5] warn: WARNING: loading model directly: /published/models/cars/fx_nitro.m3g

android[5] warn: WARNING: loading model directly: /published/models/cars/fx_nitro.m3g

android[4] ResourceManager: Add asset: /published/brdf/texture_sp_wheels.sba

android[4] ResourceManager: Add asset: /published/textures/cars/damage/texture_scratch.sba

android[4] ResourceManager: Add asset: /published/textures/cars/dodge_challenger_srt8_392_2011/texture_dodge_challenger_srt8_392_2011_alpha_reflection.sba

android[4] ResourceManager: Add asset: /published/textures/cars/dodge_challenger_srt8_392_2011/texture_dodge_challenger_srt8_392_2011_alpha_damage.sba

android[4] ResourceManager: Add asset: /published/textures/cars/numberplates/texture_numberplate_need4speed_reflection.sba

android[4] ResourceManager: Add asset: /published/textures/cars/dodge_challenger_srt8_392_2011/texture_dodge_challenger_srt8_392_2011_diffuse_reflection_g
android[4] ResourceManager: loss.sba

android[4] ResourceManager: Add asset: /published/brdf/texture_brdf_gloss_light.sba

android[4] ResourceManager: Add asset: /published/brdf/texture_sp_dodge_challenger_srt8_392_2011_white.sba

G4-JNI GetEnv version=0x00010006
android[5] layouts/warning: SetAnimation: Animation _idle not found in node /[NoID]

G6-RAW buttons=0x00002000
android[2] trace: MoGaConTrOlLeR :: ....................(KK) MogaController :: Inside nativeOnKeyEvent 

android[2] trace: ....................(KK) MogaController :: Inside nativeOnKeyEvent 108

android[2] trace: MoGaConTrOlLeR :: ....................(KK) Key Event Key Start TTTT .....................

android[2] trace: MoGaConTrOlLeR :: ....................(KK) Key Event Key Down .....................

android[2] trace: MoGaConTrOlLeR :: ....................(KK) Listener Key Press .....................

android[2] trace: MoGaConTrOlLeR :: ....................(KK) AndroidKeyCode :: MogaKeyCode (Start of func) .....................

android[2] trace: MoGaConTrOlLeR :: ....................(KK) AndroidKeyCode :: MogaKeyCode Key Press Start(KeyB) .....................

android[2] trace: MoGaConTrOlLeR :: (KK) MogaController :: Inside nativeOnKeyEvent ....................

G6-MOGA key frame=9246 code=108 state=down
G6-TOUCH cursor=on frame=9246 position=320,240
G6-RAW buttons=0x00000000
android[2] trace: MoGaConTrOlLeR :: ....................(KK) MogaController :: Inside nativeOnKeyEvent 

android[2] trace: ....................(KK) MogaController :: Inside nativeOnKeyEvent 108

android[2] trace: MoGaConTrOlLeR :: ....................(KK) Key Event Key Start TTTT .....................

android[2] trace: MoGaConTrOlLeR :: ....................(KK) Key Event Key up .....................

android[2] trace: MoGaConTrOlLeR :: ....................(KK) Listener Key Release .....................

android[2] trace: MoGaConTrOlLeR :: ....................(KK) AndroidKeyCode :: MogaKeyCode (Start of func) .....................

android[2] trace: MoGaConTrOlLeR :: ....................(KK) AndroidKeyCode :: MogaKeyCode Key Press Start(KeyB) .....................

android[2] trace: MoGaConTrOlLeR :: (KK) MogaController :: Inside nativeOnKeyEvent ....................

G6-MOGA key frame=9256 code=108 state=up
G7-FRAME enter=9300
G5-GL STATE frame=9300 framebuffer=0 status=0x8cd5 errors=0
G7-FRAME leave=9300
G6-RAW buttons=0x00002000
android[2] trace: MoGaConTrOlLeR :: ....................(KK) MogaController :: Inside nativeOnKeyEvent 

android[2] trace: ....................(KK) MogaController :: Inside nativeOnKeyEvent 108

android[2] trace: MoGaConTrOlLeR :: ....................(KK) Key Event Key Start TTTT .....................

android[2] trace: MoGaConTrOlLeR :: ....................(KK) Key Event Key Down .....................

android[2] trace: MoGaConTrOlLeR :: ....................(KK) Listener Key Press .....................

android[2] trace: MoGaConTrOlLeR :: ....................(KK) AndroidKeyCode :: MogaKeyCode (Start of func) .....................

android[2] trace: MoGaConTrOlLeR :: ....................(KK) AndroidKeyCode :: MogaKeyCode Key Press Start(KeyB) .....................

android[2] trace: MoGaConTrOlLeR :: (KK) MogaController :: Inside nativeOnKeyEvent ....................

G6-MOGA key frame=9332 code=108 state=down
G6-TOUCH cursor=off frame=9332 position=320,240
G6-RAW buttons=0x00000000
android[2] trace: MoGaConTrOlLeR :: ....................(KK) MogaController :: Inside nativeOnKeyEvent 

android[2] trace: ....................(KK) MogaController :: Inside nativeOnKeyEvent 108

android[2] trace: MoGaConTrOlLeR :: ....................(KK) Key Event Key Start TTTT .....................

android[2] trace: MoGaConTrOlLeR :: ....................(KK) Key Event Key up .....................

android[2] trace: MoGaConTrOlLeR :: ....................(KK) Listener Key Release .....................

android[2] trace: MoGaConTrOlLeR :: ....................(KK) AndroidKeyCode :: MogaKeyCode (Start of func) .....................

android[2] trace: MoGaConTrOlLeR :: ....................(KK) AndroidKeyCode :: MogaKeyCode Key Press Start(KeyB) .....................

android[2] trace: MoGaConTrOlLeR :: (KK) MogaController :: Inside nativeOnKeyEvent ....................

G6-MOGA key frame=9344 code=108 state=up
G6-RAW buttons=0x00002000
android[2] trace: MoGaConTrOlLeR :: ....................(KK) MogaController :: Inside nativeOnKeyEvent 

android[2] trace: ....................(KK) MogaController :: Inside nativeOnKeyEvent 108

android[2] trace: MoGaConTrOlLeR :: ....................(KK) Key Event Key Start TTTT .....................

android[2] trace: MoGaConTrOlLeR :: ....................(KK) Key Event Key Down .....................

android[2] trace: MoGaConTrOlLeR :: ....................(KK) Listener Key Press .....................

android[2] trace: MoGaConTrOlLeR :: ....................(KK) AndroidKeyCode :: MogaKeyCode (Start of func) .....................

android[2] trace: MoGaConTrOlLeR :: ....................(KK) AndroidKeyCode :: MogaKeyCode Key Press Start(KeyB) .....................

android[2] trace: MoGaConTrOlLeR :: (KK) MogaController :: Inside nativeOnKeyEvent ....................

G6-MOGA key frame=9384 code=108 state=down
G6-TOUCH cursor=on frame=9384 position=320,240
G6-RAW buttons=0x00000000
android[2] trace: MoGaConTrOlLeR :: ....................(KK) MogaController :: Inside nativeOnKeyEvent 

android[2] trace: ....................(KK) MogaController :: Inside nativeOnKeyEvent 108

android[2] trace: MoGaConTrOlLeR :: ....................(KK) Key Event Key Start TTTT .....................

android[2] trace: MoGaConTrOlLeR :: ....................(KK) Key Event Key up .....................

android[2] trace: MoGaConTrOlLeR :: ....................(KK) Listener Key Release .....................

android[2] trace: MoGaConTrOlLeR :: ....................(KK) AndroidKeyCode :: MogaKeyCode (Start of func) .....................

android[2] trace: MoGaConTrOlLeR :: ....................(KK) AndroidKeyCode :: MogaKeyCode Key Press Start(KeyB) .....................

android[2] trace: MoGaConTrOlLeR :: (KK) MogaController :: Inside nativeOnKeyEvent ....................

G6-MOGA key frame=9393 code=108 state=up
G6-RAW buttons=0x00002000
android[2] trace: MoGaConTrOlLeR :: ....................(KK) MogaController :: Inside nativeOnKeyEvent 

android[2] trace: ....................(KK) MogaController :: Inside nativeOnKeyEvent 108

android[2] trace: MoGaConTrOlLeR :: ....................(KK) Key Event Key Start TTTT .....................

android[2] trace: MoGaConTrOlLeR :: ....................(KK) Key Event Key Down .....................

android[2] trace: MoGaConTrOlLeR :: ....................(KK) Listener Key Press .....................

android[2] trace: MoGaConTrOlLeR :: ....................(KK) AndroidKeyCode :: MogaKeyCode (Start of func) .....................

android[2] trace: MoGaConTrOlLeR :: ....................(KK) AndroidKeyCode :: MogaKeyCode Key Press Start(KeyB) .....................

android[2] trace: MoGaConTrOlLeR :: (KK) MogaController :: Inside nativeOnKeyEvent ....................

G6-MOGA key frame=9407 code=108 state=down
G6-TOUCH cursor=off frame=9407 position=320,240
G6-RAW buttons=0x00000000
android[2] trace: MoGaConTrOlLeR :: ....................(KK) MogaController :: Inside nativeOnKeyEvent 

android[2] trace: ....................(KK) MogaController :: Inside nativeOnKeyEvent 108

android[2] trace: MoGaConTrOlLeR :: ....................(KK) Key Event Key Start TTTT .....................

android[2] trace: MoGaConTrOlLeR :: ....................(KK) Key Event Key up .....................

android[2] trace: MoGaConTrOlLeR :: ....................(KK) Listener Key Release .....................

android[2] trace: MoGaConTrOlLeR :: ....................(KK) AndroidKeyCode :: MogaKeyCode (Start of func) .....................

android[2] trace: MoGaConTrOlLeR :: ....................(KK) AndroidKeyCode :: MogaKeyCode Key Press Start(KeyB) .....................

android[2] trace: MoGaConTrOlLeR :: (KK) MogaController :: Inside nativeOnKeyEvent ....................

G6-MOGA key frame=9414 code=108 state=up
G6-RAW buttons=0x00002000
android[2] trace: MoGaConTrOlLeR :: ....................(KK) MogaController :: Inside nativeOnKeyEvent 

android[2] trace: ....................(KK) MogaController :: Inside nativeOnKeyEvent 108

android[2] trace: MoGaConTrOlLeR :: ....................(KK) Key Event Key Start TTTT .....................

android[2] trace: MoGaConTrOlLeR :: ....................(KK) Key Event Key Down .....................

android[2] trace: MoGaConTrOlLeR :: ....................(KK) Listener Key Press .....................

android[2] trace: MoGaConTrOlLeR :: ....................(KK) AndroidKeyCode :: MogaKeyCode (Start of func) .....................

android[2] trace: MoGaConTrOlLeR :: ....................(KK) AndroidKeyCode :: MogaKeyCode Key Press Start(KeyB) .....................

android[2] trace: MoGaConTrOlLeR :: (KK) MogaController :: Inside nativeOnKeyEvent ....................

G6-MOGA key frame=9436 code=108 state=down
G6-TOUCH cursor=on frame=9436 position=320,240
G6-RAW buttons=0x00000000
android[2] trace: MoGaConTrOlLeR :: ....................(KK) MogaController :: Inside nativeOnKeyEvent 

android[2] trace: ....................(KK) MogaController :: Inside nativeOnKeyEvent 108

android[2] trace: MoGaConTrOlLeR :: ....................(KK) Key Event Key Start TTTT .....................

android[2] trace: MoGaConTrOlLeR :: ....................(KK) Key Event Key up .....................

android[2] trace: MoGaConTrOlLeR :: ....................(KK) Listener Key Release .....................

android[2] trace: MoGaConTrOlLeR :: ....................(KK) AndroidKeyCode :: MogaKeyCode (Start of func) .....................

android[2] trace: MoGaConTrOlLeR :: ....................(KK) AndroidKeyCode :: MogaKeyCode Key Press Start(KeyB) .....................

android[2] trace: MoGaConTrOlLeR :: (KK) MogaController :: Inside nativeOnKeyEvent ....................

G6-MOGA key frame=9443 code=108 state=up
G6-TOUCH cursor=auto-off frame=9456 reason=drive-stick
android[2] trace: ....................(KK) MogaController :: Inside NativeOnMotionEvent

android[2] trace: (KK) MogaController :: Inside NativeOnMotionEvent ....................

G6-MOGA motion frame=9457 axes=32767,0,0,0,0,0
G4-JNI GetEnv version=0x00010006
android[2] trace: ....................(KK) MogaController :: Inside NativeOnMotionEvent

android[2] trace: (KK) MogaController :: Inside NativeOnMotionEvent ....................

G6-MOGA motion frame=9479 axes=0,0,0,0,0,0
G6-RAW buttons=0x00002000
android[2] trace: MoGaConTrOlLeR :: ....................(KK) MogaController :: Inside nativeOnKeyEvent 

android[2] trace: ....................(KK) MogaController :: Inside nativeOnKeyEvent 108

android[2] trace: MoGaConTrOlLeR :: ....................(KK) Key Event Key Start TTTT .....................

android[2] trace: MoGaConTrOlLeR :: ....................(KK) Key Event Key Down .....................

android[2] trace: MoGaConTrOlLeR :: ....................(KK) Listener Key Press .....................

android[2] trace: MoGaConTrOlLeR :: ....................(KK) AndroidKeyCode :: MogaKeyCode (Start of func) .....................

android[2] trace: MoGaConTrOlLeR :: ....................(KK) AndroidKeyCode :: MogaKeyCode Key Press Start(KeyB) .....................

android[2] trace: MoGaConTrOlLeR :: (KK) MogaController :: Inside nativeOnKeyEvent ....................

G6-MOGA key frame=9500 code=108 state=down
G6-TOUCH cursor=on frame=9500 position=320,240
G6-RAW buttons=0x00000000
android[2] trace: MoGaConTrOlLeR :: ....................(KK) MogaController :: Inside nativeOnKeyEvent 

android[2] trace: ....................(KK) MogaController :: Inside nativeOnKeyEvent 108

android[2] trace: MoGaConTrOlLeR :: ....................(KK) Key Event Key Start TTTT .....................

android[2] trace: MoGaConTrOlLeR :: ....................(KK) Key Event Key up .....................

android[2] trace: MoGaConTrOlLeR :: ....................(KK) Listener Key Release .....................

android[2] trace: MoGaConTrOlLeR :: ....................(KK) AndroidKeyCode :: MogaKeyCode (Start of func) .....................

android[2] trace: MoGaConTrOlLeR :: ....................(KK) AndroidKeyCode :: MogaKeyCode Key Press Start(KeyB) .....................

android[2] trace: MoGaConTrOlLeR :: (KK) MogaController :: Inside nativeOnKeyEvent ....................

G6-MOGA key frame=9511 code=108 state=up
G6-RAW buttons=0x00000800
android[2] trace: ....................(KK) MogaController :: Inside NativeOnMotionEvent

android[2] trace: MoGaConTrOlLeR :: ....................(KK) AndroidKeyCode :: MogaKeyCode (Start of func) .....................

android[2] trace: MoGaConTrOlLeR :: ....................(KK) AndroidKeyCode :: MogaKeyCode Key Dpad Right .....................

android[2] trace: MoGaConTrOlLeR :: ....................(KK) AndroidKeyCode :: MogaKeyCode (Start of func) .....................

android[2] trace: MoGaConTrOlLeR :: ....................(KK) AndroidKeyCode :: MogaKeyCode Key Dpad Right .....................

android[2] trace: (KK) MogaController :: Inside NativeOnMotionEvent ....................

G6-MOGA motion frame=9525 axes=0,0,32767,0,0,0
G6-MOGA dpad-as-stick frame=9525 code=22 state=down
G6-TOUCH move frame=9525 position=384,240
G6-RAW buttons=0x00000000
android[2] trace: ....................(KK) MogaController :: Inside NativeOnMotionEvent

android[2] trace: (KK) MogaController :: Inside NativeOnMotionEvent ....................

G6-MOGA motion frame=9544 axes=0,0,0,0,0,0
G6-MOGA dpad-as-stick frame=9544 code=22 state=up
G6-RAW buttons=0x00000800
android[2] trace: ....................(KK) MogaController :: Inside NativeOnMotionEvent

android[2] trace: MoGaConTrOlLeR :: ....................(KK) AndroidKeyCode :: MogaKeyCode (Start of func) .....................

android[2] trace: MoGaConTrOlLeR :: ....................(KK) AndroidKeyCode :: MogaKeyCode Key Dpad Right .....................

android[2] trace: MoGaConTrOlLeR :: ....................(KK) AndroidKeyCode :: MogaKeyCode (Start of func) .....................

android[2] trace: MoGaConTrOlLeR :: ....................(KK) AndroidKeyCode :: MogaKeyCode Key Dpad Right .....................

android[2] trace: (KK) MogaController :: Inside NativeOnMotionEvent ....................

G6-MOGA dpad-as-stick frame=9550 code=22 state=down
G6-TOUCH move frame=9550 position=448,240
G6-RAW buttons=0x00000000
android[2] trace: ....................(KK) MogaController :: Inside NativeOnMotionEvent

android[2] trace: (KK) MogaController :: Inside NativeOnMotionEvent ....................

G6-MOGA dpad-as-stick frame=9558 code=22 state=up
G6-RAW buttons=0x00000800
android[2] trace: ....................(KK) MogaController :: Inside NativeOnMotionEvent

android[2] trace: MoGaConTrOlLeR :: ....................(KK) AndroidKeyCode :: MogaKeyCode (Start of func) .....................

android[2] trace: MoGaConTrOlLeR :: ....................(KK) AndroidKeyCode :: MogaKeyCode Key Dpad Right .....................

android[2] trace: MoGaConTrOlLeR :: ....................(KK) AndroidKeyCode :: MogaKeyCode (Start of func) .....................

android[2] trace: MoGaConTrOlLeR :: ....................(KK) AndroidKeyCode :: MogaKeyCode Key Dpad Right .....................

android[2] trace: (KK) MogaController :: Inside NativeOnMotionEvent ....................

G6-MOGA motion frame=9562 axes=0,0,32767,0,0,0
G6-MOGA dpad-as-stick frame=9562 code=22 state=down
G6-TOUCH move frame=9562 position=512,240
G6-RAW buttons=0x00000000
android[2] trace: ....................(KK) MogaController :: Inside NativeOnMotionEvent

android[2] trace: (KK) MogaController :: Inside NativeOnMotionEvent ....................

G6-MOGA dpad-as-stick frame=9569 code=22 state=up
G6-RAW buttons=0x00000800
android[2] trace: ....................(KK) MogaController :: Inside NativeOnMotionEvent

android[2] trace: MoGaConTrOlLeR :: ....................(KK) AndroidKeyCode :: MogaKeyCode (Start of func) .....................

android[2] trace: MoGaConTrOlLeR :: ....................(KK) AndroidKeyCode :: MogaKeyCode Key Dpad Right .....................

android[2] trace: MoGaConTrOlLeR :: ....................(KK) AndroidKeyCode :: MogaKeyCode (Start of func) .....................

android[2] trace: MoGaConTrOlLeR :: ....................(KK) AndroidKeyCode :: MogaKeyCode Key Dpad Right .....................

android[2] trace: (KK) MogaController :: Inside NativeOnMotionEvent ....................

G6-MOGA dpad-as-stick frame=9574 code=22 state=down
G6-TOUCH move frame=9574 position=576,240
G6-RAW buttons=0x00000000
android[2] trace: ....................(KK) MogaController :: Inside NativeOnMotionEvent

android[2] trace: (KK) MogaController :: Inside NativeOnMotionEvent ....................

G6-MOGA motion frame=9579 axes=0,0,0,0,0,0
G6-MOGA dpad-as-stick frame=9579 code=22 state=up
G6-RAW buttons=0x00000200
android[2] trace: ....................(KK) MogaController :: Inside NativeOnMotionEvent

android[2] trace: MoGaConTrOlLeR :: ....................(KK) AndroidKeyCode :: MogaKeyCode (Start of func) .....................

android[2] trace: MoGaConTrOlLeR :: ....................(KK) AndroidKeyCode :: MogaKeyCode Key Dpad DOWN(KeyDownAlt) .....................

android[2] trace: (KK) MogaController :: Inside NativeOnMotionEvent ....................

G6-MOGA dpad-as-stick frame=9593 code=20 state=down
G6-TOUCH move frame=9593 position=576,288
G6-RAW buttons=0x00000000
android[2] trace: ....................(KK) MogaController :: Inside NativeOnMotionEvent

android[2] trace: MoGaConTrOlLeR :: ....................(KK) AndroidKeyCode :: MogaKeyCode (Start of func) .....................

android[2] trace: MoGaConTrOlLeR :: ....................(KK) AndroidKeyCode :: MogaKeyCode Key Dpad DOWN(KeyDownAlt) .....................

android[2] trace: (KK) MogaController :: Inside NativeOnMotionEvent ....................

G6-MOGA motion frame=9600 axes=0,0,0,0,0,0
G6-MOGA dpad-as-stick frame=9600 code=20 state=up
G7-FRAME enter=9600
G5-GL STATE frame=9600 framebuffer=0 status=0x8cd5 errors=0
G7-FRAME leave=9600
G6-RAW buttons=0x00000200
android[2] trace: ....................(KK) MogaController :: Inside NativeOnMotionEvent

android[2] trace: MoGaConTrOlLeR :: ....................(KK) AndroidKeyCode :: MogaKeyCode (Start of func) .....................

android[2] trace: MoGaConTrOlLeR :: ....................(KK) AndroidKeyCode :: MogaKeyCode Key Dpad DOWN(KeyDownAlt) .....................

android[2] trace: (KK) MogaController :: Inside NativeOnMotionEvent ....................

G6-MOGA dpad-as-stick frame=9607 code=20 state=down
G6-TOUCH move frame=9607 position=576,336
G6-RAW buttons=0x00000000
android[2] trace: ....................(KK) MogaController :: Inside NativeOnMotionEvent

android[2] trace: MoGaConTrOlLeR :: ....................(KK) AndroidKeyCode :: MogaKeyCode (Start of func) .....................

android[2] trace: MoGaConTrOlLeR :: ....................(KK) AndroidKeyCode :: MogaKeyCode Key Dpad DOWN(KeyDownAlt) .....................

android[2] trace: (KK) MogaController :: Inside NativeOnMotionEvent ....................

G6-MOGA dpad-as-stick frame=9611 code=20 state=up
G6-RAW buttons=0x00000200
android[2] trace: ....................(KK) MogaController :: Inside NativeOnMotionEvent

android[2] trace: MoGaConTrOlLeR :: ....................(KK) AndroidKeyCode :: MogaKeyCode (Start of func) .....................

android[2] trace: MoGaConTrOlLeR :: ....................(KK) AndroidKeyCode :: MogaKeyCode Key Dpad DOWN(KeyDownAlt) .....................

android[2] trace: (KK) MogaController :: Inside NativeOnMotionEvent ....................

G6-MOGA motion frame=9618 axes=0,0,0,32767,0,0
G6-MOGA dpad-as-stick frame=9618 code=20 state=down
G6-TOUCH move frame=9618 position=576,384
G6-RAW buttons=0x00000000
android[2] trace: ....................(KK) MogaController :: Inside NativeOnMotionEvent

android[2] trace: MoGaConTrOlLeR :: ....................(KK) AndroidKeyCode :: MogaKeyCode (Start of func) .....................

android[2] trace: MoGaConTrOlLeR :: ....................(KK) AndroidKeyCode :: MogaKeyCode Key Dpad DOWN(KeyDownAlt) .....................

android[2] trace: (KK) MogaController :: Inside NativeOnMotionEvent ....................

G6-MOGA dpad-as-stick frame=9622 code=20 state=up
G6-RAW buttons=0x00000200
android[2] trace: ....................(KK) MogaController :: Inside NativeOnMotionEvent

android[2] trace: MoGaConTrOlLeR :: ....................(KK) AndroidKeyCode :: MogaKeyCode (Start of func) .....................

android[2] trace: MoGaConTrOlLeR :: ....................(KK) AndroidKeyCode :: MogaKeyCode Key Dpad DOWN(KeyDownAlt) .....................

android[2] trace: (KK) MogaController :: Inside NativeOnMotionEvent ....................

G6-MOGA motion frame=9638 axes=0,0,0,32767,0,0
G6-MOGA dpad-as-stick frame=9638 code=20 state=down
G6-TOUCH move frame=9638 position=576,432
G6-RAW buttons=0x00000000
android[2] trace: ....................(KK) MogaController :: Inside NativeOnMotionEvent

android[2] trace: MoGaConTrOlLeR :: ....................(KK) AndroidKeyCode :: MogaKeyCode (Start of func) .....................

android[2] trace: MoGaConTrOlLeR :: ....................(KK) AndroidKeyCode :: MogaKeyCode Key Dpad DOWN(KeyDownAlt) .....................

android[2] trace: (KK) MogaController :: Inside NativeOnMotionEvent ....................

G6-MOGA dpad-as-stick frame=9642 code=20 state=up
G6-RAW buttons=0x00000002
android[2] trace: MoGaConTrOlLeR :: ....................(KK) MogaController :: Inside nativeOnKeyEvent 

android[2] trace: ....................(KK) MogaController :: Inside nativeOnKeyEvent 96

android[2] trace: MoGaConTrOlLeR :: ....................(KK) Key Event Key A AAAA .....................

android[2] trace: MoGaConTrOlLeR :: ....................(KK) Key Event Key Down .....................

android[2] trace: MoGaConTrOlLeR :: ....................(KK) Listener Key Press .....................

android[2] trace: MoGaConTrOlLeR :: ....................(KK) AndroidKeyCode :: MogaKeyCode (Start of func) .....................

android[2] trace: MoGaConTrOlLeR :: ....................(KK) AndroidKeyCode :: MogaKeyCode Key Press A .....................

android[2] trace: MoGaConTrOlLeR :: (KK) MogaController :: Inside nativeOnKeyEvent ....................

G6-MOGA key frame=9684 code=96 state=down
android[2] AndroidInput: Unregistered view calling nativeTouchEvent: 0xaae72070

G6-TOUCH down frame=9684 position=576,432
android[6] error: Node /menus/garage/garage_select_car has no output for CLASS_FILTER_SUPER. Ignoring

android[6] Sound/SoundManager/error: FMOD result of SoundManager::createSound: An error occured that wasn't supposed to.  Contact support. 

android[5] Sound/SoundManager/warn: SoundManager::createSound - 'ui/ui/btn_generic_accept': failure.

android[2] trace: UI play sound: ui/ui/btn_generic_accept

G6-RAW buttons=0x00000000
android[2] trace: MoGaConTrOlLeR :: ....................(KK) MogaController :: Inside nativeOnKeyEvent 

android[2] trace: ....................(KK) MogaController :: Inside nativeOnKeyEvent 96

android[2] trace: MoGaConTrOlLeR :: ....................(KK) Key Event Key A AAAA .....................

android[2] trace: MoGaConTrOlLeR :: ....................(KK) Key Event Key up .....................

android[2] trace: MoGaConTrOlLeR :: ....................(KK) Listener Key Release .....................

android[2] trace: MoGaConTrOlLeR :: ....................(KK) AndroidKeyCode :: MogaKeyCode (Start of func) .....................

android[2] trace: MoGaConTrOlLeR :: ....................(KK) AndroidKeyCode :: MogaKeyCode Key Press A .....................

android[2] trace: MoGaConTrOlLeR :: (KK) MogaController :: Inside nativeOnKeyEvent ....................

G6-MOGA key frame=9686 code=96 state=up
android[2] AndroidInput: Unregistered view calling nativeTouchEvent: 0xaae72070

G6-TOUCH up frame=9686 position=576,432
android[4] ResourceManager: Remove asset: /published/textures/cars/texture_fx_nitro.sba

android[4] ResourceManager: Remove asset: /published/textures/cars/texture_light_falloff.sba

android[4] ResourceManager: Remove asset: /published/textures/cars/dodge_challenger_srt8_392_2011/texture_dodge_challenger_srt8_392_2011_alpha_damage.sba

android[4] ResourceManager: Remove asset: /published/textures/cars/dodge_challenger_srt8_392_2011/texture_dodge_challenger_srt8_392_2011_alpha.sba

android[4] ResourceManager: Remove asset: /published/textures/cars/dodge_challenger_srt8_392_2011/texture_dodge_challenger_srt8_392_2011_alpha_reflection.
android[4] ResourceManager: sba

android[4] ResourceManager: Remove asset: /published/textures/cars/numberplates/texture_numberplate_need4speed_reflection.sba

android[4] ResourceManager: Remove asset: /published/brdf/texture_sp_wheels.sba

android[4] ResourceManager: Remove asset: /published/textures/cars/numberplates/texture_numberplate_need4speed.sba

android[4] ResourceManager: Remove asset: /published/brdf/texture_brdf_gloss_light.sba

android[4] ResourceManager: Remove asset: /published/textures/cars/damage/texture_scratch.sba

android[4] ResourceManager: Remove asset: /published/textures/cars/dodge_challenger_srt8_392_2011/texture_dodge_challenger_srt8_392_2011_diffuse_reflectio
android[4] ResourceManager: n_gloss.sba

android[4] ResourceManager: Remove asset: /published/brdf/texture_sp_dodge_challenger_srt8_392_2011_white.sba

android[4] ResourceManager: Remove asset: /published/textures/cars/dodge_challenger_srt8_392_2011/texture_dodge_challenger_srt8_392_2011_diffuse_00.sba

android[5] warn: WARNING: loading model directly: /published/models/cars/lexus_lfa_2010/lexus_lfa_2010.m3g

android[4] ResourceManager: Add asset: /published/textures/cars/lexus_lfa_2010/texture_lexus_lfa_2010_diffuse_00.sba

android[4] ResourceManager: Add asset: /published/textures/cars/lexus_lfa_2010/texture_lexus_lfa_2010_alpha.sba

android[4] ResourceManager: Add asset: /published/textures/cars/texture_light_falloff.sba

android[4] ResourceManager: Add asset: /published/textures/cars/numberplates/texture_numberplate_mostwanted_04.sba

android[5] warn: WARNING: loading model directly: /published/models/cars/fx_nitro.m3g

android[4] ResourceManager: Add asset: /published/textures/cars/texture_fx_nitro.sba

android[5] warn: WARNING: loading model directly: /published/models/cars/fx_nitro.m3g

android[5] warn: WARNING: loading model directly: /published/models/cars/fx_nitro.m3g

android[4] ResourceManager: Add asset: /published/textures/cars/damage/texture_scratch.sba

android[4] ResourceManager: Add asset: /published/textures/cars/lexus_lfa_2010/texture_lexus_lfa_2010_alpha_reflection.sba

android[2] trace: [AUTOLOG QUERY] Server: Blaze     Call: /nfs-2013-android/util/ping

android[4] ResourceManager: Add asset: /published/textures/cars/lexus_lfa_2010/texture_lexus_lfa_2010_alpha_damage.sba

android[4] ResourceManager: Add asset: /published/brdf/texture_sp_wheels.sba

android[4] ResourceManager: Add asset: /published/textures/cars/numberplates/texture_numberplate_need4speed_reflection.sba

android[4] ResourceManager: Add asset: /published/textures/cars/lexus_lfa_2010/texture_lexus_lfa_2010_diffuse_reflection_gloss.sba

android[4] ResourceManager: Add asset: /published/brdf/texture_brdf_gloss_light.sba

android[4] ResourceManager: Add asset: /published/brdf/texture_sp_gloss.sba

android[4] ResourceManager: Add asset: /published/textures/cars/numberplates/texture_numberplate_need4speed.sba

android[4] ResourceManager: Remove asset: /published/textures/cars/numberplates/texture_numberplate_mostwanted_04.sba

G4-JNI GetEnv version=0x00010006
G6-RAW buttons=0x00000400
android[2] trace: ....................(KK) MogaController :: Inside NativeOnMotionEvent

android[2] trace: MoGaConTrOlLeR :: ....................(KK) AndroidKeyCode :: MogaKeyCode (Start of func) .....................

android[2] trace: MoGaConTrOlLeR :: ....................(KK) AndroidKeyCode :: MogaKeyCode Key Dpad Left .....................

android[2] trace: MoGaConTrOlLeR :: ....................(KK) AndroidKeyCode :: MogaKeyCode (Start of func) .....................

android[2] trace: MoGaConTrOlLeR :: ....................(KK) AndroidKeyCode :: MogaKeyCode Key Dpad Left .....................

android[2] trace: (KK) MogaController :: Inside NativeOnMotionEvent ....................

G6-MOGA motion frame=9869 axes=0,0,-32767,0,0,0
G6-MOGA dpad-as-stick frame=9869 code=21 state=down
G6-TOUCH move frame=9869 position=512,432
G6-RAW buttons=0x00000000
android[2] trace: ....................(KK) MogaController :: Inside NativeOnMotionEvent

android[2] trace: (KK) MogaController :: Inside NativeOnMotionEvent ....................

G6-MOGA dpad-as-stick frame=9881 code=21 state=up
G7-FRAME enter=9900
G5-GL STATE frame=9900 framebuffer=0 status=0x8cd5 errors=0
G7-FRAME leave=9900
G6-RAW buttons=0x00000008
android[2] trace: MoGaConTrOlLeR :: ....................(KK) MogaController :: Inside nativeOnKeyEvent 

android[2] trace: ....................(KK) MogaController :: Inside nativeOnKeyEvent 100

android[2] trace: MoGaConTrOlLeR :: ....................(KK) Key Event Key Y YYYY .....................

android[2] trace: MoGaConTrOlLeR :: ....................(KK) Key Event Key Down .....................

android[2] trace: MoGaConTrOlLeR :: ....................(KK) Listener Key Press .....................

android[2] trace: MoGaConTrOlLeR :: ....................(KK) AndroidKeyCode :: MogaKeyCode (Start of func) .....................

android[2] trace: MoGaConTrOlLeR :: ....................(KK) AndroidKeyCode :: MogaKeyCode Key Press Y .....................

android[2] trace: MoGaConTrOlLeR :: (KK) MogaController :: Inside nativeOnKeyEvent ....................

G6-MOGA key frame=9939 code=100 state=down
G6-RAW buttons=0x00000000
android[2] trace: MoGaConTrOlLeR :: ....................(KK) MogaController :: Inside nativeOnKeyEvent 

android[2] trace: ....................(KK) MogaController :: Inside nativeOnKeyEvent 100

android[2] trace: MoGaConTrOlLeR :: ....................(KK) Key Event Key Y YYYY .....................

android[2] trace: MoGaConTrOlLeR :: ....................(KK) Key Event Key up .....................

android[2] trace: MoGaConTrOlLeR :: ....................(KK) Listener Key Release .....................

android[2] trace: MoGaConTrOlLeR :: ....................(KK) AndroidKeyCode :: MogaKeyCode (Start of func) .....................

android[2] trace: MoGaConTrOlLeR :: ....................(KK) AndroidKeyCode :: MogaKeyCode Key Press Y .....................

android[2] trace: MoGaConTrOlLeR :: (KK) MogaController :: Inside nativeOnKeyEvent ....................

G6-MOGA key frame=9950 code=100 state=up
DEBUG: sendTrackingMessage!
G4-JNI GetEnv version=0x00010006
DEBUG: sendTrackingMessage!
G4-JNI GetEnv version=0x00010006
android[4] EAStdC.Printf: [NimbleWrapper] RefreshCatalogItems
G4-JNI GetEnv version=0x00010006
G4-JNI GetEnv version=0x00010006
G4-JNI GetEnv version=0x00010006
G4-JNI GetStaticMethodID name=getComponent signature=()Lcom/ea/nimble/mtx/INimbleMTX; id=0xaae80550
G4-JNI GetMethodID name=refreshAvailableCatalogItems signature=()V id=0xaae80654
android[5] flow/FlowNode/warn: Validate node `/menus/store/store_popup': Node is a Popup, but back option to node `/menus/garage/garage_select_car' is not a 
android[5] flow/FlowNode/warn: Hide Popup transition

android[5] flow/FlowNode/warn: Validate node `/menus/store/store_popup': Node is a Popup, but back option to node `/menus/garage/garage_select_rollout' is no
android[5] flow/FlowNode/warn: t a Hide Popup transition

android[5] flow/FlowNode/warn: Validate node `/menus/store/store_popup': Node is a Popup, but back option to node `/menus/garage/garage_grid_select_car' is n
android[5] flow/FlowNode/warn: ot a Hide Popup transition

android[5] flow/FlowNode/warn: Validate node `/menus/store/store_popup': Node is a Popup, but back option to node `/menus/garage/garage_grid_paint' is not a 
android[5] flow/FlowNode/warn: Hide Popup transition

android[5] flow/FlowNode/warn: Validate node `/menus/store/store_popup': Node is a Popup, but back option to node `/menus/garage/garage_black_market' is not 
android[5] flow/FlowNode/warn: a Hide Popup transition

android[5] layouts/warning: LayoutEntity not in cache, reloading: store_popup

android[5] layouts/warning: LayoutEntity not in cache, reloading: frame

android[5] layouts/warning: LayoutEntity not in cache, reloading: store_main

android[5] layouts/warning: LayoutEntity not in cache, reloading: scrollbar

android[5] layouts/warning: LayoutEntity not in cache, reloading: scrollbar_thumb

android[5] layouts/warning: LayoutEntity not in cache, reloading: btn_store_help

android[5] layouts/warning: LayoutEntity not in cache, reloading: profile_store

android[5] layouts/warning: LayoutEntity not in cache, reloading: cash_store

android[5] layouts/warning: LayoutEntity not in cache, reloading: store_retrieving_unable

android[5] layouts/warning: LayoutEntity not in cache, reloading: btn_options_large_idle

android[5] layouts/warning: LayoutEntity not in cache, reloading: frame

android[5] layouts/warning: LayoutEntity not in cache, reloading: btn_options_small5

android[5] layouts/warning: LayoutEntity not in cache, reloading: btn_options_large_active

android[5] layouts/warning: LayoutEntity not in cache, reloading: btn_options_large_idle

android[5] layouts/warning: LayoutEntity not in cache, reloading: frame

android[5] layouts/warning: LayoutEntity not in cache, reloading: btn_options_small5

android[5] layouts/warning: LayoutEntity not in cache, reloading: btn_options_large_active

android[5] layouts/warning: LayoutEntity not in cache, reloading: btn_options_large_idle

android[5] layouts/warning: LayoutEntity not in cache, reloading: generic_help_full_popup

android[5] layouts/warning: LayoutEntity not in cache, reloading: btn_options_large_idle

android[5] layouts/warning: LayoutEntity not in cache, reloading: frame

android[5] layouts/warning: LayoutEntity not in cache, reloading: options_text

android[5] layouts/warning: LayoutEntity not in cache, reloading: scrollbar

android[5] layouts/warning: LayoutEntity not in cache, reloading: scrollbar_thumb

android[5] layouts/warning: LayoutEntity not in cache, reloading: btn_options_small7

android[5] layouts/warning: LayoutEntity not in cache, reloading: btn_options_large_active

android[5] layouts/warning: LayoutEntity not in cache, reloading: btn_options_large_idle

android[5] layouts/warning: LayoutEntity not in cache, reloading: store_retrieving

android[5] layouts/warning: LayoutEntity not in cache, reloading: btn_options_large_idle

android[5] layouts/warning: LayoutEntity not in cache, reloading: spinner

android[5] layouts/warning: LayoutEntity not in cache, reloading: frame

android[5] layouts/warning: LayoutEntity not in cache, reloading: btn_options_small5

android[5] layouts/warning: LayoutEntity not in cache, reloading: btn_options_large_active

android[5] layouts/warning: LayoutEntity not in cache, reloading: btn_options_large_idle

android[5] layouts/warning: LayoutEntity not in cache, reloading: btn_back_corner

android[6] layouts/error: Unable to locate layout entity: _icon

G4-JNI GetEnv version=0x00010002
G4-JNI GetEnv version=0x00010002
G4-JNI GetEnv version=0x00010002
G4-JNI GetEnv version=0x00010002
G4-JNI GetEnv version=0x00010002
G4-JNI GetEnv version=0x00010002
G4-JNI GetEnv version=0x00010002
G4-JNI GetEnv version=0x00010002
G4-JNI GetEnv version=0x00010002
G4-JNI GetEnv version=0x00010002
G4-JNI GetEnv version=0x00010002
G4-JNI GetEnv version=0x00010002
G4-JNI GetEnv version=0x00010002
G4-JNI GetEnv version=0x00010002
G4-JNI GetEnv version=0x00010002
G4-JNI GetEnv version=0x00010002
G4-JNI GetEnv version=0x00010002
G4-JNI GetEnv version=0x00010002
G4-JNI GetEnv version=0x00010002
G4-JNI GetEnv version=0x00010002
G4-JNI GetEnv version=0x00010002
G4-JNI GetEnv version=0x00010002
G4-JNI GetEnv version=0x00010002
G4-JNI GetEnv version=0x00010002
G4-JNI GetEnv version=0x00010002
G4-JNI GetEnv version=0x00010002
G4-JNI GetEnv version=0x00010002
G4-JNI GetEnv version=0x00010002
G4-JNI GetEnv version=0x00010002
G4-JNI GetEnv version=0x00010002
G4-JNI GetEnv version=0x00010002
G4-JNI GetEnv version=0x00010002
G4-JNI GetEnv version=0x00010002
G4-JNI GetEnv version=0x00010002
G4-JNI GetEnv version=0x00010002
G4-JNI GetEnv version=0x00010002
G4-JNI GetEnv version=0x00010002
G4-JNI GetEnv version=0x00010002
G4-JNI GetEnv version=0x00010002
G4-JNI GetEnv version=0x00010002
G4-JNI GetEnv version=0x00010002
G4-JNI GetEnv version=0x00010002
G4-JNI GetEnv version=0x00010002
G4-JNI GetEnv version=0x00010002
G4-JNI GetEnv version=0x00010002
G4-JNI GetEnv version=0x00010002
G4-JNI GetEnv version=0x00010002
G4-JNI GetEnv version=0x00010002
G4-JNI GetEnv version=0x00010002
G4-JNI GetEnv version=0x00010002
G4-JNI GetEnv version=0x00010002
G4-JNI GetEnv version=0x00010002
G4-JNI GetEnv version=0x00010002
G4-JNI GetEnv version=0x00010002
G4-JNI GetEnv version=0x00010002
G4-JNI GetEnv version=0x00010002
G4-JNI GetEnv version=0x00010002
G4-JNI GetEnv version=0x00010002
G4-JNI GetEnv version=0x00010002
G4-JNI GetEnv version=0x00010002
G4-JNI GetEnv version=0x00010002
G4-JNI GetEnv version=0x00010002
G4-JNI GetEnv version=0x00010002
G4-JNI GetEnv version=0x00010002
G4-JNI GetEnv version=0x00010002
G4-JNI GetEnv version=0x00010002
G4-JNI GetEnv version=0x00010002
G4-JNI GetEnv version=0x00010002
G4-JNI GetEnv version=0x00010002
G4-JNI GetEnv version=0x00010002
G4-JNI GetEnv version=0x00010002
G4-JNI GetEnv version=0x00010002
G4-JNI GetEnv version=0x00010002
G4-JNI GetEnv version=0x00010002
G4-JNI GetEnv version=0x00010002
G4-JNI GetEnv version=0x00010002
G4-JNI GetEnv version=0x00010002
G4-JNI GetEnv version=0x00010002
G4-JNI GetEnv version=0x00010002
G4-JNI GetEnv version=0x00010002
G4-JNI GetEnv version=0x00010002
G4-JNI GetEnv version=0x00010002
G4-JNI GetEnv version=0x00010002
G4-JNI GetEnv version=0x00010002
G4-JNI GetEnv version=0x00010002
G4-JNI GetEnv version=0x00010002
G4-JNI GetEnv version=0x00010002
G4-JNI GetEnv version=0x00010002
G4-JNI GetEnv version=0x00010002
G4-JNI GetEnv version=0x00010002
G4-JNI GetEnv version=0x00010002
G4-JNI GetEnv version=0x00010002
G4-JNI GetEnv version=0x00010002
G4-JNI GetEnv version=0x00010002
G4-JNI GetEnv version=0x00010002
G4-JNI GetEnv version=0x00010002
G4-JNI GetEnv version=0x00010002
G4-JNI GetEnv version=0x00010002
G4-JNI GetEnv version=0x00010002
G4-JNI GetEnv version=0x00010002
G4-JNI GetEnv version=0x00010002
G4-JNI GetEnv version=0x00010002
android[2] trace: LayoutScreen::LayoutScreen OptionsSettingsScreen != 0

android[6] Sound/SoundManager/error: FMOD result of SoundManager::createSound: An error occured that wasn't supposed to.  Contact support. 

android[5] Sound/SoundManager/warn: SoundManager::createSound - 'ui/ui/event_popup': failure.

android[2] trace: UI play sound: ui/ui/event_popup

android[2] trace: ShowMogaHighlight start

android[2] trace: ShowMogaHighlight 1

android[2] trace: ShowMogaHighlight end

G4-JNI GetEnv version=0x00010002
G4-JNI GetEnv version=0x00010002
G4-JNI GetEnv version=0x00010002
G4-JNI GetEnv version=0x00010002
G4-JNI GetEnv version=0x00010002
G4-JNI GetEnv version=0x00010002
G4-JNI GetEnv version=0x00010002
G4-JNI GetEnv version=0x00010002
G4-JNI GetEnv version=0x00010002
G4-JNI GetEnv version=0x00010002
G4-JNI GetEnv version=0x00010002
G4-JNI GetEnv version=0x00010002
G4-JNI GetEnv version=0x00010002
G4-JNI GetEnv version=0x00010002
G4-JNI GetEnv version=0x00010002
G4-JNI GetEnv version=0x00010002
G4-JNI GetEnv version=0x00010002
G4-JNI GetEnv version=0x00010002
G4-JNI GetEnv version=0x00010002
G4-JNI GetEnv version=0x00010002
G4-JNI GetEnv version=0x00010002
G4-JNI GetEnv version=0x00010002
G4-JNI GetEnv version=0x00010002
G4-JNI GetEnv version=0x00010002
G4-JNI GetEnv version=0x00010002
G4-JNI GetEnv version=0x00010002
G4-JNI GetEnv version=0x00010002
G4-JNI GetEnv version=0x00010002
G4-JNI GetEnv version=0x00010002
G4-JNI GetEnv version=0x00010002
G4-JNI GetEnv version=0x00010002
G4-JNI GetEnv version=0x00010002
G4-JNI GetEnv version=0x00010002
G4-JNI GetEnv version=0x00010002
G4-JNI GetEnv version=0x00010002
G4-JNI GetEnv version=0x00010002
G4-JNI GetEnv version=0x00010002
G4-JNI GetEnv version=0x00010002
G4-JNI GetEnv version=0x00010002
G4-JNI GetEnv version=0x00010002
G4-JNI GetEnv version=0x00010002
G4-JNI GetEnv version=0x00010002
G4-JNI GetEnv version=0x00010002
G4-JNI GetEnv version=0x00010002
G4-JNI GetEnv version=0x00010002
G4-JNI GetEnv version=0x00010002
G4-JNI GetEnv version=0x00010002
G4-JNI GetEnv version=0x00010002
G4-JNI GetEnv version=0x00010002
G4-JNI GetEnv version=0x00010002
G4-JNI GetEnv version=0x00010002
G4-JNI GetEnv version=0x00010002
G4-JNI GetEnv version=0x00010002
G4-JNI GetEnv version=0x00010002
G4-JNI GetEnv version=0x00010002
G4-JNI GetEnv version=0x00010002
G4-JNI GetEnv version=0x00010002
G4-JNI GetEnv version=0x00010002
G4-JNI GetEnv version=0x00010002
G4-JNI GetEnv version=0x00010002
G4-JNI GetEnv version=0x00010002
G4-JNI GetEnv version=0x00010002
G4-JNI GetEnv version=0x00010002
G4-JNI GetEnv version=0x00010002
G4-JNI GetEnv version=0x00010002
G4-JNI GetEnv version=0x00010002
G4-JNI GetEnv version=0x00010002
G4-JNI GetEnv version=0x00010002
G4-JNI GetEnv version=0x00010002
G4-JNI GetEnv version=0x00010002
G4-JNI GetEnv version=0x00010002
G4-JNI GetEnv version=0x00010002
G4-JNI GetEnv version=0x00010002
G4-JNI GetEnv version=0x00010002
G4-JNI GetEnv version=0x00010002
G4-JNI GetEnv version=0x00010002
G4-JNI GetEnv version=0x00010002
G4-JNI GetEnv version=0x00010002
G4-JNI GetEnv version=0x00010002
G4-JNI GetEnv version=0x00010002
G4-JNI GetEnv version=0x00010002
G4-JNI GetEnv version=0x00010002
G4-JNI GetEnv version=0x00010002
G4-JNI GetEnv version=0x00010002
G4-JNI GetEnv version=0x00010002
G4-JNI GetEnv version=0x00010002
G4-JNI GetEnv version=0x00010002
G4-JNI GetEnv version=0x00010002
G4-JNI GetEnv version=0x00010002
G4-JNI GetEnv version=0x00010002
G4-JNI GetEnv version=0x00010002
G4-JNI GetEnv version=0x00010002
G4-JNI GetEnv version=0x00010002
G4-JNI GetEnv version=0x00010002
G4-JNI GetEnv version=0x00010002
G4-JNI GetEnv version=0x00010002
G4-JNI GetEnv version=0x00010002
G4-JNI GetEnv version=0x00010002
G4-JNI GetEnv version=0x00010002
G4-JNI GetEnv version=0x00010002
G4-JNI GetEnv version=0x00010002
G4-JNI GetEnv version=0x00010002
G4-JNI GetEnv version=0x00010002
G4-JNI GetEnv version=0x00010002
G4-JNI GetEnv version=0x00010002
G4-JNI GetEnv version=0x00010002
G4-JNI GetEnv version=0x00010002
G4-JNI GetEnv version=0x00010002
G4-JNI GetEnv version=0x00010002
G4-JNI GetEnv version=0x00010002
G4-JNI GetEnv version=0x00010002
G4-JNI GetEnv version=0x00010002
G4-JNI GetEnv version=0x00010002
G4-JNI GetEnv version=0x00010002
G4-JNI GetEnv version=0x00010002
G4-JNI GetEnv version=0x00010002
G4-JNI GetEnv version=0x00010002
G4-JNI GetEnv version=0x00010002
G4-JNI GetEnv version=0x00010002
G4-JNI GetEnv version=0x00010002
G4-JNI GetEnv version=0x00010002
G4-JNI GetEnv version=0x00010002
G4-JNI GetEnv version=0x00010002
G4-JNI GetEnv version=0x00010002
G4-JNI GetEnv version=0x00010002
G4-JNI GetEnv version=0x00010002
G4-JNI GetEnv version=0x00010002
G4-JNI GetEnv version=0x00010002
G4-JNI GetEnv version=0x00010002
G4-JNI GetEnv version=0x00010002
G4-JNI GetEnv version=0x00010002
G4-JNI GetEnv version=0x00010002
G4-JNI GetEnv version=0x00010002
G4-JNI GetEnv version=0x00010002
G4-JNI GetEnv version=0x00010002
G4-JNI GetEnv version=0x00010002
G4-JNI GetEnv version=0x00010002
G4-JNI GetEnv version=0x00010002
G4-JNI GetEnv version=0x00010002
G4-JNI GetEnv version=0x00010002
G4-JNI GetEnv version=0x00010002
G4-JNI GetEnv version=0x00010002
G4-JNI GetEnv version=0x00010002
G4-JNI GetEnv version=0x00010002
G4-JNI GetEnv version=0x00010002
G4-JNI GetEnv version=0x00010002
G4-JNI GetEnv version=0x00010002
G4-JNI GetEnv version=0x00010002
G4-JNI GetEnv version=0x00010002
G4-JNI GetEnv version=0x00010002
G4-JNI GetEnv version=0x00010002
G4-JNI GetEnv version=0x00010002
G4-JNI GetEnv version=0x00010002
G4-JNI GetEnv version=0x00010002
G4-JNI GetEnv version=0x00010002
G4-JNI GetEnv version=0x00010002
G4-JNI GetEnv version=0x00010002
G4-JNI GetEnv version=0x00010002
G4-JNI GetEnv version=0x00010002
G4-JNI GetEnv version=0x00010002
G4-JNI GetEnv version=0x00010002
G4-JNI GetEnv version=0x00010002
G4-JNI GetEnv version=0x00010002
G4-JNI GetEnv version=0x00010002
G4-JNI GetEnv version=0x00010002
G4-JNI GetEnv version=0x00010002
G4-JNI GetEnv version=0x00010002
G4-JNI GetEnv version=0x00010002
G4-JNI GetEnv version=0x00010002
G4-JNI GetEnv version=0x00010002
G4-JNI GetEnv version=0x00010002
G4-JNI GetEnv version=0x00010002
G4-JNI GetEnv version=0x00010006
G6-RAW buttons=0x00000001
android[2] trace: MoGaConTrOlLeR :: ....................(KK) MogaController :: Inside nativeOnKeyEvent 

android[2] trace: ....................(KK) MogaController :: Inside nativeOnKeyEvent 97

android[2] trace: MoGaConTrOlLeR :: ....................(KK) Key Event Key B BBBB .....................

android[2] trace: MoGaConTrOlLeR :: ....................(KK) Key Event Key Down .....................

android[2] trace: MoGaConTrOlLeR :: ....................(KK) Listener Key Press .....................

android[2] trace: MoGaConTrOlLeR :: ....................(KK) AndroidKeyCode :: MogaKeyCode (Start of func) .....................

android[2] trace: MoGaConTrOlLeR :: ....................(KK) AndroidKeyCode :: MogaKeyCode Key Press B .....................

android[2] trace: MoGaConTrOlLeR :: (KK) MogaController :: Inside nativeOnKeyEvent ....................

G6-MOGA key frame=10062 code=97 state=down
android[6] Sound/SoundManager/error: FMOD result of SoundManager::createSound: An error occured that wasn't supposed to.  Contact support. 

android[5] Sound/SoundManager/warn: SoundManager::createSound - 'ui/ui/btn_generic_back': failure.

android[2] trace: UI play sound: ui/ui/btn_generic_back

G6-RAW buttons=0x00000000
android[2] trace: MoGaConTrOlLeR :: ....................(KK) MogaController :: Inside nativeOnKeyEvent 

android[2] trace: ....................(KK) MogaController :: Inside nativeOnKeyEvent 97

android[2] trace: MoGaConTrOlLeR :: ....................(KK) Key Event Key B BBBB .....................

android[2] trace: MoGaConTrOlLeR :: ....................(KK) Key Event Key up .....................

android[2] trace: MoGaConTrOlLeR :: ....................(KK) Listener Key Release .....................

android[2] trace: MoGaConTrOlLeR :: ....................(KK) AndroidKeyCode :: MogaKeyCode (Start of func) .....................

android[2] trace: MoGaConTrOlLeR :: ....................(KK) AndroidKeyCode :: MogaKeyCode Key Press B .....................

android[2] trace: MoGaConTrOlLeR :: (KK) MogaController :: Inside nativeOnKeyEvent ....................

G6-MOGA key frame=10064 code=97 state=up
android[5] layouts/warning: LayoutEntity not in cache, reloading: car_select_new

android[5] layouts/warning: LayoutEntity not in cache, reloading: spinner

android[5] layouts/warning: LayoutEntity not in cache, reloading: rollout_vingette

android[5] layouts/warning: LayoutEntity not in cache, reloading: car_select_locked

android[5] layouts/warning: LayoutEntity not in cache, reloading: btn_arrow_car_select

android[5] layouts/warning: LayoutEntity not in cache, reloading: btn_car_action_small

android[5] layouts/warning: LayoutEntity not in cache, reloading: btn_uppernav

android[5] layouts/warning: LayoutEntity not in cache, reloading: profile_garage

android[5] layouts/warning: LayoutEntity not in cache, reloading: cash

android[5] layouts/warning: LayoutEntity not in cache, reloading: cash_container

android[5] layouts/warning: LayoutEntity not in cache, reloading: btn_add_cash

android[5] layouts/warning: LayoutEntity not in cache, reloading: btn_class_dropdown

android[5] layouts/warning: LayoutEntity not in cache, reloading: class_frame_dropdown

android[5] layouts/warning: LayoutEntity not in cache, reloading: btn_paint

android[5] layouts/warning: LayoutEntity not in cache, reloading: btn_car_action_large

android[5] layouts/warning: LayoutEntity not in cache, reloading: btn_car_action_buy_temp

android[5] layouts/warning: LayoutEntity not in cache, reloading: car_select_instance

android[5] layouts/warning: LayoutEntity not in cache, reloading: car_select_nfs_edition

android[5] layouts/warning: LayoutEntity not in cache, reloading: car_selector_main_element

android[5] layouts/warning: LayoutEntity not in cache, reloading: car_select_stats_bar

android[5] layouts/warning: LayoutEntity not in cache, reloading: class_bg_frame

android[5] layouts/warning: LayoutEntity not in cache, reloading: nav_moga_highlight

android[5] layouts/warning: LayoutEntity not in cache, reloading: class_menu

android[5] layouts/warning: LayoutEntity not in cache, reloading: btn_class

android[5] layouts/warning: LayoutEntity not in cache, reloading: hud_achievementnotification_infrontend

android[5] layouts/warning: LayoutEntity not in cache, reloading: hud_line

android[5] layouts/warning: LayoutEntity not in cache, reloading: achievement_icon

android[6] layouts/error: Unable to locate layout entity: _icon

android[6] layouts/error: Unable to locate layout entity: _progress_bar

android[2] trace: LayoutScreen::LayoutScreen OptionsSettingsScreen != 0

android[6] layouts/error: Attempted to access invalid layout: car_select_bg

android[6] Sound/SoundManager/error: FMOD result of SoundManager::createSound: An error occured that wasn't supposed to.  Contact support. 

android[5] Sound/SoundManager/warn: SoundManager::createSound - 'ui/ui/btn_generic_accept': failure.

android[2] trace: UI play sound: ui/ui/btn_generic_accept

G4-JNI GetEnv version=0x00010002
G4-JNI GetEnv version=0x00010002
G4-JNI GetEnv version=0x00010002
G4-JNI GetEnv version=0x00010002
G6-RAW buttons=0x00000004
android[2] trace: MoGaConTrOlLeR :: ....................(KK) MogaController :: Inside nativeOnKeyEvent 

android[2] trace: ....................(KK) MogaController :: Inside nativeOnKeyEvent 99

android[2] trace: MoGaConTrOlLeR :: ....................(KK) Key Event Key X XXXX .....................

android[2] trace: MoGaConTrOlLeR :: ....................(KK) Key Event Key Down .....................

android[2] trace: MoGaConTrOlLeR :: ....................(KK) Listener Key Press .....................

android[2] trace: MoGaConTrOlLeR :: ....................(KK) AndroidKeyCode :: MogaKeyCode (Start of func) .....................

android[2] trace: MoGaConTrOlLeR :: ....................(KK) AndroidKeyCode :: MogaKeyCode Key Press X .....................

android[2] trace: MoGaConTrOlLeR :: (KK) MogaController :: Inside nativeOnKeyEvent ....................

G6-MOGA key frame=10071 code=99 state=down
android[5] layouts/warning: SetAnimation: Animation _idle not found in node /[NoID]

G6-RAW buttons=0x00000000
android[2] trace: MoGaConTrOlLeR :: ....................(KK) MogaController :: Inside nativeOnKeyEvent 

android[2] trace: ....................(KK) MogaController :: Inside nativeOnKeyEvent 99

android[2] trace: MoGaConTrOlLeR :: ....................(KK) Key Event Key X XXXX .....................

android[2] trace: MoGaConTrOlLeR :: ....................(KK) Key Event Key up .....................

android[2] trace: MoGaConTrOlLeR :: ....................(KK) Listener Key Release .....................

android[2] trace: MoGaConTrOlLeR :: ....................(KK) AndroidKeyCode :: MogaKeyCode (Start of func) .....................

android[2] trace: MoGaConTrOlLeR :: ....................(KK) AndroidKeyCode :: MogaKeyCode Key Press X .....................

android[2] trace: MoGaConTrOlLeR :: (KK) MogaController :: Inside nativeOnKeyEvent ....................

G6-MOGA key frame=10081 code=99 state=up
G6-RAW buttons=0x00000004
android[2] trace: MoGaConTrOlLeR :: ....................(KK) MogaController :: Inside nativeOnKeyEvent 

android[2] trace: ....................(KK) MogaController :: Inside nativeOnKeyEvent 99

android[2] trace: MoGaConTrOlLeR :: ....................(KK) Key Event Key X XXXX .....................

android[2] trace: MoGaConTrOlLeR :: ....................(KK) Key Event Key Down .....................

android[2] trace: MoGaConTrOlLeR :: ....................(KK) Listener Key Press .....................

android[2] trace: MoGaConTrOlLeR :: ....................(KK) AndroidKeyCode :: MogaKeyCode (Start of func) .....................

android[2] trace: MoGaConTrOlLeR :: ....................(KK) AndroidKeyCode :: MogaKeyCode Key Press X .....................

android[2] trace: MoGaConTrOlLeR :: (KK) MogaController :: Inside nativeOnKeyEvent ....................

G6-MOGA key frame=10145 code=99 state=down
G6-RAW buttons=0x00000000
android[2] trace: MoGaConTrOlLeR :: ....................(KK) MogaController :: Inside nativeOnKeyEvent 

android[2] trace: ....................(KK) MogaController :: Inside nativeOnKeyEvent 99

android[2] trace: MoGaConTrOlLeR :: ....................(KK) Key Event Key X XXXX .....................

android[2] trace: MoGaConTrOlLeR :: ....................(KK) Key Event Key up .....................

android[2] trace: MoGaConTrOlLeR :: ....................(KK) Listener Key Release .....................

android[2] trace: MoGaConTrOlLeR :: ....................(KK) AndroidKeyCode :: MogaKeyCode (Start of func) .....................

android[2] trace: MoGaConTrOlLeR :: ....................(KK) AndroidKeyCode :: MogaKeyCode Key Press X .....................

android[2] trace: MoGaConTrOlLeR :: (KK) MogaController :: Inside nativeOnKeyEvent ....................

G6-MOGA key frame=10154 code=99 state=up
G6-RAW buttons=0x00000002
android[2] trace: MoGaConTrOlLeR :: ....................(KK) MogaController :: Inside nativeOnKeyEvent 

android[2] trace: ....................(KK) MogaController :: Inside nativeOnKeyEvent 96

android[2] trace: MoGaConTrOlLeR :: ....................(KK) Key Event Key A AAAA .....................

android[2] trace: MoGaConTrOlLeR :: ....................(KK) Key Event Key Down .....................

android[2] trace: MoGaConTrOlLeR :: ....................(KK) Listener Key Press .....................

android[2] trace: MoGaConTrOlLeR :: ....................(KK) AndroidKeyCode :: MogaKeyCode (Start of func) .....................

android[2] trace: MoGaConTrOlLeR :: ....................(KK) AndroidKeyCode :: MogaKeyCode Key Press A .....................

android[2] trace: MoGaConTrOlLeR :: (KK) MogaController :: Inside nativeOnKeyEvent ....................

G6-MOGA key frame=10179 code=96 state=down
android[2] AndroidInput: Unregistered view calling nativeTouchEvent: 0xaae72070

G6-TOUCH down frame=10179 position=512,432
android[6] error: Node /menus/garage/garage_select_car has no output for CLASS_FILTER_GT. Ignoring

android[6] Sound/SoundManager/error: FMOD result of SoundManager::createSound: An error occured that wasn't supposed to.  Contact support. 

android[5] Sound/SoundManager/warn: SoundManager::createSound - 'ui/ui/btn_generic_accept': failure.

android[2] trace: UI play sound: ui/ui/btn_generic_accept

G4-JNI GetEnv version=0x00010002
G4-JNI GetEnv version=0x00010002
G4-JNI GetEnv version=0x00010002
G4-JNI GetEnv version=0x00010002
G6-RAW buttons=0x00000000
android[2] trace: MoGaConTrOlLeR :: ....................(KK) MogaController :: Inside nativeOnKeyEvent 

android[2] trace: ....................(KK) MogaController :: Inside nativeOnKeyEvent 96

android[2] trace: MoGaConTrOlLeR :: ....................(KK) Key Event Key A AAAA .....................

android[2] trace: MoGaConTrOlLeR :: ....................(KK) Key Event Key up .....................

android[2] trace: MoGaConTrOlLeR :: ....................(KK) Listener Key Release .....................

android[2] trace: MoGaConTrOlLeR :: ....................(KK) AndroidKeyCode :: MogaKeyCode (Start of func) .....................

android[2] trace: MoGaConTrOlLeR :: ....................(KK) AndroidKeyCode :: MogaKeyCode Key Press A .....................

android[2] trace: MoGaConTrOlLeR :: (KK) MogaController :: Inside nativeOnKeyEvent ....................

G6-MOGA key frame=10181 code=96 state=up
android[2] AndroidInput: Unregistered view calling nativeTouchEvent: 0xaae72070

G6-TOUCH up frame=10181 position=512,432
android[4] ResourceManager: Remove asset: /published/textures/cars/texture_fx_nitro.sba

android[4] ResourceManager: Remove asset: /published/textures/cars/texture_light_falloff.sba

android[4] ResourceManager: Remove asset: /published/textures/cars/numberplates/texture_numberplate_need4speed_reflection.sba

android[4] ResourceManager: Remove asset: /published/brdf/texture_sp_wheels.sba

android[4] ResourceManager: Remove asset: /published/textures/cars/numberplates/texture_numberplate_need4speed.sba

android[4] ResourceManager: Remove asset: /published/textures/cars/lexus_lfa_2010/texture_lexus_lfa_2010_alpha_damage.sba

android[4] ResourceManager: Remove asset: /published/textures/cars/lexus_lfa_2010/texture_lexus_lfa_2010_alpha.sba

android[4] ResourceManager: Remove asset: /published/textures/cars/lexus_lfa_2010/texture_lexus_lfa_2010_alpha_reflection.sba

android[4] ResourceManager: Remove asset: /published/brdf/texture_brdf_gloss_light.sba

android[4] ResourceManager: Remove asset: /published/textures/cars/damage/texture_scratch.sba

android[4] ResourceManager: Remove asset: /published/textures/cars/lexus_lfa_2010/texture_lexus_lfa_2010_diffuse_reflection_gloss.sba

android[4] ResourceManager: Remove asset: /published/brdf/texture_sp_gloss.sba

android[4] ResourceManager: Remove asset: /published/textures/cars/lexus_lfa_2010/texture_lexus_lfa_2010_diffuse_00.sba

android[5] warn: WARNING: loading model directly: /published/models/cars/mas_gt_mcs_11/mas_gt_mcs_11.m3g

android[4] ResourceManager: Add asset: /published/textures/cars/maserati_gt_mcs_11/texture_mas_gt_mcs_11_car_00.sba

android[4] ResourceManager: Add asset: /published/textures/cars/texture_light_falloff.sba

android[4] ResourceManager: Add asset: /published/textures/cars/maserati_gt_mcs_11/texture_mas_gt_mcs_11_windownormal.sba

android[4] ResourceManager: Add asset: /published/textures/cars/numberplates/texture_numberplate_mostwanted_08.sba

android[5] warn: WARNING: loading model directly: /published/models/cars/fx_nitro.m3g

android[4] ResourceManager: Add asset: /published/textures/cars/texture_fx_nitro.sba

android[5] warn: WARNING: loading model directly: /published/models/cars/fx_nitro.m3g

android[4] ResourceManager: Add asset: /published/brdf/texture_sp_wheels.sba

android[4] ResourceManager: Add asset: /published/textures/cars/numberplates/texture_numberplate_need4speed_reflection.sba

android[4] ResourceManager: Add asset: /published/textures/cars/damage/texture_scratch.sba

G7-FRAME enter=10200
G5-GL STATE frame=10200 framebuffer=0 status=0x8cd5 errors=0
G7-FRAME leave=10200
android[4] ResourceManager: Add asset: /published/textures/cars/maserati_gt_mcs_11/texture_mas_gt_mcs_11_windownormal_reflection.sba

android[4] ResourceManager: Add asset: /published/textures/cars/maserati_gt_mcs_11/texture_mas_gt_mcs_11_windowcracks.sba

G6-RAW buttons=0x00000002
android[2] trace: MoGaConTrOlLeR :: ....................(KK) MogaController :: Inside nativeOnKeyEvent 

android[2] trace: ....................(KK) MogaController :: Inside nativeOnKeyEvent 96

android[2] trace: MoGaConTrOlLeR :: ....................(KK) Key Event Key A AAAA .....................

android[2] trace: MoGaConTrOlLeR :: ....................(KK) Key Event Key Down .....................

android[2] trace: MoGaConTrOlLeR :: ....................(KK) Listener Key Press .....................

android[2] trace: MoGaConTrOlLeR :: ....................(KK) AndroidKeyCode :: MogaKeyCode (Start of func) .....................

android[2] trace: MoGaConTrOlLeR :: ....................(KK) AndroidKeyCode :: MogaKeyCode Key Press A .....................

android[2] trace: MoGaConTrOlLeR :: (KK) MogaController :: Inside nativeOnKeyEvent ....................

G6-MOGA key frame=10213 code=96 state=down
android[2] AndroidInput: Unregistered view calling nativeTouchEvent: 0xaae72070

G6-TOUCH down frame=10213 position=512,432
android[4] ResourceManager: Add asset: /published/textures/cars/maserati_gt_mcs_11/texture_mas_gt_mcs_11_car_00_reflection.sba

android[4] ResourceManager: Add asset: /published/brdf/texture_brdf_gloss_light.sba

android[4] ResourceManager: Add asset: /published/brdf/texture_sp_gloss.sba

android[4] ResourceManager: Add asset: /published/textures/cars/numberplates/texture_numberplate_need4speed.sba

android[4] ResourceManager: Remove asset: /published/textures/cars/numberplates/texture_numberplate_mostwanted_08.sba

android[6] error: Node /menus/garage/garage_select_car has no output for CLASS_FILTER_GT. Ignoring

android[6] Sound/SoundManager/error: FMOD result of SoundManager::createSound: An error occured that wasn't supposed to.  Contact support. 

android[5] Sound/SoundManager/warn: SoundManager::createSound - 'ui/ui/btn_generic_accept': failure.

android[2] trace: UI play sound: ui/ui/btn_generic_accept

G6-RAW buttons=0x00000000
android[2] trace: MoGaConTrOlLeR :: ....................(KK) MogaController :: Inside nativeOnKeyEvent 

android[2] trace: ....................(KK) MogaController :: Inside nativeOnKeyEvent 96

android[2] trace: MoGaConTrOlLeR :: ....................(KK) Key Event Key A AAAA .....................

android[2] trace: MoGaConTrOlLeR :: ....................(KK) Key Event Key up .....................

android[2] trace: MoGaConTrOlLeR :: ....................(KK) Listener Key Release .....................

android[2] trace: MoGaConTrOlLeR :: ....................(KK) AndroidKeyCode :: MogaKeyCode (Start of func) .....................

android[2] trace: MoGaConTrOlLeR :: ....................(KK) AndroidKeyCode :: MogaKeyCode Key Press A .....................

android[2] trace: MoGaConTrOlLeR :: (KK) MogaController :: Inside nativeOnKeyEvent ....................

G6-MOGA key frame=10215 code=96 state=up
android[2] AndroidInput: Unregistered view calling nativeTouchEvent: 0xaae72070

G6-TOUCH up frame=10215 position=512,432
G4-JNI GetEnv version=0x00010006
G6-RAW buttons=0x00000002
android[2] trace: MoGaConTrOlLeR :: ....................(KK) MogaController :: Inside nativeOnKeyEvent 

android[2] trace: ....................(KK) MogaController :: Inside nativeOnKeyEvent 96

android[2] trace: MoGaConTrOlLeR :: ....................(KK) Key Event Key A AAAA .....................

android[2] trace: MoGaConTrOlLeR :: ....................(KK) Key Event Key Down .....................

android[2] trace: MoGaConTrOlLeR :: ....................(KK) Listener Key Press .....................

android[2] trace: MoGaConTrOlLeR :: ....................(KK) AndroidKeyCode :: MogaKeyCode (Start of func) .....................

android[2] trace: MoGaConTrOlLeR :: ....................(KK) AndroidKeyCode :: MogaKeyCode Key Press A .....................

android[2] trace: MoGaConTrOlLeR :: (KK) MogaController :: Inside nativeOnKeyEvent ....................

G6-MOGA key frame=10244 code=96 state=down
android[2] AndroidInput: Unregistered view calling nativeTouchEvent: 0xaae72070

G6-TOUCH down frame=10244 position=512,432
android[6] error: Node /menus/garage/garage_select_car has no output for CLASS_FILTER_GT. Ignoring

android[6] Sound/SoundManager/error: FMOD result of SoundManager::createSound: An error occured that wasn't supposed to.  Contact support. 

android[5] Sound/SoundManager/warn: SoundManager::createSound - 'ui/ui/btn_generic_accept': failure.

android[2] trace: UI play sound: ui/ui/btn_generic_accept

G6-RAW buttons=0x00000000
android[2] trace: MoGaConTrOlLeR :: ....................(KK) MogaController :: Inside nativeOnKeyEvent 

android[2] trace: ....................(KK) MogaController :: Inside nativeOnKeyEvent 96

android[2] trace: MoGaConTrOlLeR :: ....................(KK) Key Event Key A AAAA .....................

android[2] trace: MoGaConTrOlLeR :: ....................(KK) Key Event Key up .....................

android[2] trace: MoGaConTrOlLeR :: ....................(KK) Listener Key Release .....................

android[2] trace: MoGaConTrOlLeR :: ....................(KK) AndroidKeyCode :: MogaKeyCode (Start of func) .....................

android[2] trace: MoGaConTrOlLeR :: ....................(KK) AndroidKeyCode :: MogaKeyCode Key Press A .....................

android[2] trace: MoGaConTrOlLeR :: (KK) MogaController :: Inside nativeOnKeyEvent ....................

G6-MOGA key frame=10246 code=96 state=up
android[2] AndroidInput: Unregistered view calling nativeTouchEvent: 0xaae72070

G6-TOUCH up frame=10246 position=512,432
G6-RAW buttons=0x00000002
android[2] trace: MoGaConTrOlLeR :: ....................(KK) MogaController :: Inside nativeOnKeyEvent 

android[2] trace: ....................(KK) MogaController :: Inside nativeOnKeyEvent 96

android[2] trace: MoGaConTrOlLeR :: ....................(KK) Key Event Key A AAAA .....................

android[2] trace: MoGaConTrOlLeR :: ....................(KK) Key Event Key Down .....................

android[2] trace: MoGaConTrOlLeR :: ....................(KK) Listener Key Press .....................

android[2] trace: MoGaConTrOlLeR :: ....................(KK) AndroidKeyCode :: MogaKeyCode (Start of func) .....................

android[2] trace: MoGaConTrOlLeR :: ....................(KK) AndroidKeyCode :: MogaKeyCode Key Press A .....................

android[2] trace: MoGaConTrOlLeR :: (KK) MogaController :: Inside nativeOnKeyEvent ....................

G6-MOGA key frame=10269 code=96 state=down
android[2] AndroidInput: Unregistered view calling nativeTouchEvent: 0xaae72070

G6-TOUCH down frame=10269 position=512,432
android[2] trace: [AUTOLOG QUERY] Server: Blaze     Call: /nfs-2013-android/util/ping

android[6] error: Node /menus/garage/garage_select_car has no output for CLASS_FILTER_GT. Ignoring

android[6] Sound/SoundManager/error: FMOD result of SoundManager::createSound: An error occured that wasn't supposed to.  Contact support. 

android[5] Sound/SoundManager/warn: SoundManager::createSound - 'ui/ui/btn_generic_accept': failure.

android[2] trace: UI play sound: ui/ui/btn_generic_accept

G6-RAW buttons=0x00000000
android[2] trace: MoGaConTrOlLeR :: ....................(KK) MogaController :: Inside nativeOnKeyEvent 

android[2] trace: ....................(KK) MogaController :: Inside nativeOnKeyEvent 96

android[2] trace: MoGaConTrOlLeR :: ....................(KK) Key Event Key A AAAA .....................

android[2] trace: MoGaConTrOlLeR :: ....................(KK) Key Event Key up .....................

android[2] trace: MoGaConTrOlLeR :: ....................(KK) Listener Key Release .....................

android[2] trace: MoGaConTrOlLeR :: ....................(KK) AndroidKeyCode :: MogaKeyCode (Start of func) .....................

android[2] trace: MoGaConTrOlLeR :: ....................(KK) AndroidKeyCode :: MogaKeyCode Key Press A .....................

android[2] trace: MoGaConTrOlLeR :: (KK) MogaController :: Inside nativeOnKeyEvent ....................

G6-MOGA key frame=10271 code=96 state=up
android[2] AndroidInput: Unregistered view calling nativeTouchEvent: 0xaae72070

G6-TOUCH up frame=10271 position=512,432
G6-RAW buttons=0x00000002
android[2] trace: MoGaConTrOlLeR :: ....................(KK) MogaController :: Inside nativeOnKeyEvent 

android[2] trace: ....................(KK) MogaController :: Inside nativeOnKeyEvent 96

android[2] trace: MoGaConTrOlLeR :: ....................(KK) Key Event Key A AAAA .....................

android[2] trace: MoGaConTrOlLeR :: ....................(KK) Key Event Key Down .....................

android[2] trace: MoGaConTrOlLeR :: ....................(KK) Listener Key Press .....................

android[2] trace: MoGaConTrOlLeR :: ....................(KK) AndroidKeyCode :: MogaKeyCode (Start of func) .....................

android[2] trace: MoGaConTrOlLeR :: ....................(KK) AndroidKeyCode :: MogaKeyCode Key Press A .....................

android[2] trace: MoGaConTrOlLeR :: (KK) MogaController :: Inside nativeOnKeyEvent ....................

G6-MOGA key frame=10294 code=96 state=down
android[2] AndroidInput: Unregistered view calling nativeTouchEvent: 0xaae72070

G6-TOUCH down frame=10294 position=512,432
android[6] error: Node /menus/garage/garage_select_car has no output for CLASS_FILTER_GT. Ignoring

android[6] Sound/SoundManager/error: FMOD result of SoundManager::createSound: An error occured that wasn't supposed to.  Contact support. 

android[5] Sound/SoundManager/warn: SoundManager::createSound - 'ui/ui/btn_generic_accept': failure.

android[2] trace: UI play sound: ui/ui/btn_generic_accept

G6-RAW buttons=0x00000000
android[2] trace: MoGaConTrOlLeR :: ....................(KK) MogaController :: Inside nativeOnKeyEvent 

android[2] trace: ....................(KK) MogaController :: Inside nativeOnKeyEvent 96

android[2] trace: MoGaConTrOlLeR :: ....................(KK) Key Event Key A AAAA .....................

android[2] trace: MoGaConTrOlLeR :: ....................(KK) Key Event Key up .....................

android[2] trace: MoGaConTrOlLeR :: ....................(KK) Listener Key Release .....................

android[2] trace: MoGaConTrOlLeR :: ....................(KK) AndroidKeyCode :: MogaKeyCode (Start of func) .....................

android[2] trace: MoGaConTrOlLeR :: ....................(KK) AndroidKeyCode :: MogaKeyCode Key Press A .....................

android[2] trace: MoGaConTrOlLeR :: (KK) MogaController :: Inside nativeOnKeyEvent ....................

G6-MOGA key frame=10296 code=96 state=up
android[2] AndroidInput: Unregistered view calling nativeTouchEvent: 0xaae72070

G6-TOUCH up frame=10296 position=512,432
G6-RAW buttons=0x00000002
android[2] trace: MoGaConTrOlLeR :: ....................(KK) MogaController :: Inside nativeOnKeyEvent 

android[2] trace: ....................(KK) MogaController :: Inside nativeOnKeyEvent 96

android[2] trace: MoGaConTrOlLeR :: ....................(KK) Key Event Key A AAAA .....................

android[2] trace: MoGaConTrOlLeR :: ....................(KK) Key Event Key Down .....................

android[2] trace: MoGaConTrOlLeR :: ....................(KK) Listener Key Press .....................

android[2] trace: MoGaConTrOlLeR :: ....................(KK) AndroidKeyCode :: MogaKeyCode (Start of func) .....................

android[2] trace: MoGaConTrOlLeR :: ....................(KK) AndroidKeyCode :: MogaKeyCode Key Press A .....................

android[2] trace: MoGaConTrOlLeR :: (KK) MogaController :: Inside nativeOnKeyEvent ....................

G6-MOGA key frame=10303 code=96 state=down
android[2] AndroidInput: Unregistered view calling nativeTouchEvent: 0xaae72070

G6-TOUCH down frame=10303 position=512,432
android[6] error: Node /menus/garage/garage_select_car has no output for CLASS_FILTER_GT. Ignoring

android[6] Sound/SoundManager/error: FMOD result of SoundManager::createSound: An error occured that wasn't supposed to.  Contact support. 

android[5] Sound/SoundManager/warn: SoundManager::createSound - 'ui/ui/btn_generic_accept': failure.

android[2] trace: UI play sound: ui/ui/btn_generic_accept

G6-RAW buttons=0x00000000
android[2] trace: MoGaConTrOlLeR :: ....................(KK) MogaController :: Inside nativeOnKeyEvent 

android[2] trace: ....................(KK) MogaController :: Inside nativeOnKeyEvent 96

android[2] trace: MoGaConTrOlLeR :: ....................(KK) Key Event Key A AAAA .....................

android[2] trace: MoGaConTrOlLeR :: ....................(KK) Key Event Key up .....................

android[2] trace: MoGaConTrOlLeR :: ....................(KK) Listener Key Release .....................

android[2] trace: MoGaConTrOlLeR :: ....................(KK) AndroidKeyCode :: MogaKeyCode (Start of func) .....................

android[2] trace: MoGaConTrOlLeR :: ....................(KK) AndroidKeyCode :: MogaKeyCode Key Press A .....................

android[2] trace: MoGaConTrOlLeR :: (KK) MogaController :: Inside nativeOnKeyEvent ....................

G6-MOGA key frame=10305 code=96 state=up
android[2] AndroidInput: Unregistered view calling nativeTouchEvent: 0xaae72070

G6-TOUCH up frame=10305 position=512,432
G6-RAW buttons=0x00000001
android[2] trace: MoGaConTrOlLeR :: ....................(KK) MogaController :: Inside nativeOnKeyEvent 

android[2] trace: ....................(KK) MogaController :: Inside nativeOnKeyEvent 97

android[2] trace: MoGaConTrOlLeR :: ....................(KK) Key Event Key B BBBB .....................

android[2] trace: MoGaConTrOlLeR :: ....................(KK) Key Event Key Down .....................

android[2] trace: MoGaConTrOlLeR :: ....................(KK) Listener Key Press .....................

android[2] trace: MoGaConTrOlLeR :: ....................(KK) AndroidKeyCode :: MogaKeyCode (Start of func) .....................

android[2] trace: MoGaConTrOlLeR :: ....................(KK) AndroidKeyCode :: MogaKeyCode Key Press B .....................

android[2] trace: MoGaConTrOlLeR :: (KK) MogaController :: Inside nativeOnKeyEvent ....................

G6-MOGA key frame=10312 code=97 state=down
android[6] Sound/SoundManager/error: FMOD result of SoundManager::createSound: An error occured that wasn't supposed to.  Contact support. 

android[5] Sound/SoundManager/warn: SoundManager::createSound - 'ui/ui/btn_generic_back': failure.

android[2] trace: UI play sound: ui/ui/btn_generic_back

G6-RAW buttons=0x00000000
android[2] trace: MoGaConTrOlLeR :: ....................(KK) MogaController :: Inside nativeOnKeyEvent 

android[2] trace: ....................(KK) MogaController :: Inside nativeOnKeyEvent 97

android[2] trace: MoGaConTrOlLeR :: ....................(KK) Key Event Key B BBBB .....................

android[2] trace: MoGaConTrOlLeR :: ....................(KK) Key Event Key up .....................

android[2] trace: MoGaConTrOlLeR :: ....................(KK) Listener Key Release .....................

android[2] trace: MoGaConTrOlLeR :: ....................(KK) AndroidKeyCode :: MogaKeyCode (Start of func) .....................

android[2] trace: MoGaConTrOlLeR :: ....................(KK) AndroidKeyCode :: MogaKeyCode Key Press B .....................

android[2] trace: MoGaConTrOlLeR :: (KK) MogaController :: Inside nativeOnKeyEvent ....................

G6-MOGA key frame=10314 code=97 state=up
android[5] layouts/warning: LayoutEntity not in cache, reloading: event_details

android[5] layouts/warning: LayoutEntity not in cache, reloading: btn_back_corner2

android[5] layouts/warning: LayoutEntity not in cache, reloading: event_details_speedwall

android[5] layouts/warning: LayoutEntity not in cache, reloading: event_frame

android[5] layouts/warning: LayoutEntity not in cache, reloading: event_details_speedwall_list

android[5] layouts/warning: LayoutEntity not in cache, reloading: event_details_speedwall_entry

android[5] layouts/warning: LayoutEntity not in cache, reloading: results_speedwall_personalbest

android[5] layouts/warning: LayoutEntity not in cache, reloading: new_map_base

android[5] layouts/warning: LayoutEntity not in cache, reloading: scrollbar

android[5] layouts/warning: LayoutEntity not in cache, reloading: scrollbar_thumb

android[5] layouts/warning: LayoutEntity not in cache, reloading: spinner

android[5] layouts/warning: LayoutEntity not in cache, reloading: speedwall_footer

android[5] layouts/warning: LayoutEntity not in cache, reloading: speedwall_header

android[5] layouts/warning: LayoutEntity not in cache, reloading: medal_targets_event_details

android[5] layouts/warning: LayoutEntity not in cache, reloading: hud_achievementnotification_infrontend

android[5] layouts/warning: LayoutEntity not in cache, reloading: hud_line

android[5] layouts/warning: LayoutEntity not in cache, reloading: achievement_icon

android[5] layouts/warning: LayoutEntity not in cache, reloading: profile_player

android[5] layouts/warning: LayoutEntity not in cache, reloading: origin_logged_out

android[5] layouts/warning: LayoutEntity not in cache, reloading: btn_origin_temp

android[5] layouts/warning: LayoutEntity not in cache, reloading: offline_online_indicator

android[5] layouts/warning: LayoutEntity not in cache, reloading: friend_notifications

android[5] layouts/warning: LayoutEntity not in cache, reloading: nav_mogaSelect

android[5] layouts/warning: LayoutEntity not in cache, reloading: masked_line_most_wanted_goals

android[5] layouts/warning: LayoutEntity not in cache, reloading: btn_car_action_large

android[5] layouts/warning: LayoutEntity not in cache, reloading: lower_white_bar

android[5] layouts/warning: SetAnimation: Animation _idle not found in node /[NoID]

android[5] layouts/warning: SetAnimation: Animation _idle not found in node /[NoID]

android[5] layouts/warning: SetAnimation: Animation _idle not found in node /[NoID]

android[5] layouts/warning: SetAnimation: Animation _idle not found in node /[NoID]

android[5] layouts/warning: SetAnimation: Animation _idle not found in node /[NoID]

android[5] layouts/warning: SetAnimation: Animation _idle not found in node /[NoID]

android[5] layouts/warning: SetAnimation: Animation _idle not found in node /[NoID]

android[5] layouts/warning: SetAnimation: Animation _idle not found in node /[NoID]

android[5] layouts/warning: SetAnimation: Animation _idle not found in node /[NoID]

android[5] layouts/warning: SetAnimation: Animation _idle not found in node /[NoID]

android[5] layouts/warning: SetAnimation: Animation _idle not found in node /[NoID]

android[5] layouts/warning: SetAnimation: Animation _idle not found in node /[NoID]

android[6] layouts/error: Unable to locate layout entity: _name_header

android[6] layouts/error: Unable to locate layout entity: _progress_bar

android[2] trace: LayoutScreen::LayoutScreen OptionsSettingsScreen != 0

android[2] trace: A.N. produce offset for race selection screen

android[2] trace: ShowMogaHighlight start

android[2] trace: ShowMogaHighlight 1

android[2] trace: ShowMogaHighlight end

android[5] layouts/warning: SetAnimation: Animation _idle not found in node /[NoID]

G6-RAW buttons=0x00002000
android[2] trace: MoGaConTrOlLeR :: ....................(KK) MogaController :: Inside nativeOnKeyEvent 

android[2] trace: ....................(KK) MogaController :: Inside nativeOnKeyEvent 108

android[2] trace: MoGaConTrOlLeR :: ....................(KK) Key Event Key Start TTTT .....................

android[2] trace: MoGaConTrOlLeR :: ....................(KK) Key Event Key Down .....................

android[2] trace: MoGaConTrOlLeR :: ....................(KK) Listener Key Press .....................

android[2] trace: MoGaConTrOlLeR :: ....................(KK) AndroidKeyCode :: MogaKeyCode (Start of func) .....................

android[2] trace: MoGaConTrOlLeR :: ....................(KK) AndroidKeyCode :: MogaKeyCode Key Press Start(KeyB) .....................

android[2] trace: MoGaConTrOlLeR :: (KK) MogaController :: Inside nativeOnKeyEvent ....................

G6-MOGA key frame=10433 code=108 state=down
G6-TOUCH cursor=off frame=10433 position=512,432
G6-RAW buttons=0x00000000
android[2] trace: MoGaConTrOlLeR :: ....................(KK) MogaController :: Inside nativeOnKeyEvent 

android[2] trace: ....................(KK) MogaController :: Inside nativeOnKeyEvent 108

android[2] trace: MoGaConTrOlLeR :: ....................(KK) Key Event Key Start TTTT .....................

android[2] trace: MoGaConTrOlLeR :: ....................(KK) Key Event Key up .....................

android[2] trace: MoGaConTrOlLeR :: ....................(KK) Listener Key Release .....................

android[2] trace: MoGaConTrOlLeR :: ....................(KK) AndroidKeyCode :: MogaKeyCode (Start of func) .....................

android[2] trace: MoGaConTrOlLeR :: ....................(KK) AndroidKeyCode :: MogaKeyCode Key Press Start(KeyB) .....................

android[2] trace: MoGaConTrOlLeR :: (KK) MogaController :: Inside nativeOnKeyEvent ....................

G6-MOGA key frame=10443 code=108 state=up
G6-RAW buttons=0x00000002
android[2] trace: MoGaConTrOlLeR :: ....................(KK) MogaController :: Inside nativeOnKeyEvent 

android[2] trace: ....................(KK) MogaController :: Inside nativeOnKeyEvent 96

android[2] trace: MoGaConTrOlLeR :: ....................(KK) Key Event Key A AAAA .....................

android[2] trace: MoGaConTrOlLeR :: ....................(KK) Key Event Key Down .....................

android[2] trace: MoGaConTrOlLeR :: ....................(KK) Listener Key Press .....................

android[2] trace: MoGaConTrOlLeR :: ....................(KK) AndroidKeyCode :: MogaKeyCode (Start of func) .....................

android[2] trace: MoGaConTrOlLeR :: ....................(KK) AndroidKeyCode :: MogaKeyCode Key Press A .....................

android[2] trace: MoGaConTrOlLeR :: (KK) MogaController :: Inside nativeOnKeyEvent ....................

G6-MOGA key frame=10464 code=96 state=down
android[6] Sound/SoundManager/error: FMOD result of SoundManager::createSound: An error occured that wasn't supposed to.  Contact support. 

android[5] Sound/SoundManager/warn: SoundManager::createSound - 'ui/ui/btn_accept': failure.

android[2] trace: UI play sound: ui/ui/btn_accept

G6-RAW buttons=0x00000000
android[2] trace: MoGaConTrOlLeR :: ....................(KK) MogaController :: Inside nativeOnKeyEvent 

android[2] trace: ....................(KK) MogaController :: Inside nativeOnKeyEvent 96

android[2] trace: MoGaConTrOlLeR :: ....................(KK) Key Event Key A AAAA .....................

android[2] trace: MoGaConTrOlLeR :: ....................(KK) Key Event Key up .....................

android[2] trace: MoGaConTrOlLeR :: ....................(KK) Listener Key Release .....................

android[2] trace: MoGaConTrOlLeR :: ....................(KK) AndroidKeyCode :: MogaKeyCode (Start of func) .....................

android[2] trace: MoGaConTrOlLeR :: ....................(KK) AndroidKeyCode :: MogaKeyCode Key Press A .....................

android[2] trace: MoGaConTrOlLeR :: (KK) MogaController :: Inside nativeOnKeyEvent ....................

G6-MOGA key frame=10466 code=96 state=up
android[5] layouts/warning: LayoutEntity not in cache, reloading: car_select_new

android[5] layouts/warning: LayoutEntity not in cache, reloading: spinner

android[5] layouts/warning: LayoutEntity not in cache, reloading: rollout_vingette

android[5] layouts/warning: LayoutEntity not in cache, reloading: car_select_locked

android[5] layouts/warning: LayoutEntity not in cache, reloading: btn_arrow_car_select

android[5] layouts/warning: LayoutEntity not in cache, reloading: btn_car_action_small

android[5] layouts/warning: LayoutEntity not in cache, reloading: btn_uppernav

android[5] layouts/warning: LayoutEntity not in cache, reloading: profile_garage

android[5] layouts/warning: LayoutEntity not in cache, reloading: cash

android[5] layouts/warning: LayoutEntity not in cache, reloading: cash_container

android[5] layouts/warning: LayoutEntity not in cache, reloading: btn_add_cash

android[5] layouts/warning: LayoutEntity not in cache, reloading: btn_class_dropdown

android[5] layouts/warning: LayoutEntity not in cache, reloading: class_frame_dropdown

android[5] layouts/warning: LayoutEntity not in cache, reloading: btn_paint

android[5] layouts/warning: LayoutEntity not in cache, reloading: btn_car_action_large

android[5] layouts/warning: LayoutEntity not in cache, reloading: btn_car_action_buy_temp

android[5] layouts/warning: LayoutEntity not in cache, reloading: car_select_instance

android[5] layouts/warning: LayoutEntity not in cache, reloading: car_select_nfs_edition

android[5] layouts/warning: LayoutEntity not in cache, reloading: car_selector_main_element

android[5] layouts/warning: LayoutEntity not in cache, reloading: car_select_stats_bar

android[5] layouts/warning: LayoutEntity not in cache, reloading: class_bg_frame

android[5] layouts/warning: LayoutEntity not in cache, reloading: nav_moga_highlight

android[5] layouts/warning: LayoutEntity not in cache, reloading: class_menu

android[5] layouts/warning: LayoutEntity not in cache, reloading: btn_class

android[5] layouts/warning: LayoutEntity not in cache, reloading: hud_achievementnotification_infrontend

android[5] layouts/warning: LayoutEntity not in cache, reloading: hud_line

android[5] layouts/warning: LayoutEntity not in cache, reloading: achievement_icon

android[6] layouts/error: Unable to locate layout entity: _icon

android[6] layouts/error: Unable to locate layout entity: _progress_bar

android[2] trace: LayoutScreen::LayoutScreen OptionsSettingsScreen != 0

android[6] layouts/error: Attempted to access invalid layout: car_select_bg

android[4] ResourceManager: Remove asset: /published/textures/cars/texture_fx_nitro.sba

android[4] ResourceManager: Remove asset: /published/textures/cars/texture_light_falloff.sba

android[4] ResourceManager: Remove asset: /published/textures/cars/numberplates/texture_numberplate_need4speed_reflection.sba

android[4] ResourceManager: Remove asset: /published/brdf/texture_sp_wheels.sba

android[4] ResourceManager: Remove asset: /published/textures/cars/numberplates/texture_numberplate_need4speed.sba

android[4] ResourceManager: Remove asset: /published/textures/cars/maserati_gt_mcs_11/texture_mas_gt_mcs_11_windowcracks.sba

android[4] ResourceManager: Remove asset: /published/textures/cars/maserati_gt_mcs_11/texture_mas_gt_mcs_11_windownormal.sba

android[4] ResourceManager: Remove asset: /published/textures/cars/maserati_gt_mcs_11/texture_mas_gt_mcs_11_windownormal_reflection.sba

android[4] ResourceManager: Remove asset: /published/brdf/texture_brdf_gloss_light.sba

android[4] ResourceManager: Remove asset: /published/textures/cars/damage/texture_scratch.sba

android[4] ResourceManager: Remove asset: /published/textures/cars/maserati_gt_mcs_11/texture_mas_gt_mcs_11_car_00_reflection.sba

android[4] ResourceManager: Remove asset: /published/brdf/texture_sp_gloss.sba

android[4] ResourceManager: Remove asset: /published/textures/cars/maserati_gt_mcs_11/texture_mas_gt_mcs_11_car_00.sba

android[5] warn: WARNING: loading model directly: /published/models/cars/dodge_challenger_srt8_392_2011/dodge_challenger_srt8_392_2011.m3g

android[4] ResourceManager: Add asset: /published/textures/cars/dodge_challenger_srt8_392_2011/texture_dodge_challenger_srt8_392_2011_diffuse_00.sba

android[4] ResourceManager: Add asset: /published/textures/cars/dodge_challenger_srt8_392_2011/texture_dodge_challenger_srt8_392_2011_alpha.sba

android[4] ResourceManager: Add asset: /published/textures/cars/numberplates/texture_numberplate_need4speed.sba

android[4] ResourceManager: Add asset: /published/textures/cars/texture_light_falloff.sba

G4-JNI GetEnv version=0x00010006
android[5] warn: WARNING: loading model directly: /published/models/cars/fx_nitro.m3g

android[4] ResourceManager: Add asset: /published/textures/cars/texture_fx_nitro.sba

android[5] warn: WARNING: loading model directly: /published/models/cars/fx_nitro.m3g

android[5] warn: WARNING: loading model directly: /published/models/cars/fx_nitro.m3g

android[5] warn: WARNING: loading model directly: /published/models/cars/fx_nitro.m3g

android[4] ResourceManager: Add asset: /published/brdf/texture_sp_wheels.sba

android[4] ResourceManager: Add asset: /published/textures/cars/numberplates/texture_numberplate_need4speed_reflection.sba

android[4] ResourceManager: Add asset: /published/textures/cars/damage/texture_scratch.sba

G7-FRAME enter=10500
G5-GL STATE frame=10500 framebuffer=0 status=0x8cd5 errors=0
android[4] ResourceManager: Add asset: /published/textures/cars/dodge_challenger_srt8_392_2011/texture_dodge_challenger_srt8_392_2011_alpha_reflection.sba

G7-FRAME leave=10500
android[4] ResourceManager: Add asset: /published/textures/cars/dodge_challenger_srt8_392_2011/texture_dodge_challenger_srt8_392_2011_alpha_damage.sba

android[4] ResourceManager: Add asset: /published/textures/cars/dodge_challenger_srt8_392_2011/texture_dodge_challenger_srt8_392_2011_diffuse_reflection_g
android[4] ResourceManager: loss.sba

android[4] ResourceManager: Add asset: /published/brdf/texture_brdf_gloss_light.sba

android[4] ResourceManager: Add asset: /published/brdf/texture_sp_dodge_challenger_srt8_392_2011_white.sba

android[5] layouts/warning: SetAnimation: Animation _idle not found in node /[NoID]

G6-RAW buttons=0x00001000
android[2] trace: MoGaConTrOlLeR :: ....................(KK) MogaController :: Inside nativeOnKeyEvent 

android[2] trace: ....................(KK) MogaController :: Inside nativeOnKeyEvent 109

android[2] trace: MoGaConTrOlLeR :: ....................(KK) Key Event Key Select TTTT .....................

android[2] trace: MoGaConTrOlLeR :: ....................(KK) Key Event Key Down .....................

android[2] trace: MoGaConTrOlLeR :: ....................(KK) Listener Key Press .....................

android[2] trace: MoGaConTrOlLeR :: ....................(KK) AndroidKeyCode :: MogaKeyCode (Start of func) .....................

android[2] trace: MoGaConTrOlLeR :: ....................(KK) AndroidKeyCode :: MogaKeyCode Key Press Select .....................

android[2] trace: MoGaConTrOlLeR :: (KK) MogaController :: Inside nativeOnKeyEvent ....................

G6-MOGA key frame=10631 code=109 state=down
G6-RAW buttons=0x00000000
android[2] trace: MoGaConTrOlLeR :: ....................(KK) MogaController :: Inside nativeOnKeyEvent 

android[2] trace: ....................(KK) MogaController :: Inside nativeOnKeyEvent 109

android[2] trace: MoGaConTrOlLeR :: ....................(KK) Key Event Key Select TTTT .....................

android[2] trace: MoGaConTrOlLeR :: ....................(KK) Key Event Key up .....................

android[2] trace: MoGaConTrOlLeR :: ....................(KK) Listener Key Release .....................

android[2] trace: MoGaConTrOlLeR :: ....................(KK) AndroidKeyCode :: MogaKeyCode (Start of func) .....................

android[2] trace: MoGaConTrOlLeR :: ....................(KK) AndroidKeyCode :: MogaKeyCode Key Press Select .....................

android[2] trace: MoGaConTrOlLeR :: (KK) MogaController :: Inside nativeOnKeyEvent ....................

G6-MOGA key frame=10640 code=109 state=up
G4-JNI GetEnv version=0x00010006
G6-RAW buttons=0x00000001
android[2] trace: MoGaConTrOlLeR :: ....................(KK) MogaController :: Inside nativeOnKeyEvent 

android[2] trace: ....................(KK) MogaController :: Inside nativeOnKeyEvent 97

android[2] trace: MoGaConTrOlLeR :: ....................(KK) Key Event Key B BBBB .....................

android[2] trace: MoGaConTrOlLeR :: ....................(KK) Key Event Key Down .....................

android[2] trace: MoGaConTrOlLeR :: ....................(KK) Listener Key Press .....................

android[2] trace: MoGaConTrOlLeR :: ....................(KK) AndroidKeyCode :: MogaKeyCode (Start of func) .....................

android[2] trace: MoGaConTrOlLeR :: ....................(KK) AndroidKeyCode :: MogaKeyCode Key Press B .....................

android[2] trace: MoGaConTrOlLeR :: (KK) MogaController :: Inside nativeOnKeyEvent ....................

G6-MOGA key frame=10779 code=97 state=down
android[6] Sound/SoundManager/error: FMOD result of SoundManager::createSound: An error occured that wasn't supposed to.  Contact support. 

android[5] Sound/SoundManager/warn: SoundManager::createSound - 'ui/ui/btn_generic_back': failure.

android[2] trace: UI play sound: ui/ui/btn_generic_back

G6-RAW buttons=0x00000000
android[2] trace: MoGaConTrOlLeR :: ....................(KK) MogaController :: Inside nativeOnKeyEvent 

android[2] trace: ....................(KK) MogaController :: Inside nativeOnKeyEvent 97

android[2] trace: MoGaConTrOlLeR :: ....................(KK) Key Event Key B BBBB .....................

android[2] trace: MoGaConTrOlLeR :: ....................(KK) Key Event Key up .....................

android[2] trace: MoGaConTrOlLeR :: ....................(KK) Listener Key Release .....................

android[2] trace: MoGaConTrOlLeR :: ....................(KK) AndroidKeyCode :: MogaKeyCode (Start of func) .....................

android[2] trace: MoGaConTrOlLeR :: ....................(KK) AndroidKeyCode :: MogaKeyCode Key Press B .....................

android[2] trace: MoGaConTrOlLeR :: (KK) MogaController :: Inside nativeOnKeyEvent ....................

G6-MOGA key frame=10781 code=97 state=up
G7-FRAME enter=10800
G5-GL STATE frame=10800 framebuffer=0 status=0x8cd5 errors=0
G7-FRAME leave=10800
android[5] layouts/warning: LayoutEntity not in cache, reloading: event_details

android[5] layouts/warning: LayoutEntity not in cache, reloading: btn_back_corner2

android[5] layouts/warning: LayoutEntity not in cache, reloading: event_details_speedwall

android[5] layouts/warning: LayoutEntity not in cache, reloading: event_frame

android[5] layouts/warning: LayoutEntity not in cache, reloading: event_details_speedwall_list

android[5] layouts/warning: LayoutEntity not in cache, reloading: event_details_speedwall_entry

android[5] layouts/warning: LayoutEntity not in cache, reloading: results_speedwall_personalbest

android[5] layouts/warning: LayoutEntity not in cache, reloading: new_map_base

android[5] layouts/warning: LayoutEntity not in cache, reloading: scrollbar

android[5] layouts/warning: LayoutEntity not in cache, reloading: scrollbar_thumb

android[5] layouts/warning: LayoutEntity not in cache, reloading: spinner

android[5] layouts/warning: LayoutEntity not in cache, reloading: speedwall_footer

android[5] layouts/warning: LayoutEntity not in cache, reloading: speedwall_header

android[5] layouts/warning: LayoutEntity not in cache, reloading: medal_targets_event_details

android[5] layouts/warning: LayoutEntity not in cache, reloading: hud_achievementnotification_infrontend

android[5] layouts/warning: LayoutEntity not in cache, reloading: hud_line

android[5] layouts/warning: LayoutEntity not in cache, reloading: achievement_icon

android[5] layouts/warning: LayoutEntity not in cache, reloading: profile_player

android[5] layouts/warning: LayoutEntity not in cache, reloading: origin_logged_out

android[5] layouts/warning: LayoutEntity not in cache, reloading: btn_origin_temp

android[5] layouts/warning: LayoutEntity not in cache, reloading: offline_online_indicator

android[5] layouts/warning: LayoutEntity not in cache, reloading: friend_notifications

android[5] layouts/warning: LayoutEntity not in cache, reloading: nav_mogaSelect

android[5] layouts/warning: LayoutEntity not in cache, reloading: masked_line_most_wanted_goals

android[5] layouts/warning: LayoutEntity not in cache, reloading: btn_car_action_large

android[5] layouts/warning: LayoutEntity not in cache, reloading: lower_white_bar

android[5] layouts/warning: SetAnimation: Animation _idle not found in node /[NoID]

android[5] layouts/warning: SetAnimation: Animation _idle not found in node /[NoID]

android[5] layouts/warning: SetAnimation: Animation _idle not found in node /[NoID]

android[5] layouts/warning: SetAnimation: Animation _idle not found in node /[NoID]

android[5] layouts/warning: SetAnimation: Animation _idle not found in node /[NoID]

android[5] layouts/warning: SetAnimation: Animation _idle not found in node /[NoID]

android[5] layouts/warning: SetAnimation: Animation _idle not found in node /[NoID]

android[5] layouts/warning: SetAnimation: Animation _idle not found in node /[NoID]

android[5] layouts/warning: SetAnimation: Animation _idle not found in node /[NoID]

android[5] layouts/warning: SetAnimation: Animation _idle not found in node /[NoID]

android[5] layouts/warning: SetAnimation: Animation _idle not found in node /[NoID]

android[5] layouts/warning: SetAnimation: Animation _idle not found in node /[NoID]

android[6] layouts/error: Unable to locate layout entity: _name_header

android[6] layouts/error: Unable to locate layout entity: _progress_bar

android[2] trace: LayoutScreen::LayoutScreen OptionsSettingsScreen != 0

android[2] trace: A.N. produce offset for race selection screen

android[2] trace: ShowMogaHighlight start

android[2] trace: ShowMogaHighlight 1

android[2] trace: ShowMogaHighlight end

android[5] layouts/warning: SetAnimation: Animation _idle not found in node /[NoID]

android[2] trace: [AUTOLOG QUERY] Server: Blaze     Call: /nfs-2013-android/util/ping

G6-RAW buttons=0x00000001
android[2] trace: MoGaConTrOlLeR :: ....................(KK) MogaController :: Inside nativeOnKeyEvent 

android[2] trace: ....................(KK) MogaController :: Inside nativeOnKeyEvent 97

android[2] trace: MoGaConTrOlLeR :: ....................(KK) Key Event Key B BBBB .....................

android[2] trace: MoGaConTrOlLeR :: ....................(KK) Key Event Key Down .....................

android[2] trace: MoGaConTrOlLeR :: ....................(KK) Listener Key Press .....................

android[2] trace: MoGaConTrOlLeR :: ....................(KK) AndroidKeyCode :: MogaKeyCode (Start of func) .....................

android[2] trace: MoGaConTrOlLeR :: ....................(KK) AndroidKeyCode :: MogaKeyCode Key Press B .....................

android[2] trace: MoGaConTrOlLeR :: (KK) MogaController :: Inside nativeOnKeyEvent ....................

G6-MOGA key frame=10857 code=97 state=down
android[6] Sound/SoundManager/error: FMOD result of SoundManager::createSound: An error occured that wasn't supposed to.  Contact support. 

android[5] Sound/SoundManager/warn: SoundManager::createSound - 'ui/ui/btn_generic_back': failure.

android[2] trace: UI play sound: ui/ui/btn_generic_back

G6-RAW buttons=0x00000000
android[2] trace: MoGaConTrOlLeR :: ....................(KK) MogaController :: Inside nativeOnKeyEvent 

android[2] trace: ....................(KK) MogaController :: Inside nativeOnKeyEvent 97

android[2] trace: MoGaConTrOlLeR :: ....................(KK) Key Event Key B BBBB .....................

android[2] trace: MoGaConTrOlLeR :: ....................(KK) Key Event Key up .....................

android[2] trace: MoGaConTrOlLeR :: ....................(KK) Listener Key Release .....................

android[2] trace: MoGaConTrOlLeR :: ....................(KK) AndroidKeyCode :: MogaKeyCode (Start of func) .....................

android[2] trace: MoGaConTrOlLeR :: ....................(KK) AndroidKeyCode :: MogaKeyCode Key Press B .....................

android[2] trace: MoGaConTrOlLeR :: (KK) MogaController :: Inside nativeOnKeyEvent ....................

G6-MOGA key frame=10860 code=97 state=up
android[5] layouts/warning: LayoutEntity not in cache, reloading: map_overworld

android[5] layouts/warning: LayoutEntity not in cache, reloading: satmap

android[5] layouts/warning: LayoutEntity not in cache, reloading: track_widget

android[5] layouts/warning: LayoutEntity not in cache, reloading: btn_track

android[5] layouts/warning: LayoutEntity not in cache, reloading: event_holder_panel_normal

android[5] layouts/warning: LayoutEntity not in cache, reloading: completion_base

android[5] layouts/warning: LayoutEntity not in cache, reloading: event_holder_panel_glow

android[5] layouts/warning: LayoutEntity not in cache, reloading: blacklist_icon

android[5] layouts/warning: LayoutEntity not in cache, reloading: new_mw_base

android[5] layouts/warning: LayoutEntity not in cache, reloading: new_events_text_looper

android[5] layouts/warning: LayoutEntity not in cache, reloading: new_map_base

android[5] layouts/warning: LayoutEntity not in cache, reloading: map_offscreen_marker

android[5] layouts/warning: LayoutEntity not in cache, reloading: event_holder_panel_glow

android[5] layouts/warning: LayoutEntity not in cache, reloading: btn_blackmarket

android[5] layouts/warning: LayoutEntity not in cache, reloading: new_events_text_looper

android[5] layouts/warning: LayoutEntity not in cache, reloading: new_map_base

android[5] layouts/warning: LayoutEntity not in cache, reloading: completion_base

android[5] layouts/warning: LayoutEntity not in cache, reloading: blacklist_clock

android[5] layouts/warning: LayoutEntity not in cache, reloading: event_list_bg

android[5] layouts/warning: LayoutEntity not in cache, reloading: event_list_widget

android[5] layouts/warning: LayoutEntity not in cache, reloading: events_list

android[5] layouts/warning: LayoutEntity not in cache, reloading: scrollbar_horizontal

android[5] layouts/warning: LayoutEntity not in cache, reloading: scrollbar_thumb_horizontal

android[5] layouts/warning: LayoutEntity not in cache, reloading: btn_easydrive

android[5] layouts/warning: LayoutEntity not in cache, reloading: btn_easydriveMoga

android[5] layouts/warning: LayoutEntity not in cache, reloading: profile_player

android[5] layouts/warning: LayoutEntity not in cache, reloading: origin_logged_out

android[5] layouts/warning: LayoutEntity not in cache, reloading: btn_origin_temp

android[5] layouts/warning: LayoutEntity not in cache, reloading: offline_online_indicator

android[5] layouts/warning: LayoutEntity not in cache, reloading: friend_notifications

android[5] layouts/warning: LayoutEntity not in cache, reloading: nav_mogaSelect

android[5] layouts/warning: LayoutEntity not in cache, reloading: btn_back_corner

android[5] layouts/warning: LayoutEntity not in cache, reloading: most_wanted_panel

android[5] layouts/warning: LayoutEntity not in cache, reloading: mwlist_arrow_flash

android[5] layouts/warning: LayoutEntity not in cache, reloading: btn_block_input

android[5] layouts/warning: LayoutEntity not in cache, reloading: most_wanted_panel_maximise

android[5] layouts/warning: LayoutEntity not in cache, reloading: most_wanted_panel_minimise

android[5] layouts/warning: LayoutEntity not in cache, reloading: swipe_widget

android[5] layouts/warning: LayoutEntity not in cache, reloading: most_wanted_leaderboard

android[5] layouts/warning: LayoutEntity not in cache, reloading: frame

android[5] layouts/warning: LayoutEntity not in cache, reloading: most_wanted_scroll_list

android[5] layouts/warning: LayoutEntity not in cache, reloading: most_wanted_entry

android[5] layouts/warning: LayoutEntity not in cache, reloading: scrollbar

android[5] layouts/warning: LayoutEntity not in cache, reloading: scrollbar_thumb

android[5] layouts/warning: LayoutEntity not in cache, reloading: most_wanted_red

android[5] layouts/warning: LayoutEntity not in cache, reloading: spinner

android[5] layouts/warning: LayoutEntity not in cache, reloading: btn_origin_nag

android[5] layouts/warning: LayoutEntity not in cache, reloading: login_reward

android[5] layouts/warning: LayoutEntity not in cache, reloading: hud_milestone_popup_sp_value

android[5] layouts/warning: LayoutEntity not in cache, reloading: nav_mogaSelect

android[5] layouts/warning: LayoutEntity not in cache, reloading: navigation_panel_android

android[5] layouts/warning: LayoutEntity not in cache, reloading: navigation_panel_shading

android[5] layouts/warning: LayoutEntity not in cache, reloading: btn_lowernav

android[5] layouts/warning: LayoutEntity not in cache, reloading: quickbar_bg_text

android[5] layouts/warning: LayoutEntity not in cache, reloading: btn_lowernav_notification

android[5] layouts/warning: LayoutEntity not in cache, reloading: btn_purchase

android[5] layouts/warning: LayoutEntity not in cache, reloading: btn_lowernav

android[5] layouts/warning: LayoutEntity not in cache, reloading: quickbar_bg_text

android[5] layouts/warning: LayoutEntity not in cache, reloading: btn_lowernav_notification

android[5] layouts/warning: LayoutEntity not in cache, reloading: nav_moga

android[5] layouts/warning: LayoutEntity not in cache, reloading: navigation_panel_android_no_moga

android[5] layouts/warning: LayoutEntity not in cache, reloading: navigation_panel_shading

android[5] layouts/warning: LayoutEntity not in cache, reloading: btn_lowernav

android[5] layouts/warning: LayoutEntity not in cache, reloading: quickbar_bg_text

android[5] layouts/warning: LayoutEntity not in cache, reloading: btn_lowernav_notification

android[5] layouts/warning: LayoutEntity not in cache, reloading: btn_purchase

android[5] layouts/warning: LayoutEntity not in cache, reloading: btn_lowernav

android[5] layouts/warning: LayoutEntity not in cache, reloading: quickbar_bg_text

android[5] layouts/warning: LayoutEntity not in cache, reloading: btn_lowernav_notification

android[5] layouts/warning: LayoutEntity not in cache, reloading: nav_moga

android[5] layouts/warning: LayoutEntity not in cache, reloading: hud_achievementnotification_infrontend

android[5] layouts/warning: LayoutEntity not in cache, reloading: hud_line

android[5] layouts/warning: LayoutEntity not in cache, reloading: achievement_icon

android[4] info: -- Most Wanted List Updated --

android[4] info: 1. MSTWNTD(45000 PTS)

android[4] info: 2. FANGD(42750 PTS)

android[4] info: 3. GDZLLR(40500 PTS)

android[4] info: 4. HONEY(38250 PTS)

android[4] info: 5. KRIEG(36000 PTS)

android[4] info: 6. GU1LTY(33750 PTS)

android[4] info: 7. SPIDER(31500 PTS)

android[4] info: 8. GTMC(29249 PTS)

android[4] info: 9. SNWBLND(27000 PTS)

android[4] info: 10. JAPAN4(24750 PTS)

android[4] info: 11. You(12500 PTS)

android[4] info: -- Most Wanted List Updated --

android[4] info: 1. MSTWNTD(45000 PTS)

android[4] info: 2. FANGD(42750 PTS)

android[4] info: 3. GDZLLR(40500 PTS)

android[4] info: 4. HONEY(38250 PTS)

android[4] info: 5. KRIEG(36000 PTS)

android[4] info: 6. GU1LTY(33750 PTS)

android[4] info: 7. SPIDER(31500 PTS)

android[4] info: 8. GTMC(29249 PTS)

android[4] info: 9. SNWBLND(27000 PTS)

android[4] info: 10. JAPAN4(24750 PTS)

android[4] info: 11. You(12500 PTS)

android[6] layouts/error: Unable to locate layout entity: _progress_bar

android[2] trace: LayoutScreen::LayoutScreen OptionsSettingsScreen != 0

android[6] layouts/error: Unable to locate layout entity: EventName

android[6] layouts/error: Unable to locate layout entity: class_restriction

android[6] layouts/error: Unable to locate layout entity: event_type

android[6] layouts/error: Unable to locate layout entity: event_rank_corner_large

android[5] layouts/warning: LayoutEntity not in cache, reloading: event_entry

android[5] layouts/warning: LayoutEntity not in cache, reloading: event_frame

android[5] layouts/warning: LayoutEntity not in cache, reloading: event_entry_class_type

android[5] layouts/warning: LayoutEntity not in cache, reloading: event_rank_corner_large

android[5] layouts/warning: LayoutEntity not in cache, reloading: new_events_text_looper

android[5] layouts/warning: LayoutEntity not in cache, reloading: new_map_base

android[5] layouts/warning: LayoutEntity not in cache, reloading: event_frame

android[6] layouts/error: Unable to locate layout entity: hotride_logos

android[6] layouts/error: Unable to locate layout entity: blacklist_plates

android[6] layouts/error: Unable to locate layout entity: number

android[6] layouts/error: Unable to locate layout entity: hotride_logos

android[6] layouts/error: Unable to locate layout entity: blacklist_plates

android[6] layouts/error: Unable to locate layout entity: number

android[6] layouts/error: Unable to locate layout entity: hotride_logos

android[6] layouts/error: Unable to locate layout entity: blacklist_plates

android[6] layouts/error: Unable to locate layout entity: number

G4-JNI GetEnv version=0x00010002
android[2] trace: MusicManager::SetPlaylist(): playlist=FrontEnd fade=true

android[5] layouts/warning: SetAnimation: Animation _disabled not found in node /[NoID]/most_wanted_panel/_block_input

android[5] layouts/warning: SetAnimation: Animation _disabled not found in node /[NoID]/most_wanted_panel/_minimise_btn

android[2] trace: ShowMogaHighlight start

android[2] trace: ShowMogaHighlight 1

android[2] trace: ShowMogaHighlight end

G4-JNI GetEnv version=0x00010002
G4-JNI GetEnv version=0x00010002
G4-JNI GetEnv version=0x00010002
G4-JNI GetEnv version=0x00010002
G4-JNI GetEnv version=0x00010002
G4-JNI GetEnv version=0x00010002
G4-JNI GetEnv version=0x00010002
G4-JNI GetEnv version=0x00010002
G4-JNI GetEnv version=0x00010002
G4-JNI GetEnv version=0x00010002
G4-JNI GetEnv version=0x00010002
G4-JNI GetEnv version=0x00010002
G4-JNI GetEnv version=0x00010002
G4-JNI GetEnv version=0x00010002
G4-JNI GetEnv version=0x00010002
G4-JNI GetEnv version=0x00010002
G4-JNI GetEnv version=0x00010002
G4-JNI GetEnv version=0x00010002
G4-JNI GetEnv version=0x00010002
G4-JNI GetEnv version=0x00010002
G4-JNI GetEnv version=0x00010002
G4-JNI GetEnv version=0x00010002
android[6] Sound/SoundManager/error: FMOD result of SoundManager::createSound: An error occured that wasn't supposed to.  Contact support. 

android[5] Sound/SoundManager/warn: SoundManager::createSound - 'ui/ui/btn_continue': failure.

android[2] trace: UI play sound: ui/ui/btn_continue

G6-RAW buttons=0x00000002
android[2] trace: MoGaConTrOlLeR :: ....................(KK) MogaController :: Inside nativeOnKeyEvent 

android[2] trace: ....................(KK) MogaController :: Inside nativeOnKeyEvent 96

android[2] trace: MoGaConTrOlLeR :: ....................(KK) Key Event Key A AAAA .....................

android[2] trace: MoGaConTrOlLeR :: ....................(KK) Key Event Key Down .....................

android[2] trace: MoGaConTrOlLeR :: ....................(KK) Listener Key Press .....................

android[2] trace: MoGaConTrOlLeR :: ....................(KK) AndroidKeyCode :: MogaKeyCode (Start of func) .....................

android[2] trace: MoGaConTrOlLeR :: ....................(KK) AndroidKeyCode :: MogaKeyCode Key Press A .....................

android[2] trace: MoGaConTrOlLeR :: (KK) MogaController :: Inside nativeOnKeyEvent ....................

G6-MOGA key frame=10978 code=96 state=down
android[6] Sound/SoundManager/error: FMOD result of SoundManager::createSound: An error occured that wasn't supposed to.  Contact support. 

android[5] Sound/SoundManager/warn: SoundManager::createSound - 'ui/ui/btn_continue': failure.

android[2] trace: UI play sound: ui/ui/btn_continue

G6-RAW buttons=0x00000000
android[2] trace: MoGaConTrOlLeR :: ....................(KK) MogaController :: Inside nativeOnKeyEvent 

android[2] trace: ....................(KK) MogaController :: Inside nativeOnKeyEvent 96

android[2] trace: MoGaConTrOlLeR :: ....................(KK) Key Event Key A AAAA .....................

android[2] trace: MoGaConTrOlLeR :: ....................(KK) Key Event Key up .....................

android[2] trace: MoGaConTrOlLeR :: ....................(KK) Listener Key Release .....................

android[2] trace: MoGaConTrOlLeR :: ....................(KK) AndroidKeyCode :: MogaKeyCode (Start of func) .....................

android[2] trace: MoGaConTrOlLeR :: ....................(KK) AndroidKeyCode :: MogaKeyCode Key Press A .....................

android[2] trace: MoGaConTrOlLeR :: (KK) MogaController :: Inside nativeOnKeyEvent ....................

G6-MOGA key frame=10980 code=96 state=up
android[2] trace: EVENT ID event_02_timetrial

android[6] Sound/SoundManager/error: FMOD result of SoundManager::createSound: An error occured that wasn't supposed to.  Contact support. 

android[5] Sound/SoundManager/warn: SoundManager::createSound - 'ui/ui/btn_generic_accept': failure.

android[2] trace: UI play sound: ui/ui/btn_generic_accept

G4-JNI GetEnv version=0x00010006
android[5] layouts/warning: LayoutEntity not in cache, reloading: profile

android[5] layouts/warning: LayoutEntity not in cache, reloading: options_scroll_bg

android[5] layouts/warning: LayoutEntity not in cache, reloading: frame

android[5] layouts/warning: LayoutEntity not in cache, reloading: profile_detailed

android[5] layouts/warning: LayoutEntity not in cache, reloading: profile_achievements_compacted

android[5] layouts/warning: LayoutEntity not in cache, reloading: frame

android[5] layouts/warning: LayoutEntity not in cache, reloading: profile_achievements_title

android[5] layouts/warning: LayoutEntity not in cache, reloading: progress_bar_holder

android[5] layouts/warning: LayoutEntity not in cache, reloading: achievement_progress

android[5] layouts/warning: LayoutEntity not in cache, reloading: btn_profile_toggle1

android[5] layouts/warning: LayoutEntity not in cache, reloading: btn_options_large_active

android[5] layouts/warning: LayoutEntity not in cache, reloading: btn_options_large_idle

android[5] layouts/warning: LayoutEntity not in cache, reloading: maxmin_arrow_flash

android[5] layouts/warning: LayoutEntity not in cache, reloading: profile_achievements_other_platform

android[5] layouts/warning: LayoutEntity not in cache, reloading: frame

android[5] layouts/warning: LayoutEntity not in cache, reloading: btn_profile_notoggle

android[5] layouts/warning: LayoutEntity not in cache, reloading: btn_options_large_active

android[5] layouts/warning: LayoutEntity not in cache, reloading: btn_options_large_idle

android[5] layouts/warning: LayoutEntity not in cache, reloading: profile_detailed_info

android[5] layouts/warning: LayoutEntity not in cache, reloading: profile_player_large

android[5] layouts/warning: LayoutEntity not in cache, reloading: cash

android[5] layouts/warning: LayoutEntity not in cache, reloading: cash_container

android[5] layouts/warning: LayoutEntity not in cache, reloading: scrollbar

android[5] layouts/warning: LayoutEntity not in cache, reloading: scrollbar_thumb

android[5] layouts/warning: LayoutEntity not in cache, reloading: profile_player

android[5] layouts/warning: LayoutEntity not in cache, reloading: origin_logged_out

android[5] layouts/warning: LayoutEntity not in cache, reloading: btn_origin_temp

android[5] layouts/warning: LayoutEntity not in cache, reloading: offline_online_indicator

android[5] layouts/warning: LayoutEntity not in cache, reloading: friend_notifications

android[5] layouts/warning: LayoutEntity not in cache, reloading: nav_mogaSelect

android[5] layouts/warning: LayoutEntity not in cache, reloading: most_wanted_panel

android[5] layouts/warning: LayoutEntity not in cache, reloading: mwlist_arrow_flash

android[5] layouts/warning: LayoutEntity not in cache, reloading: btn_block_input

android[5] layouts/warning: LayoutEntity not in cache, reloading: most_wanted_panel_maximise

android[5] layouts/warning: LayoutEntity not in cache, reloading: most_wanted_panel_minimise

android[5] layouts/warning: LayoutEntity not in cache, reloading: swipe_widget

android[5] layouts/warning: LayoutEntity not in cache, reloading: most_wanted_leaderboard

android[5] layouts/warning: LayoutEntity not in cache, reloading: frame

android[5] layouts/warning: LayoutEntity not in cache, reloading: most_wanted_scroll_list

android[5] layouts/warning: LayoutEntity not in cache, reloading: most_wanted_entry

android[5] layouts/warning: LayoutEntity not in cache, reloading: scrollbar

android[5] layouts/warning: LayoutEntity not in cache, reloading: scrollbar_thumb

android[5] layouts/warning: LayoutEntity not in cache, reloading: most_wanted_red

android[5] layouts/warning: LayoutEntity not in cache, reloading: spinner

android[5] layouts/warning: LayoutEntity not in cache, reloading: btn_origin_nag

android[5] layouts/warning: LayoutEntity not in cache, reloading: login_reward

android[5] layouts/warning: LayoutEntity not in cache, reloading: hud_milestone_popup_sp_value

android[5] layouts/warning: LayoutEntity not in cache, reloading: nav_mogaSelect

android[5] layouts/warning: LayoutEntity not in cache, reloading: navigation_panel_android

android[5] layouts/warning: LayoutEntity not in cache, reloading: navigation_panel_shading

android[5] layouts/warning: LayoutEntity not in cache, reloading: btn_lowernav

android[5] layouts/warning: LayoutEntity not in cache, reloading: quickbar_bg_text

android[5] layouts/warning: LayoutEntity not in cache, reloading: btn_lowernav_notification

android[5] layouts/warning: LayoutEntity not in cache, reloading: btn_purchase

android[5] layouts/warning: LayoutEntity not in cache, reloading: btn_lowernav

android[5] layouts/warning: LayoutEntity not in cache, reloading: quickbar_bg_text

android[5] layouts/warning: LayoutEntity not in cache, reloading: btn_lowernav_notification

android[5] layouts/warning: LayoutEntity not in cache, reloading: nav_moga

android[5] layouts/warning: LayoutEntity not in cache, reloading: navigation_panel_android_no_moga

android[5] layouts/warning: LayoutEntity not in cache, reloading: navigation_panel_shading

android[5] layouts/warning: LayoutEntity not in cache, reloading: btn_lowernav

android[5] layouts/warning: LayoutEntity not in cache, reloading: quickbar_bg_text

android[5] layouts/warning: LayoutEntity not in cache, reloading: btn_lowernav_notification

android[5] layouts/warning: LayoutEntity not in cache, reloading: btn_purchase

android[5] layouts/warning: LayoutEntity not in cache, reloading: btn_lowernav

android[5] layouts/warning: LayoutEntity not in cache, reloading: quickbar_bg_text

android[5] layouts/warning: LayoutEntity not in cache, reloading: btn_lowernav_notification

android[5] layouts/warning: LayoutEntity not in cache, reloading: nav_moga

android[5] layouts/warning: LayoutEntity not in cache, reloading: hud_achievementnotification_infrontend

android[5] layouts/warning: LayoutEntity not in cache, reloading: hud_line

android[5] layouts/warning: LayoutEntity not in cache, reloading: achievement_icon

android[5] layouts/warning: LayoutEntity not in cache, reloading: profile_achievements_body

android[5] layouts/warning: LayoutEntity not in cache, reloading: frame

android[5] layouts/warning: LayoutEntity not in cache, reloading: achievement_icon

android[6] layouts/error: Unable to locate layout entity: _icon

android[4] info: -- Most Wanted List Updated --

android[4] info: 1. MSTWNTD(45000 PTS)

android[4] info: 2. FANGD(42750 PTS)

android[4] info: 3. GDZLLR(40500 PTS)

android[4] info: 4. HONEY(38250 PTS)

android[4] info: 5. KRIEG(36000 PTS)

android[4] info: 6. GU1LTY(33750 PTS)

android[4] info: 7. SPIDER(31500 PTS)

android[4] info: 8. GTMC(29249 PTS)

android[4] info: 9. SNWBLND(27000 PTS)

android[4] info: 10. JAPAN4(24750 PTS)

android[4] info: 11. You(12500 PTS)

android[4] info: -- Most Wanted List Updated --

android[4] info: 1. MSTWNTD(45000 PTS)

android[4] info: 2. FANGD(42750 PTS)

android[4] info: 3. GDZLLR(40500 PTS)

android[4] info: 4. HONEY(38250 PTS)

android[4] info: 5. KRIEG(36000 PTS)

android[4] info: 6. GU1LTY(33750 PTS)

android[4] info: 7. SPIDER(31500 PTS)

android[4] info: 8. GTMC(29249 PTS)

android[4] info: 9. SNWBLND(27000 PTS)

android[4] info: 10. JAPAN4(24750 PTS)

android[4] info: 11. You(12500 PTS)

android[6] layouts/error: Unable to locate layout entity: _progress_bar

android[2] trace: LayoutScreen::LayoutScreen OptionsSettingsScreen != 0

android[5] layouts/warning: SetAnimation: Animation _disabled not found in node /[NoID]/most_wanted_panel/_block_input

android[5] layouts/warning: SetAnimation: Animation _disabled not found in node /[NoID]/most_wanted_panel/_minimise_btn

android[2] trace: ShowMogaHighlight start

android[2] trace: ShowMogaHighlight 1

android[2] trace: ShowMogaHighlight end

G7-FRAME enter=11100
G5-GL STATE frame=11100 framebuffer=0 status=0x8cd5 errors=0
G7-FRAME leave=11100
G6-RAW buttons=0x00000010
android[2] trace: MoGaConTrOlLeR :: ....................(KK) MogaController :: Inside nativeOnKeyEvent 

android[2] trace: ....................(KK) MogaController :: Inside nativeOnKeyEvent 102

android[2] trace: MoGaConTrOlLeR :: ....................(KK) Key Event Key L1 1111 .....................

android[2] trace: MoGaConTrOlLeR :: ....................(KK) Key Event Key Down .....................

android[2] trace: MoGaConTrOlLeR :: ....................(KK) Listener Key Press .....................

android[2] trace: MoGaConTrOlLeR :: ....................(KK) AndroidKeyCode :: MogaKeyCode (Start of func) .....................

android[2] trace: MoGaConTrOlLeR :: ....................(KK) AndroidKeyCode :: MogaKeyCode Key Press L1 .....................

android[2] trace: MoGaConTrOlLeR :: (KK) MogaController :: Inside nativeOnKeyEvent ....................

G6-MOGA key frame=11179 code=102 state=down
G6-RAW buttons=0x00000000
android[2] trace: MoGaConTrOlLeR :: ....................(KK) MogaController :: Inside nativeOnKeyEvent 

android[2] trace: ....................(KK) MogaController :: Inside nativeOnKeyEvent 102

android[2] trace: MoGaConTrOlLeR :: ....................(KK) Key Event Key L1 1111 .....................

android[2] trace: MoGaConTrOlLeR :: ....................(KK) Key Event Key up .....................

android[2] trace: MoGaConTrOlLeR :: ....................(KK) Listener Key Release .....................

android[2] trace: MoGaConTrOlLeR :: ....................(KK) AndroidKeyCode :: MogaKeyCode (Start of func) .....................

android[2] trace: MoGaConTrOlLeR :: ....................(KK) AndroidKeyCode :: MogaKeyCode Key Press L1 .....................

android[2] trace: MoGaConTrOlLeR :: (KK) MogaController :: Inside nativeOnKeyEvent ....................

G6-MOGA key frame=11190 code=102 state=up
G6-RAW buttons=0x00000010
android[2] trace: MoGaConTrOlLeR :: ....................(KK) MogaController :: Inside nativeOnKeyEvent 

android[2] trace: ....................(KK) MogaController :: Inside nativeOnKeyEvent 102

android[2] trace: MoGaConTrOlLeR :: ....................(KK) Key Event Key L1 1111 .....................

android[2] trace: MoGaConTrOlLeR :: ....................(KK) Key Event Key Down .....................

android[2] trace: MoGaConTrOlLeR :: ....................(KK) Listener Key Press .....................

android[2] trace: MoGaConTrOlLeR :: ....................(KK) AndroidKeyCode :: MogaKeyCode (Start of func) .....................

android[2] trace: MoGaConTrOlLeR :: ....................(KK) AndroidKeyCode :: MogaKeyCode Key Press L1 .....................

android[2] trace: MoGaConTrOlLeR :: (KK) MogaController :: Inside nativeOnKeyEvent ....................

G6-MOGA key frame=11199 code=102 state=down
G6-RAW buttons=0x00000000
android[2] trace: MoGaConTrOlLeR :: ....................(KK) MogaController :: Inside nativeOnKeyEvent 

android[2] trace: ....................(KK) MogaController :: Inside nativeOnKeyEvent 102

android[2] trace: MoGaConTrOlLeR :: ....................(KK) Key Event Key L1 1111 .....................

android[2] trace: MoGaConTrOlLeR :: ....................(KK) Key Event Key up .....................

android[2] trace: MoGaConTrOlLeR :: ....................(KK) Listener Key Release .....................

android[2] trace: MoGaConTrOlLeR :: ....................(KK) AndroidKeyCode :: MogaKeyCode (Start of func) .....................

android[2] trace: MoGaConTrOlLeR :: ....................(KK) AndroidKeyCode :: MogaKeyCode Key Press L1 .....................

android[2] trace: MoGaConTrOlLeR :: (KK) MogaController :: Inside nativeOnKeyEvent ....................

G6-MOGA key frame=11210 code=102 state=up
G4-JNI GetEnv version=0x00010006
G6-RAW buttons=0x00000002
android[2] trace: MoGaConTrOlLeR :: ....................(KK) MogaController :: Inside nativeOnKeyEvent 

android[2] trace: ....................(KK) MogaController :: Inside nativeOnKeyEvent 96

android[2] trace: MoGaConTrOlLeR :: ....................(KK) Key Event Key A AAAA .....................

android[2] trace: MoGaConTrOlLeR :: ....................(KK) Key Event Key Down .....................

android[2] trace: MoGaConTrOlLeR :: ....................(KK) Listener Key Press .....................

android[2] trace: MoGaConTrOlLeR :: ....................(KK) AndroidKeyCode :: MogaKeyCode (Start of func) .....................

android[2] trace: MoGaConTrOlLeR :: ....................(KK) AndroidKeyCode :: MogaKeyCode Key Press A .....................

android[2] trace: MoGaConTrOlLeR :: (KK) MogaController :: Inside nativeOnKeyEvent ....................

G6-MOGA key frame=11285 code=96 state=down
G6-RAW buttons=0x00000000
android[2] trace: MoGaConTrOlLeR :: ....................(KK) MogaController :: Inside nativeOnKeyEvent 

android[2] trace: ....................(KK) MogaController :: Inside nativeOnKeyEvent 96

android[2] trace: MoGaConTrOlLeR :: ....................(KK) Key Event Key A AAAA .....................

android[2] trace: MoGaConTrOlLeR :: ....................(KK) Key Event Key up .....................

android[2] trace: MoGaConTrOlLeR :: ....................(KK) Listener Key Release .....................

android[2] trace: MoGaConTrOlLeR :: ....................(KK) AndroidKeyCode :: MogaKeyCode (Start of func) .....................

android[2] trace: MoGaConTrOlLeR :: ....................(KK) AndroidKeyCode :: MogaKeyCode Key Press A .....................

android[2] trace: MoGaConTrOlLeR :: (KK) MogaController :: Inside nativeOnKeyEvent ....................

G6-MOGA key frame=11292 code=96 state=up
android[6] Sound/SoundManager/error: FMOD result of SoundManager::createSound: An error occured that wasn't supposed to.  Contact support. 

android[5] Sound/SoundManager/warn: SoundManager::createSound - 'ui/ui/btn_continue': failure.

android[2] trace: UI play sound: ui/ui/btn_continue

android[5] layouts/warning: LayoutEntity not in cache, reloading: map_overworld

android[5] layouts/warning: LayoutEntity not in cache, reloading: satmap

android[5] layouts/warning: LayoutEntity not in cache, reloading: track_widget

android[5] layouts/warning: LayoutEntity not in cache, reloading: btn_track

android[5] layouts/warning: LayoutEntity not in cache, reloading: event_holder_panel_normal

android[5] layouts/warning: LayoutEntity not in cache, reloading: completion_base

android[5] layouts/warning: LayoutEntity not in cache, reloading: event_holder_panel_glow

android[5] layouts/warning: LayoutEntity not in cache, reloading: blacklist_icon

android[5] layouts/warning: LayoutEntity not in cache, reloading: new_mw_base

android[5] layouts/warning: LayoutEntity not in cache, reloading: new_events_text_looper

android[5] layouts/warning: LayoutEntity not in cache, reloading: new_map_base

android[5] layouts/warning: LayoutEntity not in cache, reloading: map_offscreen_marker

android[5] layouts/warning: LayoutEntity not in cache, reloading: event_holder_panel_glow

android[5] layouts/warning: LayoutEntity not in cache, reloading: btn_blackmarket

android[5] layouts/warning: LayoutEntity not in cache, reloading: new_events_text_looper

android[5] layouts/warning: LayoutEntity not in cache, reloading: new_map_base

android[5] layouts/warning: LayoutEntity not in cache, reloading: completion_base

android[5] layouts/warning: LayoutEntity not in cache, reloading: blacklist_clock

android[5] layouts/warning: LayoutEntity not in cache, reloading: event_list_bg

android[5] layouts/warning: LayoutEntity not in cache, reloading: event_list_widget

android[5] layouts/warning: LayoutEntity not in cache, reloading: events_list

android[5] layouts/warning: LayoutEntity not in cache, reloading: scrollbar_horizontal

android[5] layouts/warning: LayoutEntity not in cache, reloading: scrollbar_thumb_horizontal

android[5] layouts/warning: LayoutEntity not in cache, reloading: btn_easydrive

android[5] layouts/warning: LayoutEntity not in cache, reloading: btn_easydriveMoga

android[5] layouts/warning: LayoutEntity not in cache, reloading: profile_player

android[5] layouts/warning: LayoutEntity not in cache, reloading: origin_logged_out

android[5] layouts/warning: LayoutEntity not in cache, reloading: btn_origin_temp

android[5] layouts/warning: LayoutEntity not in cache, reloading: offline_online_indicator

android[5] layouts/warning: LayoutEntity not in cache, reloading: friend_notifications

android[5] layouts/warning: LayoutEntity not in cache, reloading: nav_mogaSelect

android[5] layouts/warning: LayoutEntity not in cache, reloading: btn_back_corner

android[5] layouts/warning: LayoutEntity not in cache, reloading: most_wanted_panel

android[5] layouts/warning: LayoutEntity not in cache, reloading: mwlist_arrow_flash

android[5] layouts/warning: LayoutEntity not in cache, reloading: btn_block_input

android[5] layouts/warning: LayoutEntity not in cache, reloading: most_wanted_panel_maximise

android[5] layouts/warning: LayoutEntity not in cache, reloading: most_wanted_panel_minimise

android[5] layouts/warning: LayoutEntity not in cache, reloading: swipe_widget

android[5] layouts/warning: LayoutEntity not in cache, reloading: most_wanted_leaderboard

android[5] layouts/warning: LayoutEntity not in cache, reloading: frame

android[5] layouts/warning: LayoutEntity not in cache, reloading: most_wanted_scroll_list

android[5] layouts/warning: LayoutEntity not in cache, reloading: most_wanted_entry

android[5] layouts/warning: LayoutEntity not in cache, reloading: scrollbar

android[5] layouts/warning: LayoutEntity not in cache, reloading: scrollbar_thumb

android[5] layouts/warning: LayoutEntity not in cache, reloading: most_wanted_red

android[5] layouts/warning: LayoutEntity not in cache, reloading: spinner

android[5] layouts/warning: LayoutEntity not in cache, reloading: btn_origin_nag

android[5] layouts/warning: LayoutEntity not in cache, reloading: login_reward

android[5] layouts/warning: LayoutEntity not in cache, reloading: hud_milestone_popup_sp_value

android[5] layouts/warning: LayoutEntity not in cache, reloading: nav_mogaSelect

android[5] layouts/warning: LayoutEntity not in cache, reloading: navigation_panel_android

android[5] layouts/warning: LayoutEntity not in cache, reloading: navigation_panel_shading

android[5] layouts/warning: LayoutEntity not in cache, reloading: btn_lowernav

android[5] layouts/warning: LayoutEntity not in cache, reloading: quickbar_bg_text

android[5] layouts/warning: LayoutEntity not in cache, reloading: btn_lowernav_notification

android[5] layouts/warning: LayoutEntity not in cache, reloading: btn_purchase

android[5] layouts/warning: LayoutEntity not in cache, reloading: btn_lowernav

android[5] layouts/warning: LayoutEntity not in cache, reloading: quickbar_bg_text

android[5] layouts/warning: LayoutEntity not in cache, reloading: btn_lowernav_notification

android[5] layouts/warning: LayoutEntity not in cache, reloading: nav_moga

android[5] layouts/warning: LayoutEntity not in cache, reloading: navigation_panel_android_no_moga

android[5] layouts/warning: LayoutEntity not in cache, reloading: navigation_panel_shading

android[5] layouts/warning: LayoutEntity not in cache, reloading: btn_lowernav

android[5] layouts/warning: LayoutEntity not in cache, reloading: quickbar_bg_text

android[5] layouts/warning: LayoutEntity not in cache, reloading: btn_lowernav_notification

android[5] layouts/warning: LayoutEntity not in cache, reloading: btn_purchase

android[5] layouts/warning: LayoutEntity not in cache, reloading: btn_lowernav

android[5] layouts/warning: LayoutEntity not in cache, reloading: quickbar_bg_text

android[5] layouts/warning: LayoutEntity not in cache, reloading: btn_lowernav_notification

android[5] layouts/warning: LayoutEntity not in cache, reloading: nav_moga

android[5] layouts/warning: LayoutEntity not in cache, reloading: hud_achievementnotification_infrontend

android[5] layouts/warning: LayoutEntity not in cache, reloading: hud_line

android[5] layouts/warning: LayoutEntity not in cache, reloading: achievement_icon

android[4] info: -- Most Wanted List Updated --

android[4] info: 1. MSTWNTD(45000 PTS)

android[4] info: 2. FANGD(42750 PTS)

android[4] info: 3. GDZLLR(40500 PTS)

android[4] info: 4. HONEY(38250 PTS)

android[4] info: 5. KRIEG(36000 PTS)

android[4] info: 6. GU1LTY(33750 PTS)

android[4] info: 7. SPIDER(31500 PTS)

android[4] info: 8. GTMC(29249 PTS)

android[4] info: 9. SNWBLND(27000 PTS)

android[4] info: 10. JAPAN4(24750 PTS)

android[4] info: 11. You(12500 PTS)

android[4] info: -- Most Wanted List Updated --

android[4] info: 1. MSTWNTD(45000 PTS)

android[4] info: 2. FANGD(42750 PTS)

android[4] info: 3. GDZLLR(40500 PTS)

android[4] info: 4. HONEY(38250 PTS)

android[4] info: 5. KRIEG(36000 PTS)

android[4] info: 6. GU1LTY(33750 PTS)

android[4] info: 7. SPIDER(31500 PTS)

android[4] info: 8. GTMC(29249 PTS)

android[4] info: 9. SNWBLND(27000 PTS)

android[4] info: 10. JAPAN4(24750 PTS)

android[4] info: 11. You(12500 PTS)

android[6] layouts/error: Unable to locate layout entity: _progress_bar

android[2] trace: LayoutScreen::LayoutScreen OptionsSettingsScreen != 0

android[6] layouts/error: Unable to locate layout entity: EventName

android[6] layouts/error: Unable to locate layout entity: class_restriction

android[6] layouts/error: Unable to locate layout entity: event_type

android[6] layouts/error: Unable to locate layout entity: event_rank_corner_large

android[5] layouts/warning: LayoutEntity not in cache, reloading: event_entry

android[5] layouts/warning: LayoutEntity not in cache, reloading: event_frame

android[5] layouts/warning: LayoutEntity not in cache, reloading: event_entry_class_type

android[5] layouts/warning: LayoutEntity not in cache, reloading: event_rank_corner_large

android[5] layouts/warning: LayoutEntity not in cache, reloading: new_events_text_looper

android[5] layouts/warning: LayoutEntity not in cache, reloading: new_map_base

android[5] layouts/warning: LayoutEntity not in cache, reloading: event_frame

android[6] layouts/error: Unable to locate layout entity: hotride_logos

android[6] layouts/error: Unable to locate layout entity: blacklist_plates

android[6] layouts/error: Unable to locate layout entity: number

android[6] layouts/error: Unable to locate layout entity: hotride_logos

android[6] layouts/error: Unable to locate layout entity: blacklist_plates

android[6] layouts/error: Unable to locate layout entity: number

android[6] layouts/error: Unable to locate layout entity: hotride_logos

android[6] layouts/error: Unable to locate layout entity: blacklist_plates

android[6] layouts/error: Unable to locate layout entity: number

G4-JNI GetEnv version=0x00010002
android[2] trace: MusicManager::SetPlaylist(): playlist=FrontEnd fade=true

android[5] layouts/warning: SetAnimation: Animation _disabled not found in node /[NoID]/most_wanted_panel/_block_input

android[5] layouts/warning: SetAnimation: Animation _disabled not found in node /[NoID]/most_wanted_panel/_minimise_btn

android[2] trace: ShowMogaHighlight start

android[2] trace: ShowMogaHighlight 1

android[2] trace: ShowMogaHighlight end

android[6] Sound/SoundManager/error: FMOD result of SoundManager::createSound: An error occured that wasn't supposed to.  Contact support. 

android[5] Sound/SoundManager/warn: SoundManager::createSound - 'ui/ui/btn_continue': failure.

android[2] trace: UI play sound: ui/ui/btn_continue

G6-RAW buttons=0x00002000
android[2] trace: MoGaConTrOlLeR :: ....................(KK) MogaController :: Inside nativeOnKeyEvent 

android[2] trace: ....................(KK) MogaController :: Inside nativeOnKeyEvent 108

android[2] trace: MoGaConTrOlLeR :: ....................(KK) Key Event Key Start TTTT .....................

android[2] trace: MoGaConTrOlLeR :: ....................(KK) Key Event Key Down .....................

android[2] trace: MoGaConTrOlLeR :: ....................(KK) Listener Key Press .....................

android[2] trace: MoGaConTrOlLeR :: ....................(KK) AndroidKeyCode :: MogaKeyCode (Start of func) .....................

android[2] trace: MoGaConTrOlLeR :: ....................(KK) AndroidKeyCode :: MogaKeyCode Key Press Start(KeyB) .....................

android[2] trace: MoGaConTrOlLeR :: (KK) MogaController :: Inside nativeOnKeyEvent ....................

G6-MOGA key frame=11367 code=108 state=down
G6-TOUCH cursor=on frame=11367 position=512,432
G6-RAW buttons=0x00000000
android[2] trace: MoGaConTrOlLeR :: ....................(KK) MogaController :: Inside nativeOnKeyEvent 

android[2] trace: ....................(KK) MogaController :: Inside nativeOnKeyEvent 108

android[2] trace: MoGaConTrOlLeR :: ....................(KK) Key Event Key Start TTTT .....................

android[2] trace: MoGaConTrOlLeR :: ....................(KK) Key Event Key up .....................

android[2] trace: MoGaConTrOlLeR :: ....................(KK) Listener Key Release .....................

android[2] trace: MoGaConTrOlLeR :: ....................(KK) AndroidKeyCode :: MogaKeyCode (Start of func) .....................

android[2] trace: MoGaConTrOlLeR :: ....................(KK) AndroidKeyCode :: MogaKeyCode Key Press Start(KeyB) .....................

android[2] trace: MoGaConTrOlLeR :: (KK) MogaController :: Inside nativeOnKeyEvent ....................

G6-MOGA key frame=11377 code=108 state=up
android[6] Sound/SoundManager/error: FMOD result of SoundManager::createSound: An error occured that wasn't supposed to.  Contact support. 

android[5] Sound/SoundManager/warn: SoundManager::createSound - 'ui/ui/btn_easydrive': failure.

android[2] trace: UI play sound: ui/ui/btn_easydrive

android[2] trace: [AUTOLOG QUERY] Server: Blaze     Call: /nfs-2013-android/util/ping

G7-FRAME enter=11400
G5-GL STATE frame=11400 framebuffer=0 status=0x8cd5 errors=0
G7-FRAME leave=11400
G6-RAW buttons=0x00002000
android[2] trace: MoGaConTrOlLeR :: ....................(KK) MogaController :: Inside nativeOnKeyEvent 

android[2] trace: ....................(KK) MogaController :: Inside nativeOnKeyEvent 108

android[2] trace: MoGaConTrOlLeR :: ....................(KK) Key Event Key Start TTTT .....................

android[2] trace: MoGaConTrOlLeR :: ....................(KK) Key Event Key Down .....................

android[2] trace: MoGaConTrOlLeR :: ....................(KK) Listener Key Press .....................

android[2] trace: MoGaConTrOlLeR :: ....................(KK) AndroidKeyCode :: MogaKeyCode (Start of func) .....................

android[2] trace: MoGaConTrOlLeR :: ....................(KK) AndroidKeyCode :: MogaKeyCode Key Press Start(KeyB) .....................

android[2] trace: MoGaConTrOlLeR :: (KK) MogaController :: Inside nativeOnKeyEvent ....................

G6-MOGA key frame=11434 code=108 state=down
G6-TOUCH cursor=off frame=11434 position=512,432
G6-RAW buttons=0x00000000
android[2] trace: MoGaConTrOlLeR :: ....................(KK) MogaController :: Inside nativeOnKeyEvent 

android[2] trace: ....................(KK) MogaController :: Inside nativeOnKeyEvent 108

android[2] trace: MoGaConTrOlLeR :: ....................(KK) Key Event Key Start TTTT .....................

android[2] trace: MoGaConTrOlLeR :: ....................(KK) Key Event Key up .....................

android[2] trace: MoGaConTrOlLeR :: ....................(KK) Listener Key Release .....................

android[2] trace: MoGaConTrOlLeR :: ....................(KK) AndroidKeyCode :: MogaKeyCode (Start of func) .....................

android[2] trace: MoGaConTrOlLeR :: ....................(KK) AndroidKeyCode :: MogaKeyCode Key Press Start(KeyB) .....................

android[2] trace: MoGaConTrOlLeR :: (KK) MogaController :: Inside nativeOnKeyEvent ....................

G6-MOGA key frame=11445 code=108 state=up
android[6] Sound/SoundManager/error: FMOD result of SoundManager::createSound: An error occured that wasn't supposed to.  Contact support. 

android[5] Sound/SoundManager/warn: SoundManager::createSound - 'ui/ui/btn_easydrive': failure.

android[2] trace: UI play sound: ui/ui/btn_easydrive

G6-RAW buttons=0x00000001
android[2] trace: MoGaConTrOlLeR :: ....................(KK) MogaController :: Inside nativeOnKeyEvent 

android[2] trace: ....................(KK) MogaController :: Inside nativeOnKeyEvent 97

android[2] trace: MoGaConTrOlLeR :: ....................(KK) Key Event Key B BBBB .....................

android[2] trace: MoGaConTrOlLeR :: ....................(KK) Key Event Key Down .....................

android[2] trace: MoGaConTrOlLeR :: ....................(KK) Listener Key Press .....................

android[2] trace: MoGaConTrOlLeR :: ....................(KK) AndroidKeyCode :: MogaKeyCode (Start of func) .....................

android[2] trace: MoGaConTrOlLeR :: ....................(KK) AndroidKeyCode :: MogaKeyCode Key Press B .....................

android[2] trace: MoGaConTrOlLeR :: (KK) MogaController :: Inside nativeOnKeyEvent ....................

G6-MOGA key frame=11462 code=97 state=down
android[6] Sound/SoundManager/error: FMOD result of SoundManager::createSound: An error occured that wasn't supposed to.  Contact support. 

android[5] Sound/SoundManager/warn: SoundManager::createSound - 'ui/ui/btn_generic_back': failure.

android[2] trace: UI play sound: ui/ui/btn_generic_back

G6-RAW buttons=0x00000000
android[2] trace: MoGaConTrOlLeR :: ....................(KK) MogaController :: Inside nativeOnKeyEvent 

android[2] trace: ....................(KK) MogaController :: Inside nativeOnKeyEvent 97

android[2] trace: MoGaConTrOlLeR :: ....................(KK) Key Event Key B BBBB .....................

android[2] trace: MoGaConTrOlLeR :: ....................(KK) Key Event Key up .....................

android[2] trace: MoGaConTrOlLeR :: ....................(KK) Listener Key Release .....................

android[2] trace: MoGaConTrOlLeR :: ....................(KK) AndroidKeyCode :: MogaKeyCode (Start of func) .....................

android[2] trace: MoGaConTrOlLeR :: ....................(KK) AndroidKeyCode :: MogaKeyCode Key Press B .....................

android[2] trace: MoGaConTrOlLeR :: (KK) MogaController :: Inside nativeOnKeyEvent ....................

G6-MOGA key frame=11464 code=97 state=up
G4-JNI GetEnv version=0x00010006
G6-RAW buttons=0x00000400
android[2] trace: ....................(KK) MogaController :: Inside NativeOnMotionEvent

android[2] trace: (KK) MogaController :: Inside NativeOnMotionEvent ....................

G6-MOGA motion frame=11532 axes=-32767,0,0,0,0,0
G6-MOGA dpad-as-stick frame=11532 code=21 state=down
G6-RAW buttons=0x00000000
android[2] trace: ....................(KK) MogaController :: Inside NativeOnMotionEvent

android[2] trace: (KK) MogaController :: Inside NativeOnMotionEvent ....................

G6-MOGA motion frame=11577 axes=0,0,0,0,0,0
G6-MOGA dpad-as-stick frame=11577 code=21 state=up
G6-RAW buttons=0x00002000
android[2] trace: MoGaConTrOlLeR :: ....................(KK) MogaController :: Inside nativeOnKeyEvent 

android[2] trace: ....................(KK) MogaController :: Inside nativeOnKeyEvent 108

android[2] trace: MoGaConTrOlLeR :: ....................(KK) Key Event Key Start TTTT .....................

android[2] trace: MoGaConTrOlLeR :: ....................(KK) Key Event Key Down .....................

android[2] trace: MoGaConTrOlLeR :: ....................(KK) Listener Key Press .....................

android[2] trace: MoGaConTrOlLeR :: ....................(KK) AndroidKeyCode :: MogaKeyCode (Start of func) .....................

android[2] trace: MoGaConTrOlLeR :: ....................(KK) AndroidKeyCode :: MogaKeyCode Key Press Start(KeyB) .....................

android[2] trace: MoGaConTrOlLeR :: (KK) MogaController :: Inside nativeOnKeyEvent ....................

G6-MOGA key frame=11614 code=108 state=down
G6-TOUCH cursor=on frame=11614 position=512,432
G6-RAW buttons=0x00000000
android[2] trace: MoGaConTrOlLeR :: ....................(KK) MogaController :: Inside nativeOnKeyEvent 

android[2] trace: ....................(KK) MogaController :: Inside nativeOnKeyEvent 108

android[2] trace: MoGaConTrOlLeR :: ....................(KK) Key Event Key Start TTTT .....................

android[2] trace: MoGaConTrOlLeR :: ....................(KK) Key Event Key up .....................

android[2] trace: MoGaConTrOlLeR :: ....................(KK) Listener Key Release .....................

android[2] trace: MoGaConTrOlLeR :: ....................(KK) AndroidKeyCode :: MogaKeyCode (Start of func) .....................

android[2] trace: MoGaConTrOlLeR :: ....................(KK) AndroidKeyCode :: MogaKeyCode Key Press Start(KeyB) .....................

android[2] trace: MoGaConTrOlLeR :: (KK) MogaController :: Inside nativeOnKeyEvent ....................

G6-MOGA key frame=11624 code=108 state=up
android[6] Sound/SoundManager/error: FMOD result of SoundManager::createSound: An error occured that wasn't supposed to.  Contact support. 

android[5] Sound/SoundManager/warn: SoundManager::createSound - 'ui/ui/btn_easydrive': failure.

android[2] trace: UI play sound: ui/ui/btn_easydrive

G6-RAW buttons=0x00002000
android[2] trace: MoGaConTrOlLeR :: ....................(KK) MogaController :: Inside nativeOnKeyEvent 

android[2] trace: ....................(KK) MogaController :: Inside nativeOnKeyEvent 108

android[2] trace: MoGaConTrOlLeR :: ....................(KK) Key Event Key Start TTTT .....................

android[2] trace: MoGaConTrOlLeR :: ....................(KK) Key Event Key Down .....................

android[2] trace: MoGaConTrOlLeR :: ....................(KK) Listener Key Press .....................

android[2] trace: MoGaConTrOlLeR :: ....................(KK) AndroidKeyCode :: MogaKeyCode (Start of func) .....................

android[2] trace: MoGaConTrOlLeR :: ....................(KK) AndroidKeyCode :: MogaKeyCode Key Press Start(KeyB) .....................

android[2] trace: MoGaConTrOlLeR :: (KK) MogaController :: Inside nativeOnKeyEvent ....................

G6-MOGA key frame=11684 code=108 state=down
G6-TOUCH cursor=off frame=11684 position=512,432
G6-RAW buttons=0x00000000
android[2] trace: MoGaConTrOlLeR :: ....................(KK) MogaController :: Inside nativeOnKeyEvent 

android[2] trace: ....................(KK) MogaController :: Inside nativeOnKeyEvent 108

android[2] trace: MoGaConTrOlLeR :: ....................(KK) Key Event Key Start TTTT .....................

android[2] trace: MoGaConTrOlLeR :: ....................(KK) Key Event Key up .....................

android[2] trace: MoGaConTrOlLeR :: ....................(KK) Listener Key Release .....................

android[2] trace: MoGaConTrOlLeR :: ....................(KK) AndroidKeyCode :: MogaKeyCode (Start of func) .....................

android[2] trace: MoGaConTrOlLeR :: ....................(KK) AndroidKeyCode :: MogaKeyCode Key Press Start(KeyB) .....................

android[2] trace: MoGaConTrOlLeR :: (KK) MogaController :: Inside nativeOnKeyEvent ....................

G6-MOGA key frame=11694 code=108 state=up
G7-FRAME enter=11700
G5-GL STATE frame=11700 framebuffer=0 status=0x8cd5 errors=0
G7-FRAME leave=11700
android[5] layouts/warning: LayoutEntity not in cache, reloading: event_details

android[5] layouts/warning: LayoutEntity not in cache, reloading: btn_back_corner2

android[5] layouts/warning: LayoutEntity not in cache, reloading: event_details_speedwall

android[5] layouts/warning: LayoutEntity not in cache, reloading: event_frame

android[5] layouts/warning: LayoutEntity not in cache, reloading: event_details_speedwall_list

android[5] layouts/warning: LayoutEntity not in cache, reloading: event_details_speedwall_entry

android[5] layouts/warning: LayoutEntity not in cache, reloading: results_speedwall_personalbest

android[5] layouts/warning: LayoutEntity not in cache, reloading: new_map_base

android[5] layouts/warning: LayoutEntity not in cache, reloading: scrollbar

android[5] layouts/warning: LayoutEntity not in cache, reloading: scrollbar_thumb

android[5] layouts/warning: LayoutEntity not in cache, reloading: spinner

android[5] layouts/warning: LayoutEntity not in cache, reloading: speedwall_footer

android[5] layouts/warning: LayoutEntity not in cache, reloading: speedwall_header

android[5] layouts/warning: LayoutEntity not in cache, reloading: medal_targets_event_details

android[5] layouts/warning: LayoutEntity not in cache, reloading: hud_achievementnotification_infrontend

android[5] layouts/warning: LayoutEntity not in cache, reloading: hud_line

android[5] layouts/warning: LayoutEntity not in cache, reloading: achievement_icon

android[5] layouts/warning: LayoutEntity not in cache, reloading: profile_player

android[5] layouts/warning: LayoutEntity not in cache, reloading: origin_logged_out

android[5] layouts/warning: LayoutEntity not in cache, reloading: btn_origin_temp

android[5] layouts/warning: LayoutEntity not in cache, reloading: offline_online_indicator

android[5] layouts/warning: LayoutEntity not in cache, reloading: friend_notifications

android[5] layouts/warning: LayoutEntity not in cache, reloading: nav_mogaSelect

android[5] layouts/warning: LayoutEntity not in cache, reloading: masked_line_most_wanted_goals

android[5] layouts/warning: LayoutEntity not in cache, reloading: btn_car_action_large

android[5] layouts/warning: LayoutEntity not in cache, reloading: lower_white_bar

android[5] layouts/warning: SetAnimation: Animation _idle not found in node /[NoID]

android[5] layouts/warning: SetAnimation: Animation _idle not found in node /[NoID]

android[5] layouts/warning: SetAnimation: Animation _idle not found in node /[NoID]

android[5] layouts/warning: SetAnimation: Animation _idle not found in node /[NoID]

android[5] layouts/warning: SetAnimation: Animation _idle not found in node /[NoID]

android[5] layouts/warning: SetAnimation: Animation _idle not found in node /[NoID]

android[5] layouts/warning: SetAnimation: Animation _idle not found in node /[NoID]

android[5] layouts/warning: SetAnimation: Animation _idle not found in node /[NoID]

android[5] layouts/warning: SetAnimation: Animation _idle not found in node /[NoID]

android[5] layouts/warning: SetAnimation: Animation _idle not found in node /[NoID]

android[5] layouts/warning: SetAnimation: Animation _idle not found in node /[NoID]

android[5] layouts/warning: SetAnimation: Animation _idle not found in node /[NoID]

android[6] layouts/error: Unable to locate layout entity: _name_header

android[6] layouts/error: Unable to locate layout entity: _progress_bar

android[2] trace: LayoutScreen::LayoutScreen OptionsSettingsScreen != 0

android[2] trace: A.N. produce offset for race selection screen

android[2] trace: ShowMogaHighlight start

android[2] trace: ShowMogaHighlight 1

android[2] trace: ShowMogaHighlight end

android[6] Sound/SoundManager/error: FMOD result of SoundManager::createSound: An error occured that wasn't supposed to.  Contact support. 

android[5] Sound/SoundManager/warn: SoundManager::createSound - 'ui/ui/event_menu_in': failure.

android[2] trace: UI play sound: ui/ui/event_menu_in

android[6] Sound/SoundManager/error: FMOD result of SoundManager::createSound: An error occured that wasn't supposed to.  Contact support. 

android[5] Sound/SoundManager/warn: SoundManager::createSound - 'ui/ui/swipe_info': failure.

android[2] trace: UI play sound: ui/ui/swipe_info

android[6] Sound/SoundManager/error: FMOD result of SoundManager::createSound: An error occured that wasn't supposed to.  Contact support. 

android[5] Sound/SoundManager/warn: SoundManager::createSound - 'ui/ui/swipe_info': failure.

android[2] trace: UI play sound: ui/ui/swipe_info

android[5] layouts/warning: SetAnimation: Animation _idle not found in node /[NoID]

G6-RAW buttons=0x00002000
android[2] trace: MoGaConTrOlLeR :: ....................(KK) MogaController :: Inside nativeOnKeyEvent 

android[2] trace: ....................(KK) MogaController :: Inside nativeOnKeyEvent 108

android[2] trace: MoGaConTrOlLeR :: ....................(KK) Key Event Key Start TTTT .....................

android[2] trace: MoGaConTrOlLeR :: ....................(KK) Key Event Key Down .....................

android[2] trace: MoGaConTrOlLeR :: ....................(KK) Listener Key Press .....................

android[2] trace: MoGaConTrOlLeR :: ....................(KK) AndroidKeyCode :: MogaKeyCode (Start of func) .....................

android[2] trace: MoGaConTrOlLeR :: ....................(KK) AndroidKeyCode :: MogaKeyCode Key Press Start(KeyB) .....................

android[2] trace: MoGaConTrOlLeR :: (KK) MogaController :: Inside nativeOnKeyEvent ....................

G6-MOGA key frame=11736 code=108 state=down
G6-TOUCH cursor=on frame=11736 position=512,432
G6-RAW buttons=0x00000000
android[2] trace: MoGaConTrOlLeR :: ....................(KK) MogaController :: Inside nativeOnKeyEvent 

android[2] trace: ....................(KK) MogaController :: Inside nativeOnKeyEvent 108

android[2] trace: MoGaConTrOlLeR :: ....................(KK) Key Event Key Start TTTT .....................

android[2] trace: MoGaConTrOlLeR :: ....................(KK) Key Event Key up .....................

android[2] trace: MoGaConTrOlLeR :: ....................(KK) Listener Key Release .....................

android[2] trace: MoGaConTrOlLeR :: ....................(KK) AndroidKeyCode :: MogaKeyCode (Start of func) .....................

android[2] trace: MoGaConTrOlLeR :: ....................(KK) AndroidKeyCode :: MogaKeyCode Key Press Start(KeyB) .....................

android[2] trace: MoGaConTrOlLeR :: (KK) MogaController :: Inside nativeOnKeyEvent ....................

G6-MOGA key frame=11746 code=108 state=up
G4-JNI GetEnv version=0x00010006
G6-RAW buttons=0x00002000
android[2] trace: MoGaConTrOlLeR :: ....................(KK) MogaController :: Inside nativeOnKeyEvent 

android[2] trace: ....................(KK) MogaController :: Inside nativeOnKeyEvent 108

android[2] trace: MoGaConTrOlLeR :: ....................(KK) Key Event Key Start TTTT .....................

android[2] trace: MoGaConTrOlLeR :: ....................(KK) Key Event Key Down .....................

android[2] trace: MoGaConTrOlLeR :: ....................(KK) Listener Key Press .....................

android[2] trace: MoGaConTrOlLeR :: ....................(KK) AndroidKeyCode :: MogaKeyCode (Start of func) .....................

android[2] trace: MoGaConTrOlLeR :: ....................(KK) AndroidKeyCode :: MogaKeyCode Key Press Start(KeyB) .....................

android[2] trace: MoGaConTrOlLeR :: (KK) MogaController :: Inside nativeOnKeyEvent ....................

G6-MOGA key frame=11795 code=108 state=down
G6-TOUCH cursor=off frame=11795 position=512,432
G6-RAW buttons=0x00000000
android[2] trace: MoGaConTrOlLeR :: ....................(KK) MogaController :: Inside nativeOnKeyEvent 

android[2] trace: ....................(KK) MogaController :: Inside nativeOnKeyEvent 108

android[2] trace: MoGaConTrOlLeR :: ....................(KK) Key Event Key Start TTTT .....................

android[2] trace: MoGaConTrOlLeR :: ....................(KK) Key Event Key up .....................

android[2] trace: MoGaConTrOlLeR :: ....................(KK) Listener Key Release .....................

android[2] trace: MoGaConTrOlLeR :: ....................(KK) AndroidKeyCode :: MogaKeyCode (Start of func) .....................

android[2] trace: MoGaConTrOlLeR :: ....................(KK) AndroidKeyCode :: MogaKeyCode Key Press Start(KeyB) .....................

android[2] trace: MoGaConTrOlLeR :: (KK) MogaController :: Inside nativeOnKeyEvent ....................

G6-MOGA key frame=11802 code=108 state=up
G6-RAW buttons=0x00000002
android[2] trace: MoGaConTrOlLeR :: ....................(KK) MogaController :: Inside nativeOnKeyEvent 

android[2] trace: ....................(KK) MogaController :: Inside nativeOnKeyEvent 96

android[2] trace: MoGaConTrOlLeR :: ....................(KK) Key Event Key A AAAA .....................

android[2] trace: MoGaConTrOlLeR :: ....................(KK) Key Event Key Down .....................

android[2] trace: MoGaConTrOlLeR :: ....................(KK) Listener Key Press .....................

android[2] trace: MoGaConTrOlLeR :: ....................(KK) AndroidKeyCode :: MogaKeyCode (Start of func) .....................

android[2] trace: MoGaConTrOlLeR :: ....................(KK) AndroidKeyCode :: MogaKeyCode Key Press A .....................

android[2] trace: MoGaConTrOlLeR :: (KK) MogaController :: Inside nativeOnKeyEvent ....................

G6-MOGA key frame=11831 code=96 state=down
android[6] Sound/SoundManager/error: FMOD result of SoundManager::createSound: An error occured that wasn't supposed to.  Contact support. 

android[5] Sound/SoundManager/warn: SoundManager::createSound - 'ui/ui/btn_accept': failure.

android[2] trace: UI play sound: ui/ui/btn_accept

G6-RAW buttons=0x00000000
android[2] trace: MoGaConTrOlLeR :: ....................(KK) MogaController :: Inside nativeOnKeyEvent 

android[2] trace: ....................(KK) MogaController :: Inside nativeOnKeyEvent 96

android[2] trace: MoGaConTrOlLeR :: ....................(KK) Key Event Key A AAAA .....................

android[2] trace: MoGaConTrOlLeR :: ....................(KK) Key Event Key up .....................

android[2] trace: MoGaConTrOlLeR :: ....................(KK) Listener Key Release .....................

android[2] trace: MoGaConTrOlLeR :: ....................(KK) AndroidKeyCode :: MogaKeyCode (Start of func) .....................

android[2] trace: MoGaConTrOlLeR :: ....................(KK) AndroidKeyCode :: MogaKeyCode Key Press A .....................

android[2] trace: MoGaConTrOlLeR :: (KK) MogaController :: Inside nativeOnKeyEvent ....................

G6-MOGA key frame=11833 code=96 state=up
android[5] layouts/warning: LayoutEntity not in cache, reloading: car_select_new

android[5] layouts/warning: LayoutEntity not in cache, reloading: spinner

android[5] layouts/warning: LayoutEntity not in cache, reloading: rollout_vingette

android[5] layouts/warning: LayoutEntity not in cache, reloading: car_select_locked

android[5] layouts/warning: LayoutEntity not in cache, reloading: btn_arrow_car_select

android[5] layouts/warning: LayoutEntity not in cache, reloading: btn_car_action_small

android[5] layouts/warning: LayoutEntity not in cache, reloading: btn_uppernav

android[5] layouts/warning: LayoutEntity not in cache, reloading: profile_garage

android[5] layouts/warning: LayoutEntity not in cache, reloading: cash

android[5] layouts/warning: LayoutEntity not in cache, reloading: cash_container

android[5] layouts/warning: LayoutEntity not in cache, reloading: btn_add_cash

android[5] layouts/warning: LayoutEntity not in cache, reloading: btn_class_dropdown

android[5] layouts/warning: LayoutEntity not in cache, reloading: class_frame_dropdown

android[5] layouts/warning: LayoutEntity not in cache, reloading: btn_paint

android[5] layouts/warning: LayoutEntity not in cache, reloading: btn_car_action_large

android[5] layouts/warning: LayoutEntity not in cache, reloading: btn_car_action_buy_temp

android[5] layouts/warning: LayoutEntity not in cache, reloading: car_select_instance

android[5] layouts/warning: LayoutEntity not in cache, reloading: car_select_nfs_edition

android[5] layouts/warning: LayoutEntity not in cache, reloading: car_selector_main_element

android[5] layouts/warning: LayoutEntity not in cache, reloading: car_select_stats_bar

android[5] layouts/warning: LayoutEntity not in cache, reloading: class_bg_frame

android[5] layouts/warning: LayoutEntity not in cache, reloading: nav_moga_highlight

android[5] layouts/warning: LayoutEntity not in cache, reloading: class_menu

android[5] layouts/warning: LayoutEntity not in cache, reloading: btn_class

android[5] layouts/warning: LayoutEntity not in cache, reloading: hud_achievementnotification_infrontend

android[5] layouts/warning: LayoutEntity not in cache, reloading: hud_line

android[5] layouts/warning: LayoutEntity not in cache, reloading: achievement_icon

android[6] layouts/error: Unable to locate layout entity: _icon

android[6] layouts/error: Unable to locate layout entity: _progress_bar

android[2] trace: LayoutScreen::LayoutScreen OptionsSettingsScreen != 0

android[6] layouts/error: Attempted to access invalid layout: car_select_bg

android[5] layouts/warning: SetAnimation: Animation _idle not found in node /[NoID]

android[2] trace: [AUTOLOG QUERY] Server: Blaze     Call: /nfs-2013-android/util/ping

G6-RAW buttons=0x00000200
G6-MOGA dpad-as-stick frame=11971 code=20 state=down
G6-RAW buttons=0x00000000
G6-MOGA dpad-as-stick frame=11979 code=20 state=up
G7-FRAME enter=12000
G5-GL STATE frame=12000 framebuffer=0 status=0x8cd5 errors=0
G7-FRAME leave=12000
G4-JNI GetEnv version=0x00010006
G6-RAW buttons=0x00000002
android[2] trace: MoGaConTrOlLeR :: ....................(KK) MogaController :: Inside nativeOnKeyEvent 

android[2] trace: ....................(KK) MogaController :: Inside nativeOnKeyEvent 96

android[2] trace: MoGaConTrOlLeR :: ....................(KK) Key Event Key A AAAA .....................

android[2] trace: MoGaConTrOlLeR :: ....................(KK) Key Event Key Down .....................

android[2] trace: MoGaConTrOlLeR :: ....................(KK) Listener Key Press .....................

android[2] trace: MoGaConTrOlLeR :: ....................(KK) AndroidKeyCode :: MogaKeyCode (Start of func) .....................

android[2] trace: MoGaConTrOlLeR :: ....................(KK) AndroidKeyCode :: MogaKeyCode Key Press A .....................

android[2] trace: MoGaConTrOlLeR :: (KK) MogaController :: Inside nativeOnKeyEvent ....................

G6-MOGA key frame=12116 code=96 state=down
android[6] error: Node /menus/garage/garage_select_car has no output for CLASS_FILTER_SUPER. Ignoring

android[6] Sound/SoundManager/error: FMOD result of SoundManager::createSound: An error occured that wasn't supposed to.  Contact support. 

android[5] Sound/SoundManager/warn: SoundManager::createSound - 'ui/ui/btn_generic_accept': failure.

android[2] trace: UI play sound: ui/ui/btn_generic_accept

G6-RAW buttons=0x00000000
android[2] trace: MoGaConTrOlLeR :: ....................(KK) MogaController :: Inside nativeOnKeyEvent 

android[2] trace: ....................(KK) MogaController :: Inside nativeOnKeyEvent 96

android[2] trace: MoGaConTrOlLeR :: ....................(KK) Key Event Key A AAAA .....................

android[2] trace: MoGaConTrOlLeR :: ....................(KK) Key Event Key up .....................

android[2] trace: MoGaConTrOlLeR :: ....................(KK) Listener Key Release .....................

android[2] trace: MoGaConTrOlLeR :: ....................(KK) AndroidKeyCode :: MogaKeyCode (Start of func) .....................

android[2] trace: MoGaConTrOlLeR :: ....................(KK) AndroidKeyCode :: MogaKeyCode Key Press A .....................

android[2] trace: MoGaConTrOlLeR :: (KK) MogaController :: Inside nativeOnKeyEvent ....................

G6-MOGA key frame=12118 code=96 state=up
android[4] ResourceManager: Remove asset: /published/textures/cars/texture_fx_nitro.sba

android[4] ResourceManager: Remove asset: /published/textures/cars/texture_light_falloff.sba

android[4] ResourceManager: Remove asset: /published/textures/cars/dodge_challenger_srt8_392_2011/texture_dodge_challenger_srt8_392_2011_alpha_damage.sba

android[4] ResourceManager: Remove asset: /published/textures/cars/dodge_challenger_srt8_392_2011/texture_dodge_challenger_srt8_392_2011_alpha.sba

android[4] ResourceManager: Remove asset: /published/textures/cars/dodge_challenger_srt8_392_2011/texture_dodge_challenger_srt8_392_2011_alpha_reflection.
android[4] ResourceManager: sba

android[4] ResourceManager: Remove asset: /published/textures/cars/numberplates/texture_numberplate_need4speed_reflection.sba

android[4] ResourceManager: Remove asset: /published/brdf/texture_sp_wheels.sba

android[4] ResourceManager: Remove asset: /published/textures/cars/numberplates/texture_numberplate_need4speed.sba

android[4] ResourceManager: Remove asset: /published/brdf/texture_brdf_gloss_light.sba

android[4] ResourceManager: Remove asset: /published/textures/cars/damage/texture_scratch.sba

android[4] ResourceManager: Remove asset: /published/textures/cars/dodge_challenger_srt8_392_2011/texture_dodge_challenger_srt8_392_2011_diffuse_reflectio
android[4] ResourceManager: n_gloss.sba

android[4] ResourceManager: Remove asset: /published/brdf/texture_sp_dodge_challenger_srt8_392_2011_white.sba

android[4] ResourceManager: Remove asset: /published/textures/cars/dodge_challenger_srt8_392_2011/texture_dodge_challenger_srt8_392_2011_diffuse_00.sba

android[5] warn: WARNING: loading model directly: /published/models/cars/lexus_lfa_2010/lexus_lfa_2010.m3g

android[4] ResourceManager: Add asset: /published/textures/cars/lexus_lfa_2010/texture_lexus_lfa_2010_diffuse_00.sba

android[4] ResourceManager: Add asset: /published/textures/cars/lexus_lfa_2010/texture_lexus_lfa_2010_alpha.sba

android[4] ResourceManager: Add asset: /published/textures/cars/texture_light_falloff.sba

android[4] ResourceManager: Add asset: /published/textures/cars/numberplates/texture_numberplate_mostwanted_04.sba

android[5] warn: WARNING: loading model directly: /published/models/cars/fx_nitro.m3g

android[4] ResourceManager: Add asset: /published/textures/cars/texture_fx_nitro.sba

android[5] warn: WARNING: loading model directly: /published/models/cars/fx_nitro.m3g

android[5] warn: WARNING: loading model directly: /published/models/cars/fx_nitro.m3g

android[4] ResourceManager: Add asset: /published/brdf/texture_sp_wheels.sba

android[4] ResourceManager: Add asset: /published/textures/cars/damage/texture_scratch.sba

android[4] ResourceManager: Add asset: /published/textures/cars/lexus_lfa_2010/texture_lexus_lfa_2010_alpha_reflection.sba

android[4] ResourceManager: Add asset: /published/textures/cars/lexus_lfa_2010/texture_lexus_lfa_2010_alpha_damage.sba

android[4] ResourceManager: Add asset: /published/textures/cars/numberplates/texture_numberplate_need4speed_reflection.sba

android[4] ResourceManager: Add asset: /published/textures/cars/lexus_lfa_2010/texture_lexus_lfa_2010_diffuse_reflection_gloss.sba

android[4] ResourceManager: Add asset: /published/brdf/texture_brdf_gloss_light.sba

android[4] ResourceManager: Add asset: /published/brdf/texture_sp_gloss.sba

android[4] ResourceManager: Add asset: /published/textures/cars/numberplates/texture_numberplate_need4speed.sba

android[4] ResourceManager: Remove asset: /published/textures/cars/numberplates/texture_numberplate_mostwanted_04.sba

G6-RAW buttons=0x00000002
android[2] trace: MoGaConTrOlLeR :: ....................(KK) MogaController :: Inside nativeOnKeyEvent 

android[2] trace: ....................(KK) MogaController :: Inside nativeOnKeyEvent 96

android[2] trace: MoGaConTrOlLeR :: ....................(KK) Key Event Key A AAAA .....................

android[2] trace: MoGaConTrOlLeR :: ....................(KK) Key Event Key Down .....................

android[2] trace: MoGaConTrOlLeR :: ....................(KK) Listener Key Press .....................

android[2] trace: MoGaConTrOlLeR :: ....................(KK) AndroidKeyCode :: MogaKeyCode (Start of func) .....................

android[2] trace: MoGaConTrOlLeR :: ....................(KK) AndroidKeyCode :: MogaKeyCode Key Press A .....................

android[2] trace: MoGaConTrOlLeR :: (KK) MogaController :: Inside nativeOnKeyEvent ....................

G6-MOGA key frame=12179 code=96 state=down
android[6] error: Node /menus/garage/garage_select_car has no output for CLASS_FILTER_SUPER. Ignoring

android[6] Sound/SoundManager/error: FMOD result of SoundManager::createSound: An error occured that wasn't supposed to.  Contact support. 

android[5] Sound/SoundManager/warn: SoundManager::createSound - 'ui/ui/btn_generic_accept': failure.

android[2] trace: UI play sound: ui/ui/btn_generic_accept

G6-RAW buttons=0x00000000
android[2] trace: MoGaConTrOlLeR :: ....................(KK) MogaController :: Inside nativeOnKeyEvent 

android[2] trace: ....................(KK) MogaController :: Inside nativeOnKeyEvent 96

android[2] trace: MoGaConTrOlLeR :: ....................(KK) Key Event Key A AAAA .....................

android[2] trace: MoGaConTrOlLeR :: ....................(KK) Key Event Key up .....................

android[2] trace: MoGaConTrOlLeR :: ....................(KK) Listener Key Release .....................

android[2] trace: MoGaConTrOlLeR :: ....................(KK) AndroidKeyCode :: MogaKeyCode (Start of func) .....................

android[2] trace: MoGaConTrOlLeR :: ....................(KK) AndroidKeyCode :: MogaKeyCode Key Press A .....................

android[2] trace: MoGaConTrOlLeR :: (KK) MogaController :: Inside nativeOnKeyEvent ....................

G6-MOGA key frame=12181 code=96 state=up
G4-JNI GetEnv version=0x00010006
G6-RAW buttons=0x00000002
android[2] trace: MoGaConTrOlLeR :: ....................(KK) MogaController :: Inside nativeOnKeyEvent 

android[2] trace: ....................(KK) MogaController :: Inside nativeOnKeyEvent 96

android[2] trace: MoGaConTrOlLeR :: ....................(KK) Key Event Key A AAAA .....................

android[2] trace: MoGaConTrOlLeR :: ....................(KK) Key Event Key Down .....................

android[2] trace: MoGaConTrOlLeR :: ....................(KK) Listener Key Press .....................

android[2] trace: MoGaConTrOlLeR :: ....................(KK) AndroidKeyCode :: MogaKeyCode (Start of func) .....................

android[2] trace: MoGaConTrOlLeR :: ....................(KK) AndroidKeyCode :: MogaKeyCode Key Press A .....................

android[2] trace: MoGaConTrOlLeR :: (KK) MogaController :: Inside nativeOnKeyEvent ....................

G6-MOGA key frame=12296 code=96 state=down
android[6] error: Node /menus/garage/garage_select_car has no output for CLASS_FILTER_SUPER. Ignoring

android[6] Sound/SoundManager/error: FMOD result of SoundManager::createSound: An error occured that wasn't supposed to.  Contact support. 

android[5] Sound/SoundManager/warn: SoundManager::createSound - 'ui/ui/btn_generic_accept': failure.

android[2] trace: UI play sound: ui/ui/btn_generic_accept

G6-RAW buttons=0x00000000
android[2] trace: MoGaConTrOlLeR :: ....................(KK) MogaController :: Inside nativeOnKeyEvent 

android[2] trace: ....................(KK) MogaController :: Inside nativeOnKeyEvent 96

android[2] trace: MoGaConTrOlLeR :: ....................(KK) Key Event Key A AAAA .....................

android[2] trace: MoGaConTrOlLeR :: ....................(KK) Key Event Key up .....................

android[2] trace: MoGaConTrOlLeR :: ....................(KK) Listener Key Release .....................

android[2] trace: MoGaConTrOlLeR :: ....................(KK) AndroidKeyCode :: MogaKeyCode (Start of func) .....................

android[2] trace: MoGaConTrOlLeR :: ....................(KK) AndroidKeyCode :: MogaKeyCode Key Press A .....................

android[2] trace: MoGaConTrOlLeR :: (KK) MogaController :: Inside nativeOnKeyEvent ....................

G6-MOGA key frame=12299 code=96 state=up
G7-FRAME enter=12300
G5-GL STATE frame=12300 framebuffer=0 status=0x8cd5 errors=0
G7-FRAME leave=12300
G6-RAW buttons=0x00000002
android[2] trace: MoGaConTrOlLeR :: ....................(KK) MogaController :: Inside nativeOnKeyEvent 

android[2] trace: ....................(KK) MogaController :: Inside nativeOnKeyEvent 96

android[2] trace: MoGaConTrOlLeR :: ....................(KK) Key Event Key A AAAA .....................

android[2] trace: MoGaConTrOlLeR :: ....................(KK) Key Event Key Down .....................

android[2] trace: MoGaConTrOlLeR :: ....................(KK) Listener Key Press .....................

android[2] trace: MoGaConTrOlLeR :: ....................(KK) AndroidKeyCode :: MogaKeyCode (Start of func) .....................

android[2] trace: MoGaConTrOlLeR :: ....................(KK) AndroidKeyCode :: MogaKeyCode Key Press A .....................

android[2] trace: MoGaConTrOlLeR :: (KK) MogaController :: Inside nativeOnKeyEvent ....................

G6-MOGA key frame=12309 code=96 state=down
android[6] error: Node /menus/garage/garage_select_car has no output for CLASS_FILTER_SUPER. Ignoring

android[6] Sound/SoundManager/error: FMOD result of SoundManager::createSound: An error occured that wasn't supposed to.  Contact support. 

android[5] Sound/SoundManager/warn: SoundManager::createSound - 'ui/ui/btn_generic_accept': failure.

android[2] trace: UI play sound: ui/ui/btn_generic_accept

G6-RAW buttons=0x00000000
android[2] trace: MoGaConTrOlLeR :: ....................(KK) MogaController :: Inside nativeOnKeyEvent 

android[2] trace: ....................(KK) MogaController :: Inside nativeOnKeyEvent 96

android[2] trace: MoGaConTrOlLeR :: ....................(KK) Key Event Key A AAAA .....................

android[2] trace: MoGaConTrOlLeR :: ....................(KK) Key Event Key up .....................

android[2] trace: MoGaConTrOlLeR :: ....................(KK) Listener Key Release .....................

android[2] trace: MoGaConTrOlLeR :: ....................(KK) AndroidKeyCode :: MogaKeyCode (Start of func) .....................

android[2] trace: MoGaConTrOlLeR :: ....................(KK) AndroidKeyCode :: MogaKeyCode Key Press A .....................

android[2] trace: MoGaConTrOlLeR :: (KK) MogaController :: Inside nativeOnKeyEvent ....................

G6-MOGA key frame=12311 code=96 state=up
G6-RAW buttons=0x00000002
android[2] trace: MoGaConTrOlLeR :: ....................(KK) MogaController :: Inside nativeOnKeyEvent 

android[2] trace: ....................(KK) MogaController :: Inside nativeOnKeyEvent 96

android[2] trace: MoGaConTrOlLeR :: ....................(KK) Key Event Key A AAAA .....................

android[2] trace: MoGaConTrOlLeR :: ....................(KK) Key Event Key Down .....................

android[2] trace: MoGaConTrOlLeR :: ....................(KK) Listener Key Press .....................

android[2] trace: MoGaConTrOlLeR :: ....................(KK) AndroidKeyCode :: MogaKeyCode (Start of func) .....................

android[2] trace: MoGaConTrOlLeR :: ....................(KK) AndroidKeyCode :: MogaKeyCode Key Press A .....................

android[2] trace: MoGaConTrOlLeR :: (KK) MogaController :: Inside nativeOnKeyEvent ....................

G6-MOGA key frame=12317 code=96 state=down
android[6] error: Node /menus/garage/garage_select_car has no output for CLASS_FILTER_SUPER. Ignoring

android[6] Sound/SoundManager/error: FMOD result of SoundManager::createSound: An error occured that wasn't supposed to.  Contact support. 

android[5] Sound/SoundManager/warn: SoundManager::createSound - 'ui/ui/btn_generic_accept': failure.

android[2] trace: UI play sound: ui/ui/btn_generic_accept

G6-RAW buttons=0x00000000
android[2] trace: MoGaConTrOlLeR :: ....................(KK) MogaController :: Inside nativeOnKeyEvent 

android[2] trace: ....................(KK) MogaController :: Inside nativeOnKeyEvent 96

android[2] trace: MoGaConTrOlLeR :: ....................(KK) Key Event Key A AAAA .....................

android[2] trace: MoGaConTrOlLeR :: ....................(KK) Key Event Key up .....................

android[2] trace: MoGaConTrOlLeR :: ....................(KK) Listener Key Release .....................

android[2] trace: MoGaConTrOlLeR :: ....................(KK) AndroidKeyCode :: MogaKeyCode (Start of func) .....................

android[2] trace: MoGaConTrOlLeR :: ....................(KK) AndroidKeyCode :: MogaKeyCode Key Press A .....................

android[2] trace: MoGaConTrOlLeR :: (KK) MogaController :: Inside nativeOnKeyEvent ....................

G6-MOGA key frame=12319 code=96 state=up
G6-RAW buttons=0x00000002
android[2] trace: MoGaConTrOlLeR :: ....................(KK) MogaController :: Inside nativeOnKeyEvent 

android[2] trace: ....................(KK) MogaController :: Inside nativeOnKeyEvent 96

android[2] trace: MoGaConTrOlLeR :: ....................(KK) Key Event Key A AAAA .....................

android[2] trace: MoGaConTrOlLeR :: ....................(KK) Key Event Key Down .....................

android[2] trace: MoGaConTrOlLeR :: ....................(KK) Listener Key Press .....................

android[2] trace: MoGaConTrOlLeR :: ....................(KK) AndroidKeyCode :: MogaKeyCode (Start of func) .....................

android[2] trace: MoGaConTrOlLeR :: ....................(KK) AndroidKeyCode :: MogaKeyCode Key Press A .....................

android[2] trace: MoGaConTrOlLeR :: (KK) MogaController :: Inside nativeOnKeyEvent ....................

G6-MOGA key frame=12324 code=96 state=down
android[6] error: Node /menus/garage/garage_select_car has no output for CLASS_FILTER_SUPER. Ignoring

android[6] Sound/SoundManager/error: FMOD result of SoundManager::createSound: An error occured that wasn't supposed to.  Contact support. 

android[5] Sound/SoundManager/warn: SoundManager::createSound - 'ui/ui/btn_generic_accept': failure.

android[2] trace: UI play sound: ui/ui/btn_generic_accept

G6-RAW buttons=0x00000000
android[2] trace: MoGaConTrOlLeR :: ....................(KK) MogaController :: Inside nativeOnKeyEvent 

android[2] trace: ....................(KK) MogaController :: Inside nativeOnKeyEvent 96

android[2] trace: MoGaConTrOlLeR :: ....................(KK) Key Event Key A AAAA .....................

android[2] trace: MoGaConTrOlLeR :: ....................(KK) Key Event Key up .....................

android[2] trace: MoGaConTrOlLeR :: ....................(KK) Listener Key Release .....................

android[2] trace: MoGaConTrOlLeR :: ....................(KK) AndroidKeyCode :: MogaKeyCode (Start of func) .....................

android[2] trace: MoGaConTrOlLeR :: ....................(KK) AndroidKeyCode :: MogaKeyCode Key Press A .....................

android[2] trace: MoGaConTrOlLeR :: (KK) MogaController :: Inside nativeOnKeyEvent ....................

G6-MOGA key frame=12326 code=96 state=up
G6-RAW buttons=0x00000002
android[2] trace: MoGaConTrOlLeR :: ....................(KK) MogaController :: Inside nativeOnKeyEvent 

android[2] trace: ....................(KK) MogaController :: Inside nativeOnKeyEvent 96

android[2] trace: MoGaConTrOlLeR :: ....................(KK) Key Event Key A AAAA .....................

android[2] trace: MoGaConTrOlLeR :: ....................(KK) Key Event Key Down .....................

android[2] trace: MoGaConTrOlLeR :: ....................(KK) Listener Key Press .....................

android[2] trace: MoGaConTrOlLeR :: ....................(KK) AndroidKeyCode :: MogaKeyCode (Start of func) .....................

android[2] trace: MoGaConTrOlLeR :: ....................(KK) AndroidKeyCode :: MogaKeyCode Key Press A .....................

android[2] trace: MoGaConTrOlLeR :: (KK) MogaController :: Inside nativeOnKeyEvent ....................

G6-MOGA key frame=12330 code=96 state=down
android[6] error: Node /menus/garage/garage_select_car has no output for CLASS_FILTER_SUPER. Ignoring

android[6] Sound/SoundManager/error: FMOD result of SoundManager::createSound: An error occured that wasn't supposed to.  Contact support. 

android[5] Sound/SoundManager/warn: SoundManager::createSound - 'ui/ui/btn_generic_accept': failure.

android[2] trace: UI play sound: ui/ui/btn_generic_accept

G6-RAW buttons=0x00000000
android[2] trace: MoGaConTrOlLeR :: ....................(KK) MogaController :: Inside nativeOnKeyEvent 

android[2] trace: ....................(KK) MogaController :: Inside nativeOnKeyEvent 96

android[2] trace: MoGaConTrOlLeR :: ....................(KK) Key Event Key A AAAA .....................

android[2] trace: MoGaConTrOlLeR :: ....................(KK) Key Event Key up .....................

android[2] trace: MoGaConTrOlLeR :: ....................(KK) Listener Key Release .....................

android[2] trace: MoGaConTrOlLeR :: ....................(KK) AndroidKeyCode :: MogaKeyCode (Start of func) .....................

android[2] trace: MoGaConTrOlLeR :: ....................(KK) AndroidKeyCode :: MogaKeyCode Key Press A .....................

android[2] trace: MoGaConTrOlLeR :: (KK) MogaController :: Inside nativeOnKeyEvent ....................

G6-MOGA key frame=12332 code=96 state=up
G6-RAW buttons=0x00000001
android[2] trace: MoGaConTrOlLeR :: ....................(KK) MogaController :: Inside nativeOnKeyEvent 

android[2] trace: ....................(KK) MogaController :: Inside nativeOnKeyEvent 97

android[2] trace: MoGaConTrOlLeR :: ....................(KK) Key Event Key B BBBB .....................

android[2] trace: MoGaConTrOlLeR :: ....................(KK) Key Event Key Down .....................

android[2] trace: MoGaConTrOlLeR :: ....................(KK) Listener Key Press .....................

android[2] trace: MoGaConTrOlLeR :: ....................(KK) AndroidKeyCode :: MogaKeyCode (Start of func) .....................

android[2] trace: MoGaConTrOlLeR :: ....................(KK) AndroidKeyCode :: MogaKeyCode Key Press B .....................

android[2] trace: MoGaConTrOlLeR :: (KK) MogaController :: Inside nativeOnKeyEvent ....................

G6-MOGA key frame=12346 code=97 state=down
android[6] Sound/SoundManager/error: FMOD result of SoundManager::createSound: An error occured that wasn't supposed to.  Contact support. 

android[5] Sound/SoundManager/warn: SoundManager::createSound - 'ui/ui/btn_generic_back': failure.

android[2] trace: UI play sound: ui/ui/btn_generic_back

G6-RAW buttons=0x00000000
android[2] trace: MoGaConTrOlLeR :: ....................(KK) MogaController :: Inside nativeOnKeyEvent 

android[2] trace: ....................(KK) MogaController :: Inside nativeOnKeyEvent 97

android[2] trace: MoGaConTrOlLeR :: ....................(KK) Key Event Key B BBBB .....................

android[2] trace: MoGaConTrOlLeR :: ....................(KK) Key Event Key up .....................

android[2] trace: MoGaConTrOlLeR :: ....................(KK) Listener Key Release .....................

android[2] trace: MoGaConTrOlLeR :: ....................(KK) AndroidKeyCode :: MogaKeyCode (Start of func) .....................

android[2] trace: MoGaConTrOlLeR :: ....................(KK) AndroidKeyCode :: MogaKeyCode Key Press B .....................

android[2] trace: MoGaConTrOlLeR :: (KK) MogaController :: Inside nativeOnKeyEvent ....................

G6-MOGA key frame=12349 code=97 state=up
android[5] layouts/warning: LayoutEntity not in cache, reloading: event_details

android[5] layouts/warning: LayoutEntity not in cache, reloading: btn_back_corner2

android[5] layouts/warning: LayoutEntity not in cache, reloading: event_details_speedwall

android[5] layouts/warning: LayoutEntity not in cache, reloading: event_frame

android[5] layouts/warning: LayoutEntity not in cache, reloading: event_details_speedwall_list

android[5] layouts/warning: LayoutEntity not in cache, reloading: event_details_speedwall_entry

android[5] layouts/warning: LayoutEntity not in cache, reloading: results_speedwall_personalbest

android[5] layouts/warning: LayoutEntity not in cache, reloading: new_map_base

android[5] layouts/warning: LayoutEntity not in cache, reloading: scrollbar

android[5] layouts/warning: LayoutEntity not in cache, reloading: scrollbar_thumb

android[5] layouts/warning: LayoutEntity not in cache, reloading: spinner

android[5] layouts/warning: LayoutEntity not in cache, reloading: speedwall_footer

android[5] layouts/warning: LayoutEntity not in cache, reloading: speedwall_header

android[5] layouts/warning: LayoutEntity not in cache, reloading: medal_targets_event_details

android[5] layouts/warning: LayoutEntity not in cache, reloading: hud_achievementnotification_infrontend

android[5] layouts/warning: LayoutEntity not in cache, reloading: hud_line

android[5] layouts/warning: LayoutEntity not in cache, reloading: achievement_icon

android[5] layouts/warning: LayoutEntity not in cache, reloading: profile_player

android[5] layouts/warning: LayoutEntity not in cache, reloading: origin_logged_out

android[5] layouts/warning: LayoutEntity not in cache, reloading: btn_origin_temp

android[5] layouts/warning: LayoutEntity not in cache, reloading: offline_online_indicator

android[5] layouts/warning: LayoutEntity not in cache, reloading: friend_notifications

android[5] layouts/warning: LayoutEntity not in cache, reloading: nav_mogaSelect

android[5] layouts/warning: LayoutEntity not in cache, reloading: masked_line_most_wanted_goals

android[5] layouts/warning: LayoutEntity not in cache, reloading: btn_car_action_large

android[5] layouts/warning: LayoutEntity not in cache, reloading: lower_white_bar

android[5] layouts/warning: SetAnimation: Animation _idle not found in node /[NoID]

android[5] layouts/warning: SetAnimation: Animation _idle not found in node /[NoID]

android[5] layouts/warning: SetAnimation: Animation _idle not found in node /[NoID]

android[5] layouts/warning: SetAnimation: Animation _idle not found in node /[NoID]

android[5] layouts/warning: SetAnimation: Animation _idle not found in node /[NoID]

android[5] layouts/warning: SetAnimation: Animation _idle not found in node /[NoID]

android[5] layouts/warning: SetAnimation: Animation _idle not found in node /[NoID]

android[5] layouts/warning: SetAnimation: Animation _idle not found in node /[NoID]

android[5] layouts/warning: SetAnimation: Animation _idle not found in node /[NoID]

android[5] layouts/warning: SetAnimation: Animation _idle not found in node /[NoID]

android[5] layouts/warning: SetAnimation: Animation _idle not found in node /[NoID]

android[5] layouts/warning: SetAnimation: Animation _idle not found in node /[NoID]

android[6] layouts/error: Unable to locate layout entity: _name_header

android[6] layouts/error: Unable to locate layout entity: _progress_bar

android[2] trace: LayoutScreen::LayoutScreen OptionsSettingsScreen != 0

android[2] trace: A.N. produce offset for race selection screen

android[2] trace: ShowMogaHighlight start

android[2] trace: ShowMogaHighlight 1

android[2] trace: ShowMogaHighlight end

android[5] layouts/warning: SetAnimation: Animation _idle not found in node /[NoID]

G6-RAW buttons=0x00000002
android[2] trace: MoGaConTrOlLeR :: ....................(KK) MogaController :: Inside nativeOnKeyEvent 

android[2] trace: ....................(KK) MogaController :: Inside nativeOnKeyEvent 96

android[2] trace: MoGaConTrOlLeR :: ....................(KK) Key Event Key A AAAA .....................

android[2] trace: MoGaConTrOlLeR :: ....................(KK) Key Event Key Down .....................

android[2] trace: MoGaConTrOlLeR :: ....................(KK) Listener Key Press .....................

android[2] trace: MoGaConTrOlLeR :: ....................(KK) AndroidKeyCode :: MogaKeyCode (Start of func) .....................

android[2] trace: MoGaConTrOlLeR :: ....................(KK) AndroidKeyCode :: MogaKeyCode Key Press A .....................

android[2] trace: MoGaConTrOlLeR :: (KK) MogaController :: Inside nativeOnKeyEvent ....................

G6-MOGA key frame=12405 code=96 state=down
android[6] Sound/SoundManager/error: FMOD result of SoundManager::createSound: An error occured that wasn't supposed to.  Contact support. 

android[5] Sound/SoundManager/warn: SoundManager::createSound - 'ui/ui/btn_accept': failure.

android[2] trace: UI play sound: ui/ui/btn_accept

G6-RAW buttons=0x00000000
android[2] trace: MoGaConTrOlLeR :: ....................(KK) MogaController :: Inside nativeOnKeyEvent 

android[2] trace: ....................(KK) MogaController :: Inside nativeOnKeyEvent 96

android[2] trace: MoGaConTrOlLeR :: ....................(KK) Key Event Key A AAAA .....................

android[2] trace: MoGaConTrOlLeR :: ....................(KK) Key Event Key up .....................

android[2] trace: MoGaConTrOlLeR :: ....................(KK) Listener Key Release .....................

android[2] trace: MoGaConTrOlLeR :: ....................(KK) AndroidKeyCode :: MogaKeyCode (Start of func) .....................

android[2] trace: MoGaConTrOlLeR :: ....................(KK) AndroidKeyCode :: MogaKeyCode Key Press A .....................

android[2] trace: MoGaConTrOlLeR :: (KK) MogaController :: Inside nativeOnKeyEvent ....................

G6-MOGA key frame=12407 code=96 state=up
android[5] layouts/warning: LayoutEntity not in cache, reloading: car_select_new

android[5] layouts/warning: LayoutEntity not in cache, reloading: spinner

android[5] layouts/warning: LayoutEntity not in cache, reloading: rollout_vingette

android[5] layouts/warning: LayoutEntity not in cache, reloading: car_select_locked

android[5] layouts/warning: LayoutEntity not in cache, reloading: btn_arrow_car_select

android[5] layouts/warning: LayoutEntity not in cache, reloading: btn_car_action_small

android[5] layouts/warning: LayoutEntity not in cache, reloading: btn_uppernav

android[5] layouts/warning: LayoutEntity not in cache, reloading: profile_garage

android[5] layouts/warning: LayoutEntity not in cache, reloading: cash

android[5] layouts/warning: LayoutEntity not in cache, reloading: cash_container

android[5] layouts/warning: LayoutEntity not in cache, reloading: btn_add_cash

android[5] layouts/warning: LayoutEntity not in cache, reloading: btn_class_dropdown

android[5] layouts/warning: LayoutEntity not in cache, reloading: class_frame_dropdown

android[5] layouts/warning: LayoutEntity not in cache, reloading: btn_paint

android[5] layouts/warning: LayoutEntity not in cache, reloading: btn_car_action_large

android[5] layouts/warning: LayoutEntity not in cache, reloading: btn_car_action_buy_temp

android[5] layouts/warning: LayoutEntity not in cache, reloading: car_select_instance

android[5] layouts/warning: LayoutEntity not in cache, reloading: car_select_nfs_edition

android[5] layouts/warning: LayoutEntity not in cache, reloading: car_selector_main_element

android[5] layouts/warning: LayoutEntity not in cache, reloading: car_select_stats_bar

android[5] layouts/warning: LayoutEntity not in cache, reloading: class_bg_frame

android[5] layouts/warning: LayoutEntity not in cache, reloading: nav_moga_highlight

android[5] layouts/warning: LayoutEntity not in cache, reloading: class_menu

android[5] layouts/warning: LayoutEntity not in cache, reloading: btn_class

android[5] layouts/warning: LayoutEntity not in cache, reloading: hud_achievementnotification_infrontend

android[5] layouts/warning: LayoutEntity not in cache, reloading: hud_line

android[5] layouts/warning: LayoutEntity not in cache, reloading: achievement_icon

android[6] layouts/error: Unable to locate layout entity: _icon

android[6] layouts/error: Unable to locate layout entity: _progress_bar

android[2] trace: LayoutScreen::LayoutScreen OptionsSettingsScreen != 0

android[6] layouts/error: Attempted to access invalid layout: car_select_bg

android[4] ResourceManager: Remove asset: /published/textures/cars/texture_fx_nitro.sba

android[4] ResourceManager: Remove asset: /published/textures/cars/texture_light_falloff.sba

android[4] ResourceManager: Remove asset: /published/textures/cars/numberplates/texture_numberplate_need4speed_reflection.sba

android[4] ResourceManager: Remove asset: /published/brdf/texture_sp_wheels.sba

android[4] ResourceManager: Remove asset: /published/textures/cars/numberplates/texture_numberplate_need4speed.sba

android[4] ResourceManager: Remove asset: /published/textures/cars/lexus_lfa_2010/texture_lexus_lfa_2010_alpha_damage.sba

android[4] ResourceManager: Remove asset: /published/textures/cars/lexus_lfa_2010/texture_lexus_lfa_2010_alpha.sba

android[4] ResourceManager: Remove asset: /published/textures/cars/lexus_lfa_2010/texture_lexus_lfa_2010_alpha_reflection.sba

android[4] ResourceManager: Remove asset: /published/brdf/texture_brdf_gloss_light.sba

android[4] ResourceManager: Remove asset: /published/textures/cars/damage/texture_scratch.sba

android[4] ResourceManager: Remove asset: /published/textures/cars/lexus_lfa_2010/texture_lexus_lfa_2010_diffuse_reflection_gloss.sba

android[4] ResourceManager: Remove asset: /published/brdf/texture_sp_gloss.sba

android[4] ResourceManager: Remove asset: /published/textures/cars/lexus_lfa_2010/texture_lexus_lfa_2010_diffuse_00.sba

android[5] warn: WARNING: loading model directly: /published/models/cars/dodge_challenger_srt8_392_2011/dodge_challenger_srt8_392_2011.m3g

android[4] ResourceManager: Add asset: /published/textures/cars/dodge_challenger_srt8_392_2011/texture_dodge_challenger_srt8_392_2011_diffuse_00.sba

android[4] ResourceManager: Add asset: /published/textures/cars/dodge_challenger_srt8_392_2011/texture_dodge_challenger_srt8_392_2011_alpha.sba

android[4] ResourceManager: Add asset: /published/textures/cars/numberplates/texture_numberplate_need4speed.sba

android[4] ResourceManager: Add asset: /published/textures/cars/texture_light_falloff.sba

android[5] warn: WARNING: loading model directly: /published/models/cars/fx_nitro.m3g

android[4] ResourceManager: Add asset: /published/textures/cars/texture_fx_nitro.sba

android[5] warn: WARNING: loading model directly: /published/models/cars/fx_nitro.m3g

android[5] warn: WARNING: loading model directly: /published/models/cars/fx_nitro.m3g

android[5] warn: WARNING: loading model directly: /published/models/cars/fx_nitro.m3g

android[4] ResourceManager: Add asset: /published/brdf/texture_sp_wheels.sba

android[4] ResourceManager: Add asset: /published/textures/cars/numberplates/texture_numberplate_need4speed_reflection.sba

android[4] ResourceManager: Add asset: /published/textures/cars/dodge_challenger_srt8_392_2011/texture_dodge_challenger_srt8_392_2011_alpha_reflection.sba

android[4] ResourceManager: Add asset: /published/textures/cars/dodge_challenger_srt8_392_2011/texture_dodge_challenger_srt8_392_2011_alpha_damage.sba

android[4] ResourceManager: Add asset: /published/textures/cars/damage/texture_scratch.sba

android[4] ResourceManager: Add asset: /published/textures/cars/dodge_challenger_srt8_392_2011/texture_dodge_challenger_srt8_392_2011_diffuse_reflection_g
android[4] ResourceManager: loss.sba

android[4] ResourceManager: Add asset: /published/brdf/texture_brdf_gloss_light.sba

android[4] ResourceManager: Add asset: /published/brdf/texture_sp_dodge_challenger_srt8_392_2011_white.sba

android[5] layouts/warning: SetAnimation: Animation _idle not found in node /[NoID]

android[2] trace: [AUTOLOG QUERY] Server: Blaze     Call: /nfs-2013-android/util/ping

G4-JNI GetEnv version=0x00010006
G6-RAW buttons=0x00000020
android[2] trace: MoGaConTrOlLeR :: ....................(KK) MogaController :: Inside nativeOnKeyEvent 

android[2] trace: ....................(KK) MogaController :: Inside nativeOnKeyEvent 103

android[2] trace: MoGaConTrOlLeR :: ....................(KK) Key Event Key R1 1111 .....................

android[2] trace: MoGaConTrOlLeR :: ....................(KK) Key Event Key Down .....................

android[2] trace: MoGaConTrOlLeR :: ....................(KK) Listener Key Press .....................

android[2] trace: MoGaConTrOlLeR :: ....................(KK) AndroidKeyCode :: MogaKeyCode (Start of func) .....................

android[2] trace: MoGaConTrOlLeR :: ....................(KK) AndroidKeyCode :: MogaKeyCode Key Press R1 .....................

android[2] trace: MoGaConTrOlLeR :: (KK) MogaController :: Inside nativeOnKeyEvent ....................

G6-MOGA key frame=12588 code=103 state=down
G7-FRAME enter=12600
G5-GL STATE frame=12600 framebuffer=0 status=0x8cd5 errors=0
G7-FRAME leave=12600
G6-RAW buttons=0x00000000
android[2] trace: MoGaConTrOlLeR :: ....................(KK) MogaController :: Inside nativeOnKeyEvent 

android[2] trace: ....................(KK) MogaController :: Inside nativeOnKeyEvent 103

android[2] trace: MoGaConTrOlLeR :: ....................(KK) Key Event Key R1 1111 .....................

android[2] trace: MoGaConTrOlLeR :: ....................(KK) Key Event Key up .....................

android[2] trace: MoGaConTrOlLeR :: ....................(KK) Listener Key Release .....................

android[2] trace: MoGaConTrOlLeR :: ....................(KK) AndroidKeyCode :: MogaKeyCode (Start of func) .....................

android[2] trace: MoGaConTrOlLeR :: ....................(KK) AndroidKeyCode :: MogaKeyCode Key Press R1 .....................

android[2] trace: MoGaConTrOlLeR :: (KK) MogaController :: Inside nativeOnKeyEvent ....................

G6-MOGA key frame=12606 code=103 state=up
G6-RAW buttons=0x00000080
android[2] trace: ....................(KK) MogaController :: Inside NativeOnMotionEvent

android[2] trace: (KK) MogaController :: Inside NativeOnMotionEvent ....................

G6-MOGA motion frame=12611 axes=0,0,0,0,0,32767
G6-RAW buttons=0x00000000
android[2] trace: ....................(KK) MogaController :: Inside NativeOnMotionEvent

android[2] trace: (KK) MogaController :: Inside NativeOnMotionEvent ....................

G6-RAW buttons=0x00000400
android[2] trace: ....................(KK) MogaController :: Inside NativeOnMotionEvent

android[2] trace: (KK) MogaController :: Inside NativeOnMotionEvent ....................

G6-MOGA motion frame=12674 axes=-32767,0,0,0,0,0
G6-MOGA dpad-as-stick frame=12674 code=21 state=down
G6-RAW buttons=0x00000000
android[2] trace: ....................(KK) MogaController :: Inside NativeOnMotionEvent

android[2] trace: (KK) MogaController :: Inside NativeOnMotionEvent ....................

G6-MOGA dpad-as-stick frame=12684 code=21 state=up
G6-RAW buttons=0x00000100
G6-MOGA dpad-as-stick frame=12698 code=19 state=down
G6-RAW buttons=0x00000000
G6-MOGA dpad-as-stick frame=12707 code=19 state=up
G6-RAW buttons=0x00000001
android[2] trace: MoGaConTrOlLeR :: ....................(KK) MogaController :: Inside nativeOnKeyEvent 

android[2] trace: ....................(KK) MogaController :: Inside nativeOnKeyEvent 97

android[2] trace: MoGaConTrOlLeR :: ....................(KK) Key Event Key B BBBB .....................

android[2] trace: MoGaConTrOlLeR :: ....................(KK) Key Event Key Down .....................

android[2] trace: MoGaConTrOlLeR :: ....................(KK) Listener Key Press .....................

android[2] trace: MoGaConTrOlLeR :: ....................(KK) AndroidKeyCode :: MogaKeyCode (Start of func) .....................

android[2] trace: MoGaConTrOlLeR :: ....................(KK) AndroidKeyCode :: MogaKeyCode Key Press B .....................

android[2] trace: MoGaConTrOlLeR :: (KK) MogaController :: Inside nativeOnKeyEvent ....................

G6-MOGA key frame=12731 code=97 state=down
android[6] Sound/SoundManager/error: FMOD result of SoundManager::createSound: An error occured that wasn't supposed to.  Contact support. 

android[5] Sound/SoundManager/warn: SoundManager::createSound - 'ui/ui/btn_generic_back': failure.

android[2] trace: UI play sound: ui/ui/btn_generic_back

G6-RAW buttons=0x00000000
android[2] trace: MoGaConTrOlLeR :: ....................(KK) MogaController :: Inside nativeOnKeyEvent 

android[2] trace: ....................(KK) MogaController :: Inside nativeOnKeyEvent 97

android[2] trace: MoGaConTrOlLeR :: ....................(KK) Key Event Key B BBBB .....................

android[2] trace: MoGaConTrOlLeR :: ....................(KK) Key Event Key up .....................

android[2] trace: MoGaConTrOlLeR :: ....................(KK) Listener Key Release .....................

android[2] trace: MoGaConTrOlLeR :: ....................(KK) AndroidKeyCode :: MogaKeyCode (Start of func) .....................

android[2] trace: MoGaConTrOlLeR :: ....................(KK) AndroidKeyCode :: MogaKeyCode Key Press B .....................

android[2] trace: MoGaConTrOlLeR :: (KK) MogaController :: Inside nativeOnKeyEvent ....................

G6-MOGA key frame=12738 code=97 state=up
android[5] layouts/warning: LayoutEntity not in cache, reloading: event_details

android[5] layouts/warning: LayoutEntity not in cache, reloading: btn_back_corner2

android[5] layouts/warning: LayoutEntity not in cache, reloading: event_details_speedwall

android[5] layouts/warning: LayoutEntity not in cache, reloading: event_frame

android[5] layouts/warning: LayoutEntity not in cache, reloading: event_details_speedwall_list

android[5] layouts/warning: LayoutEntity not in cache, reloading: event_details_speedwall_entry

android[5] layouts/warning: LayoutEntity not in cache, reloading: results_speedwall_personalbest

android[5] layouts/warning: LayoutEntity not in cache, reloading: new_map_base

android[5] layouts/warning: LayoutEntity not in cache, reloading: scrollbar

android[5] layouts/warning: LayoutEntity not in cache, reloading: scrollbar_thumb

android[5] layouts/warning: LayoutEntity not in cache, reloading: spinner

android[5] layouts/warning: LayoutEntity not in cache, reloading: speedwall_footer

android[5] layouts/warning: LayoutEntity not in cache, reloading: speedwall_header

android[5] layouts/warning: LayoutEntity not in cache, reloading: medal_targets_event_details

android[5] layouts/warning: LayoutEntity not in cache, reloading: hud_achievementnotification_infrontend

android[5] layouts/warning: LayoutEntity not in cache, reloading: hud_line

android[5] layouts/warning: LayoutEntity not in cache, reloading: achievement_icon

android[5] layouts/warning: LayoutEntity not in cache, reloading: profile_player

android[5] layouts/warning: LayoutEntity not in cache, reloading: origin_logged_out

android[5] layouts/warning: LayoutEntity not in cache, reloading: btn_origin_temp

android[5] layouts/warning: LayoutEntity not in cache, reloading: offline_online_indicator

android[5] layouts/warning: LayoutEntity not in cache, reloading: friend_notifications

android[5] layouts/warning: LayoutEntity not in cache, reloading: nav_mogaSelect

android[5] layouts/warning: LayoutEntity not in cache, reloading: masked_line_most_wanted_goals

android[5] layouts/warning: LayoutEntity not in cache, reloading: btn_car_action_large

android[5] layouts/warning: LayoutEntity not in cache, reloading: lower_white_bar

android[5] layouts/warning: SetAnimation: Animation _idle not found in node /[NoID]

android[5] layouts/warning: SetAnimation: Animation _idle not found in node /[NoID]

android[5] layouts/warning: SetAnimation: Animation _idle not found in node /[NoID]

android[5] layouts/warning: SetAnimation: Animation _idle not found in node /[NoID]

android[5] layouts/warning: SetAnimation: Animation _idle not found in node /[NoID]

android[5] layouts/warning: SetAnimation: Animation _idle not found in node /[NoID]

android[5] layouts/warning: SetAnimation: Animation _idle not found in node /[NoID]

android[5] layouts/warning: SetAnimation: Animation _idle not found in node /[NoID]

android[5] layouts/warning: SetAnimation: Animation _idle not found in node /[NoID]

android[5] layouts/warning: SetAnimation: Animation _idle not found in node /[NoID]

android[5] layouts/warning: SetAnimation: Animation _idle not found in node /[NoID]

android[5] layouts/warning: SetAnimation: Animation _idle not found in node /[NoID]

android[6] layouts/error: Unable to locate layout entity: _name_header

android[6] layouts/error: Unable to locate layout entity: _progress_bar

android[2] trace: LayoutScreen::LayoutScreen OptionsSettingsScreen != 0

android[2] trace: A.N. produce offset for race selection screen

android[2] trace: ShowMogaHighlight start

android[2] trace: ShowMogaHighlight 1

android[2] trace: ShowMogaHighlight end

android[5] layouts/warning: SetAnimation: Animation _idle not found in node /[NoID]

G4-JNI GetEnv version=0x00010006
G6-RAW buttons=0x00000002
android[2] trace: MoGaConTrOlLeR :: ....................(KK) MogaController :: Inside nativeOnKeyEvent 

android[2] trace: ....................(KK) MogaController :: Inside nativeOnKeyEvent 96

android[2] trace: MoGaConTrOlLeR :: ....................(KK) Key Event Key A AAAA .....................

android[2] trace: MoGaConTrOlLeR :: ....................(KK) Key Event Key Down .....................

android[2] trace: MoGaConTrOlLeR :: ....................(KK) Listener Key Press .....................

android[2] trace: MoGaConTrOlLeR :: ....................(KK) AndroidKeyCode :: MogaKeyCode (Start of func) .....................

android[2] trace: MoGaConTrOlLeR :: ....................(KK) AndroidKeyCode :: MogaKeyCode Key Press A .....................

android[2] trace: MoGaConTrOlLeR :: (KK) MogaController :: Inside nativeOnKeyEvent ....................

G6-MOGA key frame=12818 code=96 state=down
android[6] Sound/SoundManager/error: FMOD result of SoundManager::createSound: An error occured that wasn't supposed to.  Contact support. 

android[5] Sound/SoundManager/warn: SoundManager::createSound - 'ui/ui/btn_accept': failure.

android[2] trace: UI play sound: ui/ui/btn_accept

android[5] layouts/warning: LayoutEntity not in cache, reloading: car_select_new

android[5] layouts/warning: LayoutEntity not in cache, reloading: spinner

android[5] layouts/warning: LayoutEntity not in cache, reloading: rollout_vingette

android[5] layouts/warning: LayoutEntity not in cache, reloading: car_select_locked

android[5] layouts/warning: LayoutEntity not in cache, reloading: btn_arrow_car_select

android[5] layouts/warning: LayoutEntity not in cache, reloading: btn_car_action_small

android[5] layouts/warning: LayoutEntity not in cache, reloading: btn_uppernav

android[5] layouts/warning: LayoutEntity not in cache, reloading: profile_garage

android[5] layouts/warning: LayoutEntity not in cache, reloading: cash

android[5] layouts/warning: LayoutEntity not in cache, reloading: cash_container

android[5] layouts/warning: LayoutEntity not in cache, reloading: btn_add_cash

android[5] layouts/warning: LayoutEntity not in cache, reloading: btn_class_dropdown

android[5] layouts/warning: LayoutEntity not in cache, reloading: class_frame_dropdown

android[5] layouts/warning: LayoutEntity not in cache, reloading: btn_paint

android[5] layouts/warning: LayoutEntity not in cache, reloading: btn_car_action_large

android[5] layouts/warning: LayoutEntity not in cache, reloading: btn_car_action_buy_temp

android[5] layouts/warning: LayoutEntity not in cache, reloading: car_select_instance

android[5] layouts/warning: LayoutEntity not in cache, reloading: car_select_nfs_edition

android[5] layouts/warning: LayoutEntity not in cache, reloading: car_selector_main_element

android[5] layouts/warning: LayoutEntity not in cache, reloading: car_select_stats_bar

android[5] layouts/warning: LayoutEntity not in cache, reloading: class_bg_frame

android[5] layouts/warning: LayoutEntity not in cache, reloading: nav_moga_highlight

android[5] layouts/warning: LayoutEntity not in cache, reloading: class_menu

android[5] layouts/warning: LayoutEntity not in cache, reloading: btn_class

android[5] layouts/warning: LayoutEntity not in cache, reloading: hud_achievementnotification_infrontend

android[5] layouts/warning: LayoutEntity not in cache, reloading: hud_line

android[5] layouts/warning: LayoutEntity not in cache, reloading: achievement_icon

android[6] layouts/error: Unable to locate layout entity: _icon

android[6] layouts/error: Unable to locate layout entity: _progress_bar

android[2] trace: LayoutScreen::LayoutScreen OptionsSettingsScreen != 0

android[6] layouts/error: Attempted to access invalid layout: car_select_bg

G6-RAW buttons=0x00000000
android[2] trace: MoGaConTrOlLeR :: ....................(KK) MogaController :: Inside nativeOnKeyEvent 

android[2] trace: ....................(KK) MogaController :: Inside nativeOnKeyEvent 96

android[2] trace: MoGaConTrOlLeR :: ....................(KK) Key Event Key A AAAA .....................

android[2] trace: MoGaConTrOlLeR :: ....................(KK) Key Event Key up .....................

android[2] trace: MoGaConTrOlLeR :: ....................(KK) Listener Key Release .....................

android[2] trace: MoGaConTrOlLeR :: ....................(KK) AndroidKeyCode :: MogaKeyCode (Start of func) .....................

android[2] trace: MoGaConTrOlLeR :: ....................(KK) AndroidKeyCode :: MogaKeyCode Key Press A .....................

android[2] trace: MoGaConTrOlLeR :: (KK) MogaController :: Inside nativeOnKeyEvent ....................

G6-MOGA key frame=12836 code=96 state=up
G6-RAW buttons=0x00000002
android[2] trace: MoGaConTrOlLeR :: ....................(KK) MogaController :: Inside nativeOnKeyEvent 

android[2] trace: ....................(KK) MogaController :: Inside nativeOnKeyEvent 96

android[2] trace: MoGaConTrOlLeR :: ....................(KK) Key Event Key A AAAA .....................

android[2] trace: MoGaConTrOlLeR :: ....................(KK) Key Event Key Down .....................

android[2] trace: MoGaConTrOlLeR :: ....................(KK) Listener Key Press .....................

android[2] trace: MoGaConTrOlLeR :: ....................(KK) AndroidKeyCode :: MogaKeyCode (Start of func) .....................

android[2] trace: MoGaConTrOlLeR :: ....................(KK) AndroidKeyCode :: MogaKeyCode Key Press A .....................

android[2] trace: MoGaConTrOlLeR :: (KK) MogaController :: Inside nativeOnKeyEvent ....................

G6-MOGA key frame=12840 code=96 state=down
G6-RAW buttons=0x00000000
android[2] trace: MoGaConTrOlLeR :: ....................(KK) MogaController :: Inside nativeOnKeyEvent 

android[2] trace: ....................(KK) MogaController :: Inside nativeOnKeyEvent 96

android[2] trace: MoGaConTrOlLeR :: ....................(KK) Key Event Key A AAAA .....................

android[2] trace: MoGaConTrOlLeR :: ....................(KK) Key Event Key up .....................

android[2] trace: MoGaConTrOlLeR :: ....................(KK) Listener Key Release .....................

android[2] trace: MoGaConTrOlLeR :: ....................(KK) AndroidKeyCode :: MogaKeyCode (Start of func) .....................

android[2] trace: MoGaConTrOlLeR :: ....................(KK) AndroidKeyCode :: MogaKeyCode Key Press A .....................

android[2] trace: MoGaConTrOlLeR :: (KK) MogaController :: Inside nativeOnKeyEvent ....................

G6-MOGA key frame=12850 code=96 state=up
G6-RAW buttons=0x00000002
android[2] trace: MoGaConTrOlLeR :: ....................(KK) MogaController :: Inside nativeOnKeyEvent 

android[2] trace: ....................(KK) MogaController :: Inside nativeOnKeyEvent 96

android[2] trace: MoGaConTrOlLeR :: ....................(KK) Key Event Key A AAAA .....................

android[2] trace: MoGaConTrOlLeR :: ....................(KK) Key Event Key Down .....................

android[2] trace: MoGaConTrOlLeR :: ....................(KK) Listener Key Press .....................

android[2] trace: MoGaConTrOlLeR :: ....................(KK) AndroidKeyCode :: MogaKeyCode (Start of func) .....................

android[2] trace: MoGaConTrOlLeR :: ....................(KK) AndroidKeyCode :: MogaKeyCode Key Press A .....................

android[2] trace: MoGaConTrOlLeR :: (KK) MogaController :: Inside nativeOnKeyEvent ....................

G6-MOGA key frame=12858 code=96 state=down
G6-RAW buttons=0x00000000
android[2] trace: MoGaConTrOlLeR :: ....................(KK) MogaController :: Inside nativeOnKeyEvent 

android[2] trace: ....................(KK) MogaController :: Inside nativeOnKeyEvent 96

android[2] trace: MoGaConTrOlLeR :: ....................(KK) Key Event Key A AAAA .....................

android[2] trace: MoGaConTrOlLeR :: ....................(KK) Key Event Key up .....................

android[2] trace: MoGaConTrOlLeR :: ....................(KK) Listener Key Release .....................

android[2] trace: MoGaConTrOlLeR :: ....................(KK) AndroidKeyCode :: MogaKeyCode (Start of func) .....................

android[2] trace: MoGaConTrOlLeR :: ....................(KK) AndroidKeyCode :: MogaKeyCode Key Press A .....................

android[2] trace: MoGaConTrOlLeR :: (KK) MogaController :: Inside nativeOnKeyEvent ....................

G6-MOGA key frame=12865 code=96 state=up
G6-RAW buttons=0x00000002
android[2] trace: MoGaConTrOlLeR :: ....................(KK) MogaController :: Inside nativeOnKeyEvent 

android[2] trace: ....................(KK) MogaController :: Inside nativeOnKeyEvent 96

android[2] trace: MoGaConTrOlLeR :: ....................(KK) Key Event Key A AAAA .....................

android[2] trace: MoGaConTrOlLeR :: ....................(KK) Key Event Key Down .....................

android[2] trace: MoGaConTrOlLeR :: ....................(KK) Listener Key Press .....................

android[2] trace: MoGaConTrOlLeR :: ....................(KK) AndroidKeyCode :: MogaKeyCode (Start of func) .....................

android[2] trace: MoGaConTrOlLeR :: ....................(KK) AndroidKeyCode :: MogaKeyCode Key Press A .....................

android[2] trace: MoGaConTrOlLeR :: (KK) MogaController :: Inside nativeOnKeyEvent ....................

G6-MOGA key frame=12870 code=96 state=down
android[5] layouts/warning: SetAnimation: Animation _idle not found in node /[NoID]

G6-RAW buttons=0x00000000
android[2] trace: MoGaConTrOlLeR :: ....................(KK) MogaController :: Inside nativeOnKeyEvent 

android[2] trace: ....................(KK) MogaController :: Inside nativeOnKeyEvent 96

android[2] trace: MoGaConTrOlLeR :: ....................(KK) Key Event Key A AAAA .....................

android[2] trace: MoGaConTrOlLeR :: ....................(KK) Key Event Key up .....................

android[2] trace: MoGaConTrOlLeR :: ....................(KK) Listener Key Release .....................

android[2] trace: MoGaConTrOlLeR :: ....................(KK) AndroidKeyCode :: MogaKeyCode (Start of func) .....................

android[2] trace: MoGaConTrOlLeR :: ....................(KK) AndroidKeyCode :: MogaKeyCode Key Press A .....................

android[2] trace: MoGaConTrOlLeR :: (KK) MogaController :: Inside nativeOnKeyEvent ....................

G6-MOGA key frame=12878 code=96 state=up
android[6] Sound/SoundManager/error: FMOD result of SoundManager::createSound: An error occured that wasn't supposed to.  Contact support. 

android[5] Sound/SoundManager/warn: SoundManager::createSound - 'ui/ui/btn_accept': failure.

android[2] trace: UI play sound: ui/ui/btn_accept

G6-RAW buttons=0x00000002
android[2] trace: MoGaConTrOlLeR :: ....................(KK) MogaController :: Inside nativeOnKeyEvent 

android[2] trace: ....................(KK) MogaController :: Inside nativeOnKeyEvent 96

android[2] trace: MoGaConTrOlLeR :: ....................(KK) Key Event Key A AAAA .....................

android[2] trace: MoGaConTrOlLeR :: ....................(KK) Key Event Key Down .....................

android[2] trace: MoGaConTrOlLeR :: ....................(KK) Listener Key Press .....................

android[2] trace: MoGaConTrOlLeR :: ....................(KK) AndroidKeyCode :: MogaKeyCode (Start of func) .....................

android[2] trace: MoGaConTrOlLeR :: ....................(KK) AndroidKeyCode :: MogaKeyCode Key Press A .....................

android[2] trace: MoGaConTrOlLeR :: (KK) MogaController :: Inside nativeOnKeyEvent ....................

G6-MOGA key frame=12879 code=96 state=down
android[5] layouts/warning: LayoutEntity not in cache, reloading: loading

android[5] layouts/warning: LayoutEntity not in cache, reloading: rollout_vingette

android[5] layouts/warning: LayoutEntity not in cache, reloading: masked_line_most_wanted_goals

android[5] layouts/warning: LayoutEntity not in cache, reloading: spinner

android[5] layouts/warning: LayoutEntity not in cache, reloading: medal_targets_event_details

android[5] layouts/warning: LayoutEntity not in cache, reloading: lower_white_bar

android[5] layouts/warning: TexturePack image not found for layout Sprite: hud/results_header.tif

android[5] layouts/warning: TexturePack image not found for layout Sprite: backgrounds/loading_iphone.tif

android[2] trace: LayoutScreen::LayoutScreen OptionsSettingsScreen != 0

android[5] warn: Lock: Is being locked. Lock count: 1

android[6] Sound/SoundManager/error: FMOD result of SoundManager::createSound: An error occured that wasn't supposed to.  Contact support. 

android[5] Sound/SoundManager/warn: SoundManager::createSound - 'ui/ui/btn_generic_accept': failure.

android[2] trace: UI play sound: ui/ui/btn_generic_accept

G6-RAW buttons=0x00000000
android[2] trace: MoGaConTrOlLeR :: ....................(KK) MogaController :: Inside nativeOnKeyEvent 

android[2] trace: ....................(KK) MogaController :: Inside nativeOnKeyEvent 96

android[2] trace: MoGaConTrOlLeR :: ....................(KK) Key Event Key A AAAA .....................

android[2] trace: MoGaConTrOlLeR :: ....................(KK) Key Event Key up .....................

android[2] trace: MoGaConTrOlLeR :: ....................(KK) Listener Key Release .....................

android[2] trace: MoGaConTrOlLeR :: ....................(KK) AndroidKeyCode :: MogaKeyCode (Start of func) .....................

android[2] trace: MoGaConTrOlLeR :: ....................(KK) AndroidKeyCode :: MogaKeyCode Key Press A .....................

android[2] trace: MoGaConTrOlLeR :: (KK) MogaController :: Inside nativeOnKeyEvent ....................

G6-MOGA key frame=12881 code=96 state=up
G6-RAW buttons=0x00000002
android[2] trace: MoGaConTrOlLeR :: ....................(KK) MogaController :: Inside nativeOnKeyEvent 

android[2] trace: ....................(KK) MogaController :: Inside nativeOnKeyEvent 96

android[2] trace: MoGaConTrOlLeR :: ....................(KK) Key Event Key A AAAA .....................

android[2] trace: MoGaConTrOlLeR :: ....................(KK) Key Event Key Down .....................

android[2] trace: MoGaConTrOlLeR :: ....................(KK) Listener Key Press .....................

android[2] trace: MoGaConTrOlLeR :: ....................(KK) AndroidKeyCode :: MogaKeyCode (Start of func) .....................

android[2] trace: MoGaConTrOlLeR :: ....................(KK) AndroidKeyCode :: MogaKeyCode Key Press A .....................

android[2] trace: MoGaConTrOlLeR :: (KK) MogaController :: Inside nativeOnKeyEvent ....................

G6-MOGA key frame=12882 code=96 state=down
G6-RAW buttons=0x00000000
android[2] trace: MoGaConTrOlLeR :: ....................(KK) MogaController :: Inside nativeOnKeyEvent 

android[2] trace: ....................(KK) MogaController :: Inside nativeOnKeyEvent 96

android[2] trace: MoGaConTrOlLeR :: ....................(KK) Key Event Key A AAAA .....................

android[2] trace: MoGaConTrOlLeR :: ....................(KK) Key Event Key up .....................

android[2] trace: MoGaConTrOlLeR :: ....................(KK) Listener Key Release .....................

android[2] trace: MoGaConTrOlLeR :: ....................(KK) AndroidKeyCode :: MogaKeyCode (Start of func) .....................

android[2] trace: MoGaConTrOlLeR :: ....................(KK) AndroidKeyCode :: MogaKeyCode Key Press A .....................

android[2] trace: MoGaConTrOlLeR :: (KK) MogaController :: Inside nativeOnKeyEvent ....................

G6-MOGA key frame=12889 code=96 state=up
G7-FRAME enter=12900
G5-GL STATE frame=12900 framebuffer=0 status=0x8cd5 errors=0
G7-FRAME leave=12900
android[4] ResourceManager: Add texture: /published/texturepacks_ui/loading_race.sba_0

android[5] layouts/warning: SetAnimation: Animation NULL not found in node /[NoID]

android[2] trace: ShowMogaHighlight start

android[2] trace: ShowMogaHighlight 1

android[2] trace: ShowMogaHighlight end

android[4] ResourceManager: Remove texture: /published/texturepacks_ui/garage.sba_0

android[4] ResourceManager: Remove texture: /published/texturepacks_ui/masks.sba_0

android[4] ResourceManager: Remove texture: /published/texturepacks_ui/menu.sba_1

android[4] ResourceManager: Remove texture: /published/texturepacks_ui/menu.sba_2

android[4] ResourceManager: Remove texture: /published/texturepacks_ui/map.sba_1

android[4] ResourceManager: Remove texture: /published/texturepacks_ui/map.sba_0

android[4] ResourceManager: Remove asset: /published/textures/cars/texture_fx_nitro.sba

android[4] ResourceManager: Remove asset: /published/textures/cars/texture_light_falloff.sba

android[4] ResourceManager: Remove asset: /published/textures/cars/dodge_challenger_srt8_392_2011/texture_dodge_challenger_srt8_392_2011_alpha_damage.sba

android[4] ResourceManager: Remove asset: /published/textures/cars/dodge_challenger_srt8_392_2011/texture_dodge_challenger_srt8_392_2011_alpha.sba

android[4] ResourceManager: Remove asset: /published/textures/cars/dodge_challenger_srt8_392_2011/texture_dodge_challenger_srt8_392_2011_alpha_reflection.
android[4] ResourceManager: sba

android[4] ResourceManager: Remove asset: /published/textures/cars/numberplates/texture_numberplate_need4speed_reflection.sba

android[4] ResourceManager: Remove asset: /published/brdf/texture_sp_wheels.sba

android[4] ResourceManager: Remove asset: /published/textures/cars/numberplates/texture_numberplate_need4speed.sba

android[4] ResourceManager: Remove asset: /published/brdf/texture_brdf_gloss_light.sba

android[4] ResourceManager: Remove asset: /published/textures/cars/damage/texture_scratch.sba

android[4] ResourceManager: Remove asset: /published/textures/cars/dodge_challenger_srt8_392_2011/texture_dodge_challenger_srt8_392_2011_diffuse_reflectio
android[4] ResourceManager: n_gloss.sba

android[4] ResourceManager: Remove asset: /published/brdf/texture_sp_dodge_challenger_srt8_392_2011_white.sba

android[4] ResourceManager: Remove asset: /published/textures/cars/dodge_challenger_srt8_392_2011/texture_dodge_challenger_srt8_392_2011_diffuse_00.sba

android[4] ResourceManager: Remove asset: /published/textures/environments/garage/texture_concrete_floor_1024_alt.sba

G4-JNI GetEnv version=0x00010002
android[4] ResourceManager: Remove asset: /published/textures/environments/garage/texture_garage_skydome.sba

android[4] ResourceManager: Remove asset: /published/textures/environments/garage/texture_concrete_floor_1024.sba

android[2] trace: NFSSoundSubSystem::LoadInRaceSounds() - memory used = 0 MB

android[4] ResourceManager: Remove asset: /published/textures/cars/texture_brakelight_additive.sba

android[4] ResourceManager: Remove asset: /published/textures/cars/texture_headlight_additive.sba

G4-JNI GetEnv version=0x00010002
G4-JNI GetEnv version=0x00010002
G4-JNI GetEnv version=0x00010002
G4-JNI GetEnv version=0x00010002
G4-JNI GetEnv version=0x00010002
G4-JNI GetEnv version=0x00010002
G4-JNI GetEnv version=0x00010002
G4-JNI GetEnv version=0x00010002
G4-JNI GetEnv version=0x00010002
G4-JNI GetEnv version=0x00010002
G4-JNI GetEnv version=0x00010002
G4-JNI GetEnv version=0x00010002
G4-JNI GetEnv version=0x00010002
G4-JNI GetEnv version=0x00010002
G4-JNI GetEnv version=0x00010002
G4-JNI GetEnv version=0x00010002
G4-JNI GetEnv version=0x00010002
G4-JNI GetEnv version=0x00010002
G4-JNI GetEnv version=0x00010002
G4-JNI GetEnv version=0x00010002
G4-JNI GetEnv version=0x00010002
G4-JNI GetEnv version=0x00010002
G4-JNI GetEnv version=0x00010002
G4-JNI GetEnv version=0x00010002
G4-JNI GetEnv version=0x00010002
G4-JNI GetEnv version=0x00010002
G4-JNI GetEnv version=0x00010002
G4-JNI GetEnv version=0x00010002
G4-JNI GetEnv version=0x00010002
G4-JNI GetEnv version=0x00010002
G4-JNI GetEnv version=0x00010002
G4-JNI GetEnv version=0x00010002
G4-JNI GetEnv version=0x00010002
G4-JNI GetEnv version=0x00010002
G4-JNI GetEnv version=0x00010002
G4-JNI GetEnv version=0x00010002
G4-JNI GetEnv version=0x00010002
G4-JNI GetEnv version=0x00010002
G4-JNI GetEnv version=0x00010002
G4-JNI GetEnv version=0x00010002
G4-JNI GetEnv version=0x00010002
G4-JNI GetEnv version=0x00010002
G4-JNI GetEnv version=0x00010002
G4-JNI GetEnv version=0x00010002
G4-JNI GetEnv version=0x00010002
G4-JNI GetEnv version=0x00010002
G4-JNI GetEnv version=0x00010002
G4-JNI GetEnv version=0x00010002
G4-JNI GetEnv version=0x00010002
G4-JNI GetEnv version=0x00010002
G4-JNI GetEnv version=0x00010002
G4-JNI GetEnv version=0x00010002
G4-JNI GetEnv version=0x00010002
G4-JNI GetEnv version=0x00010002
G4-JNI GetEnv version=0x00010002
G4-JNI GetEnv version=0x00010002
G4-JNI GetEnv version=0x00010002
G4-JNI GetEnv version=0x00010002
G4-JNI GetEnv version=0x00010002
G4-JNI GetEnv version=0x00010002
G4-JNI GetEnv version=0x00010002
G4-JNI GetEnv version=0x00010002
G4-JNI GetEnv version=0x00010002
G4-JNI GetEnv version=0x00010002
G4-JNI GetEnv version=0x00010002
G4-JNI GetEnv version=0x00010002
G4-JNI GetEnv version=0x00010002
G4-JNI GetEnv version=0x00010002
android[4] ResourceManager: Add texture: /published/texturepacks_flares/coronas.sba_0

android[5] warn: Non-power-of-two texture.  Wrapping set to clamp

android[4] ResourceManager: Add asset: /published/textures/cars/texture_tyre_marks.sba

android[4] ResourceManager: Add asset: /published/textures/cars/shadows/texture_car_shadow.sba

android[4] ResourceManager: Add asset: /published/textures/cars/texture_brakelight_additive.sba

android[4] ResourceManager: Add asset: /published/textures/cars/texture_headlight_additive.sba

G4-JNI GetEnv version=0x00010002
G4-JNI GetEnv version=0x00010002
G4-JNI GetEnv version=0x00010002
G4-JNI GetEnv version=0x00010002
G4-JNI GetEnv version=0x00010002
G4-JNI GetEnv version=0x00010002
G4-JNI GetEnv version=0x00010002
G4-JNI GetEnv version=0x00010002
G4-JNI GetEnv version=0x00010002
G4-JNI GetEnv version=0x00010002
G4-JNI GetEnv version=0x00010002
G4-JNI GetEnv version=0x00010002
G4-JNI GetEnv version=0x00010002
G4-JNI GetEnv version=0x00010002
G4-JNI GetEnv version=0x00010002
G4-JNI GetEnv version=0x00010002
G4-JNI GetEnv version=0x00010002
G4-JNI GetEnv version=0x00010002
G4-JNI GetEnv version=0x00010002
G4-JNI GetEnv version=0x00010002
G4-JNI GetEnv version=0x00010002
G4-JNI GetEnv version=0x00010002
G4-JNI GetEnv version=0x00010002
G4-JNI GetEnv version=0x00010002
G4-JNI GetEnv version=0x00010002
G4-JNI GetEnv version=0x00010002
G4-JNI GetEnv version=0x00010002
G4-JNI GetEnv version=0x00010002
G4-JNI GetEnv version=0x00010002
G4-JNI GetEnv version=0x00010002
G4-JNI GetEnv version=0x00010002
G5-GL ERROR frame=12986 code=0x0501 count=1
android[6] Sound/SoundManager/error: FMOD result of SoundManager::createSound: An error occured that wasn't supposed to.  Contact support. 

android[5] Sound/SoundManager/warn: SoundManager::createSound - 'ui/ui/event_menu_in': failure.

android[2] trace: UI play sound: ui/ui/event_menu_in

android[2] trace: MusicManager::SetPlaylist(): playlist=Loading fade=true

android[2] trace: MusicManager::PlayNextTrack() try, fade=true, soundManager.IsInitialized()=true, soundManager.IsUserMusicPlaying()=true

android[2] trace: MusicManager::PlayNextTrack(): break, fade=true, soundManager.IsInitialized()=true, soundManager.IsUserMusicPlaying()=true

G4-JNI GetEnv version=0x00010002
G4-JNI GetEnv version=0x00010002
G4-JNI GetEnv version=0x00010002
G4-JNI GetEnv version=0x00010002
G4-JNI GetEnv version=0x00010002
G4-JNI GetEnv version=0x00010002
G4-JNI GetEnv version=0x00010002
G4-JNI GetEnv version=0x00010002
G4-JNI GetEnv version=0x00010002
G4-JNI GetEnv version=0x00010002
G4-JNI GetEnv version=0x00010002
G4-JNI GetEnv version=0x00010002
G4-JNI GetEnv version=0x00010002
G4-JNI GetEnv version=0x00010002
G4-JNI GetEnv version=0x00010002
G4-JNI GetEnv version=0x00010002
G4-JNI GetEnv version=0x00010002
G4-JNI GetEnv version=0x00010002
G4-JNI GetEnv version=0x00010002
G4-JNI GetEnv version=0x00010002
G4-JNI GetEnv version=0x00010002
G4-JNI GetEnv version=0x00010002
G4-JNI GetEnv version=0x00010002
G4-JNI GetEnv version=0x00010002
G4-JNI GetEnv version=0x00010002
G4-JNI GetEnv version=0x00010002
G4-JNI GetEnv version=0x00010002
G4-JNI GetEnv version=0x00010002
G4-JNI GetEnv version=0x00010002
G4-JNI GetEnv version=0x00010002
G4-JNI GetEnv version=0x00010002
G4-JNI GetEnv version=0x00010002
G4-JNI GetEnv version=0x00010002
G4-JNI GetEnv version=0x00010002
G4-JNI GetEnv version=0x00010002
G4-JNI GetEnv version=0x00010002
G4-JNI GetEnv version=0x00010002
G4-JNI GetEnv version=0x00010002
G4-JNI GetEnv version=0x00010002
G4-JNI GetEnv version=0x00010002
G4-JNI GetEnv version=0x00010002
G4-JNI GetEnv version=0x00010002
G4-JNI GetEnv version=0x00010002
G4-JNI GetEnv version=0x00010002
G4-JNI GetEnv version=0x00010002
G4-JNI GetEnv version=0x00010002
G4-JNI GetEnv version=0x00010002
G4-JNI GetEnv version=0x00010002
G4-JNI GetEnv version=0x00010002
G4-JNI GetEnv version=0x00010002
G4-JNI GetEnv version=0x00010002
G4-JNI GetEnv version=0x00010002
G4-JNI GetEnv version=0x00010002
G4-JNI GetEnv version=0x00010002
G4-JNI GetEnv version=0x00010002
G4-JNI GetEnv version=0x00010002
G4-JNI GetEnv version=0x00010002
G4-JNI GetEnv version=0x00010002
G4-JNI GetEnv version=0x00010002
G4-JNI GetEnv version=0x00010002
G4-JNI GetEnv version=0x00010002
G4-JNI GetEnv version=0x00010002
G4-JNI GetEnv version=0x00010002
G4-JNI GetEnv version=0x00010002
G4-JNI GetEnv version=0x00010002
G4-JNI GetEnv version=0x00010002
G4-JNI GetEnv version=0x00010002
G4-JNI GetEnv version=0x00010002
G4-JNI GetEnv version=0x00010002
G4-JNI GetEnv version=0x00010002
G4-JNI GetEnv version=0x00010002
G4-JNI GetEnv version=0x00010002
G4-JNI GetEnv version=0x00010002
G4-JNI GetEnv version=0x00010002
G4-JNI GetEnv version=0x00010002
G4-JNI GetEnv version=0x00010002
G4-JNI GetEnv version=0x00010002
G4-JNI GetEnv version=0x00010002
G4-JNI GetEnv version=0x00010002
G4-JNI GetEnv version=0x00010002
G4-JNI GetEnv version=0x00010002
G4-JNI GetEnv version=0x00010002
G4-JNI GetEnv version=0x00010002
G4-JNI GetEnv version=0x00010002
G4-JNI GetEnv version=0x00010002
G4-JNI GetEnv version=0x00010002
G4-JNI GetEnv version=0x00010002
G4-JNI GetEnv version=0x00010002
G4-JNI GetEnv version=0x00010002
G4-JNI GetEnv version=0x00010002
G4-JNI GetEnv version=0x00010002
G4-JNI GetEnv version=0x00010002
G4-JNI GetEnv version=0x00010002
G4-JNI GetEnv version=0x00010002
G4-JNI GetEnv version=0x00010002
G4-JNI GetEnv version=0x00010002
G4-JNI GetEnv version=0x00010002
G4-JNI GetEnv version=0x00010002
G4-JNI GetEnv version=0x00010002
G4-JNI GetEnv version=0x00010002
G4-JNI GetEnv version=0x00010002
G4-JNI GetEnv version=0x00010002
G4-JNI GetEnv version=0x00010002
G4-JNI GetEnv version=0x00010002
G4-JNI GetEnv version=0x00010002
android[4] ResourceManager: Add asset: /published/textures/environments/foothills/texture_nfs_foothills_props_sunrise.sba

android[6] Sound/SoundManager/error: FMOD result of SoundManager::createSound: An error occured that wasn't supposed to.  Contact support. 

android[5] Sound/SoundManager/warn: SoundManager::createSound - 'ui/ui/swipe_info': failure.

android[2] trace: UI play sound: ui/ui/swipe_info

android[4] ResourceManager: Add asset: /published/textures/environments/foothills/texture_nfs_foothills_skydome_sunrise.sba

android[4] ResourceManager: Add asset: /published/textures/environments/foothills/texture_opaque_buildings_sunrise.sba

android[4] ResourceManager: Add asset: /published/textures/environments/foothills/texture_nfs_foothills_road_sunrise.sba

android[4] ResourceManager: Add asset: /published/textures/environments/foothills/texture_nfs_foothills_road_lm04.sba

android[4] ResourceManager: Add asset: /published/textures/environments/foothills/texture_nfs_foothills_road_spec01.sba

android[4] ResourceManager: Add asset: /published/textures/environments/foothills/texture_nfs_foothills_rocksandbillboards_sunrise.sba

android[4] ResourceManager: Add asset: /published/textures/environments/foothills/texture_nfs_foothills_fx.sba

android[4] ResourceManager: Add asset: /published/textures/collidables/texture_collidables_foothills.sba

android[4] ResourceManager: Add asset: /published/textures/collidables/texture_collidables_newyork.sba

android[2] trace: [AUTOLOG QUERY] Server: Blaze     Call: /nfs-2013-android/util/ping

android[4] ResourceManager: Add asset: /published/textures/checkpoints/texture_startendcheckpoint_global.sba

android[5] warn: Texture pack /published/texturepacks_flares/lensflare_desert_sun.m3g referenced using .m3g extension; should be updated to .sb
android[5] warn: a

G4-JNI GetEnv version=0x00010006
android[5] warn: WARNING: loading model directly: /published/models/cars/roadblock_dodge_charger_srt8_2010/roadblock_dodge_charger_srt8_2010.m3
android[5] warn: g

android[4] ResourceManager: Add asset: /published/textures/cars/cop_dodge_charger_srt8_2010/texture_cop_dodge_charger_srt8_2010_diffuse_00.sba

android[4] ResourceManager: Add asset: /published/textures/cars/cop_common/texture_lightfx_2.sba

android[4] ResourceManager: Add asset: /published/textures/cars/cop_dodge_charger_srt8_2010/texture_cop_dodge_charger_srt8_2010_alpha.sba

android[5] warn: WARNING: loading model directly: /published/models/cars/roadblock_dodge_charger_srt8_2010/roadblock_dodge_charger_srt8_2010.m3
android[5] warn: g

android[5] warn: WARNING: loading model directly: /published/models/cars/roadblock_ford_explorer_interceptor_2011/roadblock_ford_explorer_inter
android[5] warn: ceptor_2011.m3g

android[4] ResourceManager: Add asset: /published/textures/cars/cop_ford_explorer_interceptor_2011/texture_cop_ford_explorer_interceptor_2011_diffuse_00.s
android[4] ResourceManager: ba

android[4] ResourceManager: Add asset: /published/textures/cars/cop_ford_explorer_interceptor_2011/texture_cop_ford_explorer_interceptor_2011_alpha.sba

android[5] warn: WARNING: loading model directly: /published/models/cars/roadblock_ford_explorer_interceptor_2011/roadblock_ford_explorer_inter
android[5] warn: ceptor_2011.m3g

android[6] Sound/SoundManager/error: FMOD result of SoundManager::createSound: An error occured that wasn't supposed to.  Contact support. 

android[5] Sound/SoundManager/warn: SoundManager::createSound - 'effects/environments/ambience_foothills_2': failure.

android[4] ResourceManager: Add asset: /published/textures/cars/cop_dodge_charger_srt8_2010/texture_cop_dodge_charger_srt8_2010_diffuse_reflection_gloss.s
android[4] ResourceManager: ba

android[4] ResourceManager: Add asset: /published/brdf/texture_brdf_gloss.sba

android[4] ResourceManager: Add asset: /published/brdf/texture_sp_gloss.sba

android[4] ResourceManager: Add asset: /published/textures/cars/numberplates/texture_numberplate_need4speed.sba

android[4] ResourceManager: Add asset: /published/textures/cars/cop_ford_explorer_interceptor_2011/texture_cop_ford_explorer_interceptor_2011_diffuse_refl
android[4] ResourceManager: ection_gloss.sba

android[4] ResourceManager: Add asset: /published/textures/cars/damage/texture_scratch.sba

android[4] ResourceManager: Add asset: /published/brdf/texture_sp_wheels.sba

android[4] ResourceManager: Add asset: /published/textures/cars/cop_dodge_charger_srt8_2010/texture_cop_dodge_charger_srt8_2010_alpha_reflection.sba

android[4] ResourceManager: Add asset: /published/textures/cars/cop_dodge_charger_srt8_2010/texture_cop_dodge_charger_srt8_2010_alpha_damage.sba

G7-FRAME enter=13200
G5-GL STATE frame=13200 framebuffer=0 status=0x8cd5 errors=1
G7-FRAME leave=13200
android[4] ResourceManager: Add asset: /published/textures/cars/cop_ford_explorer_interceptor_2011/texture_cop_ford_explorer_interceptor_2011_alpha_reflec
android[4] ResourceManager: tion.sba

android[4] ResourceManager: Add asset: /published/textures/cars/cop_ford_explorer_interceptor_2011/texture_cop_ford_explorer_interceptor_2011_alpha_damage
android[4] ResourceManager: .sba

android[4] ResourceManager: Add asset: /published/textures/environments/foothills/texture_nfs_foothills_sunset_skyreflection.sba

android[4] ResourceManager: Add asset: /published/textures/environments/foothills/texture_nfs_foothills_rm01.sba

android[5] warn: WARNING: loading model directly: /published/models/cars/dodge_challenger_srt8_392_2011/dodge_challenger_srt8_392_2011.m3g

android[4] ResourceManager: Add asset: /published/textures/cars/dodge_challenger_srt8_392_2011/texture_dodge_challenger_srt8_392_2011_diffuse_00.sba

android[4] ResourceManager: Add asset: /published/textures/cars/dodge_challenger_srt8_392_2011/texture_dodge_challenger_srt8_392_2011_alpha.sba

android[4] ResourceManager: Add asset: /published/textures/cars/texture_light_falloff.sba

android[5] warn: WARNING: loading model directly: /published/models/cars/fx_nitro.m3g

android[4] ResourceManager: Add asset: /published/textures/cars/texture_fx_nitro.sba

android[5] warn: WARNING: loading model directly: /published/models/cars/fx_nitro.m3g

android[5] warn: WARNING: loading model directly: /published/models/cars/fx_nitro.m3g

android[5] warn: WARNING: loading model directly: /published/models/cars/fx_nitro.m3g

android[4] ResourceManager: Add asset: /published/textures/cars/dodge_challenger_srt8_392_2011/texture_dodge_challenger_srt8_392_2011_alpha_reflection.sba

android[4] ResourceManager: Add asset: /published/textures/cars/dodge_challenger_srt8_392_2011/texture_dodge_challenger_srt8_392_2011_alpha_damage.sba

android[4] ResourceManager: Add asset: /published/textures/cars/numberplates/texture_numberplate_need4speed_reflection.sba

android[4] ResourceManager: Add asset: /published/textures/cars/dodge_challenger_srt8_392_2011/texture_dodge_challenger_srt8_392_2011_diffuse_reflection_g
android[4] ResourceManager: loss.sba

android[4] ResourceManager: Add asset: /published/brdf/texture_brdf_gloss_light.sba

android[4] ResourceManager: Add asset: /published/brdf/texture_sp_dodge_challenger_srt8_392_2011_white.sba

android[5] warn: WARNING: loading model directly: /published/models/blacklisttech/spikestrip.m3g

android[4] ResourceManager: Add asset: /published/textures/blacklisttech/texture_generic_light.sba

android[4] ResourceManager: Add asset: /published/textures/blacklisttech/texture_spikestrip.sba

android[5] warn: OnSceneChanged: could not find spike strip locator.

android[5] warn: SetTarget: could not find locator_camera_rearview, using existing rear view camera position.

android[6] error: OnCarLoadedcould not load default config default for car prefab traffic_dodge_ram1500_2010

android[5] warn: WARNING: loading model directly: /published/models/cars/traffic_dodge_ram1500_2010/traffic_dodge_ram1500_2010.m3g

android[4] ResourceManager: Add asset: /published/textures/cars/traffic_dodge_ram1500_2010/texture_traffic_dodge_ram1500_2010_diffuse_00.sba

android[4] ResourceManager: Add asset: /published/textures/cars/traffic_dodge_ram1500_2010/texture_traffic_dodge_ram1500_2010_diffuse_reflection_gloss.sba

android[6] error: OnCarLoadedcould not load default config default for car prefab traffic_gmc_tk_box_c6500_2010

android[5] warn: WARNING: loading model directly: /published/models/cars/traffic_gmc_tk_box_c6500_2010/traffic_gmc_tk_box_c6500_2010.m3g

android[4] ResourceManager: Add asset: /published/textures/cars/traffic_gmc_tk_box_c6500_2010/texture_traffic_gmc_tk_box_c6500_2010_diffuse.sba

android[4] ResourceManager: Add asset: /published/textures/cars/traffic_gmc_tk_box_c6500_2010/texture_traffic_gmc_tk_box_c6500_2010_reflection_gloss.sba

android[6] error: OnCarLoadedcould not load default config default for car prefab traffic_cadillac_cts_v_2003

android[5] warn: WARNING: loading model directly: /published/models/cars/traffic_cadillac_cts_v_2003/traffic_cadillac_cts_v_2003.m3g

android[4] ResourceManager: Add asset: /published/textures/cars/traffic_cadillac_cts_v_2003/texture_traffic_cadillac_cts_v_2003_diffuse_00.sba

G6-RAW buttons=0x00000002
android[2] trace: MoGaConTrOlLeR :: ....................(KK) MogaController :: Inside nativeOnKeyEvent 

android[2] trace: ....................(KK) MogaController :: Inside nativeOnKeyEvent 96

android[2] trace: MoGaConTrOlLeR :: ....................(KK) Key Event Key A AAAA .....................

android[2] trace: MoGaConTrOlLeR :: ....................(KK) Key Event Key Down .....................

android[2] trace: MoGaConTrOlLeR :: ....................(KK) Listener Key Press .....................

android[2] trace: MoGaConTrOlLeR :: ....................(KK) AndroidKeyCode :: MogaKeyCode (Start of func) .....................

android[2] trace: MoGaConTrOlLeR :: ....................(KK) AndroidKeyCode :: MogaKeyCode Key Press A .....................

android[2] trace: MoGaConTrOlLeR :: (KK) MogaController :: Inside nativeOnKeyEvent ....................

G6-MOGA key frame=13258 code=96 state=down
android[4] ResourceManager: Add asset: /published/textures/cars/traffic_cadillac_cts_v_2003/texture_traffic_cadillac_cts_v_2003_diffuse_reflection_gloss.s
android[4] ResourceManager: ba

android[6] error: OnCarLoadedcould not load default config default for car prefab traffic_audi_a3_2009

android[5] warn: WARNING: loading model directly: /published/models/cars/traffic_audi_a3_2009/traffic_audi_a3_2009.m3g

android[4] ResourceManager: Add asset: /published/textures/cars/traffic_audi_a3_2009/texture_traffic_audi_a3_2009_diffuse.sba

android[4] ResourceManager: Add asset: /published/textures/cars/traffic_audi_a3_2009/texture_traffic_audi_a3_2009_reflection_gloss.sba

android[6] error: OnCarLoadedcould not load default config default for car prefab traffic_dodge_grand_caravan_2008

android[5] warn: WARNING: loading model directly: /published/models/cars/traffic_dodge_grand_caravan_2008/traffic_dodge_grand_caravan_2008.m3g

android[4] ResourceManager: Add asset: /published/textures/cars/traffic_dodge_grand_caravan_2008/texture_traffic_dodge_grand_caravan_2008_diffuse_00.sba

G6-RAW buttons=0x00000000
android[2] trace: MoGaConTrOlLeR :: ....................(KK) MogaController :: Inside nativeOnKeyEvent 

android[2] trace: ....................(KK) MogaController :: Inside nativeOnKeyEvent 96

android[2] trace: MoGaConTrOlLeR :: ....................(KK) Key Event Key A AAAA .....................

android[2] trace: MoGaConTrOlLeR :: ....................(KK) Key Event Key up .....................

android[2] trace: MoGaConTrOlLeR :: ....................(KK) Listener Key Release .....................

android[2] trace: MoGaConTrOlLeR :: ....................(KK) AndroidKeyCode :: MogaKeyCode (Start of func) .....................

android[2] trace: MoGaConTrOlLeR :: ....................(KK) AndroidKeyCode :: MogaKeyCode Key Press A .....................

android[2] trace: MoGaConTrOlLeR :: (KK) MogaController :: Inside nativeOnKeyEvent ....................

G6-MOGA key frame=13268 code=96 state=up
android[4] ResourceManager: Add asset: /published/textures/cars/traffic_dodge_grand_caravan_2008/texture_traffic_dodge_grand_caravan_2008_diffuse_reflecti
android[4] ResourceManager: on_gloss.sba

android[6] error: OnCarLoadedcould not load default config default for car prefab traffic_dodge_ram1500_2010

android[5] warn: WARNING: loading model directly: /published/models/cars/traffic_dodge_ram1500_2010/traffic_dodge_ram1500_2010.m3g

android[6] error: OnCarLoadedcould not load default config default for car prefab traffic_gmc_tk_box_c6500_2010

android[5] warn: WARNING: loading model directly: /published/models/cars/traffic_gmc_tk_box_c6500_2010/traffic_gmc_tk_box_c6500_2010.m3g

android[6] error: OnCarLoadedcould not load default config default for car prefab traffic_cadillac_cts_v_2003

android[5] warn: WARNING: loading model directly: /published/models/cars/traffic_cadillac_cts_v_2003/traffic_cadillac_cts_v_2003.m3g

android[6] error: OnCarLoadedcould not load default config default for car prefab traffic_audi_a3_2009

android[5] warn: WARNING: loading model directly: /published/models/cars/traffic_audi_a3_2009/traffic_audi_a3_2009.m3g

android[6] error: OnCarLoadedcould not load default config default for car prefab traffic_dodge_grand_caravan_2008

android[5] warn: WARNING: loading model directly: /published/models/cars/traffic_dodge_grand_caravan_2008/traffic_dodge_grand_caravan_2008.m3g

android[5] warn: Failed to find component of type CopDescription in root actor of prefab published/data/pursuit/pursuit_1-I-R.prefabs.sb

android[5] warn: Failed to find component of type CopDescription in root actor of prefab published/data/pursuit/pursuit_1-I-S.prefabs.sb

android[5] warn: Failed to find component of type CopDescription in root actor of prefab published/data/pursuit/pursuit_1-I-SR.prefabs.sb

android[5] warn: Failed to find component of type CopDescription in root actor of prefab published/data/pursuit/pursuit_1-I.prefabs.sb

android[5] warn: Failed to find component of type CopDescription in root actor of prefab published/data/pursuit/pursuit_1-P-R.prefabs.sb

android[5] warn: Failed to find component of type CopDescription in root actor of prefab published/data/pursuit/pursuit_1-P-R_easy.prefabs.sb

android[5] warn: Failed to find component of type CopDescription in root actor of prefab published/data/pursuit/pursuit_1-P-S.prefabs.sb

android[5] warn: Failed to find component of type CopDescription in root actor of prefab published/data/pursuit/pursuit_1-P-SR.prefabs.sb

android[5] warn: Failed to find component of type CopDescription in root actor of prefab published/data/pursuit/pursuit_1-P.prefabs.sb

android[5] warn: Failed to find component of type CopDescription in root actor of prefab published/data/pursuit/pursuit_1-PS-R.prefabs.sb

android[5] warn: Failed to find component of type CopDescription in root actor of prefab published/data/pursuit/pursuit_1-PS-R_easy.prefabs.sb

android[5] warn: Failed to find component of type CopDescription in root actor of prefab published/data/pursuit/pursuit_1-PS.prefabs.sb

android[5] warn: Failed to find component of type CopDescription in root actor of prefab published/data/pursuit/pursuit_1-P_easy.prefabs.sb

android[5] warn: Failed to find component of type CopDescription in root actor of prefab published/data/pursuit/pursuit_1-S-R.prefabs.sb

android[5] warn: Failed to find component of type CopDescription in root actor of prefab published/data/pursuit/pursuit_1-S.prefabs.sb

android[5] warn: Failed to find component of type CopDescription in root actor of prefab published/data/pursuit/pursuit_2-I-S.prefabs.sb

android[5] warn: Failed to find component of type CopDescription in root actor of prefab published/data/pursuit/pursuit_2-I-SR.prefabs.sb

android[5] warn: Failed to find component of type CopDescription in root actor of prefab published/data/pursuit/pursuit_2-P-R.prefabs.sb

android[5] warn: Failed to find component of type CopDescription in root actor of prefab published/data/pursuit/pursuit_2-P-S.prefabs.sb

android[5] warn: Failed to find component of type CopDescription in root actor of prefab published/data/pursuit/pursuit_2-PS-R.prefabs.sb

android[5] warn: Failed to find component of type CopDescription in root actor of prefab published/data/pursuit/pursuit_2-PS-S.prefabs.sb

android[5] warn: Failed to find component of type CopDescription in root actor of prefab published/data/pursuit/pursuit_2-PS-SR.prefabs.sb

android[5] warn: Failed to find component of type CopDescription in root actor of prefab published/data/pursuit/pursuit_2-PS.prefabs.sb

android[5] warn: Failed to find component of type CopDescription in root actor of prefab published/data/pursuit/pursuit_2-PSI-S.prefabs.sb

android[5] warn: Failed to find component of type CopDescription in root actor of prefab published/data/pursuit/pursuit_2-PSI-SR.prefabs.sb

android[5] warn: Failed to find component of type CopDescription in root actor of prefab published/data/pursuit/pursuit_2-S-R_easy.prefabs.sb

android[5] warn: Failed to find component of type CopDescription in root actor of prefab published/data/pursuit/pursuit_2-S-SR_easy.prefabs.sb

android[5] warn: Failed to find component of type CopDescription in root actor of prefab published/data/pursuit/pursuit_2-SI-SR_hard.prefabs.sb

android[5] warn: Failed to find component of type CopDescription in root actor of prefab published/data/pursuit/pursuit_3-I-S.prefabs.sb

android[5] warn: Failed to find component of type CopDescription in root actor of prefab published/data/pursuit/pursuit_3-I-SR.prefabs.sb

android[5] warn: Failed to find component of type CopDescription in root actor of prefab published/data/pursuit/pursuit_3-I-SR_hard.prefabs.sb

android[5] warn: Failed to find component of type CopDescription in root actor of prefab published/data/pursuit/pursuit_3-I-S_hard.prefabs.sb

android[5] warn: Failed to find component of type CopDescription in root actor of prefab published/data/pursuit/pursuit_3-P-R_easy.prefabs.sb

android[5] warn: Failed to find component of type CopDescription in root actor of prefab published/data/pursuit/pursuit_3-PI-R.prefabs.sb

android[5] warn: Failed to find component of type CopDescription in root actor of prefab published/data/pursuit/pursuit_3-PI-S.prefabs.sb

android[5] warn: Failed to find component of type CopDescription in root actor of prefab published/data/pursuit/pursuit_3-PS-R.prefabs.sb

android[5] warn: Failed to find component of type CopDescription in root actor of prefab published/data/pursuit/pursuit_3-PS-R_easy.prefabs.sb

android[5] warn: Failed to find component of type CopDescription in root actor of prefab published/data/pursuit/pursuit_3-PS-SR.prefabs.sb

android[5] warn: Failed to find component of type CopDescription in root actor of prefab published/data/pursuit/pursuit_3-PS.prefabs.sb

android[5] warn: Failed to find component of type CopDescription in root actor of prefab published/data/pursuit/pursuit_3-PSI-S.prefabs.sb

android[5] warn: Failed to find component of type CopDescription in root actor of prefab published/data/pursuit/pursuit_3-PSI-SR.prefabs.sb

android[5] warn: Failed to find component of type CopDescription in root actor of prefab published/data/pursuit/pursuit_3-PSI-SR_hard.prefabs.s
android[5] warn: b

android[5] warn: Failed to find component of type CopDescription in root actor of prefab published/data/pursuit/pursuit_3-S-R_easy.prefabs.sb

android[5] warn: Failed to find component of type CopDescription in root actor of prefab published/data/pursuit/pursuit_3-SI-SR.prefabs.sb

android[5] warn: Failed to find component of type CopDescription in root actor of prefab published/data/pursuit/pursuit_level_openworld.prefabs
android[5] warn: .sb

android[5] warn: Failed to find component of type PursuitRaceDescription in root actor of prefab published/data/pursuit/cop_interceptor_hard.pr
android[5] warn: efabs.sb

android[5] warn: Failed to find component of type PursuitRaceDescription in root actor of prefab published/data/pursuit/cop_interceptor_standar
android[5] warn: d.prefabs.sb

android[5] warn: Failed to find component of type PursuitRaceDescription in root actor of prefab published/data/pursuit/cop_openworld_intercept
android[5] warn: or.prefabs.sb

android[5] warn: Failed to find component of type PursuitRaceDescription in root actor of prefab published/data/pursuit/cop_openworld_patrol.pr
android[5] warn: efabs.sb

android[5] warn: Failed to find component of type PursuitRaceDescription in root actor of prefab published/data/pursuit/cop_openworld_suv.prefa
android[5] warn: bs.sb

android[5] warn: Failed to find component of type PursuitRaceDescription in root actor of prefab published/data/pursuit/cop_patrol_easy.prefabs
android[5] warn: .sb

android[5] warn: Failed to find component of type PursuitRaceDescription in root actor of prefab published/data/pursuit/cop_patrol_standard.pre
android[5] warn: fabs.sb

android[5] warn: Failed to find component of type PursuitRaceDescription in root actor of prefab published/data/pursuit/cop_suv_easy.prefabs.sb

android[5] warn: Failed to find component of type PursuitRaceDescription in root actor of prefab published/data/pursuit/cop_suv_hard.prefabs.sb

android[5] warn: Failed to find component of type PursuitRaceDescription in root actor of prefab published/data/pursuit/cop_suv_standard.prefab
android[5] warn: s.sb

android[5] warn: WARNING: loading model directly: /published/models/cars/cop_dodge_charger_srt8_2010/cop_dodge_charger_srt8_2010.m3g

android[5] warn: WARNING: loading model directly: /published/models/cars/fx_nitro.m3g

android[5] warn: WARNING: loading model directly: /published/models/cars/fx_nitro.m3g

android[5] warn: WARNING: loading model directly: /published/models/blacklisttech/spikestrip.m3g

android[5] warn: OnSceneChanged: could not find spike strip locator.

android[5] warn: LoadData: action with no out element.

android[5] warn: WARNING: loading model directly: /published/models/cutscenerig/camerarally.m3g

android[5] warn: WARNING: loading model directly: /published/models/props/smashables/speedcamera_smashable.m3g

android[4] ResourceManager: Add asset: /published/textures/smashables/texture_speedcamera.sba

android[5] warn: WARNING: loading model directly: /published/models/cutscenerig/outro_fail.m3g

android[5] warn: WARNING: loading model directly: /published/models/cutscenerig/outro_complete.m3g

android[4] ResourceManager: Add texture: /published/texturepacks_ui/in_game.sba_0

android[4] ResourceManager: Add asset: /published/textures/environments/foothills/texture_hemispheremap_sunset_vinyl.sba

android[2] trace: NFSSoundSubSystem::LoadCopChatterSounds() - memory used = 0 MB

android[5] layouts/warning: LayoutEntity not in cache, reloading: hud_camerarally

android[5] layouts/warning: LayoutEntity not in cache, reloading: hud_timevalue

android[5] layouts/warning: LayoutEntity not in cache, reloading: hud_seconds_remaining

android[5] layouts/warning: LayoutEntity not in cache, reloading: hud_container_small_right

android[5] layouts/warning: LayoutEntity not in cache, reloading: medal_target

android[5] layouts/warning: LayoutEntity not in cache, reloading: hud_container_large_right

android[5] layouts/warning: LayoutEntity not in cache, reloading: hud_common_elements

android[5] layouts/warning: LayoutEntity not in cache, reloading: hud_pause

android[5] layouts/warning: LayoutEntity not in cache, reloading: hud_profileactions

android[5] layouts/warning: LayoutEntity not in cache, reloading: hud_driftindicator

android[5] layouts/warning: LayoutEntity not in cache, reloading: hud_damagepenalty

android[5] layouts/warning: LayoutEntity not in cache, reloading: hud_wrongwayindicator

android[5] layouts/warning: LayoutEntity not in cache, reloading: hud_line

android[5] layouts/warning: LayoutEntity not in cache, reloading: hud_opponent_marker

android[5] layouts/warning: LayoutEntity not in cache, reloading: hud_opponenthealthbar

android[5] layouts/warning: LayoutEntity not in cache, reloading: hud_takedownmessaging

android[5] layouts/warning: LayoutEntity not in cache, reloading: hud_line

android[5] layouts/warning: LayoutEntity not in cache, reloading: hud_achievementnotification

android[5] layouts/warning: LayoutEntity not in cache, reloading: hud_milestone_popup_sp_value

android[5] layouts/warning: LayoutEntity not in cache, reloading: hud_milestone_popup_mainbar

android[5] layouts/warning: LayoutEntity not in cache, reloading: achievement_icon

android[5] layouts/warning: LayoutEntity not in cache, reloading: hud_minimap

android[5] layouts/warning: LayoutEntity not in cache, reloading: hud_speedo

android[5] layouts/warning: LayoutEntity not in cache, reloading: flare_nitro_loop

android[5] layouts/warning: LayoutEntity not in cache, reloading: hud_playerhealthbar

android[5] layouts/warning: LayoutEntity not in cache, reloading: hud_bustedbar

android[5] layouts/warning: LayoutEntity not in cache, reloading: busted_text_flash

android[5] layouts/warning: LayoutEntity not in cache, reloading: busted_light_redadd_loop

android[5] layouts/warning: LayoutEntity not in cache, reloading: busted_light_blueadd_loop

android[5] layouts/warning: LayoutEntity not in cache, reloading: busted_light_redadd_loop

android[5] layouts/warning: LayoutEntity not in cache, reloading: busted_light_blueadd_loop

android[5] layouts/warning: LayoutEntity not in cache, reloading: busted_light_redadd_loop

android[5] layouts/warning: LayoutEntity not in cache, reloading: busted_light_blueadd_loop

android[5] layouts/warning: LayoutEntity not in cache, reloading: hud_nitro

android[5] layouts/warning: LayoutEntity not in cache, reloading: hud_nitro_level

android[5] layouts/warning: LayoutEntity not in cache, reloading: hud_nitro_activewindow

android[5] layouts/warning: LayoutEntity not in cache, reloading: hud_nitro_colour

android[5] layouts/warning: LayoutEntity not in cache, reloading: smoke_nitro_loop

android[5] layouts/warning: LayoutEntity not in cache, reloading: hud_nitro_level2

android[5] layouts/warning: LayoutEntity not in cache, reloading: hud_nitro_colour2

android[5] layouts/warning: LayoutEntity not in cache, reloading: hud_nitro_activewindow

android[5] layouts/warning: LayoutEntity not in cache, reloading: hud_damageindicator_offcar

android[5] layouts/warning: LayoutEntity not in cache, reloading: hud_damage_offcar_bar

android[5] layouts/warning: LayoutEntity not in cache, reloading: damage_critical_loop

android[5] layouts/warning: LayoutEntity not in cache, reloading: hud_damageindicator_incar

android[5] layouts/warning: LayoutEntity not in cache, reloading: hud_damage_incar_bar

android[5] layouts/warning: LayoutEntity not in cache, reloading: damage_critical_loop_incar

android[5] layouts/warning: LayoutEntity not in cache, reloading: hud_driftindicator_incar

android[5] layouts/warning: LayoutEntity not in cache, reloading: drivingtutorial

android[5] layouts/warning: LayoutEntity not in cache, reloading: drivingtutorial_nitro

android[5] layouts/warning: LayoutEntity not in cache, reloading: tutorial_messaging_bg

android[5] layouts/warning: LayoutEntity not in cache, reloading: options_help_art_arrow2

android[5] layouts/warning: LayoutEntity not in cache, reloading: drivingtutorial_nitro_moga

android[5] layouts/warning: LayoutEntity not in cache, reloading: tutorial_messaging_bg

android[5] layouts/warning: LayoutEntity not in cache, reloading: options_help_art_arrow3

android[5] layouts/warning: LayoutEntity not in cache, reloading: drivingtutorial_drift

android[5] layouts/warning: LayoutEntity not in cache, reloading: tutorial_messaging_bg

android[5] layouts/warning: LayoutEntity not in cache, reloading: drivingtutorial_drift_moga

android[5] layouts/warning: LayoutEntity not in cache, reloading: tutorial_messaging_bg

android[5] layouts/warning: LayoutEntity not in cache, reloading: drivingtutorial_brake

android[5] layouts/warning: LayoutEntity not in cache, reloading: tutorial_messaging_bg

android[5] layouts/warning: LayoutEntity not in cache, reloading: drivingtutorial_brake_touch

android[5] layouts/warning: LayoutEntity not in cache, reloading: tutorial_messaging_bg

android[5] layouts/warning: LayoutEntity not in cache, reloading: options_icon_controls2

android[5] layouts/warning: LayoutEntity not in cache, reloading: options_help_bounding_small

android[5] layouts/warning: LayoutEntity not in cache, reloading: drivingtutorial_brake_moga

android[5] layouts/warning: LayoutEntity not in cache, reloading: tutorial_messaging_bg

android[5] layouts/warning: LayoutEntity not in cache, reloading: options_help_art_arrow3

android[5] layouts/warning: LayoutEntity not in cache, reloading: drivingtutorial_steer_touch2

android[5] layouts/warning: LayoutEntity not in cache, reloading: tutorial_messaging_bg

android[5] layouts/warning: LayoutEntity not in cache, reloading: drivingtutorial_steer_moga

android[5] layouts/warning: LayoutEntity not in cache, reloading: tutorial_messaging_bg

android[5] layouts/warning: LayoutEntity not in cache, reloading: drivingtutorial_steer_moga_touch

android[5] layouts/warning: LayoutEntity not in cache, reloading: tutorial_messaging_bg

android[5] layouts/warning: LayoutEntity not in cache, reloading: drivingtutorial_steer_moga_tilt

android[5] layouts/warning: LayoutEntity not in cache, reloading: tutorial_messaging_bg

android[5] layouts/warning: LayoutEntity not in cache, reloading: drivingtutorial_steer_tilt

android[5] layouts/warning: LayoutEntity not in cache, reloading: tutorial_messaging_bg

android[5] layouts/warning: LayoutEntity not in cache, reloading: options_controls_iphone_tilt

android[5] layouts/warning: LayoutEntity not in cache, reloading: options_icon_controls2

android[5] layouts/warning: LayoutEntity not in cache, reloading: options_icon_controls2

android[5] layouts/warning: LayoutEntity not in cache, reloading: drivingtutorial_steer_touch

android[5] layouts/warning: LayoutEntity not in cache, reloading: tutorial_messaging_bg

android[5] layouts/warning: LayoutEntity not in cache, reloading: options_icon_controls2

android[5] layouts/warning: LayoutEntity not in cache, reloading: drivingtutorial_steer_tilt_moga

android[5] layouts/warning: LayoutEntity not in cache, reloading: tutorial_messaging_bg

android[5] layouts/warning: LayoutEntity not in cache, reloading: options_help_art_arrow3

android[5] layouts/warning: LayoutEntity not in cache, reloading: drivingtutorial_drifttip_2line

android[5] layouts/warning: LayoutEntity not in cache, reloading: tutorial_messaging_bg

android[5] layouts/warning: LayoutEntity not in cache, reloading: drivingtutorial_finished

android[5] layouts/warning: LayoutEntity not in cache, reloading: tutorial_messaging_bg

android[5] layouts/warning: LayoutEntity not in cache, reloading: drivingtutorial_xperia_steer_touch

android[5] layouts/warning: LayoutEntity not in cache, reloading: tutorial_messaging_bg

android[5] layouts/warning: LayoutEntity not in cache, reloading: drivingtutorial_xperia_btn_touch_steer

android[5] layouts/warning: LayoutEntity not in cache, reloading: drivingtutorial_xperia_nitro

android[5] layouts/warning: LayoutEntity not in cache, reloading: tutorial_messaging_bg

android[5] layouts/warning: LayoutEntity not in cache, reloading: drivingtutorial_xperia_btn_nitro

android[5] layouts/warning: LayoutEntity not in cache, reloading: drivingtutorial_xperia_drift2

android[5] layouts/warning: LayoutEntity not in cache, reloading: tutorial_messaging_bg

android[5] layouts/warning: LayoutEntity not in cache, reloading: drivingtutorial_xperia_btn_drift2

android[5] layouts/warning: LayoutEntity not in cache, reloading: drivingtutorial_xperia_brake2

android[5] layouts/warning: LayoutEntity not in cache, reloading: tutorial_messaging_bg

android[5] layouts/warning: LayoutEntity not in cache, reloading: drivingtutorial_xperia_btn_brake

android[6] layouts/error: Unable to locate layout entity: _penalty

android[6] layouts/error: Unable to locate layout entity: _wrongwayindicator

android[6] layouts/error: Unable to locate layout entity: _progress_bar

android[5] layouts/warning: TexturePack image not found in LayoutCache: images/minimap_mask.tif

android[5] layouts/warning: TexturePack image not found in LayoutCache: images/minimap_frame.tif

android[6] layouts/error: Unable to locate layout entity: _units

android[5] layouts/warning: SetAnimation: Animation default not found in node /[NoID]

android[5] layouts/warning: SetAnimation: Animation default not found in node /[NoID]

android[5] layouts/warning: TexturePack image not found for layout Sprite: icons/icon_upgrades_none.tif

android[5] layouts/warning: TexturePack image not found for layout Sprite: hud/icon_target.tif

android[5] layouts/warning: LayoutEntity not in cache, reloading: hud_letterbox

android[5] layouts/warning: LayoutEntity not in cache, reloading: btn_musicskip

android[5] layouts/warning: LayoutEntity not in cache, reloading: hud_vingette

android[5] layouts/warning: LayoutEntity not in cache, reloading: hud_flash

android[6] layouts/error: Unable to locate layout entity: hud_activenotification

android[6] layouts/error: Unable to locate layout entity: hud_passivenotification

android[6] layouts/error: Unable to locate layout entity: penalty_time

android[5] layouts/warning: LayoutEntity not in cache, reloading: controlscheme_pointer

android[5] layouts/warning: LayoutEntity not in cache, reloading: btn_brake

android[5] layouts/warning: LayoutEntity not in cache, reloading: swipe_widget

android[5] layouts/warning: LayoutEntity not in cache, reloading: btn_hold

android[5] layouts/warning: LayoutEntity not in cache, reloading: controlscheme_touch_sides

android[5] layouts/warning: LayoutEntity not in cache, reloading: btn_brake

android[5] layouts/warning: LayoutEntity not in cache, reloading: swipe_widget

android[5] layouts/warning: LayoutEntity not in cache, reloading: btn_hold

android[5] layouts/warning: LayoutEntity not in cache, reloading: controlscheme_virtual_wheel

android[5] layouts/warning: LayoutEntity not in cache, reloading: btn_accelerate

android[5] layouts/warning: LayoutEntity not in cache, reloading: btn_brake

android[5] layouts/warning: LayoutEntity not in cache, reloading: swipe_widget

android[5] layouts/warning: LayoutEntity not in cache, reloading: virtual_steering_wheel

android[5] layouts/warning: LayoutEntity not in cache, reloading: controlscheme_simulator

android[5] layouts/warning: LayoutEntity not in cache, reloading: btn_accelerate

android[5] layouts/warning: LayoutEntity not in cache, reloading: btn_brake

android[5] layouts/warning: LayoutEntity not in cache, reloading: swipe_widget

android[5] layouts/warning: LayoutEntity not in cache, reloading: controlscheme_accelerometer

android[5] layouts/warning: LayoutEntity not in cache, reloading: btn_accelerate

android[5] layouts/warning: LayoutEntity not in cache, reloading: btn_brake

android[5] layouts/warning: LayoutEntity not in cache, reloading: swipe_widget

android[6] layouts/error: Attempted to access invalid layout: controlscheme_xperiaplay

android[6] layouts/error: Unable to locate layout entity: rect_steering

android[6] layouts/error: Attempted to access invalid layout: controlscheme_controller

android[2] trace: MoGaConTrOlLeR :: ....................(KK) BaseDrivingControlScheme :: OnEvent .....................

android[2] trace: MoGaConTrOlLeR :: ....................(KK) BaseDrivingControlScheme :: OnEvent .....................

android[2] trace: MoGaConTrOlLeR :: ....................(KK) BaseDrivingControlScheme :: OnEvent .....................

android[6] serialization/error: Cannot remove non-existent field PendingUpgrades

DEBUG: sendTrackingMessage!
G4-JNI GetEnv version=0x00010006
DEBUG: sendTrackingMessage!
G4-JNI GetEnv version=0x00010006
DEBUG: sendTrackingMessage!
G4-JNI GetEnv version=0x00010006
DEBUG: sendTrackingMessage!
G4-JNI GetEnv version=0x00010006
G4-JNI GetEnv version=0x00010006
android[5] layouts/warning: SetAnimation: Animation load_complete not found in node /[NoID]/[NoID]

android[2] trace: MusicManager::SetPlaylist(): playlist=InRace fade=true

android[2] trace: MusicManager::PlayNextTrack() try, fade=true, soundManager.IsInitialized()=true, soundManager.IsUserMusicPlaying()=true

android[2] trace: MusicManager::PlayNextTrack(): break, fade=true, soundManager.IsInitialized()=true, soundManager.IsUserMusicPlaying()=true

android[5] layouts/warning: SetAnimation: Animation NULL not found in node /[NoID]/[NoID]

android[5] layouts/warning: SetAnimation: Animation NULL not found in node /[NoID]/[NoID]/_common

android[5] layouts/warning: SetAnimation: Animation NULL not found in node /[NoID]/[NoID]

android[2] trace: ShowMogaHighlight start

android[2] trace: ShowMogaHighlight 1

android[2] trace: ShowMogaHighlight end

G4-JNI GetEnv version=0x00010002
G4-JNI GetEnv version=0x00010002
G4-JNI GetEnv version=0x00010002
G4-JNI GetEnv version=0x00010002
G4-JNI GetEnv version=0x00010002
G4-JNI GetEnv version=0x00010002
G4-JNI GetEnv version=0x00010002
G4-JNI GetEnv version=0x00010002
G4-JNI GetEnv version=0x00010002
G4-JNI GetEnv version=0x00010002
G4-JNI GetEnv version=0x00010002
G4-JNI GetEnv version=0x00010002
G4-JNI GetEnv version=0x00010002
G4-JNI GetEnv version=0x00010002
G4-JNI GetEnv version=0x00010002
G4-JNI GetEnv version=0x00010002
G4-JNI GetEnv version=0x00010002
G4-JNI GetEnv version=0x00010002
G4-JNI GetEnv version=0x00010002
G4-JNI GetEnv version=0x00010002
G4-JNI GetEnv version=0x00010002
G4-JNI GetEnv version=0x00010002
G4-JNI GetEnv version=0x00010002
G4-JNI GetEnv version=0x00010002
G4-JNI GetEnv version=0x00010002
G4-JNI GetEnv version=0x00010002
G4-JNI GetEnv version=0x00010002
G4-JNI GetEnv version=0x00010002
G4-JNI GetEnv version=0x00010002
G4-JNI GetEnv version=0x00010002
G4-JNI GetEnv version=0x00010002
G4-JNI GetEnv version=0x00010002
G4-JNI GetEnv version=0x00010002
G4-JNI GetEnv version=0x00010002
G4-JNI GetEnv version=0x00010002
G4-JNI GetEnv version=0x00010002
G4-JNI GetEnv version=0x00010002
G4-JNI GetEnv version=0x00010002
G4-JNI GetEnv version=0x00010002
G4-JNI GetEnv version=0x00010002
G4-JNI GetEnv version=0x00010002
G4-JNI GetEnv version=0x00010002
G4-JNI GetEnv version=0x00010002
G4-JNI GetEnv version=0x00010002
G4-JNI GetEnv version=0x00010002
G4-JNI GetEnv version=0x00010002
G4-JNI GetEnv version=0x00010002
G4-JNI GetEnv version=0x00010002
G4-JNI GetEnv version=0x00010002
G4-JNI GetEnv version=0x00010002
G4-JNI GetEnv version=0x00010002
G4-JNI GetEnv version=0x00010002
G4-JNI GetEnv version=0x00010002
G4-JNI GetEnv version=0x00010002
G4-JNI GetEnv version=0x00010002
G4-JNI GetEnv version=0x00010002
G4-JNI GetEnv version=0x00010002
G4-JNI GetEnv version=0x00010002
G4-JNI GetEnv version=0x00010002
G4-JNI GetEnv version=0x00010002
G4-JNI GetEnv version=0x00010002
G4-JNI GetEnv version=0x00010002
G4-JNI GetEnv version=0x00010002
G4-JNI GetEnv version=0x00010002
G4-JNI GetEnv version=0x00010002
G4-JNI GetEnv version=0x00010002
G4-JNI GetEnv version=0x00010002
G4-JNI GetEnv version=0x00010002
G4-JNI GetEnv version=0x00010002
G4-JNI GetEnv version=0x00010002
G4-JNI GetEnv version=0x00010002
G4-JNI GetEnv version=0x00010002
G4-JNI GetEnv version=0x00010002
G4-JNI GetEnv version=0x00010002
G4-JNI GetEnv version=0x00010002
G4-JNI GetEnv version=0x00010002
G4-JNI GetEnv version=0x00010002
G4-JNI GetEnv version=0x00010002
G4-JNI GetEnv version=0x00010002
G4-JNI GetEnv version=0x00010002
G4-JNI GetEnv version=0x00010002
G4-JNI GetEnv version=0x00010002
G4-JNI GetEnv version=0x00010002
G4-JNI GetEnv version=0x00010002
G4-JNI GetEnv version=0x00010002
G4-JNI GetEnv version=0x00010002
G4-JNI GetEnv version=0x00010002
G4-JNI GetEnv version=0x00010002
G4-JNI GetEnv version=0x00010002
G4-JNI GetEnv version=0x00010002
G4-JNI GetEnv version=0x00010002
G4-JNI GetEnv version=0x00010002
G4-JNI GetEnv version=0x00010002
G4-JNI GetEnv version=0x00010002
G4-JNI GetEnv version=0x00010002
G4-JNI GetEnv version=0x00010002
G4-JNI GetEnv version=0x00010002
G4-JNI GetEnv version=0x00010002
G4-JNI GetEnv version=0x00010002
G4-JNI GetEnv version=0x00010002
G4-JNI GetEnv version=0x00010002
G4-JNI GetEnv version=0x00010002
G4-JNI GetEnv version=0x00010002
G4-JNI GetEnv version=0x00010002
G4-JNI GetEnv version=0x00010002
G4-JNI GetEnv version=0x00010002
G4-JNI GetEnv version=0x00010002
G4-JNI GetEnv version=0x00010002
android[5] warn: Unlock: Is being unlocked. Lock count: 0

android[4] ResourceManager: Remove texture: /published/texturepacks_ui/loading_race.sba_0

G4-JNI GetEnv version=0x00010002
G4-JNI GetEnv version=0x00010002
G4-JNI GetEnv version=0x00010002
G4-JNI GetEnv version=0x00010002
G4-JNI GetEnv version=0x00010002
G4-JNI GetEnv version=0x00010002
G4-JNI GetEnv version=0x00010002
G4-JNI GetEnv version=0x00010002
G4-JNI GetEnv version=0x00010002
G4-JNI GetEnv version=0x00010002
G4-JNI GetEnv version=0x00010002
G4-JNI GetEnv version=0x00010002
G4-JNI GetEnv version=0x00010002
G4-JNI GetEnv version=0x00010002
G4-JNI GetEnv version=0x00010002
G4-JNI GetEnv version=0x00010002
G4-JNI GetEnv version=0x00010002
G4-JNI GetEnv version=0x00010002
G4-JNI GetEnv version=0x00010002
G4-JNI GetEnv version=0x00010002
G4-JNI GetEnv version=0x00010002
G4-JNI GetEnv version=0x00010002
G4-JNI GetEnv version=0x00010002
G4-JNI GetEnv version=0x00010002
G4-JNI GetEnv version=0x00010002
G4-JNI GetEnv version=0x00010002
G4-JNI GetEnv version=0x00010002
G4-JNI GetEnv version=0x00010002
G4-JNI GetEnv version=0x00010002
G4-JNI GetEnv version=0x00010002
G4-JNI GetEnv version=0x00010002
G4-JNI GetEnv version=0x00010002
G4-JNI GetEnv version=0x00010002
G4-JNI GetEnv version=0x00010002
G4-JNI GetEnv version=0x00010002
G4-JNI GetEnv version=0x00010002
G4-JNI GetEnv version=0x00010002
G4-JNI GetEnv version=0x00010002
G4-JNI GetEnv version=0x00010002
G4-JNI GetEnv version=0x00010002
G4-JNI GetEnv version=0x00010002
G4-JNI GetEnv version=0x00010002
G4-JNI GetEnv version=0x00010002
G4-JNI GetEnv version=0x00010002
G4-JNI GetEnv version=0x00010002
G4-JNI GetEnv version=0x00010002
G4-JNI GetEnv version=0x00010002
G4-JNI GetEnv version=0x00010002
G4-JNI GetEnv version=0x00010002
G4-JNI GetEnv version=0x00010002
G4-JNI GetEnv version=0x00010002
G4-JNI GetEnv version=0x00010002
G4-JNI GetEnv version=0x00010002
G4-JNI GetEnv version=0x00010002
G4-JNI GetEnv version=0x00010002
G4-JNI GetEnv version=0x00010002
G4-JNI GetEnv version=0x00010002
G4-JNI GetEnv version=0x00010002
G7-FRAME enter=13500
G4-JNI GetEnv version=0x00010002
G5-GL STATE frame=13500 framebuffer=0 status=0x8cd5 errors=1
G7-FRAME leave=13500
G4-JNI GetEnv version=0x00010002
G4-JNI GetEnv version=0x00010002
G4-JNI GetEnv version=0x00010002
G4-JNI GetEnv version=0x00010002
G4-JNI GetEnv version=0x00010002
G4-JNI GetEnv version=0x00010002
G4-JNI GetEnv version=0x00010002
G4-JNI GetEnv version=0x00010002
G4-JNI GetEnv version=0x00010002
G4-JNI GetEnv version=0x00010002
G4-JNI GetEnv version=0x00010002
G4-JNI GetEnv version=0x00010002
G4-JNI GetEnv version=0x00010002
android[6] Sound/SoundManager/error: FMOD result of SoundManager::createSound: An error occured that wasn't supposed to.  Contact support. 

android[5] Sound/SoundManager/warn: SoundManager::createSound - 'ui/ui/event_speedcamera': failure.

G4-JNI GetEnv version=0x00010002
G4-JNI GetEnv version=0x00010002
G4-JNI GetEnv version=0x00010002
G4-JNI GetEnv version=0x00010002
G4-JNI GetEnv version=0x00010002
G4-JNI GetEnv version=0x00010002
G4-JNI GetEnv version=0x00010002
G4-JNI GetEnv version=0x00010002
G4-JNI GetEnv version=0x00010002
G4-JNI GetEnv version=0x00010002
G4-JNI GetEnv version=0x00010002
G4-JNI GetEnv version=0x00010002
G4-JNI GetEnv version=0x00010002
G4-JNI GetEnv version=0x00010002
G4-JNI GetEnv version=0x00010002
G4-JNI GetEnv version=0x00010002
G4-JNI GetEnv version=0x00010002
G4-JNI GetEnv version=0x00010002
G4-JNI GetEnv version=0x00010002
G4-JNI GetEnv version=0x00010002
G4-JNI GetEnv version=0x00010002
G4-JNI GetEnv version=0x00010002
G4-JNI GetEnv version=0x00010002
G4-JNI GetEnv version=0x00010002
G4-JNI GetEnv version=0x00010002
G4-JNI GetEnv version=0x00010002
G4-JNI GetEnv version=0x00010002
G4-JNI GetEnv version=0x00010002
G4-JNI GetEnv version=0x00010002
G4-JNI GetEnv version=0x00010002
G4-JNI GetEnv version=0x00010002
G4-JNI GetEnv version=0x00010002
G4-JNI GetEnv version=0x00010002
G4-JNI GetEnv version=0x00010002
G4-JNI GetEnv version=0x00010002
G4-JNI GetEnv version=0x00010002
G4-JNI GetEnv version=0x00010002
G4-JNI GetEnv version=0x00010002
G4-JNI GetEnv version=0x00010002
G4-JNI GetEnv version=0x00010002
G4-JNI GetEnv version=0x00010002
G4-JNI GetEnv version=0x00010002
android[2] trace: [AUTOLOG QUERY] Server: Blaze     Call: /nfs-2013-android/util/ping

G4-JNI GetEnv version=0x00010002
G4-JNI GetEnv version=0x00010002
G4-JNI GetEnv version=0x00010002
G4-JNI GetEnv version=0x00010002
G4-JNI GetEnv version=0x00010002
G4-JNI GetEnv version=0x00010002
G4-JNI GetEnv version=0x00010002
G4-JNI GetEnv version=0x00010002
G4-JNI GetEnv version=0x00010002
G4-JNI GetEnv version=0x00010002
G4-JNI GetEnv version=0x00010002
G4-JNI GetEnv version=0x00010002
G4-JNI GetEnv version=0x00010002
G4-JNI GetEnv version=0x00010002
G4-JNI GetEnv version=0x00010002
G4-JNI GetEnv version=0x00010002
G4-JNI GetEnv version=0x00010002
G4-JNI GetEnv version=0x00010002
G4-JNI GetEnv version=0x00010002
G4-JNI GetEnv version=0x00010002
G4-JNI GetEnv version=0x00010002
G4-JNI GetEnv version=0x00010002
G4-JNI GetEnv version=0x00010002
G4-JNI GetEnv version=0x00010002
G4-JNI GetEnv version=0x00010002
G4-JNI GetEnv version=0x00010002
G4-JNI GetEnv version=0x00010002
G4-JNI GetEnv version=0x00010002
G4-JNI GetEnv version=0x00010002
G4-JNI GetEnv version=0x00010002
G4-JNI GetEnv version=0x00010002
G4-JNI GetEnv version=0x00010002
G4-JNI GetEnv version=0x00010002
G4-JNI GetEnv version=0x00010002
G4-JNI GetEnv version=0x00010002
G4-JNI GetEnv version=0x00010002
G4-JNI GetEnv version=0x00010002
G4-JNI GetEnv version=0x00010002
G4-JNI GetEnv version=0x00010002
G4-JNI GetEnv version=0x00010002
G4-JNI GetEnv version=0x00010002
G4-JNI GetEnv version=0x00010002
G4-JNI GetEnv version=0x00010002
G4-JNI GetEnv version=0x00010002
G4-JNI GetEnv version=0x00010002
G4-JNI GetEnv version=0x00010002
G4-JNI GetEnv version=0x00010002
G4-JNI GetEnv version=0x00010002
G4-JNI GetEnv version=0x00010002
G4-JNI GetEnv version=0x00010002
G4-JNI GetEnv version=0x00010002
G4-JNI GetEnv version=0x00010002
G4-JNI GetEnv version=0x00010002
android[5] layouts/warning: SetAnimation: Animation flash not found in node /[NoID]/[NoID]

android[5] layouts/warning: SetAnimation: Animation flash not found in node /[NoID]/[NoID]/_common

android[5] layouts/warning: SetAnimation: Animation flash not found in node /[NoID]/[NoID]/_common/driving_tutorial/_brake_xperia/[NoID]

android[5] layouts/warning: SetAnimation: Animation flash not found in node /[NoID]/[NoID]/_common/driving_tutorial/_nitro_xperia/[NoID]

android[5] layouts/warning: SetAnimation: Animation flash not found in node /[NoID]/[NoID]/_common/driving_tutorial/_steer_xperia/[NoID]

android[5] layouts/warning: SetAnimation: Animation flash not found in node /[NoID]/[NoID]/_common/hud_damageindicator_incar/damage_bar/[NoID]

android[5] layouts/warning: SetAnimation: Animation flash not found in node /[NoID]/[NoID]/_common/hud_damageindicator_offcar/damage_bar/[NoID]

android[5] layouts/warning: SetAnimation: Animation flash not found in node /[NoID]/[NoID]/_common/hud_nitro/hud_nitro_level/[NoID]

android[5] layouts/warning: SetAnimation: Animation flash not found in node /[NoID]/[NoID]/_common/[NoID]/[NoID]

android[5] layouts/warning: SetAnimation: Animation flash not found in node /[NoID]/[NoID]/_common/[NoID]/[NoID]

android[5] layouts/warning: SetAnimation: Animation flash not found in node /[NoID]/[NoID]/_common/[NoID]/[NoID]

android[5] layouts/warning: SetAnimation: Animation flash not found in node /[NoID]/[NoID]/_common/[NoID]/[NoID]

android[5] layouts/warning: SetAnimation: Animation flash not found in node /[NoID]/[NoID]/_common/[NoID]/[NoID]

android[5] layouts/warning: SetAnimation: Animation flash not found in node /[NoID]/[NoID]/_common/[NoID]/[NoID]

android[5] layouts/warning: SetAnimation: Animation flash not found in node /[NoID]/[NoID]/_common/[NoID]/[NoID]

android[5] layouts/warning: SetAnimation: Animation flash not found in node /[NoID]/[NoID]/_common/[NoID]/[NoID]

android[5] layouts/warning: SetAnimation: Animation flash not found in node /[NoID]/[NoID]/_common/[NoID]/[NoID]

android[5] layouts/warning: SetAnimation: Animation flash not found in node /[NoID]/[NoID]/_common/hud_speedo/[NoID]

android[2] trace: MoGaConTrOlLeR :: ....................(KK) BaseDrivingControlScheme :: OnEvent .....................

G4-JNI GetEnv version=0x00010002
G4-JNI GetEnv version=0x00010002
G4-JNI GetEnv version=0x00010002
G4-JNI GetEnv version=0x00010002
G4-JNI GetEnv version=0x00010002
G4-JNI GetEnv version=0x00010002
G4-JNI GetEnv version=0x00010002
G4-JNI GetEnv version=0x00010002
G4-JNI GetEnv version=0x00010002
G4-JNI GetEnv version=0x00010002
G4-JNI GetEnv version=0x00010002
G4-JNI GetEnv version=0x00010002
G4-JNI GetEnv version=0x00010002
G4-JNI GetEnv version=0x00010002
G4-JNI GetEnv version=0x00010002
G4-JNI GetEnv version=0x00010002
G4-JNI GetEnv version=0x00010002
G4-JNI GetEnv version=0x00010002
G4-JNI GetEnv version=0x00010002
G4-JNI GetEnv version=0x00010002
G4-JNI GetEnv version=0x00010002
G4-JNI GetEnv version=0x00010002
G4-JNI GetEnv version=0x00010002
G4-JNI GetEnv version=0x00010002
G4-JNI GetEnv version=0x00010002
G4-JNI GetEnv version=0x00010002
G4-JNI GetEnv version=0x00010002
G4-JNI GetEnv version=0x00010002
G4-JNI GetEnv version=0x00010002
android[2] trace: MoGaConTrOlLeR :: ....................(KK) BaseDrivingControlScheme :: OnEvent .....................

G4-JNI GetEnv version=0x00010002
G4-JNI GetEnv version=0x00010002
G4-JNI GetEnv version=0x00010002
G4-JNI GetEnv version=0x00010002
G4-JNI GetEnv version=0x00010002
G4-JNI GetEnv version=0x00010002
G4-JNI GetEnv version=0x00010002
G4-JNI GetEnv version=0x00010002
G4-JNI GetEnv version=0x00010002
G4-JNI GetEnv version=0x00010002
G4-JNI GetEnv version=0x00010002
G4-JNI GetEnv version=0x00010002
G4-JNI GetEnv version=0x00010002
G4-JNI GetEnv version=0x00010002
G4-JNI GetEnv version=0x00010002
G4-JNI GetEnv version=0x00010002
G4-JNI GetEnv version=0x00010002
G4-JNI GetEnv version=0x00010002
G4-JNI GetEnv version=0x00010002
G4-JNI GetEnv version=0x00010002
G4-JNI GetEnv version=0x00010002
G4-JNI GetEnv version=0x00010002
G4-JNI GetEnv version=0x00010002
G4-JNI GetEnv version=0x00010002
G4-JNI GetEnv version=0x00010002
G4-JNI GetEnv version=0x00010002
G4-JNI GetEnv version=0x00010002
G4-JNI GetEnv version=0x00010002
G4-JNI GetEnv version=0x00010002
G4-JNI GetEnv version=0x00010002
G4-JNI GetEnv version=0x00010002
G4-JNI GetEnv version=0x00010002
G4-JNI GetEnv version=0x00010002
G4-JNI GetEnv version=0x00010002
G4-JNI GetEnv version=0x00010002
G4-JNI GetEnv version=0x00010002
G4-JNI GetEnv version=0x00010002
G4-JNI GetEnv version=0x00010002
G4-JNI GetEnv version=0x00010002
G4-JNI GetEnv version=0x00010002
G4-JNI GetEnv version=0x00010002
G4-JNI GetEnv version=0x00010002
G4-JNI GetEnv version=0x00010002
G4-JNI GetEnv version=0x00010002
G4-JNI GetEnv version=0x00010002
G4-JNI GetEnv version=0x00010002
G4-JNI GetEnv version=0x00010002
G4-JNI GetEnv version=0x00010002
G4-JNI GetEnv version=0x00010002
G4-JNI GetEnv version=0x00010002
G4-JNI GetEnv version=0x00010002
G4-JNI GetEnv version=0x00010002
G4-JNI GetEnv version=0x00010002
G4-JNI GetEnv version=0x00010002
G4-JNI GetEnv version=0x00010002
G4-JNI GetEnv version=0x00010002
G4-JNI GetEnv version=0x00010002
G4-JNI GetEnv version=0x00010002
G4-JNI GetEnv version=0x00010002
G4-JNI GetEnv version=0x00010002
G4-JNI GetEnv version=0x00010002
G4-JNI GetEnv version=0x00010002
G4-JNI GetEnv version=0x00010002
G4-JNI GetEnv version=0x00010002
G4-JNI GetEnv version=0x00010002
G4-JNI GetEnv version=0x00010002
G4-JNI GetEnv version=0x00010002
G4-JNI GetEnv version=0x00010002
G4-JNI GetEnv version=0x00010002
android[2] trace: MoGaConTrOlLeR :: ....................(KK) BaseDrivingControlScheme :: OnEvent .....................

android[5] layouts/warning: GetAnimationTime: Animation fade not found in node /[NoID]/[NoID]

android[5] layouts/warning: SetAnimation: Animation fade not found in node /[NoID]/[NoID]/_common/driving_tutorial/_brake_xperia/[NoID]

android[5] layouts/warning: SetAnimation: Animation fade not found in node /[NoID]/[NoID]/_common/driving_tutorial/_nitro_xperia/[NoID]

android[5] layouts/warning: SetAnimation: Animation fade not found in node /[NoID]/[NoID]/_common/driving_tutorial/_steer_xperia/[NoID]

android[5] layouts/warning: SetAnimation: Animation fade not found in node /[NoID]/[NoID]/_common/hud_damageindicator_incar/damage_bar/[NoID]

android[5] layouts/warning: SetAnimation: Animation fade not found in node /[NoID]/[NoID]/_common/hud_damageindicator_offcar/damage_bar/[NoID]

android[5] layouts/warning: SetAnimation: Animation fade not found in node /[NoID]/[NoID]/_common/hud_nitro/hud_nitro_level/[NoID]

android[5] layouts/warning: SetAnimation: Animation fade not found in node /[NoID]/[NoID]/_common/[NoID]/[NoID]

android[5] layouts/warning: SetAnimation: Animation fade not found in node /[NoID]/[NoID]/_common/[NoID]/[NoID]

android[5] layouts/warning: SetAnimation: Animation fade not found in node /[NoID]/[NoID]/_common/[NoID]/[NoID]

android[5] layouts/warning: SetAnimation: Animation fade not found in node /[NoID]/[NoID]/_common/[NoID]/[NoID]

android[5] layouts/warning: SetAnimation: Animation fade not found in node /[NoID]/[NoID]/_common/[NoID]/[NoID]

android[5] layouts/warning: SetAnimation: Animation fade not found in node /[NoID]/[NoID]/_common/[NoID]/[NoID]

android[5] layouts/warning: SetAnimation: Animation fade not found in node /[NoID]/[NoID]/_common/[NoID]/[NoID]

android[5] layouts/warning: SetAnimation: Animation fade not found in node /[NoID]/[NoID]/_common/[NoID]/[NoID]

android[5] layouts/warning: SetAnimation: Animation fade not found in node /[NoID]/[NoID]/_common/[NoID]/[NoID]

android[5] layouts/warning: SetAnimation: Animation fade not found in node /[NoID]/[NoID]/_common/hud_speedo/[NoID]

android[2] trace: MoGaConTrOlLeR :: ....................(KK) BaseDrivingControlScheme :: OnEvent .....................

G4-JNI GetEnv version=0x00010002
G4-JNI GetEnv version=0x00010002
G4-JNI GetEnv version=0x00010002
G4-JNI GetEnv version=0x00010002
G4-JNI GetEnv version=0x00010002
G4-JNI GetEnv version=0x00010002
G4-JNI GetEnv version=0x00010002
G4-JNI GetEnv version=0x00010002
G4-JNI GetEnv version=0x00010002
G4-JNI GetEnv version=0x00010002
G4-JNI GetEnv version=0x00010002
G4-JNI GetEnv version=0x00010002
G4-JNI GetEnv version=0x00010002
G4-JNI GetEnv version=0x00010002
G4-JNI GetEnv version=0x00010002
G4-JNI GetEnv version=0x00010002
G4-JNI GetEnv version=0x00010002
G4-JNI GetEnv version=0x00010002
G4-JNI GetEnv version=0x00010002
G4-JNI GetEnv version=0x00010002
G4-JNI GetEnv version=0x00010002
G4-JNI GetEnv version=0x00010002
G4-JNI GetEnv version=0x00010002
G4-JNI GetEnv version=0x00010002
G4-JNI GetEnv version=0x00010002
G4-JNI GetEnv version=0x00010002
G4-JNI GetEnv version=0x00010002
G4-JNI GetEnv version=0x00010002
G4-JNI GetEnv version=0x00010002
G4-JNI GetEnv version=0x00010002
G4-JNI GetEnv version=0x00010002
G4-JNI GetEnv version=0x00010002
G4-JNI GetEnv version=0x00010002
G4-JNI GetEnv version=0x00010002
G4-JNI GetEnv version=0x00010002
G4-JNI GetEnv version=0x00010002
G4-JNI GetEnv version=0x00010002
G4-JNI GetEnv version=0x00010002
G4-JNI GetEnv version=0x00010002
G4-JNI GetEnv version=0x00010002
G4-JNI GetEnv version=0x00010002
G4-JNI GetEnv version=0x00010002
G4-JNI GetEnv version=0x00010002
G4-JNI GetEnv version=0x00010002
G4-JNI GetEnv version=0x00010002
G4-JNI GetEnv version=0x00010002
G4-JNI GetEnv version=0x00010002
G4-JNI GetEnv version=0x00010002
G4-JNI GetEnv version=0x00010002
G4-JNI GetEnv version=0x00010002
G4-JNI GetEnv version=0x00010002
G4-JNI GetEnv version=0x00010002
G4-JNI GetEnv version=0x00010002
G4-JNI GetEnv version=0x00010002
G4-JNI GetEnv version=0x00010002
G4-JNI GetEnv version=0x00010002
G4-JNI GetEnv version=0x00010002
G4-JNI GetEnv version=0x00010002
G4-JNI GetEnv version=0x00010002
G4-JNI GetEnv version=0x00010002
G4-JNI GetEnv version=0x00010002
G4-JNI GetEnv version=0x00010002
G4-JNI GetEnv version=0x00010002
G4-JNI GetEnv version=0x00010002
G4-JNI GetEnv version=0x00010002
G4-JNI GetEnv version=0x00010002
G4-JNI GetEnv version=0x00010002
G4-JNI GetEnv version=0x00010002
G4-JNI GetEnv version=0x00010002
G4-JNI GetEnv version=0x00010002
G4-JNI GetEnv version=0x00010002
G4-JNI GetEnv version=0x00010002
G4-JNI GetEnv version=0x00010002
G4-JNI GetEnv version=0x00010002
G4-JNI GetEnv version=0x00010002
G4-JNI GetEnv version=0x00010002
G4-JNI GetEnv version=0x00010002
G4-JNI GetEnv version=0x00010002
G4-JNI GetEnv version=0x00010002
G4-JNI GetEnv version=0x00010002
G4-JNI GetEnv version=0x00010002
G4-JNI GetEnv version=0x00010002
G4-JNI GetEnv version=0x00010002
G4-JNI GetEnv version=0x00010002
G4-JNI GetEnv version=0x00010002
G4-JNI GetEnv version=0x00010002
G4-JNI GetEnv version=0x00010002
G4-JNI GetEnv version=0x00010002
G4-JNI GetEnv version=0x00010002
G4-JNI GetEnv version=0x00010002
G4-JNI GetEnv version=0x00010002
G4-JNI GetEnv version=0x00010002
G4-JNI GetEnv version=0x00010002
G4-JNI GetEnv version=0x00010002
G4-JNI GetEnv version=0x00010002
G4-JNI GetEnv version=0x00010002
G4-JNI GetEnv version=0x00010002
G4-JNI GetEnv version=0x00010002
G4-JNI GetEnv version=0x00010002
G4-JNI GetEnv version=0x00010002
G4-JNI GetEnv version=0x00010002
G4-JNI GetEnv version=0x00010002
G4-JNI GetEnv version=0x00010002
G4-JNI GetEnv version=0x00010002
G4-JNI GetEnv version=0x00010002
G4-JNI GetEnv version=0x00010002
G4-JNI GetEnv version=0x00010002
G4-JNI GetEnv version=0x00010002
G4-JNI GetEnv version=0x00010002
G4-JNI GetEnv version=0x00010002
G4-JNI GetEnv version=0x00010002
G4-JNI GetEnv version=0x00010002
G4-JNI GetEnv version=0x00010002
G4-JNI GetEnv version=0x00010002
G4-JNI GetEnv version=0x00010002
G4-JNI GetEnv version=0x00010002
G4-JNI GetEnv version=0x00010002
G4-JNI GetEnv version=0x00010002
G4-JNI GetEnv version=0x00010002
G4-JNI GetEnv version=0x00010002
G4-JNI GetEnv version=0x00010002
G4-JNI GetEnv version=0x00010002
G4-JNI GetEnv version=0x00010002
G4-JNI GetEnv version=0x00010002
G4-JNI GetEnv version=0x00010002
G4-JNI GetEnv version=0x00010002
G4-JNI GetEnv version=0x00010002
G4-JNI GetEnv version=0x00010002
G4-JNI GetEnv version=0x00010002
G4-JNI GetEnv version=0x00010002
G4-JNI GetEnv version=0x00010002
G4-JNI GetEnv version=0x00010002
G4-JNI GetEnv version=0x00010002
G4-JNI GetEnv version=0x00010002
G4-JNI GetEnv version=0x00010002
G4-JNI GetEnv version=0x00010002
G4-JNI GetEnv version=0x00010002
G4-JNI GetEnv version=0x00010002
G4-JNI GetEnv version=0x00010002
G4-JNI GetEnv version=0x00010002
G4-JNI GetEnv version=0x00010002
G4-JNI GetEnv version=0x00010002
G4-JNI GetEnv version=0x00010002
G4-JNI GetEnv version=0x00010002
G4-JNI GetEnv version=0x00010002
G4-JNI GetEnv version=0x00010002
G4-JNI GetEnv version=0x00010002
G4-JNI GetEnv version=0x00010002
G4-JNI GetEnv version=0x00010002
G4-JNI GetEnv version=0x00010002
G4-JNI GetEnv version=0x00010002
G4-JNI GetEnv version=0x00010002
G4-JNI GetEnv version=0x00010002
G4-JNI GetEnv version=0x00010002
G4-JNI GetEnv version=0x00010002
G4-JNI GetEnv version=0x00010002
G4-JNI GetEnv version=0x00010002
G4-JNI GetEnv version=0x00010002
G4-JNI GetEnv version=0x00010002
G4-JNI GetEnv version=0x00010002
G4-JNI GetEnv version=0x00010002
G4-JNI GetEnv version=0x00010002
G4-JNI GetEnv version=0x00010002
G4-JNI GetEnv version=0x00010002
G4-JNI GetEnv version=0x00010002
G4-JNI GetEnv version=0x00010002
G4-JNI GetEnv version=0x00010002
G4-JNI GetEnv version=0x00010002
G4-JNI GetEnv version=0x00010002
G4-JNI GetEnv version=0x00010002
G4-JNI GetEnv version=0x00010002
G4-JNI GetEnv version=0x00010002
G4-JNI GetEnv version=0x00010002
G4-JNI GetEnv version=0x00010002
G4-JNI GetEnv version=0x00010002
G4-JNI GetEnv version=0x00010002
G4-JNI GetEnv version=0x00010002
G4-JNI GetEnv version=0x00010002
G4-JNI GetEnv version=0x00010002
G4-JNI GetEnv version=0x00010002
G4-JNI GetEnv version=0x00010002
G4-JNI GetEnv version=0x00010002
G4-JNI GetEnv version=0x00010002
G4-JNI GetEnv version=0x00010002
G4-JNI GetEnv version=0x00010002
G4-JNI GetEnv version=0x00010002
G4-JNI GetEnv version=0x00010002
G4-JNI GetEnv version=0x00010002
G4-JNI GetEnv version=0x00010002
G4-JNI GetEnv version=0x00010002
G4-JNI GetEnv version=0x00010002
G4-JNI GetEnv version=0x00010002
G4-JNI GetEnv version=0x00010002
G4-JNI GetEnv version=0x00010002
G4-JNI GetEnv version=0x00010002
G4-JNI GetEnv version=0x00010002
G4-JNI GetEnv version=0x00010002
G4-JNI GetEnv version=0x00010002
G4-JNI GetEnv version=0x00010002
G4-JNI GetEnv version=0x00010002
G4-JNI GetEnv version=0x00010002
G4-JNI GetEnv version=0x00010002
G4-JNI GetEnv version=0x00010002
G4-JNI GetEnv version=0x00010002
G4-JNI GetEnv version=0x00010002
G4-JNI GetEnv version=0x00010002
G4-JNI GetEnv version=0x00010002
G4-JNI GetEnv version=0x00010002
G4-JNI GetEnv version=0x00010002
G4-JNI GetEnv version=0x00010002
G4-JNI GetEnv version=0x00010002
G4-JNI GetEnv version=0x00010002
G4-JNI GetEnv version=0x00010002
G4-JNI GetEnv version=0x00010002
G4-JNI GetEnv version=0x00010002
G4-JNI GetEnv version=0x00010002
G4-JNI GetEnv version=0x00010002
G4-JNI GetEnv version=0x00010002
G4-JNI GetEnv version=0x00010002
G4-JNI GetEnv version=0x00010002
G4-JNI GetEnv version=0x00010002
G4-JNI GetEnv version=0x00010002
G4-JNI GetEnv version=0x00010002
G4-JNI GetEnv version=0x00010002
G4-JNI GetEnv version=0x00010002
G4-JNI GetEnv version=0x00010002
G4-JNI GetEnv version=0x00010002
G4-JNI GetEnv version=0x00010002
G4-JNI GetEnv version=0x00010002
G4-JNI GetEnv version=0x00010002
G4-JNI GetEnv version=0x00010002
G4-JNI GetEnv version=0x00010002
G4-JNI GetEnv version=0x00010002
G4-JNI GetEnv version=0x00010002
G4-JNI GetEnv version=0x00010002
G4-JNI GetEnv version=0x00010002
G4-JNI GetEnv version=0x00010002
G4-JNI GetEnv version=0x00010002
G4-JNI GetEnv version=0x00010002
G4-JNI GetEnv version=0x00010002
G4-JNI GetEnv version=0x00010002
G4-JNI GetEnv version=0x00010002
G4-JNI GetEnv version=0x00010002
G4-JNI GetEnv version=0x00010002
G4-JNI GetEnv version=0x00010002
G4-JNI GetEnv version=0x00010002
G4-JNI GetEnv version=0x00010002
G4-JNI GetEnv version=0x00010002
G4-JNI GetEnv version=0x00010002
G4-JNI GetEnv version=0x00010002
G4-JNI GetEnv version=0x00010002
G4-JNI GetEnv version=0x00010002
G4-JNI GetEnv version=0x00010002
G4-JNI GetEnv version=0x00010002
G4-JNI GetEnv version=0x00010002
G4-JNI GetEnv version=0x00010002
G4-JNI GetEnv version=0x00010002
G4-JNI GetEnv version=0x00010002
G4-JNI GetEnv version=0x00010002
G4-JNI GetEnv version=0x00010002
G4-JNI GetEnv version=0x00010002
G4-JNI GetEnv version=0x00010002
G4-JNI GetEnv version=0x00010002
G4-JNI GetEnv version=0x00010002
G4-JNI GetEnv version=0x00010002
G4-JNI GetEnv version=0x00010002
G4-JNI GetEnv version=0x00010002
G4-JNI GetEnv version=0x00010002
G4-JNI GetEnv version=0x00010002
G4-JNI GetEnv version=0x00010002
G4-JNI GetEnv version=0x00010002
G4-JNI GetEnv version=0x00010002
G4-JNI GetEnv version=0x00010002
G4-JNI GetEnv version=0x00010002
G4-JNI GetEnv version=0x00010002
G4-JNI GetEnv version=0x00010002
G4-JNI GetEnv version=0x00010002
G4-JNI GetEnv version=0x00010002
G4-JNI GetEnv version=0x00010002
G4-JNI GetEnv version=0x00010002
G4-JNI GetEnv version=0x00010002
G4-JNI GetEnv version=0x00010002
G4-JNI GetEnv version=0x00010002
G4-JNI GetEnv version=0x00010002
G4-JNI GetEnv version=0x00010002
G4-JNI GetEnv version=0x00010002
G4-JNI GetEnv version=0x00010002
G4-JNI GetEnv version=0x00010002
G4-JNI GetEnv version=0x00010002
G4-JNI GetEnv version=0x00010002
G4-JNI GetEnv version=0x00010002
G4-JNI GetEnv version=0x00010002
G4-JNI GetEnv version=0x00010002
G4-JNI GetEnv version=0x00010002
G4-JNI GetEnv version=0x00010002
G4-JNI GetEnv version=0x00010002
G4-JNI GetEnv version=0x00010002
G4-JNI GetEnv version=0x00010002
G4-JNI GetEnv version=0x00010002
G4-JNI GetEnv version=0x00010002
G4-JNI GetEnv version=0x00010002
G4-JNI GetEnv version=0x00010002
G4-JNI GetEnv version=0x00010002
G4-JNI GetEnv version=0x00010002
G4-JNI GetEnv version=0x00010002
G4-JNI GetEnv version=0x00010002
G4-JNI GetEnv version=0x00010002
G4-JNI GetEnv version=0x00010002
G4-JNI GetEnv version=0x00010002
G4-JNI GetEnv version=0x00010002
G4-JNI GetEnv version=0x00010002
G4-JNI GetEnv version=0x00010002
G4-JNI GetEnv version=0x00010002
G4-JNI GetEnv version=0x00010002
G4-JNI GetEnv version=0x00010002
G4-JNI GetEnv version=0x00010002
G4-JNI GetEnv version=0x00010002
G4-JNI GetEnv version=0x00010002
G4-JNI GetEnv version=0x00010002
G4-JNI GetEnv version=0x00010002
G4-JNI GetEnv version=0x00010002
G4-JNI GetEnv version=0x00010002
G4-JNI GetEnv version=0x00010002
G4-JNI GetEnv version=0x00010002
G4-JNI GetEnv version=0x00010002
G4-JNI GetEnv version=0x00010002
G4-JNI GetEnv version=0x00010002
G4-JNI GetEnv version=0x00010002
G4-JNI GetEnv version=0x00010002
G4-JNI GetEnv version=0x00010002
G4-JNI GetEnv version=0x00010002
G4-JNI GetEnv version=0x00010002
G4-JNI GetEnv version=0x00010002
G4-JNI GetEnv version=0x00010002
G4-JNI GetEnv version=0x00010002
G4-JNI GetEnv version=0x00010002
G4-JNI GetEnv version=0x00010002
G4-JNI GetEnv version=0x00010002
G4-JNI GetEnv version=0x00010002
G4-JNI GetEnv version=0x00010002
G4-JNI GetEnv version=0x00010002
G4-JNI GetEnv version=0x00010002
G4-JNI GetEnv version=0x00010002
G4-JNI GetEnv version=0x00010002
G4-JNI GetEnv version=0x00010002
G4-JNI GetEnv version=0x00010002
G4-JNI GetEnv version=0x00010002
G4-JNI GetEnv version=0x00010002
G4-JNI GetEnv version=0x00010002
G4-JNI GetEnv version=0x00010002
G4-JNI GetEnv version=0x00010002
G4-JNI GetEnv version=0x00010002
G4-JNI GetEnv version=0x00010002
G4-JNI GetEnv version=0x00010002
G4-JNI GetEnv version=0x00010002
G4-JNI GetEnv version=0x00010002
G4-JNI GetEnv version=0x00010002
android[2] trace: MoGaConTrOlLeR :: ....................(KK) BaseDrivingControlScheme :: OnEvent .....................

G4-JNI GetEnv version=0x00010002
G4-JNI GetEnv version=0x00010002
G4-JNI GetEnv version=0x00010002
G4-JNI GetEnv version=0x00010002
G4-JNI GetEnv version=0x00010002
G4-JNI GetEnv version=0x00010002
G4-JNI GetEnv version=0x00010002
G4-JNI GetEnv version=0x00010002
G4-JNI GetEnv version=0x00010002
G4-JNI GetEnv version=0x00010002
G4-JNI GetEnv version=0x00010002
G4-JNI GetEnv version=0x00010002
G4-JNI GetEnv version=0x00010002
G4-JNI GetEnv version=0x00010002
G4-JNI GetEnv version=0x00010002
G4-JNI GetEnv version=0x00010002
G4-JNI GetEnv version=0x00010002
G4-JNI GetEnv version=0x00010002
G4-JNI GetEnv version=0x00010002
G4-JNI GetEnv version=0x00010002
G4-JNI GetEnv version=0x00010002
G4-JNI GetEnv version=0x00010002
G4-JNI GetEnv version=0x00010002
G4-JNI GetEnv version=0x00010002
G4-JNI GetEnv version=0x00010002
G4-JNI GetEnv version=0x00010002
G4-JNI GetEnv version=0x00010002
G4-JNI GetEnv version=0x00010002
G4-JNI GetEnv version=0x00010002
G4-JNI GetEnv version=0x00010002
G4-JNI GetEnv version=0x00010002
G4-JNI GetEnv version=0x00010002
G4-JNI GetEnv version=0x00010002
G4-JNI GetEnv version=0x00010002
G4-JNI GetEnv version=0x00010002
G4-JNI GetEnv version=0x00010002
G4-JNI GetEnv version=0x00010002
G4-JNI GetEnv version=0x00010002
G4-JNI GetEnv version=0x00010002
G4-JNI GetEnv version=0x00010002
G4-JNI GetEnv version=0x00010002
G4-JNI GetEnv version=0x00010002
G4-JNI GetEnv version=0x00010002
G4-JNI GetEnv version=0x00010002
G4-JNI GetEnv version=0x00010002
G4-JNI GetEnv version=0x00010002
G4-JNI GetEnv version=0x00010002
G4-JNI GetEnv version=0x00010002
G4-JNI GetEnv version=0x00010002
G4-JNI GetEnv version=0x00010002
G4-JNI GetEnv version=0x00010002
G4-JNI GetEnv version=0x00010002
G4-JNI GetEnv version=0x00010002
G4-JNI GetEnv version=0x00010002
G4-JNI GetEnv version=0x00010002
G4-JNI GetEnv version=0x00010002
G4-JNI GetEnv version=0x00010002
G4-JNI GetEnv version=0x00010002
G4-JNI GetEnv version=0x00010002
G4-JNI GetEnv version=0x00010002
G4-JNI GetEnv version=0x00010002
G4-JNI GetEnv version=0x00010002
G4-JNI GetEnv version=0x00010002
G4-JNI GetEnv version=0x00010002
G4-JNI GetEnv version=0x00010002
G4-JNI GetEnv version=0x00010002
G4-JNI GetEnv version=0x00010002
G4-JNI GetEnv version=0x00010002
G4-JNI GetEnv version=0x00010002
G4-JNI GetEnv version=0x00010002
G4-JNI GetEnv version=0x00010002
G4-JNI GetEnv version=0x00010002
G4-JNI GetEnv version=0x00010002
G4-JNI GetEnv version=0x00010002
G4-JNI GetEnv version=0x00010002
G4-JNI GetEnv version=0x00010002
G4-JNI GetEnv version=0x00010002
G4-JNI GetEnv version=0x00010002
G4-JNI GetEnv version=0x00010002
G4-JNI GetEnv version=0x00010002
G4-JNI GetEnv version=0x00010002
G4-JNI GetEnv version=0x00010002
G4-JNI GetEnv version=0x00010002
G4-JNI GetEnv version=0x00010002
G4-JNI GetEnv version=0x00010002
G4-JNI GetEnv version=0x00010002
G4-JNI GetEnv version=0x00010002
G4-JNI GetEnv version=0x00010002
G4-JNI GetEnv version=0x00010002
G4-JNI GetEnv version=0x00010002
G4-JNI GetEnv version=0x00010002
G4-JNI GetEnv version=0x00010002
G4-JNI GetEnv version=0x00010002
G4-JNI GetEnv version=0x00010002
G4-JNI GetEnv version=0x00010002
G4-JNI GetEnv version=0x00010002
G4-JNI GetEnv version=0x00010002
G4-JNI GetEnv version=0x00010002
G4-JNI GetEnv version=0x00010002
G4-JNI GetEnv version=0x00010002
G4-JNI GetEnv version=0x00010002
G4-JNI GetEnv version=0x00010002
G4-JNI GetEnv version=0x00010002
G4-JNI GetEnv version=0x00010002
G4-JNI GetEnv version=0x00010002
G4-JNI GetEnv version=0x00010002
G4-JNI GetEnv version=0x00010002
G4-JNI GetEnv version=0x00010002
G4-JNI GetEnv version=0x00010002
G4-JNI GetEnv version=0x00010002
G4-JNI GetEnv version=0x00010002
G4-JNI GetEnv version=0x00010002
G4-JNI GetEnv version=0x00010002
G4-JNI GetEnv version=0x00010002
G4-JNI GetEnv version=0x00010002
G4-JNI GetEnv version=0x00010002
G4-JNI GetEnv version=0x00010002
G4-JNI GetEnv version=0x00010002
G4-JNI GetEnv version=0x00010002
G4-JNI GetEnv version=0x00010002
G4-JNI GetEnv version=0x00010002
G4-JNI GetEnv version=0x00010002
G4-JNI GetEnv version=0x00010002
G4-JNI GetEnv version=0x00010002
G4-JNI GetEnv version=0x00010002
G4-JNI GetEnv version=0x00010002
G4-JNI GetEnv version=0x00010002
G4-JNI GetEnv version=0x00010002
G4-JNI GetEnv version=0x00010002
G4-JNI GetEnv version=0x00010002
G4-JNI GetEnv version=0x00010002
G4-JNI GetEnv version=0x00010002
G4-JNI GetEnv version=0x00010002
G4-JNI GetEnv version=0x00010002
G4-JNI GetEnv version=0x00010002
G4-JNI GetEnv version=0x00010002
G4-JNI GetEnv version=0x00010002
G4-JNI GetEnv version=0x00010002
G4-JNI GetEnv version=0x00010002
G4-JNI GetEnv version=0x00010002
G4-JNI GetEnv version=0x00010002
G4-JNI GetEnv version=0x00010002
G4-JNI GetEnv version=0x00010002
G4-JNI GetEnv version=0x00010002
G4-JNI GetEnv version=0x00010002
G4-JNI GetEnv version=0x00010002
G4-JNI GetEnv version=0x00010002
G4-JNI GetEnv version=0x00010002
G4-JNI GetEnv version=0x00010002
G4-JNI GetEnv version=0x00010002
G4-JNI GetEnv version=0x00010002
G7-FRAME enter=13800
G4-JNI GetEnv version=0x00010002
G5-GL STATE frame=13800 framebuffer=0 status=0x8cd5 errors=1
G7-FRAME leave=13800
G4-JNI GetEnv version=0x00010002
G4-JNI GetEnv version=0x00010002
G4-JNI GetEnv version=0x00010002
G4-JNI GetEnv version=0x00010002
G4-JNI GetEnv version=0x00010002
G4-JNI GetEnv version=0x00010002
G4-JNI GetEnv version=0x00010002
G4-JNI GetEnv version=0x00010002
G4-JNI GetEnv version=0x00010002
G4-JNI GetEnv version=0x00010002
G4-JNI GetEnv version=0x00010002
G6-RAW buttons=0x00000020
android[2] trace: MoGaConTrOlLeR :: ....................(KK) MogaController :: Inside nativeOnKeyEvent 

android[2] trace: ....................(KK) MogaController :: Inside nativeOnKeyEvent 103

android[2] trace: MoGaConTrOlLeR :: ....................(KK) Key Event Key R1 1111 .....................

android[2] trace: MoGaConTrOlLeR :: ....................(KK) Key Event Key Down .....................

android[2] trace: MoGaConTrOlLeR :: ....................(KK) Listener Key Press .....................

android[2] trace: MoGaConTrOlLeR :: ....................(KK) AndroidKeyCode :: MogaKeyCode (Start of func) .....................

android[2] trace: MoGaConTrOlLeR :: ....................(KK) AndroidKeyCode :: MogaKeyCode Key Press R1 .....................

android[2] trace: MoGaConTrOlLeR :: ....................(KK) AndroidKeyCode :: MogaKeyCode Key Press R1(Nitro) Racing True.....................

android[2] trace: MoGaConTrOlLeR :: (KK) MogaController :: Inside nativeOnKeyEvent ....................

G6-MOGA key frame=13812 code=103 state=down
android[2] trace: MoGaConTrOlLeR :: ....................(KK) BaseDrivingControlScheme :: OnEvent .....................

android[2] trace: MoGaConTrOlLeR :: ....................(KK) BaseDrivingControlScheme :: onKeyPress Nitro.....................

G4-JNI GetEnv version=0x00010002
G4-JNI GetEnv version=0x00010002
G4-JNI GetEnv version=0x00010002
G4-JNI GetEnv version=0x00010002
G4-JNI GetEnv version=0x00010002
G4-JNI GetEnv version=0x00010002
G4-JNI GetEnv version=0x00010002
G4-JNI GetEnv version=0x00010002
G4-JNI GetEnv version=0x00010002
G4-JNI GetEnv version=0x00010002
G4-JNI GetEnv version=0x00010002
G4-JNI GetEnv version=0x00010002
G4-JNI GetEnv version=0x00010002
G4-JNI GetEnv version=0x00010002
G4-JNI GetEnv version=0x00010002
G4-JNI GetEnv version=0x00010002
G4-JNI GetEnv version=0x00010002
G4-JNI GetEnv version=0x00010002
G4-JNI GetEnv version=0x00010002
G4-JNI GetEnv version=0x00010002
G4-JNI GetEnv version=0x00010002
G4-JNI GetEnv version=0x00010002
G4-JNI GetEnv version=0x00010002
G4-JNI GetEnv version=0x00010002
G4-JNI GetEnv version=0x00010002
G4-JNI GetEnv version=0x00010002
G4-JNI GetEnv version=0x00010002
G4-JNI GetEnv version=0x00010002
G4-JNI GetEnv version=0x00010002
G4-JNI GetEnv version=0x00010002
G4-JNI GetEnv version=0x00010002
G4-JNI GetEnv version=0x00010002
G4-JNI GetEnv version=0x00010002
G4-JNI GetEnv version=0x00010002
G4-JNI GetEnv version=0x00010002
G4-JNI GetEnv version=0x00010002
G4-JNI GetEnv version=0x00010002
G4-JNI GetEnv version=0x00010002
G4-JNI GetEnv version=0x00010002
G4-JNI GetEnv version=0x00010002
G4-JNI GetEnv version=0x00010002
G4-JNI GetEnv version=0x00010002
G4-JNI GetEnv version=0x00010002
G4-JNI GetEnv version=0x00010002
G4-JNI GetEnv version=0x00010002
G4-JNI GetEnv version=0x00010002
G4-JNI GetEnv version=0x00010002
G4-JNI GetEnv version=0x00010002
G4-JNI GetEnv version=0x00010002
G4-JNI GetEnv version=0x00010002
G4-JNI GetEnv version=0x00010002
G4-JNI GetEnv version=0x00010002
G4-JNI GetEnv version=0x00010002
G4-JNI GetEnv version=0x00010002
G4-JNI GetEnv version=0x00010002
G4-JNI GetEnv version=0x00010002
G4-JNI GetEnv version=0x00010002
G4-JNI GetEnv version=0x00010002
G4-JNI GetEnv version=0x00010002
G4-JNI GetEnv version=0x00010002
G4-JNI GetEnv version=0x00010002
G4-JNI GetEnv version=0x00010002
G4-JNI GetEnv version=0x00010002
G4-JNI GetEnv version=0x00010002
G4-JNI GetEnv version=0x00010002
G4-JNI GetEnv version=0x00010002
G4-JNI GetEnv version=0x00010002
G4-JNI GetEnv version=0x00010002
G4-JNI GetEnv version=0x00010002
G4-JNI GetEnv version=0x00010002
G4-JNI GetEnv version=0x00010002
G4-JNI GetEnv version=0x00010002
G4-JNI GetEnv version=0x00010002
G4-JNI GetEnv version=0x00010002
G4-JNI GetEnv version=0x00010002
G4-JNI GetEnv version=0x00010002
G4-JNI GetEnv version=0x00010002
G4-JNI GetEnv version=0x00010002
G4-JNI GetEnv version=0x00010002
G4-JNI GetEnv version=0x00010002
G4-JNI GetEnv version=0x00010002
G4-JNI GetEnv version=0x00010002
G4-JNI GetEnv version=0x00010002
G4-JNI GetEnv version=0x00010002
G4-JNI GetEnv version=0x00010002
G4-JNI GetEnv version=0x00010002
G4-JNI GetEnv version=0x00010002
G4-JNI GetEnv version=0x00010002
G4-JNI GetEnv version=0x00010002
G4-JNI GetEnv version=0x00010002
G4-JNI GetEnv version=0x00010002
G4-JNI GetEnv version=0x00010002
G4-JNI GetEnv version=0x00010002
G4-JNI GetEnv version=0x00010002
G4-JNI GetEnv version=0x00010002
G4-JNI GetEnv version=0x00010002
G4-JNI GetEnv version=0x00010002
G4-JNI GetEnv version=0x00010002
G4-JNI GetEnv version=0x00010002
G4-JNI GetEnv version=0x00010002
G4-JNI GetEnv version=0x00010002
G4-JNI GetEnv version=0x00010002
G4-JNI GetEnv version=0x00010002
G4-JNI GetEnv version=0x00010002
G4-JNI GetEnv version=0x00010002
G4-JNI GetEnv version=0x00010002
G4-JNI GetEnv version=0x00010002
G4-JNI GetEnv version=0x00010002
G4-JNI GetEnv version=0x00010002
G4-JNI GetEnv version=0x00010002
G4-JNI GetEnv version=0x00010002
G4-JNI GetEnv version=0x00010002
G4-JNI GetEnv version=0x00010002
G4-JNI GetEnv version=0x00010002
G4-JNI GetEnv version=0x00010002
G4-JNI GetEnv version=0x00010002
G4-JNI GetEnv version=0x00010002
G4-JNI GetEnv version=0x00010002
G4-JNI GetEnv version=0x00010002
G4-JNI GetEnv version=0x00010002
G4-JNI GetEnv version=0x00010002
G4-JNI GetEnv version=0x00010002
G4-JNI GetEnv version=0x00010002
G4-JNI GetEnv version=0x00010002
G4-JNI GetEnv version=0x00010002
G4-JNI GetEnv version=0x00010002
G4-JNI GetEnv version=0x00010002
G4-JNI GetEnv version=0x00010002
G4-JNI GetEnv version=0x00010002
G4-JNI GetEnv version=0x00010002
G4-JNI GetEnv version=0x00010002
G4-JNI GetEnv version=0x00010002
G4-JNI GetEnv version=0x00010002
G4-JNI GetEnv version=0x00010002
G4-JNI GetEnv version=0x00010002
G4-JNI GetEnv version=0x00010002
G4-JNI GetEnv version=0x00010002
G4-JNI GetEnv version=0x00010002
G4-JNI GetEnv version=0x00010002
G4-JNI GetEnv version=0x00010002
G4-JNI GetEnv version=0x00010002
G4-JNI GetEnv version=0x00010002
G4-JNI GetEnv version=0x00010002
G4-JNI GetEnv version=0x00010002
G4-JNI GetEnv version=0x00010002
G4-JNI GetEnv version=0x00010002
G4-JNI GetEnv version=0x00010002
G4-JNI GetEnv version=0x00010002
G4-JNI GetEnv version=0x00010002
G4-JNI GetEnv version=0x00010002
G4-JNI GetEnv version=0x00010002
G4-JNI GetEnv version=0x00010002
G4-JNI GetEnv version=0x00010002
G4-JNI GetEnv version=0x00010002
G4-JNI GetEnv version=0x00010002
G4-JNI GetEnv version=0x00010002
G4-JNI GetEnv version=0x00010002
G4-JNI GetEnv version=0x00010002
G4-JNI GetEnv version=0x00010002
G4-JNI GetEnv version=0x00010002
G4-JNI GetEnv version=0x00010002
G4-JNI GetEnv version=0x00010002
G4-JNI GetEnv version=0x00010002
G4-JNI GetEnv version=0x00010002
G4-JNI GetEnv version=0x00010002
G4-JNI GetEnv version=0x00010002
G4-JNI GetEnv version=0x00010002
G4-JNI GetEnv version=0x00010002
G4-JNI GetEnv version=0x00010002
G4-JNI GetEnv version=0x00010002
G4-JNI GetEnv version=0x00010002
G4-JNI GetEnv version=0x00010002
G4-JNI GetEnv version=0x00010002
G4-JNI GetEnv version=0x00010002
G4-JNI GetEnv version=0x00010002
G4-JNI GetEnv version=0x00010002
G4-JNI GetEnv version=0x00010002
G4-JNI GetEnv version=0x00010002
G4-JNI GetEnv version=0x00010002
G4-JNI GetEnv version=0x00010002
G4-JNI GetEnv version=0x00010002
G4-JNI GetEnv version=0x00010002
G4-JNI GetEnv version=0x00010002
G4-JNI GetEnv version=0x00010002
G4-JNI GetEnv version=0x00010002
G4-JNI GetEnv version=0x00010002
G4-JNI GetEnv version=0x00010002
G4-JNI GetEnv version=0x00010002
G4-JNI GetEnv version=0x00010002
G4-JNI GetEnv version=0x00010002
G4-JNI GetEnv version=0x00010002
G4-JNI GetEnv version=0x00010002
G4-JNI GetEnv version=0x00010002
G4-JNI GetEnv version=0x00010002
G4-JNI GetEnv version=0x00010002
G4-JNI GetEnv version=0x00010002
G4-JNI GetEnv version=0x00010002
G4-JNI GetEnv version=0x00010002
G4-JNI GetEnv version=0x00010002
G4-JNI GetEnv version=0x00010002
G4-JNI GetEnv version=0x00010002
G4-JNI GetEnv version=0x00010002
G4-JNI GetEnv version=0x00010002
G4-JNI GetEnv version=0x00010002
G4-JNI GetEnv version=0x00010002
G4-JNI GetEnv version=0x00010002
G4-JNI GetEnv version=0x00010002
G4-JNI GetEnv version=0x00010002
G4-JNI GetEnv version=0x00010002
G4-JNI GetEnv version=0x00010002
G4-JNI GetEnv version=0x00010002
G4-JNI GetEnv version=0x00010002
G4-JNI GetEnv version=0x00010002
G4-JNI GetEnv version=0x00010002
G4-JNI GetEnv version=0x00010002
G4-JNI GetEnv version=0x00010002
G4-JNI GetEnv version=0x00010002
G4-JNI GetEnv version=0x00010002
G4-JNI GetEnv version=0x00010002
G4-JNI GetEnv version=0x00010002
G4-JNI GetEnv version=0x00010002
G4-JNI GetEnv version=0x00010002
G4-JNI GetEnv version=0x00010002
G4-JNI GetEnv version=0x00010002
G4-JNI GetEnv version=0x00010002
G4-JNI GetEnv version=0x00010002
G4-JNI GetEnv version=0x00010002
G4-JNI GetEnv version=0x00010002
G4-JNI GetEnv version=0x00010002
G4-JNI GetEnv version=0x00010002
G4-JNI GetEnv version=0x00010002
G4-JNI GetEnv version=0x00010002
G4-JNI GetEnv version=0x00010002
G4-JNI GetEnv version=0x00010002
G4-JNI GetEnv version=0x00010002
G4-JNI GetEnv version=0x00010002
G4-JNI GetEnv version=0x00010002
G4-JNI GetEnv version=0x00010002
G4-JNI GetEnv version=0x00010002
G4-JNI GetEnv version=0x00010002
G4-JNI GetEnv version=0x00010002
G4-JNI GetEnv version=0x00010002
G4-JNI GetEnv version=0x00010002
G4-JNI GetEnv version=0x00010002
G4-JNI GetEnv version=0x00010002
G4-JNI GetEnv version=0x00010002
G4-JNI GetEnv version=0x00010002
G4-JNI GetEnv version=0x00010002
G4-JNI GetEnv version=0x00010002
G4-JNI GetEnv version=0x00010002
G4-JNI GetEnv version=0x00010002
G4-JNI GetEnv version=0x00010002
G4-JNI GetEnv version=0x00010002
G4-JNI GetEnv version=0x00010002
G4-JNI GetEnv version=0x00010002
G4-JNI GetEnv version=0x00010002
G4-JNI GetEnv version=0x00010002
G4-JNI GetEnv version=0x00010002
G4-JNI GetEnv version=0x00010002
G4-JNI GetEnv version=0x00010002
G4-JNI GetEnv version=0x00010002
G4-JNI GetEnv version=0x00010002
G4-JNI GetEnv version=0x00010002
G4-JNI GetEnv version=0x00010002
G4-JNI GetEnv version=0x00010002
G4-JNI GetEnv version=0x00010002
G4-JNI GetEnv version=0x00010002
G4-JNI GetEnv version=0x00010002
G4-JNI GetEnv version=0x00010002
G4-JNI GetEnv version=0x00010002
G4-JNI GetEnv version=0x00010002
G4-JNI GetEnv version=0x00010002
G4-JNI GetEnv version=0x00010002
G4-JNI GetEnv version=0x00010002
G4-JNI GetEnv version=0x00010002
G4-JNI GetEnv version=0x00010002
G4-JNI GetEnv version=0x00010002
G4-JNI GetEnv version=0x00010002
G4-JNI GetEnv version=0x00010002
G4-JNI GetEnv version=0x00010002
G4-JNI GetEnv version=0x00010002
G4-JNI GetEnv version=0x00010002
G4-JNI GetEnv version=0x00010002
G4-JNI GetEnv version=0x00010002
G4-JNI GetEnv version=0x00010002
G4-JNI GetEnv version=0x00010002
G4-JNI GetEnv version=0x00010002
G4-JNI GetEnv version=0x00010002
G7-FRAME enter=14100
G4-JNI GetEnv version=0x00010002
G5-GL STATE frame=14100 framebuffer=0 status=0x8cd5 errors=1
G7-FRAME leave=14100
G4-JNI GetEnv version=0x00010002
G4-JNI GetEnv version=0x00010002
G4-JNI GetEnv version=0x00010002
G4-JNI GetEnv version=0x00010002
G4-JNI GetEnv version=0x00010002
G4-JNI GetEnv version=0x00010002
G4-JNI GetEnv version=0x00010002
G4-JNI GetEnv version=0x00010002
G4-JNI GetEnv version=0x00010002
G4-JNI GetEnv version=0x00010002
G4-JNI GetEnv version=0x00010002
G4-JNI GetEnv version=0x00010002
G4-JNI GetEnv version=0x00010002
G4-JNI GetEnv version=0x00010002
G4-JNI GetEnv version=0x00010002
G4-JNI GetEnv version=0x00010002
G4-JNI GetEnv version=0x00010002
G4-JNI GetEnv version=0x00010002
G4-JNI GetEnv version=0x00010002
G4-JNI GetEnv version=0x00010002
G4-JNI GetEnv version=0x00010002
G4-JNI GetEnv version=0x00010002
G4-JNI GetEnv version=0x00010002
G4-JNI GetEnv version=0x00010002
G4-JNI GetEnv version=0x00010002
G4-JNI GetEnv version=0x00010002
G4-JNI GetEnv version=0x00010002
G4-JNI GetEnv version=0x00010002
G4-JNI GetEnv version=0x00010002
G4-JNI GetEnv version=0x00010002
G4-JNI GetEnv version=0x00010002
G4-JNI GetEnv version=0x00010002
G4-JNI GetEnv version=0x00010002
G4-JNI GetEnv version=0x00010002
G4-JNI GetEnv version=0x00010002
G4-JNI GetEnv version=0x00010002
G4-JNI GetEnv version=0x00010002
G4-JNI GetEnv version=0x00010002
G4-JNI GetEnv version=0x00010002
G4-JNI GetEnv version=0x00010002
G4-JNI GetEnv version=0x00010002
G4-JNI GetEnv version=0x00010002
G4-JNI GetEnv version=0x00010002
G4-JNI GetEnv version=0x00010002
G4-JNI GetEnv version=0x00010002
G4-JNI GetEnv version=0x00010002
G4-JNI GetEnv version=0x00010002
G4-JNI GetEnv version=0x00010002
G4-JNI GetEnv version=0x00010002
G4-JNI GetEnv version=0x00010002
G4-JNI GetEnv version=0x00010002
android[2] trace: [AUTOLOG QUERY] Server: Blaze     Call: /nfs-2013-android/util/ping

G4-JNI GetEnv version=0x00010002
G4-JNI GetEnv version=0x00010002
G4-JNI GetEnv version=0x00010002
G4-JNI GetEnv version=0x00010002
G4-JNI GetEnv version=0x00010002
G4-JNI GetEnv version=0x00010002
G4-JNI GetEnv version=0x00010002
G4-JNI GetEnv version=0x00010002
G4-JNI GetEnv version=0x00010002
G4-JNI GetEnv version=0x00010002
G4-JNI GetEnv version=0x00010002
G4-JNI GetEnv version=0x00010002
G4-JNI GetEnv version=0x00010002
G4-JNI GetEnv version=0x00010002
G4-JNI GetEnv version=0x00010002
G4-JNI GetEnv version=0x00010002
G4-JNI GetEnv version=0x00010002
G4-JNI GetEnv version=0x00010002
G4-JNI GetEnv version=0x00010002
G4-JNI GetEnv version=0x00010002
G4-JNI GetEnv version=0x00010002
G4-JNI GetEnv version=0x00010002
G4-JNI GetEnv version=0x00010002
G4-JNI GetEnv version=0x00010002
G4-JNI GetEnv version=0x00010002
G4-JNI GetEnv version=0x00010002
G4-JNI GetEnv version=0x00010002
G4-JNI GetEnv version=0x00010002
G4-JNI GetEnv version=0x00010002
G4-JNI GetEnv version=0x00010002
G4-JNI GetEnv version=0x00010002
G4-JNI GetEnv version=0x00010002
G4-JNI GetEnv version=0x00010002
G4-JNI GetEnv version=0x00010002
G4-JNI GetEnv version=0x00010002
G4-JNI GetEnv version=0x00010002
G4-JNI GetEnv version=0x00010002
G4-JNI GetEnv version=0x00010002
G4-JNI GetEnv version=0x00010002
G4-JNI GetEnv version=0x00010002
G4-JNI GetEnv version=0x00010002
G4-JNI GetEnv version=0x00010002
G4-JNI GetEnv version=0x00010002
G4-JNI GetEnv version=0x00010002
G4-JNI GetEnv version=0x00010002
G4-JNI GetEnv version=0x00010002
G4-JNI GetEnv version=0x00010002
G4-JNI GetEnv version=0x00010002
G4-JNI GetEnv version=0x00010002
G4-JNI GetEnv version=0x00010002
G4-JNI GetEnv version=0x00010002
G4-JNI GetEnv version=0x00010002
G4-JNI GetEnv version=0x00010002
G4-JNI GetEnv version=0x00010002
G4-JNI GetEnv version=0x00010002
G4-JNI GetEnv version=0x00010002
G4-JNI GetEnv version=0x00010002
G4-JNI GetEnv version=0x00010002
G4-JNI GetEnv version=0x00010002
G4-JNI GetEnv version=0x00010002
G4-JNI GetEnv version=0x00010002
G4-JNI GetEnv version=0x00010002
G6-RAW buttons=0x00000000
android[2] trace: MoGaConTrOlLeR :: ....................(KK) MogaController :: Inside nativeOnKeyEvent 

android[2] trace: ....................(KK) MogaController :: Inside nativeOnKeyEvent 103

android[2] trace: MoGaConTrOlLeR :: ....................(KK) Key Event Key R1 1111 .....................

android[2] trace: MoGaConTrOlLeR :: ....................(KK) Key Event Key up .....................

android[2] trace: MoGaConTrOlLeR :: ....................(KK) Listener Key Release .....................

android[2] trace: MoGaConTrOlLeR :: ....................(KK) AndroidKeyCode :: MogaKeyCode (Start of func) .....................

android[2] trace: MoGaConTrOlLeR :: ....................(KK) AndroidKeyCode :: MogaKeyCode Key Press R1 .....................

android[2] trace: MoGaConTrOlLeR :: ....................(KK) AndroidKeyCode :: MogaKeyCode Key Press R1(Nitro) Racing True.....................

android[2] trace: MoGaConTrOlLeR :: (KK) MogaController :: Inside nativeOnKeyEvent ....................

G6-MOGA key frame=14214 code=103 state=up
android[2] trace: MoGaConTrOlLeR :: ....................(KK) BaseDrivingControlScheme :: OnEvent .....................

android[2] trace: MoGaConTrOlLeR :: ....................(KK) BaseDrivingControlScheme :: OnKeyRelease Nothing :( .....................

G4-JNI GetEnv version=0x00010002
G4-JNI GetEnv version=0x00010002
G4-JNI GetEnv version=0x00010002
G4-JNI GetEnv version=0x00010002
G4-JNI GetEnv version=0x00010002
G4-JNI GetEnv version=0x00010002
G4-JNI GetEnv version=0x00010002
G4-JNI GetEnv version=0x00010002
G4-JNI GetEnv version=0x00010002
G4-JNI GetEnv version=0x00010002
G4-JNI GetEnv version=0x00010002
G4-JNI GetEnv version=0x00010002
G4-JNI GetEnv version=0x00010002
G4-JNI GetEnv version=0x00010002
G4-JNI GetEnv version=0x00010002
G4-JNI GetEnv version=0x00010002
G4-JNI GetEnv version=0x00010002
G4-JNI GetEnv version=0x00010002
G4-JNI GetEnv version=0x00010002
G4-JNI GetEnv version=0x00010002
G4-JNI GetEnv version=0x00010002
G4-JNI GetEnv version=0x00010002
G4-JNI GetEnv version=0x00010002
G4-JNI GetEnv version=0x00010002
G4-JNI GetEnv version=0x00010002
G4-JNI GetEnv version=0x00010002
G4-JNI GetEnv version=0x00010002
G4-JNI GetEnv version=0x00010002
G4-JNI GetEnv version=0x00010002
G4-JNI GetEnv version=0x00010002
G4-JNI GetEnv version=0x00010002
G4-JNI GetEnv version=0x00010002
G4-JNI GetEnv version=0x00010002
G4-JNI GetEnv version=0x00010002
G4-JNI GetEnv version=0x00010002
G4-JNI GetEnv version=0x00010002
G4-JNI GetEnv version=0x00010002
G4-JNI GetEnv version=0x00010002
G4-JNI GetEnv version=0x00010002
G4-JNI GetEnv version=0x00010002
G4-JNI GetEnv version=0x00010002
G4-JNI GetEnv version=0x00010002
G4-JNI GetEnv version=0x00010002
G4-JNI GetEnv version=0x00010002
G4-JNI GetEnv version=0x00010002
G4-JNI GetEnv version=0x00010002
G4-JNI GetEnv version=0x00010002
G4-JNI GetEnv version=0x00010002
G4-JNI GetEnv version=0x00010002
G4-JNI GetEnv version=0x00010002
G4-JNI GetEnv version=0x00010002
G4-JNI GetEnv version=0x00010002
G4-JNI GetEnv version=0x00010002
G4-JNI GetEnv version=0x00010002
G4-JNI GetEnv version=0x00010002
G4-JNI GetEnv version=0x00010002
G4-JNI GetEnv version=0x00010002
G4-JNI GetEnv version=0x00010002
G4-JNI GetEnv version=0x00010002
G4-JNI GetEnv version=0x00010002
G4-JNI GetEnv version=0x00010002
G4-JNI GetEnv version=0x00010002
G4-JNI GetEnv version=0x00010002
G6-RAW buttons=0x00000400
android[2] trace: ....................(KK) MogaController :: Inside NativeOnMotionEvent

android[2] trace: (KK) MogaController :: Inside NativeOnMotionEvent ....................

G6-MOGA motion frame=14277 axes=-32767,0,0,0,0,0
G6-MOGA dpad-as-stick frame=14277 code=21 state=down
G4-JNI GetEnv version=0x00010002
G4-JNI GetEnv version=0x00010002
G4-JNI GetEnv version=0x00010002
G4-JNI GetEnv version=0x00010002
G4-JNI GetEnv version=0x00010002
G4-JNI GetEnv version=0x00010002
G4-JNI GetEnv version=0x00010002
G4-JNI GetEnv version=0x00010002
G4-JNI GetEnv version=0x00010002
G4-JNI GetEnv version=0x00010002
G4-JNI GetEnv version=0x00010002
G4-JNI GetEnv version=0x00010002
G4-JNI GetEnv version=0x00010002
G4-JNI GetEnv version=0x00010002
G4-JNI GetEnv version=0x00010002
G4-JNI GetEnv version=0x00010002
G4-JNI GetEnv version=0x00010002
G4-JNI GetEnv version=0x00010002
G4-JNI GetEnv version=0x00010002
G4-JNI GetEnv version=0x00010002
G4-JNI GetEnv version=0x00010002
G4-JNI GetEnv version=0x00010002
G4-JNI GetEnv version=0x00010002
G4-JNI GetEnv version=0x00010002
G4-JNI GetEnv version=0x00010002
G4-JNI GetEnv version=0x00010002
G4-JNI GetEnv version=0x00010002
G4-JNI GetEnv version=0x00010002
G4-JNI GetEnv version=0x00010002
G4-JNI GetEnv version=0x00010002
G4-JNI GetEnv version=0x00010002
G4-JNI GetEnv version=0x00010002
G4-JNI GetEnv version=0x00010002
G4-JNI GetEnv version=0x00010002
G4-JNI GetEnv version=0x00010002
G4-JNI GetEnv version=0x00010002
G4-JNI GetEnv version=0x00010002
G4-JNI GetEnv version=0x00010002
G4-JNI GetEnv version=0x00010002
G4-JNI GetEnv version=0x00010002
G4-JNI GetEnv version=0x00010002
G4-JNI GetEnv version=0x00010002
G4-JNI GetEnv version=0x00010002
G4-JNI GetEnv version=0x00010002
G4-JNI GetEnv version=0x00010002
G4-JNI GetEnv version=0x00010002
G4-JNI GetEnv version=0x00010002
G4-JNI GetEnv version=0x00010002
G4-JNI GetEnv version=0x00010002
G4-JNI GetEnv version=0x00010002
G4-JNI GetEnv version=0x00010002
G4-JNI GetEnv version=0x00010002
G4-JNI GetEnv version=0x00010002
G4-JNI GetEnv version=0x00010002
G4-JNI GetEnv version=0x00010002
G4-JNI GetEnv version=0x00010002
G4-JNI GetEnv version=0x00010002
G4-JNI GetEnv version=0x00010002
G6-RAW buttons=0x00000000
android[2] trace: ....................(KK) MogaController :: Inside NativeOnMotionEvent

android[2] trace: (KK) MogaController :: Inside NativeOnMotionEvent ....................

G6-MOGA motion frame=14335 axes=0,0,0,0,0,0
G6-MOGA dpad-as-stick frame=14335 code=21 state=up
G4-JNI GetEnv version=0x00010002
G4-JNI GetEnv version=0x00010002
G4-JNI GetEnv version=0x00010002
G4-JNI GetEnv version=0x00010002
G4-JNI GetEnv version=0x00010002
G4-JNI GetEnv version=0x00010002
G4-JNI GetEnv version=0x00010002
G4-JNI GetEnv version=0x00010002
G4-JNI GetEnv version=0x00010002
G4-JNI GetEnv version=0x00010002
G4-JNI GetEnv version=0x00010002
G4-JNI GetEnv version=0x00010002
G4-JNI GetEnv version=0x00010002
G6-RAW buttons=0x00000400
android[2] trace: ....................(KK) MogaController :: Inside NativeOnMotionEvent

android[2] trace: (KK) MogaController :: Inside NativeOnMotionEvent ....................

G6-MOGA dpad-as-stick frame=14348 code=21 state=down
G4-JNI GetEnv version=0x00010002
G4-JNI GetEnv version=0x00010002
G4-JNI GetEnv version=0x00010002
G4-JNI GetEnv version=0x00010002
G4-JNI GetEnv version=0x00010002
G4-JNI GetEnv version=0x00010002
G4-JNI GetEnv version=0x00010002
G4-JNI GetEnv version=0x00010002
G6-RAW buttons=0x00000000
android[2] trace: ....................(KK) MogaController :: Inside NativeOnMotionEvent

android[2] trace: (KK) MogaController :: Inside NativeOnMotionEvent ....................

G6-MOGA motion frame=14356 axes=0,0,0,0,0,0
G6-MOGA dpad-as-stick frame=14356 code=21 state=up
G4-JNI GetEnv version=0x00010002
G4-JNI GetEnv version=0x00010002
G4-JNI GetEnv version=0x00010002
G4-JNI GetEnv version=0x00010002
G4-JNI GetEnv version=0x00010002
G4-JNI GetEnv version=0x00010002
G4-JNI GetEnv version=0x00010002
G4-JNI GetEnv version=0x00010002
G4-JNI GetEnv version=0x00010002
G4-JNI GetEnv version=0x00010002
G4-JNI GetEnv version=0x00010002
G4-JNI GetEnv version=0x00010002
G4-JNI GetEnv version=0x00010002
G4-JNI GetEnv version=0x00010002
G4-JNI GetEnv version=0x00010002
G6-RAW buttons=0x00000800
android[2] trace: ....................(KK) MogaController :: Inside NativeOnMotionEvent

android[2] trace: (KK) MogaController :: Inside NativeOnMotionEvent ....................

G6-MOGA motion frame=14371 axes=32767,0,0,0,0,0
G6-MOGA dpad-as-stick frame=14371 code=22 state=down
G4-JNI GetEnv version=0x00010002
G4-JNI GetEnv version=0x00010002
G4-JNI GetEnv version=0x00010002
G6-RAW buttons=0x00000802
android[2] trace: MoGaConTrOlLeR :: ....................(KK) MogaController :: Inside nativeOnKeyEvent 

android[2] trace: ....................(KK) MogaController :: Inside nativeOnKeyEvent 96

android[2] trace: MoGaConTrOlLeR :: ....................(KK) Key Event Key A AAAA .....................

android[2] trace: MoGaConTrOlLeR :: ....................(KK) Key Event Key Down .....................

android[2] trace: MoGaConTrOlLeR :: ....................(KK) Listener Key Press .....................

android[2] trace: MoGaConTrOlLeR :: ....................(KK) AndroidKeyCode :: MogaKeyCode (Start of func) .....................

android[2] trace: MoGaConTrOlLeR :: ....................(KK) AndroidKeyCode :: MogaKeyCode Key Press A .....................

android[2] trace: MoGaConTrOlLeR :: ....................(KK) AndroidKeyCode :: MogaKeyCode Key Press A(Drift) Racing True.....................

android[2] trace: MoGaConTrOlLeR :: (KK) MogaController :: Inside nativeOnKeyEvent ....................

G6-MOGA key frame=14374 code=96 state=down
android[2] trace: MoGaConTrOlLeR :: ....................(KK) BaseDrivingControlScheme :: OnEvent .....................

android[2] trace: MoGaConTrOlLeR :: ....................(KK) BaseDrivingControlScheme :: onKeyPress Drift.....................

G4-JNI GetEnv version=0x00010002
G4-JNI GetEnv version=0x00010002
G4-JNI GetEnv version=0x00010002
G4-JNI GetEnv version=0x00010002
G4-JNI GetEnv version=0x00010002
G4-JNI GetEnv version=0x00010002
G4-JNI GetEnv version=0x00010002
G4-JNI GetEnv version=0x00010002
G4-JNI GetEnv version=0x00010002
G4-JNI GetEnv version=0x00010002
G4-JNI GetEnv version=0x00010002
G4-JNI GetEnv version=0x00010002
G6-RAW buttons=0x00000800
android[2] trace: MoGaConTrOlLeR :: ....................(KK) MogaController :: Inside nativeOnKeyEvent 

android[2] trace: ....................(KK) MogaController :: Inside nativeOnKeyEvent 96

android[2] trace: MoGaConTrOlLeR :: ....................(KK) Key Event Key A AAAA .....................

android[2] trace: MoGaConTrOlLeR :: ....................(KK) Key Event Key up .....................

android[2] trace: MoGaConTrOlLeR :: ....................(KK) Listener Key Release .....................

android[2] trace: MoGaConTrOlLeR :: ....................(KK) AndroidKeyCode :: MogaKeyCode (Start of func) .....................

android[2] trace: MoGaConTrOlLeR :: ....................(KK) AndroidKeyCode :: MogaKeyCode Key Press A .....................

android[2] trace: MoGaConTrOlLeR :: ....................(KK) AndroidKeyCode :: MogaKeyCode Key Press A(Drift) Racing True.....................

android[2] trace: MoGaConTrOlLeR :: (KK) MogaController :: Inside nativeOnKeyEvent ....................

G6-MOGA key frame=14386 code=96 state=up
android[2] trace: MoGaConTrOlLeR :: ....................(KK) BaseDrivingControlScheme :: OnEvent .....................

android[2] trace: MoGaConTrOlLeR :: ....................(KK) BaseDrivingControlScheme :: OnKeyRelease Drift.....................

G4-JNI GetEnv version=0x00010002
G4-JNI GetEnv version=0x00010002
G4-JNI GetEnv version=0x00010002
G4-JNI GetEnv version=0x00010002
G4-JNI GetEnv version=0x00010002
G4-JNI GetEnv version=0x00010002
G4-JNI GetEnv version=0x00010002
G4-JNI GetEnv version=0x00010002
G4-JNI GetEnv version=0x00010002
G4-JNI GetEnv version=0x00010002
G4-JNI GetEnv version=0x00010002
G4-JNI GetEnv version=0x00010002
G4-JNI GetEnv version=0x00010002
G4-JNI GetEnv version=0x00010002
G7-FRAME enter=14400
G4-JNI GetEnv version=0x00010002
G5-GL STATE frame=14400 framebuffer=0 status=0x8cd5 errors=1
G7-FRAME leave=14400
G4-JNI GetEnv version=0x00010002
G4-JNI GetEnv version=0x00010002
G4-JNI GetEnv version=0x00010002
G4-JNI GetEnv version=0x00010002
G4-JNI GetEnv version=0x00010002
G6-RAW buttons=0x00000000
android[2] trace: ....................(KK) MogaController :: Inside NativeOnMotionEvent

android[2] trace: (KK) MogaController :: Inside NativeOnMotionEvent ....................

G6-MOGA motion frame=14406 axes=0,0,0,0,0,0
G6-MOGA dpad-as-stick frame=14406 code=22 state=up
G4-JNI GetEnv version=0x00010002
G4-JNI GetEnv version=0x00010002
G4-JNI GetEnv version=0x00010002
G4-JNI GetEnv version=0x00010002
G4-JNI GetEnv version=0x00010002
G4-JNI GetEnv version=0x00010002
G4-JNI GetEnv version=0x00010002
G4-JNI GetEnv version=0x00010002
G4-JNI GetEnv version=0x00010002
G4-JNI GetEnv version=0x00010002
G4-JNI GetEnv version=0x00010002
G4-JNI GetEnv version=0x00010002
G4-JNI GetEnv version=0x00010002
G4-JNI GetEnv version=0x00010002
G4-JNI GetEnv version=0x00010002
G4-JNI GetEnv version=0x00010002
G4-JNI GetEnv version=0x00010002
G4-JNI GetEnv version=0x00010002
G4-JNI GetEnv version=0x00010002
G4-JNI GetEnv version=0x00010002
G4-JNI GetEnv version=0x00010002
G4-JNI GetEnv version=0x00010002
G4-JNI GetEnv version=0x00010002
G4-JNI GetEnv version=0x00010002
G4-JNI GetEnv version=0x00010002
G4-JNI GetEnv version=0x00010002
G4-JNI GetEnv version=0x00010002
G4-JNI GetEnv version=0x00010002
G4-JNI GetEnv version=0x00010002
G4-JNI GetEnv version=0x00010002
G4-JNI GetEnv version=0x00010002
G6-RAW buttons=0x00000800
android[2] trace: ....................(KK) MogaController :: Inside NativeOnMotionEvent

android[2] trace: (KK) MogaController :: Inside NativeOnMotionEvent ....................

G6-MOGA motion frame=14437 axes=32767,0,0,0,0,0
G6-MOGA dpad-as-stick frame=14437 code=22 state=down
G4-JNI GetEnv version=0x00010002
G4-JNI GetEnv version=0x00010002
G4-JNI GetEnv version=0x00010002
G4-JNI GetEnv version=0x00010002
G4-JNI GetEnv version=0x00010002
G4-JNI GetEnv version=0x00010002
G4-JNI GetEnv version=0x00010002
G4-JNI GetEnv version=0x00010002
G4-JNI GetEnv version=0x00010002
G4-JNI GetEnv version=0x00010002
G4-JNI GetEnv version=0x00010002
G4-JNI GetEnv version=0x00010002
G4-JNI GetEnv version=0x00010002
G4-JNI GetEnv version=0x00010002
G6-RAW buttons=0x00000000
android[2] trace: ....................(KK) MogaController :: Inside NativeOnMotionEvent

android[2] trace: (KK) MogaController :: Inside NativeOnMotionEvent ....................

G6-MOGA dpad-as-stick frame=14451 code=22 state=up
G4-JNI GetEnv version=0x00010002
G4-JNI GetEnv version=0x00010002
G4-JNI GetEnv version=0x00010002
G4-JNI GetEnv version=0x00010002
G4-JNI GetEnv version=0x00010002
G4-JNI GetEnv version=0x00010002
G4-JNI GetEnv version=0x00010002
G4-JNI GetEnv version=0x00010002
G4-JNI GetEnv version=0x00010002
G4-JNI GetEnv version=0x00010002
G4-JNI GetEnv version=0x00010002
G4-JNI GetEnv version=0x00010002
G4-JNI GetEnv version=0x00010002
G4-JNI GetEnv version=0x00010002
G4-JNI GetEnv version=0x00010002
G4-JNI GetEnv version=0x00010002
G4-JNI GetEnv version=0x00010002
G4-JNI GetEnv version=0x00010002
G4-JNI GetEnv version=0x00010002
G4-JNI GetEnv version=0x00010002
G4-JNI GetEnv version=0x00010002
G4-JNI GetEnv version=0x00010002
G4-JNI GetEnv version=0x00010002
G4-JNI GetEnv version=0x00010002
G4-JNI GetEnv version=0x00010002
G4-JNI GetEnv version=0x00010002
G4-JNI GetEnv version=0x00010002
G4-JNI GetEnv version=0x00010002
G4-JNI GetEnv version=0x00010002
G4-JNI GetEnv version=0x00010002
G4-JNI GetEnv version=0x00010002
G4-JNI GetEnv version=0x00010002
G4-JNI GetEnv version=0x00010002
G4-JNI GetEnv version=0x00010002
G4-JNI GetEnv version=0x00010002
G4-JNI GetEnv version=0x00010002
G4-JNI GetEnv version=0x00010002
G4-JNI GetEnv version=0x00010002
G4-JNI GetEnv version=0x00010002
G4-JNI GetEnv version=0x00010002
G4-JNI GetEnv version=0x00010002
G4-JNI GetEnv version=0x00010002
G4-JNI GetEnv version=0x00010002
G4-JNI GetEnv version=0x00010002
G4-JNI GetEnv version=0x00010002
G4-JNI GetEnv version=0x00010002
G4-JNI GetEnv version=0x00010002
G4-JNI GetEnv version=0x00010002
G4-JNI GetEnv version=0x00010002
G4-JNI GetEnv version=0x00010002
G4-JNI GetEnv version=0x00010002
G4-JNI GetEnv version=0x00010002
G4-JNI GetEnv version=0x00010002
G4-JNI GetEnv version=0x00010002
G4-JNI GetEnv version=0x00010002
G6-RAW buttons=0x00000800
android[2] trace: ....................(KK) MogaController :: Inside NativeOnMotionEvent

android[2] trace: (KK) MogaController :: Inside NativeOnMotionEvent ....................

G6-MOGA motion frame=14506 axes=32767,0,0,0,0,0
G6-MOGA dpad-as-stick frame=14506 code=22 state=down
G4-JNI GetEnv version=0x00010002
G4-JNI GetEnv version=0x00010002
G4-JNI GetEnv version=0x00010002
G4-JNI GetEnv version=0x00010002
G4-JNI GetEnv version=0x00010002
G4-JNI GetEnv version=0x00010002
G4-JNI GetEnv version=0x00010002
G4-JNI GetEnv version=0x00010002
G4-JNI GetEnv version=0x00010002
G4-JNI GetEnv version=0x00010002
G6-RAW buttons=0x00000000
android[2] trace: ....................(KK) MogaController :: Inside NativeOnMotionEvent

android[2] trace: (KK) MogaController :: Inside NativeOnMotionEvent ....................

G6-MOGA dpad-as-stick frame=14516 code=22 state=up
G4-JNI GetEnv version=0x00010002
G4-JNI GetEnv version=0x00010002
G4-JNI GetEnv version=0x00010002
G4-JNI GetEnv version=0x00010002
G4-JNI GetEnv version=0x00010002
G4-JNI GetEnv version=0x00010002
G4-JNI GetEnv version=0x00010002
G4-JNI GetEnv version=0x00010002
G4-JNI GetEnv version=0x00010002
G4-JNI GetEnv version=0x00010002
G4-JNI GetEnv version=0x00010002
G4-JNI GetEnv version=0x00010002
G4-JNI GetEnv version=0x00010002
G4-JNI GetEnv version=0x00010002
G4-JNI GetEnv version=0x00010002
G4-JNI GetEnv version=0x00010002
G4-JNI GetEnv version=0x00010002
G4-JNI GetEnv version=0x00010002
G4-JNI GetEnv version=0x00010002
G4-JNI GetEnv version=0x00010002
G4-JNI GetEnv version=0x00010002
G4-JNI GetEnv version=0x00010002
G4-JNI GetEnv version=0x00010002
G4-JNI GetEnv version=0x00010002
G4-JNI GetEnv version=0x00010002
G4-JNI GetEnv version=0x00010002
G4-JNI GetEnv version=0x00010002
G4-JNI GetEnv version=0x00010002
G4-JNI GetEnv version=0x00010002
G4-JNI GetEnv version=0x00010002
G4-JNI GetEnv version=0x00010002
G4-JNI GetEnv version=0x00010002
G4-JNI GetEnv version=0x00010002
G4-JNI GetEnv version=0x00010002
G4-JNI GetEnv version=0x00010002
G4-JNI GetEnv version=0x00010002
G4-JNI GetEnv version=0x00010002
G4-JNI GetEnv version=0x00010002
G4-JNI GetEnv version=0x00010002
G4-JNI GetEnv version=0x00010002
G4-JNI GetEnv version=0x00010002
G4-JNI GetEnv version=0x00010002
G4-JNI GetEnv version=0x00010002
G4-JNI GetEnv version=0x00010002
G4-JNI GetEnv version=0x00010002
G4-JNI GetEnv version=0x00010002
G4-JNI GetEnv version=0x00010002
G4-JNI GetEnv version=0x00010002
G4-JNI GetEnv version=0x00010002
G4-JNI GetEnv version=0x00010002
G4-JNI GetEnv version=0x00010002
G6-RAW buttons=0x00000400
android[2] trace: ....................(KK) MogaController :: Inside NativeOnMotionEvent

android[2] trace: (KK) MogaController :: Inside NativeOnMotionEvent ....................

G6-MOGA motion frame=14567 axes=-32767,0,0,0,0,0
G6-MOGA dpad-as-stick frame=14567 code=21 state=down
G4-JNI GetEnv version=0x00010002
G4-JNI GetEnv version=0x00010002
G4-JNI GetEnv version=0x00010002
G4-JNI GetEnv version=0x00010002
G4-JNI GetEnv version=0x00010002
G4-JNI GetEnv version=0x00010002
G4-JNI GetEnv version=0x00010002
G4-JNI GetEnv version=0x00010002
G6-RAW buttons=0x00000000
android[2] trace: ....................(KK) MogaController :: Inside NativeOnMotionEvent

android[2] trace: (KK) MogaController :: Inside NativeOnMotionEvent ....................

G6-MOGA dpad-as-stick frame=14575 code=21 state=up
G4-JNI GetEnv version=0x00010002
G4-JNI GetEnv version=0x00010002
G4-JNI GetEnv version=0x00010002
G4-JNI GetEnv version=0x00010002
G4-JNI GetEnv version=0x00010002
G4-JNI GetEnv version=0x00010002
G4-JNI GetEnv version=0x00010002
G4-JNI GetEnv version=0x00010002
G4-JNI GetEnv version=0x00010002
G4-JNI GetEnv version=0x00010002
G6-RAW buttons=0x00000002
android[2] trace: MoGaConTrOlLeR :: ....................(KK) MogaController :: Inside nativeOnKeyEvent 

android[2] trace: ....................(KK) MogaController :: Inside nativeOnKeyEvent 96

android[2] trace: MoGaConTrOlLeR :: ....................(KK) Key Event Key A AAAA .....................

android[2] trace: MoGaConTrOlLeR :: ....................(KK) Key Event Key Down .....................

android[2] trace: MoGaConTrOlLeR :: ....................(KK) Listener Key Press .....................

android[2] trace: MoGaConTrOlLeR :: ....................(KK) AndroidKeyCode :: MogaKeyCode (Start of func) .....................

android[2] trace: MoGaConTrOlLeR :: ....................(KK) AndroidKeyCode :: MogaKeyCode Key Press A .....................

android[2] trace: MoGaConTrOlLeR :: ....................(KK) AndroidKeyCode :: MogaKeyCode Key Press A(Drift) Racing True.....................

android[2] trace: MoGaConTrOlLeR :: (KK) MogaController :: Inside nativeOnKeyEvent ....................

G6-MOGA key frame=14585 code=96 state=down
android[2] trace: MoGaConTrOlLeR :: ....................(KK) BaseDrivingControlScheme :: OnEvent .....................

android[2] trace: MoGaConTrOlLeR :: ....................(KK) BaseDrivingControlScheme :: onKeyPress Drift.....................

G4-JNI GetEnv version=0x00010002
G4-JNI GetEnv version=0x00010002
G4-JNI GetEnv version=0x00010002
G4-JNI GetEnv version=0x00010002
G4-JNI GetEnv version=0x00010002
G4-JNI GetEnv version=0x00010002
G4-JNI GetEnv version=0x00010002
G4-JNI GetEnv version=0x00010002
G4-JNI GetEnv version=0x00010002
G4-JNI GetEnv version=0x00010002
G4-JNI GetEnv version=0x00010002
G4-JNI GetEnv version=0x00010002
G4-JNI GetEnv version=0x00010002
G4-JNI GetEnv version=0x00010002
G4-JNI GetEnv version=0x00010002
G4-JNI GetEnv version=0x00010002
G4-JNI GetEnv version=0x00010002
G4-JNI GetEnv version=0x00010002
G4-JNI GetEnv version=0x00010002
G4-JNI GetEnv version=0x00010002
G4-JNI GetEnv version=0x00010002
G4-JNI GetEnv version=0x00010002
G4-JNI GetEnv version=0x00010002
G4-JNI GetEnv version=0x00010002
G4-JNI GetEnv version=0x00010002
G4-JNI GetEnv version=0x00010002
G6-RAW buttons=0x00000000
android[2] trace: MoGaConTrOlLeR :: ....................(KK) MogaController :: Inside nativeOnKeyEvent 

android[2] trace: ....................(KK) MogaController :: Inside nativeOnKeyEvent 96

android[2] trace: MoGaConTrOlLeR :: ....................(KK) Key Event Key A AAAA .....................

android[2] trace: MoGaConTrOlLeR :: ....................(KK) Key Event Key up .....................

android[2] trace: MoGaConTrOlLeR :: ....................(KK) Listener Key Release .....................

android[2] trace: MoGaConTrOlLeR :: ....................(KK) AndroidKeyCode :: MogaKeyCode (Start of func) .....................

android[2] trace: MoGaConTrOlLeR :: ....................(KK) AndroidKeyCode :: MogaKeyCode Key Press A .....................

android[2] trace: MoGaConTrOlLeR :: ....................(KK) AndroidKeyCode :: MogaKeyCode Key Press A(Drift) Racing True.....................

android[2] trace: MoGaConTrOlLeR :: (KK) MogaController :: Inside nativeOnKeyEvent ....................

G6-MOGA key frame=14611 code=96 state=up
android[2] trace: MoGaConTrOlLeR :: ....................(KK) BaseDrivingControlScheme :: OnEvent .....................

android[2] trace: MoGaConTrOlLeR :: ....................(KK) BaseDrivingControlScheme :: OnKeyRelease Drift.....................

G4-JNI GetEnv version=0x00010002
G4-JNI GetEnv version=0x00010002
G4-JNI GetEnv version=0x00010002
G4-JNI GetEnv version=0x00010002
G4-JNI GetEnv version=0x00010002
G4-JNI GetEnv version=0x00010002
G6-RAW buttons=0x00000800
android[2] trace: ....................(KK) MogaController :: Inside NativeOnMotionEvent

android[2] trace: (KK) MogaController :: Inside NativeOnMotionEvent ....................

G6-MOGA motion frame=14617 axes=32767,0,0,0,0,0
G6-MOGA dpad-as-stick frame=14617 code=22 state=down
G4-JNI GetEnv version=0x00010002
G4-JNI GetEnv version=0x00010002
G4-JNI GetEnv version=0x00010002
G4-JNI GetEnv version=0x00010002
G4-JNI GetEnv version=0x00010002
G6-RAW buttons=0x00000000
android[2] trace: ....................(KK) MogaController :: Inside NativeOnMotionEvent

android[2] trace: (KK) MogaController :: Inside NativeOnMotionEvent ....................

G6-MOGA dpad-as-stick frame=14622 code=22 state=up
G4-JNI GetEnv version=0x00010002
G4-JNI GetEnv version=0x00010002
G4-JNI GetEnv version=0x00010002
G4-JNI GetEnv version=0x00010002
G4-JNI GetEnv version=0x00010002
G4-JNI GetEnv version=0x00010002
G4-JNI GetEnv version=0x00010002
G4-JNI GetEnv version=0x00010002
G4-JNI GetEnv version=0x00010002
G4-JNI GetEnv version=0x00010002
G6-RAW buttons=0x00000001
android[2] trace: MoGaConTrOlLeR :: ....................(KK) MogaController :: Inside nativeOnKeyEvent 

android[2] trace: ....................(KK) MogaController :: Inside nativeOnKeyEvent 97

android[2] trace: MoGaConTrOlLeR :: ....................(KK) Key Event Key B BBBB .....................

android[2] trace: MoGaConTrOlLeR :: ....................(KK) Key Event Key Down .....................

android[2] trace: MoGaConTrOlLeR :: ....................(KK) Listener Key Press .....................

android[2] trace: MoGaConTrOlLeR :: ....................(KK) AndroidKeyCode :: MogaKeyCode (Start of func) .....................

android[2] trace: MoGaConTrOlLeR :: ....................(KK) AndroidKeyCode :: MogaKeyCode Key Press B .....................

android[2] trace: MoGaConTrOlLeR :: (KK) MogaController :: Inside nativeOnKeyEvent ....................

G6-MOGA key frame=14632 code=97 state=down
android[2] trace: MoGaConTrOlLeR :: ....................(KK) BaseDrivingControlScheme :: OnEvent .....................

android[2] trace: MoGaConTrOlLeR :: ....................(KK) BaseDrivingControlScheme :: onKeyPress Nothing :( .....................

G4-JNI GetEnv version=0x00010002
G4-JNI GetEnv version=0x00010002
G4-JNI GetEnv version=0x00010002
G4-JNI GetEnv version=0x00010002
G4-JNI GetEnv version=0x00010002
G4-JNI GetEnv version=0x00010002
G4-JNI GetEnv version=0x00010002
G4-JNI GetEnv version=0x00010002
G4-JNI GetEnv version=0x00010002
G4-JNI GetEnv version=0x00010002
G4-JNI GetEnv version=0x00010002
G4-JNI GetEnv version=0x00010002
G4-JNI GetEnv version=0x00010002
G6-RAW buttons=0x00000000
android[2] trace: MoGaConTrOlLeR :: ....................(KK) MogaController :: Inside nativeOnKeyEvent 

android[2] trace: ....................(KK) MogaController :: Inside nativeOnKeyEvent 97

android[2] trace: MoGaConTrOlLeR :: ....................(KK) Key Event Key B BBBB .....................

android[2] trace: MoGaConTrOlLeR :: ....................(KK) Key Event Key up .....................

android[2] trace: MoGaConTrOlLeR :: ....................(KK) Listener Key Release .....................

android[2] trace: MoGaConTrOlLeR :: ....................(KK) AndroidKeyCode :: MogaKeyCode (Start of func) .....................

android[2] trace: MoGaConTrOlLeR :: ....................(KK) AndroidKeyCode :: MogaKeyCode Key Press B .....................

android[2] trace: MoGaConTrOlLeR :: (KK) MogaController :: Inside nativeOnKeyEvent ....................

G6-MOGA key frame=14645 code=97 state=up
android[2] trace: MoGaConTrOlLeR :: ....................(KK) BaseDrivingControlScheme :: OnEvent .....................

android[2] trace: MoGaConTrOlLeR :: ....................(KK) BaseDrivingControlScheme :: OnKeyRelease Nothing :( .....................

G4-JNI GetEnv version=0x00010002
G4-JNI GetEnv version=0x00010002
G4-JNI GetEnv version=0x00010002
G4-JNI GetEnv version=0x00010002
G4-JNI GetEnv version=0x00010002
G4-JNI GetEnv version=0x00010002
G4-JNI GetEnv version=0x00010002
G4-JNI GetEnv version=0x00010002
G4-JNI GetEnv version=0x00010002
G4-JNI GetEnv version=0x00010002
G4-JNI GetEnv version=0x00010002
G4-JNI GetEnv version=0x00010002
G4-JNI GetEnv version=0x00010002
G4-JNI GetEnv version=0x00010002
G4-JNI GetEnv version=0x00010002
G4-JNI GetEnv version=0x00010002
G4-JNI GetEnv version=0x00010002
G4-JNI GetEnv version=0x00010002
G6-RAW buttons=0x00000001
android[2] trace: MoGaConTrOlLeR :: ....................(KK) MogaController :: Inside nativeOnKeyEvent 

android[2] trace: ....................(KK) MogaController :: Inside nativeOnKeyEvent 97

android[2] trace: MoGaConTrOlLeR :: ....................(KK) Key Event Key B BBBB .....................

android[2] trace: MoGaConTrOlLeR :: ....................(KK) Key Event Key Down .....................

android[2] trace: MoGaConTrOlLeR :: ....................(KK) Listener Key Press .....................

android[2] trace: MoGaConTrOlLeR :: ....................(KK) AndroidKeyCode :: MogaKeyCode (Start of func) .....................

android[2] trace: MoGaConTrOlLeR :: ....................(KK) AndroidKeyCode :: MogaKeyCode Key Press B .....................

android[2] trace: MoGaConTrOlLeR :: (KK) MogaController :: Inside nativeOnKeyEvent ....................

G6-MOGA key frame=14663 code=97 state=down
android[2] trace: MoGaConTrOlLeR :: ....................(KK) BaseDrivingControlScheme :: OnEvent .....................

android[2] trace: MoGaConTrOlLeR :: ....................(KK) BaseDrivingControlScheme :: onKeyPress Nothing :( .....................

G4-JNI GetEnv version=0x00010002
G4-JNI GetEnv version=0x00010002
G4-JNI GetEnv version=0x00010002
G4-JNI GetEnv version=0x00010002
G4-JNI GetEnv version=0x00010002
G4-JNI GetEnv version=0x00010002
G4-JNI GetEnv version=0x00010002
G4-JNI GetEnv version=0x00010002
G4-JNI GetEnv version=0x00010002
G4-JNI GetEnv version=0x00010002
G4-JNI GetEnv version=0x00010002
G4-JNI GetEnv version=0x00010002
G4-JNI GetEnv version=0x00010002
G6-RAW buttons=0x00000000
android[2] trace: MoGaConTrOlLeR :: ....................(KK) MogaController :: Inside nativeOnKeyEvent 

android[2] trace: ....................(KK) MogaController :: Inside nativeOnKeyEvent 97

android[2] trace: MoGaConTrOlLeR :: ....................(KK) Key Event Key B BBBB .....................

android[2] trace: MoGaConTrOlLeR :: ....................(KK) Key Event Key up .....................

android[2] trace: MoGaConTrOlLeR :: ....................(KK) Listener Key Release .....................

android[2] trace: MoGaConTrOlLeR :: ....................(KK) AndroidKeyCode :: MogaKeyCode (Start of func) .....................

android[2] trace: MoGaConTrOlLeR :: ....................(KK) AndroidKeyCode :: MogaKeyCode Key Press B .....................

android[2] trace: MoGaConTrOlLeR :: (KK) MogaController :: Inside nativeOnKeyEvent ....................

G6-MOGA key frame=14676 code=97 state=up
android[2] trace: MoGaConTrOlLeR :: ....................(KK) BaseDrivingControlScheme :: OnEvent .....................

android[2] trace: MoGaConTrOlLeR :: ....................(KK) BaseDrivingControlScheme :: OnKeyRelease Nothing :( .....................

G4-JNI GetEnv version=0x00010002
G4-JNI GetEnv version=0x00010002
G6-RAW buttons=0x00000800
android[2] trace: ....................(KK) MogaController :: Inside NativeOnMotionEvent

android[2] trace: (KK) MogaController :: Inside NativeOnMotionEvent ....................

G6-MOGA motion frame=14678 axes=32767,0,0,0,0,0
G6-MOGA dpad-as-stick frame=14678 code=22 state=down
G4-JNI GetEnv version=0x00010002
G4-JNI GetEnv version=0x00010002
G4-JNI GetEnv version=0x00010002
G4-JNI GetEnv version=0x00010002
G4-JNI GetEnv version=0x00010002
G4-JNI GetEnv version=0x00010002
G4-JNI GetEnv version=0x00010002
G4-JNI GetEnv version=0x00010002
G4-JNI GetEnv version=0x00010002
G4-JNI GetEnv version=0x00010002
G4-JNI GetEnv version=0x00010002
G6-RAW buttons=0x00000000
android[2] trace: ....................(KK) MogaController :: Inside NativeOnMotionEvent

android[2] trace: (KK) MogaController :: Inside NativeOnMotionEvent ....................

G6-MOGA dpad-as-stick frame=14689 code=22 state=up
G4-JNI GetEnv version=0x00010002
G4-JNI GetEnv version=0x00010002
G4-JNI GetEnv version=0x00010002
G4-JNI GetEnv version=0x00010002
G4-JNI GetEnv version=0x00010002
G4-JNI GetEnv version=0x00010002
G4-JNI GetEnv version=0x00010002
G4-JNI GetEnv version=0x00010002
G4-JNI GetEnv version=0x00010002
G4-JNI GetEnv version=0x00010002
G4-JNI GetEnv version=0x00010002
G7-FRAME enter=14700
G4-JNI GetEnv version=0x00010002
G5-GL STATE frame=14700 framebuffer=0 status=0x8cd5 errors=1
G7-FRAME leave=14700
G4-JNI GetEnv version=0x00010002
G4-JNI GetEnv version=0x00010002
G4-JNI GetEnv version=0x00010002
G4-JNI GetEnv version=0x00010002
G4-JNI GetEnv version=0x00010002
G4-JNI GetEnv version=0x00010002
G4-JNI GetEnv version=0x00010002
G4-JNI GetEnv version=0x00010002
G4-JNI GetEnv version=0x00010002
G6-RAW buttons=0x00000002
android[2] trace: MoGaConTrOlLeR :: ....................(KK) MogaController :: Inside nativeOnKeyEvent 

android[2] trace: ....................(KK) MogaController :: Inside nativeOnKeyEvent 96

android[2] trace: MoGaConTrOlLeR :: ....................(KK) Key Event Key A AAAA .....................

android[2] trace: MoGaConTrOlLeR :: ....................(KK) Key Event Key Down .....................

android[2] trace: MoGaConTrOlLeR :: ....................(KK) Listener Key Press .....................

android[2] trace: MoGaConTrOlLeR :: ....................(KK) AndroidKeyCode :: MogaKeyCode (Start of func) .....................

android[2] trace: MoGaConTrOlLeR :: ....................(KK) AndroidKeyCode :: MogaKeyCode Key Press A .....................

android[2] trace: MoGaConTrOlLeR :: ....................(KK) AndroidKeyCode :: MogaKeyCode Key Press A(Drift) Racing True.....................

android[2] trace: MoGaConTrOlLeR :: (KK) MogaController :: Inside nativeOnKeyEvent ....................

G6-MOGA key frame=14710 code=96 state=down
android[2] trace: MoGaConTrOlLeR :: ....................(KK) BaseDrivingControlScheme :: OnEvent .....................

android[2] trace: MoGaConTrOlLeR :: ....................(KK) BaseDrivingControlScheme :: onKeyPress Drift.....................

G4-JNI GetEnv version=0x00010002
G4-JNI GetEnv version=0x00010002
G4-JNI GetEnv version=0x00010002
G4-JNI GetEnv version=0x00010002
G4-JNI GetEnv version=0x00010002
G4-JNI GetEnv version=0x00010002
G4-JNI GetEnv version=0x00010002
G4-JNI GetEnv version=0x00010002
G4-JNI GetEnv version=0x00010002
G4-JNI GetEnv version=0x00010002
G4-JNI GetEnv version=0x00010002
G4-JNI GetEnv version=0x00010002
G4-JNI GetEnv version=0x00010002
G4-JNI GetEnv version=0x00010002
G4-JNI GetEnv version=0x00010002
G4-JNI GetEnv version=0x00010002
G6-RAW buttons=0x00000400
android[2] trace: ....................(KK) MogaController :: Inside NativeOnMotionEvent

android[2] trace: (KK) MogaController :: Inside NativeOnMotionEvent ....................

G6-MOGA motion frame=14726 axes=-32767,0,0,0,0,0
android[2] trace: MoGaConTrOlLeR :: ....................(KK) MogaController :: Inside nativeOnKeyEvent 

android[2] trace: ....................(KK) MogaController :: Inside nativeOnKeyEvent 96

android[2] trace: MoGaConTrOlLeR :: ....................(KK) Key Event Key A AAAA .....................

android[2] trace: MoGaConTrOlLeR :: ....................(KK) Key Event Key up .....................

android[2] trace: MoGaConTrOlLeR :: ....................(KK) Listener Key Release .....................

android[2] trace: MoGaConTrOlLeR :: ....................(KK) AndroidKeyCode :: MogaKeyCode (Start of func) .....................

android[2] trace: MoGaConTrOlLeR :: ....................(KK) AndroidKeyCode :: MogaKeyCode Key Press A .....................

android[2] trace: MoGaConTrOlLeR :: ....................(KK) AndroidKeyCode :: MogaKeyCode Key Press A(Drift) Racing True.....................

android[2] trace: MoGaConTrOlLeR :: (KK) MogaController :: Inside nativeOnKeyEvent ....................

G6-MOGA key frame=14726 code=96 state=up
G6-MOGA dpad-as-stick frame=14726 code=21 state=down
android[2] trace: MoGaConTrOlLeR :: ....................(KK) BaseDrivingControlScheme :: OnEvent .....................

android[2] trace: MoGaConTrOlLeR :: ....................(KK) BaseDrivingControlScheme :: OnKeyRelease Drift.....................

G4-JNI GetEnv version=0x00010002
G4-JNI GetEnv version=0x00010002
G4-JNI GetEnv version=0x00010002
G4-JNI GetEnv version=0x00010002
G4-JNI GetEnv version=0x00010002
G4-JNI GetEnv version=0x00010002
G4-JNI GetEnv version=0x00010002
G4-JNI GetEnv version=0x00010002
G4-JNI GetEnv version=0x00010002
G4-JNI GetEnv version=0x00010002
G4-JNI GetEnv version=0x00010002
G4-JNI GetEnv version=0x00010002
G4-JNI GetEnv version=0x00010002
G4-JNI GetEnv version=0x00010002
G4-JNI GetEnv version=0x00010002
G6-RAW buttons=0x00000000
android[2] trace: ....................(KK) MogaController :: Inside NativeOnMotionEvent

android[2] trace: (KK) MogaController :: Inside NativeOnMotionEvent ....................

G6-MOGA motion frame=14741 axes=0,0,0,0,0,0
G6-MOGA dpad-as-stick frame=14741 code=21 state=up
G4-JNI GetEnv version=0x00010002
G4-JNI GetEnv version=0x00010002
G4-JNI GetEnv version=0x00010002
G4-JNI GetEnv version=0x00010002
G4-JNI GetEnv version=0x00010002
G4-JNI GetEnv version=0x00010002
G4-JNI GetEnv version=0x00010002
G4-JNI GetEnv version=0x00010002
G4-JNI GetEnv version=0x00010002
G4-JNI GetEnv version=0x00010002
G4-JNI GetEnv version=0x00010002
G4-JNI GetEnv version=0x00010002
G4-JNI GetEnv version=0x00010002
android[2] trace: [AUTOLOG QUERY] Server: Blaze     Call: /nfs-2013-android/util/ping

G4-JNI GetEnv version=0x00010002
G4-JNI GetEnv version=0x00010002
G4-JNI GetEnv version=0x00010002
G4-JNI GetEnv version=0x00010002
G4-JNI GetEnv version=0x00010002
G4-JNI GetEnv version=0x00010002
G4-JNI GetEnv version=0x00010002
G4-JNI GetEnv version=0x00010002
G4-JNI GetEnv version=0x00010002
G4-JNI GetEnv version=0x00010002
G4-JNI GetEnv version=0x00010002
G4-JNI GetEnv version=0x00010002
G4-JNI GetEnv version=0x00010002
G4-JNI GetEnv version=0x00010002
G4-JNI GetEnv version=0x00010002
G4-JNI GetEnv version=0x00010002
G4-JNI GetEnv version=0x00010002
G4-JNI GetEnv version=0x00010002
G4-JNI GetEnv version=0x00010002
G4-JNI GetEnv version=0x00010002
G4-JNI GetEnv version=0x00010002
G4-JNI GetEnv version=0x00010002
G4-JNI GetEnv version=0x00010002
G4-JNI GetEnv version=0x00010002
G4-JNI GetEnv version=0x00010002
G4-JNI GetEnv version=0x00010002
G4-JNI GetEnv version=0x00010002
G4-JNI GetEnv version=0x00010002
android[2] trace: ....................(KK) MogaController :: Inside NativeOnMotionEvent

android[2] trace: (KK) MogaController :: Inside NativeOnMotionEvent ....................

G6-MOGA motion frame=14782 axes=32767,0,0,0,0,0
G4-JNI GetEnv version=0x00010002
G4-JNI GetEnv version=0x00010002
G4-JNI GetEnv version=0x00010002
G4-JNI GetEnv version=0x00010002
G4-JNI GetEnv version=0x00010002
G4-JNI GetEnv version=0x00010002
G4-JNI GetEnv version=0x00010002
G4-JNI GetEnv version=0x00010002
G4-JNI GetEnv version=0x00010002
android[2] trace: ....................(KK) MogaController :: Inside NativeOnMotionEvent

android[2] trace: (KK) MogaController :: Inside NativeOnMotionEvent ....................

G4-JNI GetEnv version=0x00010002
G4-JNI GetEnv version=0x00010002
G4-JNI GetEnv version=0x00010002
G4-JNI GetEnv version=0x00010002
G4-JNI GetEnv version=0x00010002
G4-JNI GetEnv version=0x00010002
G4-JNI GetEnv version=0x00010002
G4-JNI GetEnv version=0x00010002
G4-JNI GetEnv version=0x00010002
G4-JNI GetEnv version=0x00010002
G4-JNI GetEnv version=0x00010002
G4-JNI GetEnv version=0x00010002
G4-JNI GetEnv version=0x00010002
G4-JNI GetEnv version=0x00010002
G4-JNI GetEnv version=0x00010002
G4-JNI GetEnv version=0x00010002
G4-JNI GetEnv version=0x00010002
G4-JNI GetEnv version=0x00010002
G4-JNI GetEnv version=0x00010002
G4-JNI GetEnv version=0x00010002
G4-JNI GetEnv version=0x00010002
G4-JNI GetEnv version=0x00010002
G4-JNI GetEnv version=0x00010002
G4-JNI GetEnv version=0x00010002
G4-JNI GetEnv version=0x00010002
G4-JNI GetEnv version=0x00010002
G4-JNI GetEnv version=0x00010002
G4-JNI GetEnv version=0x00010002
G4-JNI GetEnv version=0x00010002
G4-JNI GetEnv version=0x00010002
G4-JNI GetEnv version=0x00010002
G4-JNI GetEnv version=0x00010002
G4-JNI GetEnv version=0x00010002
G4-JNI GetEnv version=0x00010002
G4-JNI GetEnv version=0x00010002
android[2] trace: ....................(KK) MogaController :: Inside NativeOnMotionEvent

android[2] trace: (KK) MogaController :: Inside NativeOnMotionEvent ....................

G6-MOGA motion frame=14826 axes=32767,0,0,0,0,0
G4-JNI GetEnv version=0x00010002
G4-JNI GetEnv version=0x00010002
G4-JNI GetEnv version=0x00010002
G4-JNI GetEnv version=0x00010002
G4-JNI GetEnv version=0x00010002
G4-JNI GetEnv version=0x00010002
G4-JNI GetEnv version=0x00010002
G4-JNI GetEnv version=0x00010002
G4-JNI GetEnv version=0x00010002
G4-JNI GetEnv version=0x00010002
G4-JNI GetEnv version=0x00010002
G4-JNI GetEnv version=0x00010002
G4-JNI GetEnv version=0x00010002
G4-JNI GetEnv version=0x00010002
G4-JNI GetEnv version=0x00010002
G4-JNI GetEnv version=0x00010002
G4-JNI GetEnv version=0x00010002
G4-JNI GetEnv version=0x00010002
G4-JNI GetEnv version=0x00010002
G4-JNI GetEnv version=0x00010002
G4-JNI GetEnv version=0x00010002
G4-JNI GetEnv version=0x00010002
G4-JNI GetEnv version=0x00010002
G4-JNI GetEnv version=0x00010002
G4-JNI GetEnv version=0x00010002
G4-JNI GetEnv version=0x00010002
G4-JNI GetEnv version=0x00010002
G4-JNI GetEnv version=0x00010002
G4-JNI GetEnv version=0x00010002
G4-JNI GetEnv version=0x00010002
G4-JNI GetEnv version=0x00010002
G6-RAW buttons=0x00000002
android[2] trace: MoGaConTrOlLeR :: ....................(KK) MogaController :: Inside nativeOnKeyEvent 

android[2] trace: ....................(KK) MogaController :: Inside nativeOnKeyEvent 96

android[2] trace: MoGaConTrOlLeR :: ....................(KK) Key Event Key A AAAA .....................

android[2] trace: MoGaConTrOlLeR :: ....................(KK) Key Event Key Down .....................

android[2] trace: MoGaConTrOlLeR :: ....................(KK) Listener Key Press .....................

android[2] trace: MoGaConTrOlLeR :: ....................(KK) AndroidKeyCode :: MogaKeyCode (Start of func) .....................

android[2] trace: MoGaConTrOlLeR :: ....................(KK) AndroidKeyCode :: MogaKeyCode Key Press A .....................

android[2] trace: MoGaConTrOlLeR :: ....................(KK) AndroidKeyCode :: MogaKeyCode Key Press A(Drift) Racing True.....................

android[2] trace: MoGaConTrOlLeR :: (KK) MogaController :: Inside nativeOnKeyEvent ....................

G6-MOGA key frame=14857 code=96 state=down
android[2] trace: MoGaConTrOlLeR :: ....................(KK) BaseDrivingControlScheme :: OnEvent .....................

android[2] trace: MoGaConTrOlLeR :: ....................(KK) BaseDrivingControlScheme :: onKeyPress Drift.....................

G4-JNI GetEnv version=0x00010002
G4-JNI GetEnv version=0x00010002
G4-JNI GetEnv version=0x00010002
G4-JNI GetEnv version=0x00010002
G4-JNI GetEnv version=0x00010002
G4-JNI GetEnv version=0x00010002
G4-JNI GetEnv version=0x00010002
G4-JNI GetEnv version=0x00010002
G4-JNI GetEnv version=0x00010002
G4-JNI GetEnv version=0x00010002
G4-JNI GetEnv version=0x00010002
G6-RAW buttons=0x00000000
android[2] trace: MoGaConTrOlLeR :: ....................(KK) MogaController :: Inside nativeOnKeyEvent 

android[2] trace: ....................(KK) MogaController :: Inside nativeOnKeyEvent 96

android[2] trace: MoGaConTrOlLeR :: ....................(KK) Key Event Key A AAAA .....................

android[2] trace: MoGaConTrOlLeR :: ....................(KK) Key Event Key up .....................

android[2] trace: MoGaConTrOlLeR :: ....................(KK) Listener Key Release .....................

android[2] trace: MoGaConTrOlLeR :: ....................(KK) AndroidKeyCode :: MogaKeyCode (Start of func) .....................

android[2] trace: MoGaConTrOlLeR :: ....................(KK) AndroidKeyCode :: MogaKeyCode Key Press A .....................

android[2] trace: MoGaConTrOlLeR :: ....................(KK) AndroidKeyCode :: MogaKeyCode Key Press A(Drift) Racing True.....................

android[2] trace: MoGaConTrOlLeR :: (KK) MogaController :: Inside nativeOnKeyEvent ....................

G6-MOGA key frame=14868 code=96 state=up
android[2] trace: MoGaConTrOlLeR :: ....................(KK) BaseDrivingControlScheme :: OnEvent .....................

android[2] trace: MoGaConTrOlLeR :: ....................(KK) BaseDrivingControlScheme :: OnKeyRelease Drift.....................

G4-JNI GetEnv version=0x00010002
G4-JNI GetEnv version=0x00010002
G4-JNI GetEnv version=0x00010002
G4-JNI GetEnv version=0x00010002
android[2] trace: ....................(KK) MogaController :: Inside NativeOnMotionEvent

android[2] trace: (KK) MogaController :: Inside NativeOnMotionEvent ....................

G6-MOGA motion frame=14872 axes=0,0,0,0,0,0
G4-JNI GetEnv version=0x00010002
G4-JNI GetEnv version=0x00010002
G4-JNI GetEnv version=0x00010002
G4-JNI GetEnv version=0x00010002
G4-JNI GetEnv version=0x00010002
G4-JNI GetEnv version=0x00010002
G4-JNI GetEnv version=0x00010002
G4-JNI GetEnv version=0x00010002
G4-JNI GetEnv version=0x00010002
G4-JNI GetEnv version=0x00010002
G4-JNI GetEnv version=0x00010002
G4-JNI GetEnv version=0x00010002
G4-JNI GetEnv version=0x00010002
android[2] trace: ....................(KK) MogaController :: Inside NativeOnMotionEvent

android[2] trace: (KK) MogaController :: Inside NativeOnMotionEvent ....................

G4-JNI GetEnv version=0x00010002
G4-JNI GetEnv version=0x00010002
G4-JNI GetEnv version=0x00010002
G4-JNI GetEnv version=0x00010002
G4-JNI GetEnv version=0x00010002
G4-JNI GetEnv version=0x00010002
G4-JNI GetEnv version=0x00010002
G4-JNI GetEnv version=0x00010002
G4-JNI GetEnv version=0x00010002
G4-JNI GetEnv version=0x00010002
G4-JNI GetEnv version=0x00010002
G4-JNI GetEnv version=0x00010002
G4-JNI GetEnv version=0x00010002
G4-JNI GetEnv version=0x00010002
G4-JNI GetEnv version=0x00010002
G4-JNI GetEnv version=0x00010002
android[2] trace: ....................(KK) MogaController :: Inside NativeOnMotionEvent

android[2] trace: (KK) MogaController :: Inside NativeOnMotionEvent ....................

G6-MOGA motion frame=14901 axes=0,0,0,0,0,0
G4-JNI GetEnv version=0x00010002
G4-JNI GetEnv version=0x00010002
G4-JNI GetEnv version=0x00010002
G4-JNI GetEnv version=0x00010002
G4-JNI GetEnv version=0x00010002
G4-JNI GetEnv version=0x00010002
G4-JNI GetEnv version=0x00010002
G4-JNI GetEnv version=0x00010002
G4-JNI GetEnv version=0x00010002
G4-JNI GetEnv version=0x00010002
G4-JNI GetEnv version=0x00010002
G4-JNI GetEnv version=0x00010002
G4-JNI GetEnv version=0x00010002
G4-JNI GetEnv version=0x00010002
G4-JNI GetEnv version=0x00010002
G4-JNI GetEnv version=0x00010002
G4-JNI GetEnv version=0x00010002
G4-JNI GetEnv version=0x00010002
android[2] trace: ....................(KK) MogaController :: Inside NativeOnMotionEvent

android[2] trace: (KK) MogaController :: Inside NativeOnMotionEvent ....................

G6-MOGA motion frame=14919 axes=32767,0,0,0,0,0
G4-JNI GetEnv version=0x00010002
G4-JNI GetEnv version=0x00010002
G4-JNI GetEnv version=0x00010002
G4-JNI GetEnv version=0x00010002
G4-JNI GetEnv version=0x00010002
G4-JNI GetEnv version=0x00010002
G4-JNI GetEnv version=0x00010002
G4-JNI GetEnv version=0x00010002
G4-JNI GetEnv version=0x00010002
G4-JNI GetEnv version=0x00010002
G4-JNI GetEnv version=0x00010002
G4-JNI GetEnv version=0x00010002
G4-JNI GetEnv version=0x00010002
G4-JNI GetEnv version=0x00010002
G4-JNI GetEnv version=0x00010002
G4-JNI GetEnv version=0x00010002
G4-JNI GetEnv version=0x00010002
G4-JNI GetEnv version=0x00010002
G4-JNI GetEnv version=0x00010002
G4-JNI GetEnv version=0x00010002
G4-JNI GetEnv version=0x00010002
G4-JNI GetEnv version=0x00010002
G4-JNI GetEnv version=0x00010002
G4-JNI GetEnv version=0x00010002
android[2] trace: ....................(KK) MogaController :: Inside NativeOnMotionEvent

android[2] trace: (KK) MogaController :: Inside NativeOnMotionEvent ....................

G6-MOGA motion frame=14943 axes=0,0,0,0,0,0
G4-JNI GetEnv version=0x00010002
G4-JNI GetEnv version=0x00010002
G4-JNI GetEnv version=0x00010002
G4-JNI GetEnv version=0x00010002
G4-JNI GetEnv version=0x00010002
G4-JNI GetEnv version=0x00010002
android[2] trace: ....................(KK) MogaController :: Inside NativeOnMotionEvent

android[2] trace: (KK) MogaController :: Inside NativeOnMotionEvent ....................

G4-JNI GetEnv version=0x00010002
G4-JNI GetEnv version=0x00010002
G4-JNI GetEnv version=0x00010002
G4-JNI GetEnv version=0x00010002
G4-JNI GetEnv version=0x00010002
G4-JNI GetEnv version=0x00010002
G4-JNI GetEnv version=0x00010002
G4-JNI GetEnv version=0x00010002
G4-JNI GetEnv version=0x00010002
G4-JNI GetEnv version=0x00010002
G4-JNI GetEnv version=0x00010002
G4-JNI GetEnv version=0x00010002
G4-JNI GetEnv version=0x00010002
G4-JNI GetEnv version=0x00010002
G4-JNI GetEnv version=0x00010002
G4-JNI GetEnv version=0x00010002
G4-JNI GetEnv version=0x00010002
G4-JNI GetEnv version=0x00010002
G4-JNI GetEnv version=0x00010002
G4-JNI GetEnv version=0x00010002
G4-JNI GetEnv version=0x00010002
G4-JNI GetEnv version=0x00010002
G4-JNI GetEnv version=0x00010002
G4-JNI GetEnv version=0x00010002
G4-JNI GetEnv version=0x00010002
G4-JNI GetEnv version=0x00010002
G4-JNI GetEnv version=0x00010002
G4-JNI GetEnv version=0x00010002
G4-JNI GetEnv version=0x00010002
android[2] trace: ....................(KK) MogaController :: Inside NativeOnMotionEvent

android[2] trace: (KK) MogaController :: Inside NativeOnMotionEvent ....................

G6-MOGA motion frame=14978 axes=0,0,0,0,0,0
G4-JNI GetEnv version=0x00010002
G4-JNI GetEnv version=0x00010002
G4-JNI GetEnv version=0x00010002
G4-JNI GetEnv version=0x00010002
G4-JNI GetEnv version=0x00010002
G4-JNI GetEnv version=0x00010002
G4-JNI GetEnv version=0x00010002
G4-JNI GetEnv version=0x00010002
android[2] trace: ....................(KK) MogaController :: Inside NativeOnMotionEvent

android[2] trace: (KK) MogaController :: Inside NativeOnMotionEvent ....................

G4-JNI GetEnv version=0x00010002
G4-JNI GetEnv version=0x00010002
G4-JNI GetEnv version=0x00010002
G4-JNI GetEnv version=0x00010002
G4-JNI GetEnv version=0x00010002
G4-JNI GetEnv version=0x00010002
G4-JNI GetEnv version=0x00010002
G4-JNI GetEnv version=0x00010002
G4-JNI GetEnv version=0x00010002
G4-JNI GetEnv version=0x00010002
android[2] trace: ....................(KK) MogaController :: Inside NativeOnMotionEvent

android[2] trace: (KK) MogaController :: Inside NativeOnMotionEvent ....................

G6-MOGA motion frame=14996 axes=0,0,0,0,0,0
G4-JNI GetEnv version=0x00010002
G4-JNI GetEnv version=0x00010002
G4-JNI GetEnv version=0x00010002
G4-JNI GetEnv version=0x00010002
G7-FRAME enter=15000
G4-JNI GetEnv version=0x00010002
G5-GL STATE frame=15000 framebuffer=0 status=0x8cd5 errors=1
G7-FRAME leave=15000
G4-JNI GetEnv version=0x00010002
G4-JNI GetEnv version=0x00010002
G4-JNI GetEnv version=0x00010002
G4-JNI GetEnv version=0x00010002
G4-JNI GetEnv version=0x00010002
G4-JNI GetEnv version=0x00010002
G4-JNI GetEnv version=0x00010002
G4-JNI GetEnv version=0x00010002
G4-JNI GetEnv version=0x00010002
G4-JNI GetEnv version=0x00010002
G4-JNI GetEnv version=0x00010002
G4-JNI GetEnv version=0x00010002
G4-JNI GetEnv version=0x00010002
G4-JNI GetEnv version=0x00010002
G4-JNI GetEnv version=0x00010002
G4-JNI GetEnv version=0x00010002
G4-JNI GetEnv version=0x00010002
G4-JNI GetEnv version=0x00010002
android[2] trace: ....................(KK) MogaController :: Inside NativeOnMotionEvent

android[2] trace: (KK) MogaController :: Inside NativeOnMotionEvent ....................

G6-MOGA motion frame=15019 axes=-32767,0,0,0,0,0
G4-JNI GetEnv version=0x00010002
G4-JNI GetEnv version=0x00010002
G4-JNI GetEnv version=0x00010002
G4-JNI GetEnv version=0x00010002
G4-JNI GetEnv version=0x00010002
G4-JNI GetEnv version=0x00010002
G4-JNI GetEnv version=0x00010002
android[2] trace: ....................(KK) MogaController :: Inside NativeOnMotionEvent

android[2] trace: (KK) MogaController :: Inside NativeOnMotionEvent ....................

G4-JNI GetEnv version=0x00010002
G4-JNI GetEnv version=0x00010002
G4-JNI GetEnv version=0x00010002
G4-JNI GetEnv version=0x00010002
G4-JNI GetEnv version=0x00010002
G4-JNI GetEnv version=0x00010002
G4-JNI GetEnv version=0x00010002
G4-JNI GetEnv version=0x00010002
G4-JNI GetEnv version=0x00010002
G4-JNI GetEnv version=0x00010002
G4-JNI GetEnv version=0x00010002
G4-JNI GetEnv version=0x00010002
G4-JNI GetEnv version=0x00010002
G4-JNI GetEnv version=0x00010002
G4-JNI GetEnv version=0x00010002
G4-JNI GetEnv version=0x00010002
G4-JNI GetEnv version=0x00010002
G4-JNI GetEnv version=0x00010002
G4-JNI GetEnv version=0x00010002
G4-JNI GetEnv version=0x00010002
G4-JNI GetEnv version=0x00010002
android[2] trace: ....................(KK) MogaController :: Inside NativeOnMotionEvent

android[2] trace: (KK) MogaController :: Inside NativeOnMotionEvent ....................

G6-MOGA motion frame=15047 axes=-32767,0,0,0,0,0
G4-JNI GetEnv version=0x00010002
G4-JNI GetEnv version=0x00010002
G4-JNI GetEnv version=0x00010002
G4-JNI GetEnv version=0x00010002
android[2] trace: ....................(KK) MogaController :: Inside NativeOnMotionEvent

android[2] trace: (KK) MogaController :: Inside NativeOnMotionEvent ....................

G4-JNI GetEnv version=0x00010002
android[2] trace: ....................(KK) MogaController :: Inside NativeOnMotionEvent

android[2] trace: (KK) MogaController :: Inside NativeOnMotionEvent ....................

G4-JNI GetEnv version=0x00010002
G4-JNI GetEnv version=0x00010002
G4-JNI GetEnv version=0x00010002
G4-JNI GetEnv version=0x00010002
G4-JNI GetEnv version=0x00010002
G4-JNI GetEnv version=0x00010002
G4-JNI GetEnv version=0x00010002
android[2] trace: MoGaConTrOlLeR :: ....................(KK) BaseDrivingControlScheme :: OnEvent .....................

android[5] layouts/warning: SetAnimation: Animation flash not found in node /[NoID]/[NoID]

android[5] layouts/warning: SetAnimation: Animation flash not found in node /[NoID]/[NoID]/_common

android[6] Sound/SoundManager/error: FMOD result of SoundManager::createSound: An error occured that wasn't supposed to.  Contact support. 

android[5] Sound/SoundManager/warn: SoundManager::createSound - 'ui/ui/event_checkpoint': failure.

G4-JNI GetEnv version=0x00010002
G4-JNI GetEnv version=0x00010002
G4-JNI GetEnv version=0x00010002
G4-JNI GetEnv version=0x00010002
G4-JNI GetEnv version=0x00010002
G4-JNI GetEnv version=0x00010002
G4-JNI GetEnv version=0x00010002
G4-JNI GetEnv version=0x00010002
android[2] trace: ....................(KK) MogaController :: Inside NativeOnMotionEvent

android[2] trace: (KK) MogaController :: Inside NativeOnMotionEvent ....................

G4-JNI GetEnv version=0x00010002
G4-JNI GetEnv version=0x00010002
G4-JNI GetEnv version=0x00010002
G4-JNI GetEnv version=0x00010002
G4-JNI GetEnv version=0x00010002
G4-JNI GetEnv version=0x00010002
G4-JNI GetEnv version=0x00010002
G4-JNI GetEnv version=0x00010002
G4-JNI GetEnv version=0x00010002
G4-JNI GetEnv version=0x00010002
G4-JNI GetEnv version=0x00010002
android[2] trace: ....................(KK) MogaController :: Inside NativeOnMotionEvent

android[2] trace: (KK) MogaController :: Inside NativeOnMotionEvent ....................

G6-MOGA motion frame=15071 axes=-32767,0,0,0,0,0
G4-JNI GetEnv version=0x00010002
G4-JNI GetEnv version=0x00010002
G4-JNI GetEnv version=0x00010002
G4-JNI GetEnv version=0x00010002
G4-JNI GetEnv version=0x00010002
G4-JNI GetEnv version=0x00010002
G4-JNI GetEnv version=0x00010002
G4-JNI GetEnv version=0x00010002
G4-JNI GetEnv version=0x00010002
G4-JNI GetEnv version=0x00010002
G4-JNI GetEnv version=0x00010002
G4-JNI GetEnv version=0x00010002
android[2] trace: ....................(KK) MogaController :: Inside NativeOnMotionEvent

android[2] trace: (KK) MogaController :: Inside NativeOnMotionEvent ....................

G4-JNI GetEnv version=0x00010002
G4-JNI GetEnv version=0x00010002
G4-JNI GetEnv version=0x00010002
G4-JNI GetEnv version=0x00010002
G4-JNI GetEnv version=0x00010002
G4-JNI GetEnv version=0x00010002
G4-JNI GetEnv version=0x00010002
G4-JNI GetEnv version=0x00010002
G4-JNI GetEnv version=0x00010002
G4-JNI GetEnv version=0x00010002
G4-JNI GetEnv version=0x00010002
G4-JNI GetEnv version=0x00010002
G4-JNI GetEnv version=0x00010002
G4-JNI GetEnv version=0x00010002
G4-JNI GetEnv version=0x00010002
G4-JNI GetEnv version=0x00010002
G4-JNI GetEnv version=0x00010002
G4-JNI GetEnv version=0x00010002
G4-JNI GetEnv version=0x00010002
G4-JNI GetEnv version=0x00010002
G4-JNI GetEnv version=0x00010002
G4-JNI GetEnv version=0x00010002
G4-JNI GetEnv version=0x00010002
G4-JNI GetEnv version=0x00010002
G4-JNI GetEnv version=0x00010002
G4-JNI GetEnv version=0x00010002
G4-JNI GetEnv version=0x00010002
android[2] trace: ....................(KK) MogaController :: Inside NativeOnMotionEvent

android[2] trace: (KK) MogaController :: Inside NativeOnMotionEvent ....................

G6-MOGA motion frame=15110 axes=-32767,0,0,0,0,0
G4-JNI GetEnv version=0x00010002
G4-JNI GetEnv version=0x00010002
G4-JNI GetEnv version=0x00010002
G4-JNI GetEnv version=0x00010002
G4-JNI GetEnv version=0x00010002
G4-JNI GetEnv version=0x00010002
G4-JNI GetEnv version=0x00010002
G4-JNI GetEnv version=0x00010002
G4-JNI GetEnv version=0x00010002
android[2] trace: ....................(KK) MogaController :: Inside NativeOnMotionEvent

android[2] trace: (KK) MogaController :: Inside NativeOnMotionEvent ....................

G4-JNI GetEnv version=0x00010002
G4-JNI GetEnv version=0x00010002
G4-JNI GetEnv version=0x00010002
G4-JNI GetEnv version=0x00010002
G4-JNI GetEnv version=0x00010002
G4-JNI GetEnv version=0x00010002
G4-JNI GetEnv version=0x00010002
G4-JNI GetEnv version=0x00010002
G4-JNI GetEnv version=0x00010002
G4-JNI GetEnv version=0x00010002
G4-JNI GetEnv version=0x00010002
G4-JNI GetEnv version=0x00010002
G4-JNI GetEnv version=0x00010002
G4-JNI GetEnv version=0x00010002
G4-JNI GetEnv version=0x00010002
G4-JNI GetEnv version=0x00010002
G4-JNI GetEnv version=0x00010002
G4-JNI GetEnv version=0x00010002
G4-JNI GetEnv version=0x00010002
G4-JNI GetEnv version=0x00010002
G4-JNI GetEnv version=0x00010002
G4-JNI GetEnv version=0x00010002
G4-JNI GetEnv version=0x00010002
G4-JNI GetEnv version=0x00010002
G4-JNI GetEnv version=0x00010002
G4-JNI GetEnv version=0x00010002
G4-JNI GetEnv version=0x00010002
G4-JNI GetEnv version=0x00010002
G4-JNI GetEnv version=0x00010002
G4-JNI GetEnv version=0x00010002
G4-JNI GetEnv version=0x00010002
G4-JNI GetEnv version=0x00010002
G4-JNI GetEnv version=0x00010002
G4-JNI GetEnv version=0x00010002
G4-JNI GetEnv version=0x00010002
G4-JNI GetEnv version=0x00010002
G4-JNI GetEnv version=0x00010002
G4-JNI GetEnv version=0x00010002
G4-JNI GetEnv version=0x00010002
G4-JNI GetEnv version=0x00010002
G4-JNI GetEnv version=0x00010002
G4-JNI GetEnv version=0x00010002
G4-JNI GetEnv version=0x00010002
G4-JNI GetEnv version=0x00010002
G4-JNI GetEnv version=0x00010002
G4-JNI GetEnv version=0x00010002
G4-JNI GetEnv version=0x00010002
G4-JNI GetEnv version=0x00010002
G4-JNI GetEnv version=0x00010002
G4-JNI GetEnv version=0x00010002
G4-JNI GetEnv version=0x00010002
G4-JNI GetEnv version=0x00010002
G4-JNI GetEnv version=0x00010002
G4-JNI GetEnv version=0x00010002
G4-JNI GetEnv version=0x00010002
G4-JNI GetEnv version=0x00010002
G4-JNI GetEnv version=0x00010002
G4-JNI GetEnv version=0x00010002
G4-JNI GetEnv version=0x00010002
G4-JNI GetEnv version=0x00010002
G4-JNI GetEnv version=0x00010002
G4-JNI GetEnv version=0x00010002
G4-JNI GetEnv version=0x00010002
G4-JNI GetEnv version=0x00010002
G4-JNI GetEnv version=0x00010002
G4-JNI GetEnv version=0x00010002
G4-JNI GetEnv version=0x00010002
G4-JNI GetEnv version=0x00010002
G4-JNI GetEnv version=0x00010002
G4-JNI GetEnv version=0x00010002
android[2] trace: ....................(KK) MogaController :: Inside NativeOnMotionEvent

android[2] trace: (KK) MogaController :: Inside NativeOnMotionEvent ....................

G6-MOGA motion frame=15189 axes=-32767,0,0,0,0,0
G4-JNI GetEnv version=0x00010002
android[2] trace: ....................(KK) MogaController :: Inside NativeOnMotionEvent

android[2] trace: (KK) MogaController :: Inside NativeOnMotionEvent ....................

G4-JNI GetEnv version=0x00010002
G4-JNI GetEnv version=0x00010002
G4-JNI GetEnv version=0x00010002
G4-JNI GetEnv version=0x00010002
G4-JNI GetEnv version=0x00010002
G4-JNI GetEnv version=0x00010002
android[2] trace: ....................(KK) MogaController :: Inside NativeOnMotionEvent

android[2] trace: (KK) MogaController :: Inside NativeOnMotionEvent ....................

G4-JNI GetEnv version=0x00010002
android[2] trace: ....................(KK) MogaController :: Inside NativeOnMotionEvent

android[2] trace: (KK) MogaController :: Inside NativeOnMotionEvent ....................

G4-JNI GetEnv version=0x00010002
G4-JNI GetEnv version=0x00010002
G4-JNI GetEnv version=0x00010002
G4-JNI GetEnv version=0x00010002
G4-JNI GetEnv version=0x00010002
G4-JNI GetEnv version=0x00010002
android[2] trace: ....................(KK) MogaController :: Inside NativeOnMotionEvent

android[2] trace: (KK) MogaController :: Inside NativeOnMotionEvent ....................

G4-JNI GetEnv version=0x00010002
android[2] trace: ....................(KK) MogaController :: Inside NativeOnMotionEvent

android[2] trace: (KK) MogaController :: Inside NativeOnMotionEvent ....................

G6-MOGA motion frame=15204 axes=0,0,0,0,0,0
G4-JNI GetEnv version=0x00010002
G4-JNI GetEnv version=0x00010002
G4-JNI GetEnv version=0x00010002
G4-JNI GetEnv version=0x00010002
G4-JNI GetEnv version=0x00010002
G4-JNI GetEnv version=0x00010002
android[2] trace: ....................(KK) MogaController :: Inside NativeOnMotionEvent

android[2] trace: (KK) MogaController :: Inside NativeOnMotionEvent ....................

G4-JNI GetEnv version=0x00010002
android[2] trace: ....................(KK) MogaController :: Inside NativeOnMotionEvent

android[2] trace: (KK) MogaController :: Inside NativeOnMotionEvent ....................

G4-JNI GetEnv version=0x00010002
G4-JNI GetEnv version=0x00010002
G4-JNI GetEnv version=0x00010002
G4-JNI GetEnv version=0x00010002
G4-JNI GetEnv version=0x00010002
G4-JNI GetEnv version=0x00010002
android[2] trace: ....................(KK) MogaController :: Inside NativeOnMotionEvent

android[2] trace: (KK) MogaController :: Inside NativeOnMotionEvent ....................

G4-JNI GetEnv version=0x00010002
android[2] trace: ....................(KK) MogaController :: Inside NativeOnMotionEvent

android[2] trace: (KK) MogaController :: Inside NativeOnMotionEvent ....................

G4-JNI GetEnv version=0x00010002
G4-JNI GetEnv version=0x00010002
G4-JNI GetEnv version=0x00010002
G4-JNI GetEnv version=0x00010002
G4-JNI GetEnv version=0x00010002
G4-JNI GetEnv version=0x00010002
android[2] trace: ....................(KK) MogaController :: Inside NativeOnMotionEvent

android[2] trace: (KK) MogaController :: Inside NativeOnMotionEvent ....................

G6-MOGA motion frame=15224 axes=-32767,0,0,0,0,0
G4-JNI GetEnv version=0x00010002
android[2] trace: ....................(KK) MogaController :: Inside NativeOnMotionEvent

android[2] trace: (KK) MogaController :: Inside NativeOnMotionEvent ....................

G4-JNI GetEnv version=0x00010002
G4-JNI GetEnv version=0x00010002
G4-JNI GetEnv version=0x00010002
G4-JNI GetEnv version=0x00010002
G4-JNI GetEnv version=0x00010002
G4-JNI GetEnv version=0x00010002
android[2] trace: ....................(KK) MogaController :: Inside NativeOnMotionEvent

android[2] trace: (KK) MogaController :: Inside NativeOnMotionEvent ....................

G4-JNI GetEnv version=0x00010002
android[2] trace: ....................(KK) MogaController :: Inside NativeOnMotionEvent

android[2] trace: (KK) MogaController :: Inside NativeOnMotionEvent ....................

G4-JNI GetEnv version=0x00010002
G4-JNI GetEnv version=0x00010002
G4-JNI GetEnv version=0x00010002
G4-JNI GetEnv version=0x00010002
G4-JNI GetEnv version=0x00010002
G4-JNI GetEnv version=0x00010002
android[2] trace: ....................(KK) MogaController :: Inside NativeOnMotionEvent

android[2] trace: (KK) MogaController :: Inside NativeOnMotionEvent ....................

G4-JNI GetEnv version=0x00010002
android[2] trace: ....................(KK) MogaController :: Inside NativeOnMotionEvent

android[2] trace: (KK) MogaController :: Inside NativeOnMotionEvent ....................

G6-MOGA motion frame=15239 axes=0,0,0,0,0,0
G4-JNI GetEnv version=0x00010002
G4-JNI GetEnv version=0x00010002
G4-JNI GetEnv version=0x00010002
G4-JNI GetEnv version=0x00010002
G4-JNI GetEnv version=0x00010002
G4-JNI GetEnv version=0x00010002
android[2] trace: ....................(KK) MogaController :: Inside NativeOnMotionEvent

android[2] trace: (KK) MogaController :: Inside NativeOnMotionEvent ....................

G4-JNI GetEnv version=0x00010002
android[2] trace: ....................(KK) MogaController :: Inside NativeOnMotionEvent

android[2] trace: (KK) MogaController :: Inside NativeOnMotionEvent ....................

G4-JNI GetEnv version=0x00010002
G4-JNI GetEnv version=0x00010002
G4-JNI GetEnv version=0x00010002
G4-JNI GetEnv version=0x00010002
G4-JNI GetEnv version=0x00010002
G4-JNI GetEnv version=0x00010002
android[2] trace: ....................(KK) MogaController :: Inside NativeOnMotionEvent

android[2] trace: (KK) MogaController :: Inside NativeOnMotionEvent ....................

G4-JNI GetEnv version=0x00010002
android[2] trace: ....................(KK) MogaController :: Inside NativeOnMotionEvent

android[2] trace: (KK) MogaController :: Inside NativeOnMotionEvent ....................

G4-JNI GetEnv version=0x00010002
G4-JNI GetEnv version=0x00010002
G4-JNI GetEnv version=0x00010002
G4-JNI GetEnv version=0x00010002
G4-JNI GetEnv version=0x00010002
G4-JNI GetEnv version=0x00010002
android[2] trace: ....................(KK) MogaController :: Inside NativeOnMotionEvent

android[2] trace: (KK) MogaController :: Inside NativeOnMotionEvent ....................

G6-MOGA motion frame=15259 axes=-32767,0,0,0,0,0
G4-JNI GetEnv version=0x00010002
android[2] trace: ....................(KK) MogaController :: Inside NativeOnMotionEvent

android[2] trace: (KK) MogaController :: Inside NativeOnMotionEvent ....................

G4-JNI GetEnv version=0x00010002
G4-JNI GetEnv version=0x00010002
G4-JNI GetEnv version=0x00010002
G4-JNI GetEnv version=0x00010002
G4-JNI GetEnv version=0x00010002
G4-JNI GetEnv version=0x00010002
G4-JNI GetEnv version=0x00010002
G4-JNI GetEnv version=0x00010002
G4-JNI GetEnv version=0x00010002
G4-JNI GetEnv version=0x00010002
G4-JNI GetEnv version=0x00010002
G4-JNI GetEnv version=0x00010002
G4-JNI GetEnv version=0x00010002
G4-JNI GetEnv version=0x00010002
G4-JNI GetEnv version=0x00010002
G4-JNI GetEnv version=0x00010002
G4-JNI GetEnv version=0x00010002
G4-JNI GetEnv version=0x00010002
G4-JNI GetEnv version=0x00010002
G4-JNI GetEnv version=0x00010002
android[2] trace: ....................(KK) MogaController :: Inside NativeOnMotionEvent

android[2] trace: (KK) MogaController :: Inside NativeOnMotionEvent ....................

G6-MOGA motion frame=15280 axes=32767,0,0,0,0,0
G4-JNI GetEnv version=0x00010002
android[2] trace: ....................(KK) MogaController :: Inside NativeOnMotionEvent

android[2] trace: (KK) MogaController :: Inside NativeOnMotionEvent ....................

G4-JNI GetEnv version=0x00010002
android[2] trace: ....................(KK) MogaController :: Inside NativeOnMotionEvent

android[2] trace: (KK) MogaController :: Inside NativeOnMotionEvent ....................

G4-JNI GetEnv version=0x00010002
G4-JNI GetEnv version=0x00010002
G4-JNI GetEnv version=0x00010002
G4-JNI GetEnv version=0x00010002
G4-JNI GetEnv version=0x00010002
G4-JNI GetEnv version=0x00010002
G4-JNI GetEnv version=0x00010002
G4-JNI GetEnv version=0x00010002
G4-JNI GetEnv version=0x00010002
G4-JNI GetEnv version=0x00010002
G4-JNI GetEnv version=0x00010002
G4-JNI GetEnv version=0x00010002
G4-JNI GetEnv version=0x00010002
G4-JNI GetEnv version=0x00010002
G4-JNI GetEnv version=0x00010002
G4-JNI GetEnv version=0x00010002
G4-JNI GetEnv version=0x00010002
G4-JNI GetEnv version=0x00010002
G7-FRAME enter=15300
G4-JNI GetEnv version=0x00010002
G5-GL STATE frame=15300 framebuffer=0 status=0x8cd5 errors=1
G7-FRAME leave=15300
G4-JNI GetEnv version=0x00010002
G4-JNI GetEnv version=0x00010002
G4-JNI GetEnv version=0x00010002
G4-JNI GetEnv version=0x00010002
G4-JNI GetEnv version=0x00010002
G4-JNI GetEnv version=0x00010002
G4-JNI GetEnv version=0x00010002
G4-JNI GetEnv version=0x00010002
G4-JNI GetEnv version=0x00010002
G4-JNI GetEnv version=0x00010002
android[2] trace: ....................(KK) MogaController :: Inside NativeOnMotionEvent

android[2] trace: (KK) MogaController :: Inside NativeOnMotionEvent ....................

G6-MOGA motion frame=15311 axes=0,0,0,0,0,0
G4-JNI GetEnv version=0x00010002
android[2] trace: ....................(KK) MogaController :: Inside NativeOnMotionEvent

android[2] trace: (KK) MogaController :: Inside NativeOnMotionEvent ....................

G4-JNI GetEnv version=0x00010002
android[2] trace: ....................(KK) MogaController :: Inside NativeOnMotionEvent

android[2] trace: (KK) MogaController :: Inside NativeOnMotionEvent ....................

G4-JNI GetEnv version=0x00010002
G4-JNI GetEnv version=0x00010002
G4-JNI GetEnv version=0x00010002
G4-JNI GetEnv version=0x00010002
G4-JNI GetEnv version=0x00010002
G4-JNI GetEnv version=0x00010002
G4-JNI GetEnv version=0x00010002
G4-JNI GetEnv version=0x00010002
G4-JNI GetEnv version=0x00010002
G4-JNI GetEnv version=0x00010002
G4-JNI GetEnv version=0x00010002
G4-JNI GetEnv version=0x00010002
G4-JNI GetEnv version=0x00010002
G4-JNI GetEnv version=0x00010002
G4-JNI GetEnv version=0x00010002
android[2] trace: ....................(KK) MogaController :: Inside NativeOnMotionEvent

android[2] trace: (KK) MogaController :: Inside NativeOnMotionEvent ....................

G6-MOGA motion frame=15328 axes=-32767,0,0,0,0,0
G4-JNI GetEnv version=0x00010002
android[2] trace: ....................(KK) MogaController :: Inside NativeOnMotionEvent

android[2] trace: (KK) MogaController :: Inside NativeOnMotionEvent ....................

G4-JNI GetEnv version=0x00010002
android[2] trace: ....................(KK) MogaController :: Inside NativeOnMotionEvent

android[2] trace: (KK) MogaController :: Inside NativeOnMotionEvent ....................

G4-JNI GetEnv version=0x00010002
G4-JNI GetEnv version=0x00010002
G4-JNI GetEnv version=0x00010002
G4-JNI GetEnv version=0x00010002
android[2] trace: ....................(KK) MogaController :: Inside NativeOnMotionEvent

android[2] trace: (KK) MogaController :: Inside NativeOnMotionEvent ....................

G4-JNI GetEnv version=0x00010002
android[2] trace: ....................(KK) MogaController :: Inside NativeOnMotionEvent

android[2] trace: (KK) MogaController :: Inside NativeOnMotionEvent ....................

G4-JNI GetEnv version=0x00010002
G4-JNI GetEnv version=0x00010002
G4-JNI GetEnv version=0x00010002
G4-JNI GetEnv version=0x00010002
android[2] trace: ....................(KK) MogaController :: Inside NativeOnMotionEvent

android[2] trace: (KK) MogaController :: Inside NativeOnMotionEvent ....................

G4-JNI GetEnv version=0x00010002
G4-JNI GetEnv version=0x00010002
G4-JNI GetEnv version=0x00010002
G4-JNI GetEnv version=0x00010002
G4-JNI GetEnv version=0x00010002
G4-JNI GetEnv version=0x00010002
G4-JNI GetEnv version=0x00010002
G4-JNI GetEnv version=0x00010002
G4-JNI GetEnv version=0x00010002
G4-JNI GetEnv version=0x00010002
G4-JNI GetEnv version=0x00010002
android[2] trace: [AUTOLOG QUERY] Server: Blaze     Call: /nfs-2013-android/util/ping

G4-JNI GetEnv version=0x00010002
G4-JNI GetEnv version=0x00010002
G4-JNI GetEnv version=0x00010002
G4-JNI GetEnv version=0x00010002
G4-JNI GetEnv version=0x00010002
G4-JNI GetEnv version=0x00010002
G4-JNI GetEnv version=0x00010002
G4-JNI GetEnv version=0x00010002
G4-JNI GetEnv version=0x00010002
G4-JNI GetEnv version=0x00010002
G4-JNI GetEnv version=0x00010002
G4-JNI GetEnv version=0x00010002
G4-JNI GetEnv version=0x00010002
G4-JNI GetEnv version=0x00010002
G4-JNI GetEnv version=0x00010002
G4-JNI GetEnv version=0x00010002
G4-JNI GetEnv version=0x00010002
G4-JNI GetEnv version=0x00010002
G4-JNI GetEnv version=0x00010002
G4-JNI GetEnv version=0x00010002
G4-JNI GetEnv version=0x00010002
G4-JNI GetEnv version=0x00010002
G4-JNI GetEnv version=0x00010002
G4-JNI GetEnv version=0x00010002
G4-JNI GetEnv version=0x00010002
G4-JNI GetEnv version=0x00010002
G4-JNI GetEnv version=0x00010002
G4-JNI GetEnv version=0x00010002
G4-JNI GetEnv version=0x00010002
G4-JNI GetEnv version=0x00010002
G4-JNI GetEnv version=0x00010002
G4-JNI GetEnv version=0x00010002
G4-JNI GetEnv version=0x00010002
G4-JNI GetEnv version=0x00010002
G4-JNI GetEnv version=0x00010002
G4-JNI GetEnv version=0x00010002
G4-JNI GetEnv version=0x00010002
G4-JNI GetEnv version=0x00010002
G4-JNI GetEnv version=0x00010002
G4-JNI GetEnv version=0x00010002
G4-JNI GetEnv version=0x00010002
G4-JNI GetEnv version=0x00010002
G4-JNI GetEnv version=0x00010002
G4-JNI GetEnv version=0x00010002
G4-JNI GetEnv version=0x00010002
G4-JNI GetEnv version=0x00010002
G4-JNI GetEnv version=0x00010002
G4-JNI GetEnv version=0x00010002
android[2] trace: ....................(KK) MogaController :: Inside NativeOnMotionEvent

android[2] trace: (KK) MogaController :: Inside NativeOnMotionEvent ....................

G6-MOGA motion frame=15398 axes=-32767,0,0,0,0,0
G4-JNI GetEnv version=0x00010002
android[2] trace: ....................(KK) MogaController :: Inside NativeOnMotionEvent

android[2] trace: (KK) MogaController :: Inside NativeOnMotionEvent ....................

G4-JNI GetEnv version=0x00010002
G4-JNI GetEnv version=0x00010002
G4-JNI GetEnv version=0x00010002
android[2] trace: ....................(KK) MogaController :: Inside NativeOnMotionEvent

android[2] trace: (KK) MogaController :: Inside NativeOnMotionEvent ....................

G4-JNI GetEnv version=0x00010002
android[2] trace: ....................(KK) MogaController :: Inside NativeOnMotionEvent

android[2] trace: (KK) MogaController :: Inside NativeOnMotionEvent ....................

G4-JNI GetEnv version=0x00010002
android[2] trace: ....................(KK) MogaController :: Inside NativeOnMotionEvent

android[2] trace: (KK) MogaController :: Inside NativeOnMotionEvent ....................

G4-JNI GetEnv version=0x00010002
G4-JNI GetEnv version=0x00010002
android[2] trace: ....................(KK) MogaController :: Inside NativeOnMotionEvent

android[2] trace: (KK) MogaController :: Inside NativeOnMotionEvent ....................

G4-JNI GetEnv version=0x00010002
android[2] trace: ....................(KK) MogaController :: Inside NativeOnMotionEvent

android[2] trace: (KK) MogaController :: Inside NativeOnMotionEvent ....................

G4-JNI GetEnv version=0x00010002
G4-JNI GetEnv version=0x00010002
G4-JNI GetEnv version=0x00010002
android[2] trace: ....................(KK) MogaController :: Inside NativeOnMotionEvent

android[2] trace: (KK) MogaController :: Inside NativeOnMotionEvent ....................

G4-JNI GetEnv version=0x00010002
android[2] trace: ....................(KK) MogaController :: Inside NativeOnMotionEvent

android[2] trace: (KK) MogaController :: Inside NativeOnMotionEvent ....................

G4-JNI GetEnv version=0x00010002
G4-JNI GetEnv version=0x00010002
G4-JNI GetEnv version=0x00010002
G4-JNI GetEnv version=0x00010002
G4-JNI GetEnv version=0x00010002
G4-JNI GetEnv version=0x00010002
G4-JNI GetEnv version=0x00010002
G4-JNI GetEnv version=0x00010002
G4-JNI GetEnv version=0x00010002
G4-JNI GetEnv version=0x00010002
G4-JNI GetEnv version=0x00010002
G4-JNI GetEnv version=0x00010002
android[2] trace: ....................(KK) MogaController :: Inside NativeOnMotionEvent

android[2] trace: (KK) MogaController :: Inside NativeOnMotionEvent ....................

G6-MOGA motion frame=15423 axes=0,0,0,0,0,0
G4-JNI GetEnv version=0x00010002
android[2] trace: ....................(KK) MogaController :: Inside NativeOnMotionEvent

android[2] trace: (KK) MogaController :: Inside NativeOnMotionEvent ....................

G4-JNI GetEnv version=0x00010002
G4-JNI GetEnv version=0x00010002
android[2] trace: ....................(KK) MogaController :: Inside NativeOnMotionEvent

android[2] trace: (KK) MogaController :: Inside NativeOnMotionEvent ....................

G4-JNI GetEnv version=0x00010002
G4-JNI GetEnv version=0x00010002
G4-JNI GetEnv version=0x00010002
G4-JNI GetEnv version=0x00010002
G4-JNI GetEnv version=0x00010002
G4-JNI GetEnv version=0x00010002
G4-JNI GetEnv version=0x00010002
G4-JNI GetEnv version=0x00010002
G4-JNI GetEnv version=0x00010002
G4-JNI GetEnv version=0x00010002
G4-JNI GetEnv version=0x00010002
G4-JNI GetEnv version=0x00010002
G4-JNI GetEnv version=0x00010002
G4-JNI GetEnv version=0x00010002
G4-JNI GetEnv version=0x00010002
G4-JNI GetEnv version=0x00010002
G4-JNI GetEnv version=0x00010002
G4-JNI GetEnv version=0x00010002
G4-JNI GetEnv version=0x00010002
G4-JNI GetEnv version=0x00010002
G4-JNI GetEnv version=0x00010002
G4-JNI GetEnv version=0x00010002
G4-JNI GetEnv version=0x00010002
G4-JNI GetEnv version=0x00010002
G4-JNI GetEnv version=0x00010002
G4-JNI GetEnv version=0x00010002
G4-JNI GetEnv version=0x00010002
G4-JNI GetEnv version=0x00010002
G4-JNI GetEnv version=0x00010002
G4-JNI GetEnv version=0x00010002
G4-JNI GetEnv version=0x00010002
G4-JNI GetEnv version=0x00010002
G4-JNI GetEnv version=0x00010002
android[6] Sound/SoundManager/error: FMOD result of SoundManager::createSound: An error occured that wasn't supposed to.  Contact support. 

android[5] Sound/SoundManager/warn: SoundManager::createSound - 'effects/collisions/work_barrier': failure.

G4-JNI GetEnv version=0x00010002
G4-JNI GetEnv version=0x00010002
G4-JNI GetEnv version=0x00010002
G4-JNI GetEnv version=0x00010002
G4-JNI GetEnv version=0x00010002
G4-JNI GetEnv version=0x00010002
G4-JNI GetEnv version=0x00010002
G4-JNI GetEnv version=0x00010002
G4-JNI GetEnv version=0x00010002
G4-JNI GetEnv version=0x00010002
G4-JNI GetEnv version=0x00010002
G4-JNI GetEnv version=0x00010002
G4-JNI GetEnv version=0x00010002
G4-JNI GetEnv version=0x00010002
G4-JNI GetEnv version=0x00010002
G4-JNI GetEnv version=0x00010002
android[2] trace: ....................(KK) MogaController :: Inside NativeOnMotionEvent

android[2] trace: (KK) MogaController :: Inside NativeOnMotionEvent ....................

G6-MOGA motion frame=15475 axes=-32767,0,0,0,0,0
G4-JNI GetEnv version=0x00010002
G4-JNI GetEnv version=0x00010002
android[2] trace: ....................(KK) MogaController :: Inside NativeOnMotionEvent

android[2] trace: (KK) MogaController :: Inside NativeOnMotionEvent ....................

G4-JNI GetEnv version=0x00010002
android[2] trace: ....................(KK) MogaController :: Inside NativeOnMotionEvent

android[2] trace: (KK) MogaController :: Inside NativeOnMotionEvent ....................

G4-JNI GetEnv version=0x00010002
G4-JNI GetEnv version=0x00010002
android[2] trace: ....................(KK) MogaController :: Inside NativeOnMotionEvent

android[2] trace: (KK) MogaController :: Inside NativeOnMotionEvent ....................

G4-JNI GetEnv version=0x00010002
android[2] trace: ....................(KK) MogaController :: Inside NativeOnMotionEvent

android[2] trace: (KK) MogaController :: Inside NativeOnMotionEvent ....................

G4-JNI GetEnv version=0x00010002
android[2] trace: ....................(KK) MogaController :: Inside NativeOnMotionEvent

android[2] trace: (KK) MogaController :: Inside NativeOnMotionEvent ....................

G4-JNI GetEnv version=0x00010002
G4-JNI GetEnv version=0x00010002
G4-JNI GetEnv version=0x00010002
G4-JNI GetEnv version=0x00010002
G4-JNI GetEnv version=0x00010002
G4-JNI GetEnv version=0x00010002
G4-JNI GetEnv version=0x00010002
G4-JNI GetEnv version=0x00010002
G4-JNI GetEnv version=0x00010002
G4-JNI GetEnv version=0x00010002
G4-JNI GetEnv version=0x00010002
G4-JNI GetEnv version=0x00010002
G4-JNI GetEnv version=0x00010002
G4-JNI GetEnv version=0x00010002
G4-JNI GetEnv version=0x00010002
G4-JNI GetEnv version=0x00010002
G4-JNI GetEnv version=0x00010002
G4-JNI GetEnv version=0x00010002
G4-JNI GetEnv version=0x00010002
G4-JNI GetEnv version=0x00010002
G4-JNI GetEnv version=0x00010002
G4-JNI GetEnv version=0x00010002
G4-JNI GetEnv version=0x00010002
G4-JNI GetEnv version=0x00010002
G4-JNI GetEnv version=0x00010002
G4-JNI GetEnv version=0x00010002
G4-JNI GetEnv version=0x00010002
G4-JNI GetEnv version=0x00010002
G4-JNI GetEnv version=0x00010002
G4-JNI GetEnv version=0x00010002
G4-JNI GetEnv version=0x00010002
G4-JNI GetEnv version=0x00010002
G4-JNI GetEnv version=0x00010002
G4-JNI GetEnv version=0x00010002
G4-JNI GetEnv version=0x00010002
G4-JNI GetEnv version=0x00010002
G4-JNI GetEnv version=0x00010002
G4-JNI GetEnv version=0x00010002
G4-JNI GetEnv version=0x00010002
android[2] trace: ....................(KK) MogaController :: Inside NativeOnMotionEvent

android[2] trace: (KK) MogaController :: Inside NativeOnMotionEvent ....................

G6-MOGA motion frame=15521 axes=-32767,0,0,0,0,0
G4-JNI GetEnv version=0x00010002
android[2] trace: ....................(KK) MogaController :: Inside NativeOnMotionEvent

android[2] trace: (KK) MogaController :: Inside NativeOnMotionEvent ....................

G4-JNI GetEnv version=0x00010002
android[2] trace: ....................(KK) MogaController :: Inside NativeOnMotionEvent

android[2] trace: (KK) MogaController :: Inside NativeOnMotionEvent ....................

G4-JNI GetEnv version=0x00010002
G4-JNI GetEnv version=0x00010002
G4-JNI GetEnv version=0x00010002
android[2] trace: ....................(KK) MogaController :: Inside NativeOnMotionEvent

android[2] trace: (KK) MogaController :: Inside NativeOnMotionEvent ....................

G4-JNI GetEnv version=0x00010002
G4-JNI GetEnv version=0x00010002
G4-JNI GetEnv version=0x00010002
G4-JNI GetEnv version=0x00010002
G4-JNI GetEnv version=0x00010002
G4-JNI GetEnv version=0x00010002
G4-JNI GetEnv version=0x00010002
G4-JNI GetEnv version=0x00010002
G4-JNI GetEnv version=0x00010002
G4-JNI GetEnv version=0x00010002
G4-JNI GetEnv version=0x00010002
G4-JNI GetEnv version=0x00010002
G4-JNI GetEnv version=0x00010002
G4-JNI GetEnv version=0x00010002
G4-JNI GetEnv version=0x00010002
G4-JNI GetEnv version=0x00010002
G4-JNI GetEnv version=0x00010002
G4-JNI GetEnv version=0x00010002
G4-JNI GetEnv version=0x00010002
G4-JNI GetEnv version=0x00010002
G4-JNI GetEnv version=0x00010002
G4-JNI GetEnv version=0x00010002
G4-JNI GetEnv version=0x00010002
G4-JNI GetEnv version=0x00010002
G4-JNI GetEnv version=0x00010002
G4-JNI GetEnv version=0x00010002
G4-JNI GetEnv version=0x00010002
G4-JNI GetEnv version=0x00010002
G4-JNI GetEnv version=0x00010002
G4-JNI GetEnv version=0x00010002
G4-JNI GetEnv version=0x00010002
G4-JNI GetEnv version=0x00010002
G4-JNI GetEnv version=0x00010002
G4-JNI GetEnv version=0x00010002
G4-JNI GetEnv version=0x00010002
G4-JNI GetEnv version=0x00010002
G4-JNI GetEnv version=0x00010002
G4-JNI GetEnv version=0x00010002
G4-JNI GetEnv version=0x00010002
G4-JNI GetEnv version=0x00010002
G4-JNI GetEnv version=0x00010002
G4-JNI GetEnv version=0x00010002
G4-JNI GetEnv version=0x00010002
G4-JNI GetEnv version=0x00010002
G4-JNI GetEnv version=0x00010002
G4-JNI GetEnv version=0x00010002
G4-JNI GetEnv version=0x00010002
G4-JNI GetEnv version=0x00010002
G4-JNI GetEnv version=0x00010002
G4-JNI GetEnv version=0x00010002
G4-JNI GetEnv version=0x00010002
G4-JNI GetEnv version=0x00010002
G4-JNI GetEnv version=0x00010002
G4-JNI GetEnv version=0x00010002
G4-JNI GetEnv version=0x00010002
G4-JNI GetEnv version=0x00010002
G4-JNI GetEnv version=0x00010002
G4-JNI GetEnv version=0x00010002
android[2] trace: ....................(KK) MogaController :: Inside NativeOnMotionEvent

android[2] trace: (KK) MogaController :: Inside NativeOnMotionEvent ....................

G6-MOGA motion frame=15584 axes=32767,0,0,0,0,0
G4-JNI GetEnv version=0x00010002
android[2] trace: ....................(KK) MogaController :: Inside NativeOnMotionEvent

android[2] trace: (KK) MogaController :: Inside NativeOnMotionEvent ....................

G4-JNI GetEnv version=0x00010002
android[2] trace: ....................(KK) MogaController :: Inside NativeOnMotionEvent

android[2] trace: (KK) MogaController :: Inside NativeOnMotionEvent ....................

G4-JNI GetEnv version=0x00010002
android[2] trace: ....................(KK) MogaController :: Inside NativeOnMotionEvent

android[2] trace: (KK) MogaController :: Inside NativeOnMotionEvent ....................

G4-JNI GetEnv version=0x00010002
android[2] trace: ....................(KK) MogaController :: Inside NativeOnMotionEvent

android[2] trace: (KK) MogaController :: Inside NativeOnMotionEvent ....................

G4-JNI GetEnv version=0x00010002
android[2] trace: ....................(KK) MogaController :: Inside NativeOnMotionEvent

android[2] trace: (KK) MogaController :: Inside NativeOnMotionEvent ....................

G4-JNI GetEnv version=0x00010002
android[2] trace: ....................(KK) MogaController :: Inside NativeOnMotionEvent

android[2] trace: (KK) MogaController :: Inside NativeOnMotionEvent ....................

G4-JNI GetEnv version=0x00010002
android[2] trace: ....................(KK) MogaController :: Inside NativeOnMotionEvent

android[2] trace: (KK) MogaController :: Inside NativeOnMotionEvent ....................

G4-JNI GetEnv version=0x00010002
android[2] trace: ....................(KK) MogaController :: Inside NativeOnMotionEvent

android[2] trace: (KK) MogaController :: Inside NativeOnMotionEvent ....................

G4-JNI GetEnv version=0x00010002
android[2] trace: ....................(KK) MogaController :: Inside NativeOnMotionEvent

android[2] trace: (KK) MogaController :: Inside NativeOnMotionEvent ....................

G4-JNI GetEnv version=0x00010002
android[2] trace: ....................(KK) MogaController :: Inside NativeOnMotionEvent

android[2] trace: (KK) MogaController :: Inside NativeOnMotionEvent ....................

G4-JNI GetEnv version=0x00010002
android[2] trace: ....................(KK) MogaController :: Inside NativeOnMotionEvent

android[2] trace: (KK) MogaController :: Inside NativeOnMotionEvent ....................

G4-JNI GetEnv version=0x00010002
android[2] trace: ....................(KK) MogaController :: Inside NativeOnMotionEvent

android[2] trace: (KK) MogaController :: Inside NativeOnMotionEvent ....................

G4-JNI GetEnv version=0x00010002
android[2] trace: ....................(KK) MogaController :: Inside NativeOnMotionEvent

android[2] trace: (KK) MogaController :: Inside NativeOnMotionEvent ....................

G4-JNI GetEnv version=0x00010002
android[2] trace: ....................(KK) MogaController :: Inside NativeOnMotionEvent

android[2] trace: (KK) MogaController :: Inside NativeOnMotionEvent ....................

G4-JNI GetEnv version=0x00010002
android[2] trace: ....................(KK) MogaController :: Inside NativeOnMotionEvent

android[2] trace: (KK) MogaController :: Inside NativeOnMotionEvent ....................

G6-MOGA motion frame=15599 axes=0,0,0,0,0,0
G4-JNI GetEnv version=0x00010002
android[2] trace: ....................(KK) MogaController :: Inside NativeOnMotionEvent

android[2] trace: (KK) MogaController :: Inside NativeOnMotionEvent ....................

G6-MOGA motion frame=15600 axes=32767,0,0,0,0,0
G7-FRAME enter=15600
G4-JNI GetEnv version=0x00010002
G5-GL STATE frame=15600 framebuffer=0 status=0x8cd5 errors=1
G7-FRAME leave=15600
G4-JNI GetEnv version=0x00010002
android[2] trace: ....................(KK) MogaController :: Inside NativeOnMotionEvent

android[2] trace: (KK) MogaController :: Inside NativeOnMotionEvent ....................

G4-JNI GetEnv version=0x00010002
G4-JNI GetEnv version=0x00010002
G4-JNI GetEnv version=0x00010002
G4-JNI GetEnv version=0x00010002
android[2] trace: ....................(KK) MogaController :: Inside NativeOnMotionEvent

android[2] trace: (KK) MogaController :: Inside NativeOnMotionEvent ....................

G4-JNI GetEnv version=0x00010002
android[2] trace: ....................(KK) MogaController :: Inside NativeOnMotionEvent

android[2] trace: (KK) MogaController :: Inside NativeOnMotionEvent ....................

G4-JNI GetEnv version=0x00010002
G4-JNI GetEnv version=0x00010002
G4-JNI GetEnv version=0x00010002
G4-JNI GetEnv version=0x00010002
G4-JNI GetEnv version=0x00010002
G4-JNI GetEnv version=0x00010002
G4-JNI GetEnv version=0x00010002
G4-JNI GetEnv version=0x00010002
G4-JNI GetEnv version=0x00010002
G4-JNI GetEnv version=0x00010002
G4-JNI GetEnv version=0x00010002
G4-JNI GetEnv version=0x00010002
G4-JNI GetEnv version=0x00010002
G4-JNI GetEnv version=0x00010002
G4-JNI GetEnv version=0x00010002
G4-JNI GetEnv version=0x00010002
android[2] trace: ....................(KK) MogaController :: Inside NativeOnMotionEvent

android[2] trace: (KK) MogaController :: Inside NativeOnMotionEvent ....................

G6-MOGA motion frame=15623 axes=-32767,0,0,0,0,0
G4-JNI GetEnv version=0x00010002
android[2] trace: ....................(KK) MogaController :: Inside NativeOnMotionEvent

android[2] trace: (KK) MogaController :: Inside NativeOnMotionEvent ....................

G4-JNI GetEnv version=0x00010002
G4-JNI GetEnv version=0x00010002
G4-JNI GetEnv version=0x00010002
G4-JNI GetEnv version=0x00010002
G4-JNI GetEnv version=0x00010002
G4-JNI GetEnv version=0x00010002
G4-JNI GetEnv version=0x00010002
G4-JNI GetEnv version=0x00010002
G4-JNI GetEnv version=0x00010002
G4-JNI GetEnv version=0x00010002
G4-JNI GetEnv version=0x00010002
G4-JNI GetEnv version=0x00010002
G4-JNI GetEnv version=0x00010002
G4-JNI GetEnv version=0x00010002
G4-JNI GetEnv version=0x00010002
G4-JNI GetEnv version=0x00010002
G4-JNI GetEnv version=0x00010002
G4-JNI GetEnv version=0x00010002
G4-JNI GetEnv version=0x00010002
G4-JNI GetEnv version=0x00010002
G4-JNI GetEnv version=0x00010002
G4-JNI GetEnv version=0x00010002
G4-JNI GetEnv version=0x00010002
G4-JNI GetEnv version=0x00010002
G4-JNI GetEnv version=0x00010002
G4-JNI GetEnv version=0x00010002
G4-JNI GetEnv version=0x00010002
G4-JNI GetEnv version=0x00010002
G4-JNI GetEnv version=0x00010002
G4-JNI GetEnv version=0x00010002
G4-JNI GetEnv version=0x00010002
G4-JNI GetEnv version=0x00010002
G4-JNI GetEnv version=0x00010002
G4-JNI GetEnv version=0x00010002
G4-JNI GetEnv version=0x00010002
G4-JNI GetEnv version=0x00010002
G4-JNI GetEnv version=0x00010002
G4-JNI GetEnv version=0x00010002
G4-JNI GetEnv version=0x00010002
G4-JNI GetEnv version=0x00010002
G4-JNI GetEnv version=0x00010002
G4-JNI GetEnv version=0x00010002
G4-JNI GetEnv version=0x00010002
G4-JNI GetEnv version=0x00010002
G4-JNI GetEnv version=0x00010002
G4-JNI GetEnv version=0x00010002
G4-JNI GetEnv version=0x00010002
G4-JNI GetEnv version=0x00010002
G4-JNI GetEnv version=0x00010002
G4-JNI GetEnv version=0x00010002
G4-JNI GetEnv version=0x00010002
G4-JNI GetEnv version=0x00010002
G4-JNI GetEnv version=0x00010002
G4-JNI GetEnv version=0x00010002
G4-JNI GetEnv version=0x00010002
G4-JNI GetEnv version=0x00010002
G4-JNI GetEnv version=0x00010002
G4-JNI GetEnv version=0x00010002
G4-JNI GetEnv version=0x00010002
G4-JNI GetEnv version=0x00010002
G4-JNI GetEnv version=0x00010002
G4-JNI GetEnv version=0x00010002
android[2] trace: ....................(KK) MogaController :: Inside NativeOnMotionEvent

android[2] trace: (KK) MogaController :: Inside NativeOnMotionEvent ....................

G6-MOGA motion frame=15686 axes=-32767,0,0,0,0,0
G4-JNI GetEnv version=0x00010002
android[2] trace: ....................(KK) MogaController :: Inside NativeOnMotionEvent

android[2] trace: (KK) MogaController :: Inside NativeOnMotionEvent ....................

G4-JNI GetEnv version=0x00010002
android[2] trace: ....................(KK) MogaController :: Inside NativeOnMotionEvent

android[2] trace: (KK) MogaController :: Inside NativeOnMotionEvent ....................

G4-JNI GetEnv version=0x00010002
G4-JNI GetEnv version=0x00010002
G4-JNI GetEnv version=0x00010002
G4-JNI GetEnv version=0x00010002
G4-JNI GetEnv version=0x00010002
G4-JNI GetEnv version=0x00010002
G4-JNI GetEnv version=0x00010002
G4-JNI GetEnv version=0x00010002
G4-JNI GetEnv version=0x00010002
android[2] trace: ....................(KK) MogaController :: Inside NativeOnMotionEvent

android[2] trace: (KK) MogaController :: Inside NativeOnMotionEvent ....................

G4-JNI GetEnv version=0x00010002
G4-JNI GetEnv version=0x00010002
G4-JNI GetEnv version=0x00010002
G4-JNI GetEnv version=0x00010002
G4-JNI GetEnv version=0x00010002
G4-JNI GetEnv version=0x00010002
G4-JNI GetEnv version=0x00010002
G4-JNI GetEnv version=0x00010002
G4-JNI GetEnv version=0x00010002
G4-JNI GetEnv version=0x00010002
G4-JNI GetEnv version=0x00010002
G4-JNI GetEnv version=0x00010002
G4-JNI GetEnv version=0x00010002
G4-JNI GetEnv version=0x00010002
G4-JNI GetEnv version=0x00010002
G4-JNI GetEnv version=0x00010002
G4-JNI GetEnv version=0x00010002
G4-JNI GetEnv version=0x00010002
G4-JNI GetEnv version=0x00010002
G4-JNI GetEnv version=0x00010002
G4-JNI GetEnv version=0x00010002
G4-JNI GetEnv version=0x00010002
G4-JNI GetEnv version=0x00010002
G4-JNI GetEnv version=0x00010002
G4-JNI GetEnv version=0x00010002
G4-JNI GetEnv version=0x00010002
G4-JNI GetEnv version=0x00010002
G4-JNI GetEnv version=0x00010002
G4-JNI GetEnv version=0x00010002
G4-JNI GetEnv version=0x00010002
G4-JNI GetEnv version=0x00010002
G4-JNI GetEnv version=0x00010002
G4-JNI GetEnv version=0x00010002
android[2] trace: ....................(KK) MogaController :: Inside NativeOnMotionEvent

android[2] trace: (KK) MogaController :: Inside NativeOnMotionEvent ....................

G6-MOGA motion frame=15730 axes=32767,0,0,0,0,0
G4-JNI GetEnv version=0x00010002
android[2] trace: ....................(KK) MogaController :: Inside NativeOnMotionEvent

android[2] trace: (KK) MogaController :: Inside NativeOnMotionEvent ....................

G4-JNI GetEnv version=0x00010002
G4-JNI GetEnv version=0x00010002
android[2] trace: ....................(KK) MogaController :: Inside NativeOnMotionEvent

android[2] trace: (KK) MogaController :: Inside NativeOnMotionEvent ....................

G4-JNI GetEnv version=0x00010002
android[2] trace: ....................(KK) MogaController :: Inside NativeOnMotionEvent

android[2] trace: (KK) MogaController :: Inside NativeOnMotionEvent ....................

G4-JNI GetEnv version=0x00010002
android[2] trace: ....................(KK) MogaController :: Inside NativeOnMotionEvent

android[2] trace: (KK) MogaController :: Inside NativeOnMotionEvent ....................

G4-JNI GetEnv version=0x00010002
android[2] trace: ....................(KK) MogaController :: Inside NativeOnMotionEvent

android[2] trace: (KK) MogaController :: Inside NativeOnMotionEvent ....................

G4-JNI GetEnv version=0x00010002
android[2] trace: ....................(KK) MogaController :: Inside NativeOnMotionEvent

android[2] trace: (KK) MogaController :: Inside NativeOnMotionEvent ....................

G4-JNI GetEnv version=0x00010002
android[2] trace: ....................(KK) MogaController :: Inside NativeOnMotionEvent

android[2] trace: (KK) MogaController :: Inside NativeOnMotionEvent ....................

G4-JNI GetEnv version=0x00010002
android[2] trace: ....................(KK) MogaController :: Inside NativeOnMotionEvent

android[2] trace: (KK) MogaController :: Inside NativeOnMotionEvent ....................

G4-JNI GetEnv version=0x00010002
android[2] trace: ....................(KK) MogaController :: Inside NativeOnMotionEvent

android[2] trace: (KK) MogaController :: Inside NativeOnMotionEvent ....................

G4-JNI GetEnv version=0x00010002
android[2] trace: ....................(KK) MogaController :: Inside NativeOnMotionEvent

android[2] trace: (KK) MogaController :: Inside NativeOnMotionEvent ....................

G4-JNI GetEnv version=0x00010002
android[2] trace: ....................(KK) MogaController :: Inside NativeOnMotionEvent

android[2] trace: (KK) MogaController :: Inside NativeOnMotionEvent ....................

G4-JNI GetEnv version=0x00010002
android[2] trace: ....................(KK) MogaController :: Inside NativeOnMotionEvent

android[2] trace: (KK) MogaController :: Inside NativeOnMotionEvent ....................

G4-JNI GetEnv version=0x00010002
android[2] trace: ....................(KK) MogaController :: Inside NativeOnMotionEvent

android[2] trace: (KK) MogaController :: Inside NativeOnMotionEvent ....................

G4-JNI GetEnv version=0x00010002
G4-JNI GetEnv version=0x00010002
android[2] trace: ....................(KK) MogaController :: Inside NativeOnMotionEvent

android[2] trace: (KK) MogaController :: Inside NativeOnMotionEvent ....................

G6-MOGA motion frame=15746 axes=32767,0,0,0,0,0
G4-JNI GetEnv version=0x00010002
android[2] trace: ....................(KK) MogaController :: Inside NativeOnMotionEvent

android[2] trace: (KK) MogaController :: Inside NativeOnMotionEvent ....................

G4-JNI GetEnv version=0x00010002
android[2] trace: ....................(KK) MogaController :: Inside NativeOnMotionEvent

android[2] trace: (KK) MogaController :: Inside NativeOnMotionEvent ....................

G4-JNI GetEnv version=0x00010002
android[2] trace: ....................(KK) MogaController :: Inside NativeOnMotionEvent

android[2] trace: (KK) MogaController :: Inside NativeOnMotionEvent ....................

G4-JNI GetEnv version=0x00010002
G4-JNI GetEnv version=0x00010002
android[2] trace: ....................(KK) MogaController :: Inside NativeOnMotionEvent

android[2] trace: (KK) MogaController :: Inside NativeOnMotionEvent ....................

G4-JNI GetEnv version=0x00010002
android[2] trace: ....................(KK) MogaController :: Inside NativeOnMotionEvent

android[2] trace: (KK) MogaController :: Inside NativeOnMotionEvent ....................

G4-JNI GetEnv version=0x00010002
G4-JNI GetEnv version=0x00010002
android[2] trace: ....................(KK) MogaController :: Inside NativeOnMotionEvent

android[2] trace: (KK) MogaController :: Inside NativeOnMotionEvent ....................

G4-JNI GetEnv version=0x00010002
android[2] trace: ....................(KK) MogaController :: Inside NativeOnMotionEvent

android[2] trace: (KK) MogaController :: Inside NativeOnMotionEvent ....................

G4-JNI GetEnv version=0x00010002
G4-JNI GetEnv version=0x00010002
android[2] trace: ....................(KK) MogaController :: Inside NativeOnMotionEvent

android[2] trace: (KK) MogaController :: Inside NativeOnMotionEvent ....................

G4-JNI GetEnv version=0x00010002
android[2] trace: ....................(KK) MogaController :: Inside NativeOnMotionEvent

android[2] trace: (KK) MogaController :: Inside NativeOnMotionEvent ....................

G4-JNI GetEnv version=0x00010002
G4-JNI GetEnv version=0x00010002
G4-JNI GetEnv version=0x00010002
android[2] trace: ....................(KK) MogaController :: Inside NativeOnMotionEvent

android[2] trace: (KK) MogaController :: Inside NativeOnMotionEvent ....................

G6-MOGA motion frame=15761 axes=32767,0,0,0,0,0
G4-JNI GetEnv version=0x00010002
android[2] trace: ....................(KK) MogaController :: Inside NativeOnMotionEvent

android[2] trace: (KK) MogaController :: Inside NativeOnMotionEvent ....................

G4-JNI GetEnv version=0x00010002
G4-JNI GetEnv version=0x00010002
android[2] trace: ....................(KK) MogaController :: Inside NativeOnMotionEvent

android[2] trace: (KK) MogaController :: Inside NativeOnMotionEvent ....................

G4-JNI GetEnv version=0x00010002
android[2] trace: ....................(KK) MogaController :: Inside NativeOnMotionEvent

android[2] trace: (KK) MogaController :: Inside NativeOnMotionEvent ....................

G4-JNI GetEnv version=0x00010002
G4-JNI GetEnv version=0x00010002
android[2] trace: ....................(KK) MogaController :: Inside NativeOnMotionEvent

android[2] trace: (KK) MogaController :: Inside NativeOnMotionEvent ....................

G4-JNI GetEnv version=0x00010002
android[2] trace: ....................(KK) MogaController :: Inside NativeOnMotionEvent

android[2] trace: (KK) MogaController :: Inside NativeOnMotionEvent ....................

G4-JNI GetEnv version=0x00010002
G4-JNI GetEnv version=0x00010002
android[2] trace: ....................(KK) MogaController :: Inside NativeOnMotionEvent

android[2] trace: (KK) MogaController :: Inside NativeOnMotionEvent ....................

G4-JNI GetEnv version=0x00010002
android[2] trace: ....................(KK) MogaController :: Inside NativeOnMotionEvent

android[2] trace: (KK) MogaController :: Inside NativeOnMotionEvent ....................

G4-JNI GetEnv version=0x00010002
android[2] trace: ....................(KK) MogaController :: Inside NativeOnMotionEvent

android[2] trace: (KK) MogaController :: Inside NativeOnMotionEvent ....................

G4-JNI GetEnv version=0x00010002
android[2] trace: ....................(KK) MogaController :: Inside NativeOnMotionEvent

android[2] trace: (KK) MogaController :: Inside NativeOnMotionEvent ....................

G4-JNI GetEnv version=0x00010002
android[2] trace: ....................(KK) MogaController :: Inside NativeOnMotionEvent

android[2] trace: (KK) MogaController :: Inside NativeOnMotionEvent ....................

G4-JNI GetEnv version=0x00010002
android[2] trace: ....................(KK) MogaController :: Inside NativeOnMotionEvent

android[2] trace: (KK) MogaController :: Inside NativeOnMotionEvent ....................

G4-JNI GetEnv version=0x00010002
android[2] trace: ....................(KK) MogaController :: Inside NativeOnMotionEvent

android[2] trace: (KK) MogaController :: Inside NativeOnMotionEvent ....................

G6-MOGA motion frame=15776 axes=32767,0,0,0,0,0
G4-JNI GetEnv version=0x00010002
G4-JNI GetEnv version=0x00010002
android[2] trace: ....................(KK) MogaController :: Inside NativeOnMotionEvent

android[2] trace: (KK) MogaController :: Inside NativeOnMotionEvent ....................

G4-JNI GetEnv version=0x00010002
android[2] trace: ....................(KK) MogaController :: Inside NativeOnMotionEvent

android[2] trace: (KK) MogaController :: Inside NativeOnMotionEvent ....................

G4-JNI GetEnv version=0x00010002
android[2] trace: ....................(KK) MogaController :: Inside NativeOnMotionEvent

android[2] trace: (KK) MogaController :: Inside NativeOnMotionEvent ....................

G4-JNI GetEnv version=0x00010002
android[2] trace: ....................(KK) MogaController :: Inside NativeOnMotionEvent

android[2] trace: (KK) MogaController :: Inside NativeOnMotionEvent ....................

G4-JNI GetEnv version=0x00010002
android[2] trace: ....................(KK) MogaController :: Inside NativeOnMotionEvent

android[2] trace: (KK) MogaController :: Inside NativeOnMotionEvent ....................

G4-JNI GetEnv version=0x00010002
android[2] trace: ....................(KK) MogaController :: Inside NativeOnMotionEvent

android[2] trace: (KK) MogaController :: Inside NativeOnMotionEvent ....................

G4-JNI GetEnv version=0x00010002
android[2] trace: ....................(KK) MogaController :: Inside NativeOnMotionEvent

android[2] trace: (KK) MogaController :: Inside NativeOnMotionEvent ....................

G4-JNI GetEnv version=0x00010002
android[2] trace: ....................(KK) MogaController :: Inside NativeOnMotionEvent

android[2] trace: (KK) MogaController :: Inside NativeOnMotionEvent ....................

G4-JNI GetEnv version=0x00010002
android[2] trace: ....................(KK) MogaController :: Inside NativeOnMotionEvent

android[2] trace: (KK) MogaController :: Inside NativeOnMotionEvent ....................

G4-JNI GetEnv version=0x00010002
android[2] trace: ....................(KK) MogaController :: Inside NativeOnMotionEvent

android[2] trace: (KK) MogaController :: Inside NativeOnMotionEvent ....................

G4-JNI GetEnv version=0x00010002
android[2] trace: ....................(KK) MogaController :: Inside NativeOnMotionEvent

android[2] trace: (KK) MogaController :: Inside NativeOnMotionEvent ....................

G4-JNI GetEnv version=0x00010002
android[2] trace: ....................(KK) MogaController :: Inside NativeOnMotionEvent

android[2] trace: (KK) MogaController :: Inside NativeOnMotionEvent ....................

G4-JNI GetEnv version=0x00010002
android[2] trace: ....................(KK) MogaController :: Inside NativeOnMotionEvent

android[2] trace: (KK) MogaController :: Inside NativeOnMotionEvent ....................

G4-JNI GetEnv version=0x00010002
android[2] trace: ....................(KK) MogaController :: Inside NativeOnMotionEvent

android[2] trace: (KK) MogaController :: Inside NativeOnMotionEvent ....................

G6-MOGA motion frame=15791 axes=32767,0,0,0,0,0
G4-JNI GetEnv version=0x00010002
G4-JNI GetEnv version=0x00010002
android[2] trace: ....................(KK) MogaController :: Inside NativeOnMotionEvent

android[2] trace: (KK) MogaController :: Inside NativeOnMotionEvent ....................

G4-JNI GetEnv version=0x00010002
android[2] trace: ....................(KK) MogaController :: Inside NativeOnMotionEvent

android[2] trace: (KK) MogaController :: Inside NativeOnMotionEvent ....................

G4-JNI GetEnv version=0x00010002
android[2] trace: ....................(KK) MogaController :: Inside NativeOnMotionEvent

android[2] trace: (KK) MogaController :: Inside NativeOnMotionEvent ....................

G4-JNI GetEnv version=0x00010002
android[2] trace: ....................(KK) MogaController :: Inside NativeOnMotionEvent

android[2] trace: (KK) MogaController :: Inside NativeOnMotionEvent ....................

G4-JNI GetEnv version=0x00010002
android[2] trace: ....................(KK) MogaController :: Inside NativeOnMotionEvent

android[2] trace: (KK) MogaController :: Inside NativeOnMotionEvent ....................

G4-JNI GetEnv version=0x00010002
android[2] trace: ....................(KK) MogaController :: Inside NativeOnMotionEvent

android[2] trace: (KK) MogaController :: Inside NativeOnMotionEvent ....................

G4-JNI GetEnv version=0x00010002
android[2] trace: ....................(KK) MogaController :: Inside NativeOnMotionEvent

android[2] trace: (KK) MogaController :: Inside NativeOnMotionEvent ....................

G4-JNI GetEnv version=0x00010002
android[2] trace: ....................(KK) MogaController :: Inside NativeOnMotionEvent

android[2] trace: (KK) MogaController :: Inside NativeOnMotionEvent ....................

G4-JNI GetEnv version=0x00010002
android[2] trace: ....................(KK) MogaController :: Inside NativeOnMotionEvent

android[2] trace: (KK) MogaController :: Inside NativeOnMotionEvent ....................

G4-JNI GetEnv version=0x00010002
android[2] trace: ....................(KK) MogaController :: Inside NativeOnMotionEvent

android[2] trace: (KK) MogaController :: Inside NativeOnMotionEvent ....................

G4-JNI GetEnv version=0x00010002
android[2] trace: ....................(KK) MogaController :: Inside NativeOnMotionEvent

android[2] trace: (KK) MogaController :: Inside NativeOnMotionEvent ....................

G4-JNI GetEnv version=0x00010002
android[2] trace: ....................(KK) MogaController :: Inside NativeOnMotionEvent

android[2] trace: (KK) MogaController :: Inside NativeOnMotionEvent ....................

G4-JNI GetEnv version=0x00010002
G4-JNI GetEnv version=0x00010002
android[2] trace: ....................(KK) MogaController :: Inside NativeOnMotionEvent

android[2] trace: (KK) MogaController :: Inside NativeOnMotionEvent ....................

G6-MOGA motion frame=15806 axes=0,0,0,0,0,0
G4-JNI GetEnv version=0x00010002
android[2] trace: ....................(KK) MogaController :: Inside NativeOnMotionEvent

android[2] trace: (KK) MogaController :: Inside NativeOnMotionEvent ....................

G4-JNI GetEnv version=0x00010002
android[2] trace: ....................(KK) MogaController :: Inside NativeOnMotionEvent

android[2] trace: (KK) MogaController :: Inside NativeOnMotionEvent ....................

G4-JNI GetEnv version=0x00010002
android[2] trace: ....................(KK) MogaController :: Inside NativeOnMotionEvent

android[2] trace: (KK) MogaController :: Inside NativeOnMotionEvent ....................

G4-JNI GetEnv version=0x00010002
android[2] trace: ....................(KK) MogaController :: Inside NativeOnMotionEvent

android[2] trace: (KK) MogaController :: Inside NativeOnMotionEvent ....................

G4-JNI GetEnv version=0x00010002
android[2] trace: ....................(KK) MogaController :: Inside NativeOnMotionEvent

android[2] trace: (KK) MogaController :: Inside NativeOnMotionEvent ....................

G4-JNI GetEnv version=0x00010002
android[2] trace: ....................(KK) MogaController :: Inside NativeOnMotionEvent

android[2] trace: (KK) MogaController :: Inside NativeOnMotionEvent ....................

G4-JNI GetEnv version=0x00010002
android[2] trace: ....................(KK) MogaController :: Inside NativeOnMotionEvent

android[2] trace: (KK) MogaController :: Inside NativeOnMotionEvent ....................

G4-JNI GetEnv version=0x00010002
android[2] trace: ....................(KK) MogaController :: Inside NativeOnMotionEvent

android[2] trace: (KK) MogaController :: Inside NativeOnMotionEvent ....................

G4-JNI GetEnv version=0x00010002
android[2] trace: ....................(KK) MogaController :: Inside NativeOnMotionEvent

android[2] trace: (KK) MogaController :: Inside NativeOnMotionEvent ....................

G4-JNI GetEnv version=0x00010002
android[2] trace: ....................(KK) MogaController :: Inside NativeOnMotionEvent

android[2] trace: (KK) MogaController :: Inside NativeOnMotionEvent ....................

G4-JNI GetEnv version=0x00010002
android[2] trace: ....................(KK) MogaController :: Inside NativeOnMotionEvent

android[2] trace: (KK) MogaController :: Inside NativeOnMotionEvent ....................

G4-JNI GetEnv version=0x00010002
android[2] trace: ....................(KK) MogaController :: Inside NativeOnMotionEvent

android[2] trace: (KK) MogaController :: Inside NativeOnMotionEvent ....................

G4-JNI GetEnv version=0x00010002
android[2] trace: ....................(KK) MogaController :: Inside NativeOnMotionEvent

android[2] trace: (KK) MogaController :: Inside NativeOnMotionEvent ....................

G4-JNI GetEnv version=0x00010002
android[2] trace: ....................(KK) MogaController :: Inside NativeOnMotionEvent

android[2] trace: (KK) MogaController :: Inside NativeOnMotionEvent ....................

G4-JNI GetEnv version=0x00010002
android[2] trace: ....................(KK) MogaController :: Inside NativeOnMotionEvent

android[2] trace: (KK) MogaController :: Inside NativeOnMotionEvent ....................

G6-MOGA motion frame=15821 axes=32767,0,0,0,0,0
G4-JNI GetEnv version=0x00010002
android[2] trace: ....................(KK) MogaController :: Inside NativeOnMotionEvent

android[2] trace: (KK) MogaController :: Inside NativeOnMotionEvent ....................

G4-JNI GetEnv version=0x00010002
android[2] trace: ....................(KK) MogaController :: Inside NativeOnMotionEvent

android[2] trace: (KK) MogaController :: Inside NativeOnMotionEvent ....................

G4-JNI GetEnv version=0x00010002
G4-JNI GetEnv version=0x00010002
android[2] trace: ....................(KK) MogaController :: Inside NativeOnMotionEvent

android[2] trace: (KK) MogaController :: Inside NativeOnMotionEvent ....................

G4-JNI GetEnv version=0x00010002
android[2] trace: ....................(KK) MogaController :: Inside NativeOnMotionEvent

android[2] trace: (KK) MogaController :: Inside NativeOnMotionEvent ....................

G4-JNI GetEnv version=0x00010002
android[2] trace: ....................(KK) MogaController :: Inside NativeOnMotionEvent

android[2] trace: (KK) MogaController :: Inside NativeOnMotionEvent ....................

G4-JNI GetEnv version=0x00010002
android[2] trace: ....................(KK) MogaController :: Inside NativeOnMotionEvent

android[2] trace: (KK) MogaController :: Inside NativeOnMotionEvent ....................

G4-JNI GetEnv version=0x00010002
android[2] trace: ....................(KK) MogaController :: Inside NativeOnMotionEvent

android[2] trace: (KK) MogaController :: Inside NativeOnMotionEvent ....................

G4-JNI GetEnv version=0x00010002
android[2] trace: ....................(KK) MogaController :: Inside NativeOnMotionEvent

android[2] trace: (KK) MogaController :: Inside NativeOnMotionEvent ....................

G4-JNI GetEnv version=0x00010002
android[2] trace: ....................(KK) MogaController :: Inside NativeOnMotionEvent

android[2] trace: (KK) MogaController :: Inside NativeOnMotionEvent ....................

G4-JNI GetEnv version=0x00010002
android[2] trace: ....................(KK) MogaController :: Inside NativeOnMotionEvent

android[2] trace: (KK) MogaController :: Inside NativeOnMotionEvent ....................

G4-JNI GetEnv version=0x00010002
G4-JNI GetEnv version=0x00010002
G4-JNI GetEnv version=0x00010002
G4-JNI GetEnv version=0x00010002
G4-JNI GetEnv version=0x00010002
G4-JNI GetEnv version=0x00010002
G4-JNI GetEnv version=0x00010002
G4-JNI GetEnv version=0x00010002
G4-JNI GetEnv version=0x00010002
android[2] trace: ....................(KK) MogaController :: Inside NativeOnMotionEvent

android[2] trace: (KK) MogaController :: Inside NativeOnMotionEvent ....................

G6-MOGA motion frame=15841 axes=0,0,0,0,0,0
G4-JNI GetEnv version=0x00010002
android[2] trace: ....................(KK) MogaController :: Inside NativeOnMotionEvent

android[2] trace: (KK) MogaController :: Inside NativeOnMotionEvent ....................

G4-JNI GetEnv version=0x00010002
G4-JNI GetEnv version=0x00010002
G4-JNI GetEnv version=0x00010002
G4-JNI GetEnv version=0x00010002
G4-JNI GetEnv version=0x00010002
G4-JNI GetEnv version=0x00010002
G4-JNI GetEnv version=0x00010002
G4-JNI GetEnv version=0x00010002
G4-JNI GetEnv version=0x00010002
G4-JNI GetEnv version=0x00010002
G4-JNI GetEnv version=0x00010002
G4-JNI GetEnv version=0x00010002
android[2] trace: ....................(KK) MogaController :: Inside NativeOnMotionEvent

android[2] trace: (KK) MogaController :: Inside NativeOnMotionEvent ....................

G4-JNI GetEnv version=0x00010002
android[2] trace: ....................(KK) MogaController :: Inside NativeOnMotionEvent

android[2] trace: (KK) MogaController :: Inside NativeOnMotionEvent ....................

G4-JNI GetEnv version=0x00010002
G4-JNI GetEnv version=0x00010002
G4-JNI GetEnv version=0x00010002
G4-JNI GetEnv version=0x00010002
android[2] trace: ....................(KK) MogaController :: Inside NativeOnMotionEvent

android[2] trace: (KK) MogaController :: Inside NativeOnMotionEvent ....................

G6-MOGA motion frame=15859 axes=0,0,0,0,0,0
G4-JNI GetEnv version=0x00010002
android[2] trace: ....................(KK) MogaController :: Inside NativeOnMotionEvent

android[2] trace: (KK) MogaController :: Inside NativeOnMotionEvent ....................

G4-JNI GetEnv version=0x00010002
android[2] trace: ....................(KK) MogaController :: Inside NativeOnMotionEvent

android[2] trace: (KK) MogaController :: Inside NativeOnMotionEvent ....................

G4-JNI GetEnv version=0x00010002
G4-JNI GetEnv version=0x00010002
G4-JNI GetEnv version=0x00010002
G4-JNI GetEnv version=0x00010002
G4-JNI GetEnv version=0x00010002
G4-JNI GetEnv version=0x00010002
G4-JNI GetEnv version=0x00010002
G4-JNI GetEnv version=0x00010002
G4-JNI GetEnv version=0x00010002
G4-JNI GetEnv version=0x00010002
G4-JNI GetEnv version=0x00010002
G4-JNI GetEnv version=0x00010002
G4-JNI GetEnv version=0x00010002
G4-JNI GetEnv version=0x00010002
G4-JNI GetEnv version=0x00010002
G4-JNI GetEnv version=0x00010002
G4-JNI GetEnv version=0x00010002
G4-JNI GetEnv version=0x00010002
G4-JNI GetEnv version=0x00010002
G4-JNI GetEnv version=0x00010002
G4-JNI GetEnv version=0x00010002
G4-JNI GetEnv version=0x00010002
G4-JNI GetEnv version=0x00010002
G4-JNI GetEnv version=0x00010002
G4-JNI GetEnv version=0x00010002
G4-JNI GetEnv version=0x00010002
G4-JNI GetEnv version=0x00010002
G4-JNI GetEnv version=0x00010002
G4-JNI GetEnv version=0x00010002
G4-JNI GetEnv version=0x00010002
G4-JNI GetEnv version=0x00010002
G4-JNI GetEnv version=0x00010002
G4-JNI GetEnv version=0x00010002
G4-JNI GetEnv version=0x00010002
G4-JNI GetEnv version=0x00010002
G4-JNI GetEnv version=0x00010002
G4-JNI GetEnv version=0x00010002
G4-JNI GetEnv version=0x00010002
G4-JNI GetEnv version=0x00010002
G7-FRAME enter=15900
G4-JNI GetEnv version=0x00010002
G5-GL STATE frame=15900 framebuffer=0 status=0x8cd5 errors=1
G7-FRAME leave=15900
android[2] trace: ....................(KK) MogaController :: Inside NativeOnMotionEvent

android[2] trace: (KK) MogaController :: Inside NativeOnMotionEvent ....................

G6-MOGA motion frame=15901 axes=-32767,0,0,0,0,0
G4-JNI GetEnv version=0x00010002
android[2] trace: ....................(KK) MogaController :: Inside NativeOnMotionEvent

android[2] trace: (KK) MogaController :: Inside NativeOnMotionEvent ....................

G4-JNI GetEnv version=0x00010002
G4-JNI GetEnv version=0x00010002
G4-JNI GetEnv version=0x00010002
G4-JNI GetEnv version=0x00010002
G4-JNI GetEnv version=0x00010002
android[2] trace: ....................(KK) MogaController :: Inside NativeOnMotionEvent

android[2] trace: (KK) MogaController :: Inside NativeOnMotionEvent ....................

G4-JNI GetEnv version=0x00010002
android[2] trace: ....................(KK) MogaController :: Inside NativeOnMotionEvent

android[2] trace: (KK) MogaController :: Inside NativeOnMotionEvent ....................

G4-JNI GetEnv version=0x00010002
G4-JNI GetEnv version=0x00010002
G4-JNI GetEnv version=0x00010002
android[2] trace: ....................(KK) MogaController :: Inside NativeOnMotionEvent

android[2] trace: (KK) MogaController :: Inside NativeOnMotionEvent ....................

G4-JNI GetEnv version=0x00010002
android[2] trace: ....................(KK) MogaController :: Inside NativeOnMotionEvent

android[2] trace: (KK) MogaController :: Inside NativeOnMotionEvent ....................

G4-JNI GetEnv version=0x00010002
android[2] trace: ....................(KK) MogaController :: Inside NativeOnMotionEvent

android[2] trace: (KK) MogaController :: Inside NativeOnMotionEvent ....................

G4-JNI GetEnv version=0x00010002
android[2] trace: ....................(KK) MogaController :: Inside NativeOnMotionEvent

android[2] trace: (KK) MogaController :: Inside NativeOnMotionEvent ....................

G4-JNI GetEnv version=0x00010002
android[2] trace: ....................(KK) MogaController :: Inside NativeOnMotionEvent

android[2] trace: (KK) MogaController :: Inside NativeOnMotionEvent ....................

G4-JNI GetEnv version=0x00010002
G4-JNI GetEnv version=0x00010002
android[2] trace: ....................(KK) MogaController :: Inside NativeOnMotionEvent

android[2] trace: (KK) MogaController :: Inside NativeOnMotionEvent ....................

G6-MOGA motion frame=15917 axes=0,0,0,0,0,0
G4-JNI GetEnv version=0x00010002
android[2] trace: ....................(KK) MogaController :: Inside NativeOnMotionEvent

android[2] trace: (KK) MogaController :: Inside NativeOnMotionEvent ....................

G4-JNI GetEnv version=0x00010002
G4-JNI GetEnv version=0x00010002
G4-JNI GetEnv version=0x00010002
G4-JNI GetEnv version=0x00010002
G4-JNI GetEnv version=0x00010002
G4-JNI GetEnv version=0x00010002
G4-JNI GetEnv version=0x00010002
G4-JNI GetEnv version=0x00010002
G4-JNI GetEnv version=0x00010002
G4-JNI GetEnv version=0x00010002
G4-JNI GetEnv version=0x00010002
G4-JNI GetEnv version=0x00010002
G4-JNI GetEnv version=0x00010002
G4-JNI GetEnv version=0x00010002
G4-JNI GetEnv version=0x00010002
G4-JNI GetEnv version=0x00010002
G4-JNI GetEnv version=0x00010002
G4-JNI GetEnv version=0x00010002
G4-JNI GetEnv version=0x00010002
G4-JNI GetEnv version=0x00010002
G4-JNI GetEnv version=0x00010002
G4-JNI GetEnv version=0x00010002
G4-JNI GetEnv version=0x00010002
G4-JNI GetEnv version=0x00010002
G4-JNI GetEnv version=0x00010002
G4-JNI GetEnv version=0x00010002
G4-JNI GetEnv version=0x00010002
G4-JNI GetEnv version=0x00010002
G4-JNI GetEnv version=0x00010002
G4-JNI GetEnv version=0x00010002
android[2] trace: [AUTOLOG QUERY] Server: Blaze     Call: /nfs-2013-android/util/ping

G4-JNI GetEnv version=0x00010002
G4-JNI GetEnv version=0x00010002
G4-JNI GetEnv version=0x00010002
G4-JNI GetEnv version=0x00010002
G4-JNI GetEnv version=0x00010002
G4-JNI GetEnv version=0x00010002
G4-JNI GetEnv version=0x00010002
G4-JNI GetEnv version=0x00010002
G4-JNI GetEnv version=0x00010002
G4-JNI GetEnv version=0x00010002
G4-JNI GetEnv version=0x00010002
G4-JNI GetEnv version=0x00010002
G4-JNI GetEnv version=0x00010002
G4-JNI GetEnv version=0x00010002
G4-JNI GetEnv version=0x00010002
G4-JNI GetEnv version=0x00010002
G4-JNI GetEnv version=0x00010002
G4-JNI GetEnv version=0x00010002
G4-JNI GetEnv version=0x00010002
G4-JNI GetEnv version=0x00010002
G4-JNI GetEnv version=0x00010002
G4-JNI GetEnv version=0x00010002
G4-JNI GetEnv version=0x00010002
G4-JNI GetEnv version=0x00010002
G4-JNI GetEnv version=0x00010002
G4-JNI GetEnv version=0x00010002
G4-JNI GetEnv version=0x00010002
G4-JNI GetEnv version=0x00010002
G4-JNI GetEnv version=0x00010002
G4-JNI GetEnv version=0x00010002
G4-JNI GetEnv version=0x00010002
android[2] trace: ....................(KK) MogaController :: Inside NativeOnMotionEvent

android[2] trace: (KK) MogaController :: Inside NativeOnMotionEvent ....................

G6-MOGA motion frame=15979 axes=0,0,0,0,0,0
G4-JNI GetEnv version=0x00010002
G4-JNI GetEnv version=0x00010002
G4-JNI GetEnv version=0x00010002
G4-JNI GetEnv version=0x00010002
G4-JNI GetEnv version=0x00010002
G4-JNI GetEnv version=0x00010002
G4-JNI GetEnv version=0x00010002
G4-JNI GetEnv version=0x00010002
G4-JNI GetEnv version=0x00010002
G4-JNI GetEnv version=0x00010002
G4-JNI GetEnv version=0x00010002
G4-JNI GetEnv version=0x00010002
G4-JNI GetEnv version=0x00010002
G4-JNI GetEnv version=0x00010002
G4-JNI GetEnv version=0x00010002
G4-JNI GetEnv version=0x00010002
G4-JNI GetEnv version=0x00010002
G4-JNI GetEnv version=0x00010002
G4-JNI GetEnv version=0x00010002
G4-JNI GetEnv version=0x00010002
G4-JNI GetEnv version=0x00010002
G4-JNI GetEnv version=0x00010002
G4-JNI GetEnv version=0x00010002
G4-JNI GetEnv version=0x00010002
G4-JNI GetEnv version=0x00010002
G4-JNI GetEnv version=0x00010002
G4-JNI GetEnv version=0x00010002
G4-JNI GetEnv version=0x00010002
G4-JNI GetEnv version=0x00010002
G4-JNI GetEnv version=0x00010002
G4-JNI GetEnv version=0x00010002
G4-JNI GetEnv version=0x00010002
G4-JNI GetEnv version=0x00010002
G4-JNI GetEnv version=0x00010002
G4-JNI GetEnv version=0x00010002
G4-JNI GetEnv version=0x00010002
G4-JNI GetEnv version=0x00010002
android[2] trace: ....................(KK) MogaController :: Inside NativeOnMotionEvent

android[2] trace: (KK) MogaController :: Inside NativeOnMotionEvent ....................

G6-MOGA motion frame=16016 axes=32767,0,0,0,0,0
G4-JNI GetEnv version=0x00010002
android[2] trace: ....................(KK) MogaController :: Inside NativeOnMotionEvent

android[2] trace: (KK) MogaController :: Inside NativeOnMotionEvent ....................

G4-JNI GetEnv version=0x00010002
android[2] trace: ....................(KK) MogaController :: Inside NativeOnMotionEvent

android[2] trace: (KK) MogaController :: Inside NativeOnMotionEvent ....................

G4-JNI GetEnv version=0x00010002
G4-JNI GetEnv version=0x00010002
android[2] trace: ....................(KK) MogaController :: Inside NativeOnMotionEvent

android[2] trace: (KK) MogaController :: Inside NativeOnMotionEvent ....................

G4-JNI GetEnv version=0x00010002
android[2] trace: ....................(KK) MogaController :: Inside NativeOnMotionEvent

android[2] trace: (KK) MogaController :: Inside NativeOnMotionEvent ....................

G4-JNI GetEnv version=0x00010002
G4-JNI GetEnv version=0x00010002
android[2] trace: ....................(KK) MogaController :: Inside NativeOnMotionEvent

android[2] trace: (KK) MogaController :: Inside NativeOnMotionEvent ....................

G4-JNI GetEnv version=0x00010002
android[2] trace: ....................(KK) MogaController :: Inside NativeOnMotionEvent

android[2] trace: (KK) MogaController :: Inside NativeOnMotionEvent ....................

G4-JNI GetEnv version=0x00010002
android[2] trace: ....................(KK) MogaController :: Inside NativeOnMotionEvent

android[2] trace: (KK) MogaController :: Inside NativeOnMotionEvent ....................

G4-JNI GetEnv version=0x00010002
android[2] trace: ....................(KK) MogaController :: Inside NativeOnMotionEvent

android[2] trace: (KK) MogaController :: Inside NativeOnMotionEvent ....................

G4-JNI GetEnv version=0x00010002
android[2] trace: ....................(KK) MogaController :: Inside NativeOnMotionEvent

android[2] trace: (KK) MogaController :: Inside NativeOnMotionEvent ....................

G4-JNI GetEnv version=0x00010002
G4-JNI GetEnv version=0x00010002
android[2] trace: ....................(KK) MogaController :: Inside NativeOnMotionEvent

android[2] trace: (KK) MogaController :: Inside NativeOnMotionEvent ....................

G4-JNI GetEnv version=0x00010002
android[2] trace: ....................(KK) MogaController :: Inside NativeOnMotionEvent

android[2] trace: (KK) MogaController :: Inside NativeOnMotionEvent ....................

G4-JNI GetEnv version=0x00010002
android[2] trace: ....................(KK) MogaController :: Inside NativeOnMotionEvent

android[2] trace: (KK) MogaController :: Inside NativeOnMotionEvent ....................

G6-MOGA motion frame=16031 axes=32767,0,0,0,0,0
G4-JNI GetEnv version=0x00010002
android[2] trace: ....................(KK) MogaController :: Inside NativeOnMotionEvent

android[2] trace: (KK) MogaController :: Inside NativeOnMotionEvent ....................

G4-JNI GetEnv version=0x00010002
G4-JNI GetEnv version=0x00010002
android[2] trace: ....................(KK) MogaController :: Inside NativeOnMotionEvent

android[2] trace: (KK) MogaController :: Inside NativeOnMotionEvent ....................

G4-JNI GetEnv version=0x00010002
android[2] trace: ....................(KK) MogaController :: Inside NativeOnMotionEvent

android[2] trace: (KK) MogaController :: Inside NativeOnMotionEvent ....................

G4-JNI GetEnv version=0x00010002
G4-JNI GetEnv version=0x00010002
android[2] trace: ....................(KK) MogaController :: Inside NativeOnMotionEvent

android[2] trace: (KK) MogaController :: Inside NativeOnMotionEvent ....................

G4-JNI GetEnv version=0x00010002
android[2] trace: ....................(KK) MogaController :: Inside NativeOnMotionEvent

android[2] trace: (KK) MogaController :: Inside NativeOnMotionEvent ....................

G4-JNI GetEnv version=0x00010002
G4-JNI GetEnv version=0x00010002
android[2] trace: ....................(KK) MogaController :: Inside NativeOnMotionEvent

android[2] trace: (KK) MogaController :: Inside NativeOnMotionEvent ....................

G4-JNI GetEnv version=0x00010002
android[2] trace: ....................(KK) MogaController :: Inside NativeOnMotionEvent

android[2] trace: (KK) MogaController :: Inside NativeOnMotionEvent ....................

G4-JNI GetEnv version=0x00010002
G4-JNI GetEnv version=0x00010002
android[2] trace: ....................(KK) MogaController :: Inside NativeOnMotionEvent

android[2] trace: (KK) MogaController :: Inside NativeOnMotionEvent ....................

G4-JNI GetEnv version=0x00010002
android[2] trace: ....................(KK) MogaController :: Inside NativeOnMotionEvent

android[2] trace: (KK) MogaController :: Inside NativeOnMotionEvent ....................

G4-JNI GetEnv version=0x00010002
G4-JNI GetEnv version=0x00010002
android[2] trace: ....................(KK) MogaController :: Inside NativeOnMotionEvent

android[2] trace: (KK) MogaController :: Inside NativeOnMotionEvent ....................

G6-MOGA motion frame=16046 axes=32767,0,0,0,0,0
G4-JNI GetEnv version=0x00010002
android[2] trace: ....................(KK) MogaController :: Inside NativeOnMotionEvent

android[2] trace: (KK) MogaController :: Inside NativeOnMotionEvent ....................

G4-JNI GetEnv version=0x00010002
G4-JNI GetEnv version=0x00010002
G4-JNI GetEnv version=0x00010002
android[2] trace: ....................(KK) MogaController :: Inside NativeOnMotionEvent

android[2] trace: (KK) MogaController :: Inside NativeOnMotionEvent ....................

G4-JNI GetEnv version=0x00010002
android[2] trace: ....................(KK) MogaController :: Inside NativeOnMotionEvent

android[2] trace: (KK) MogaController :: Inside NativeOnMotionEvent ....................

G4-JNI GetEnv version=0x00010002
G4-JNI GetEnv version=0x00010002
android[2] trace: ....................(KK) MogaController :: Inside NativeOnMotionEvent

android[2] trace: (KK) MogaController :: Inside NativeOnMotionEvent ....................

G4-JNI GetEnv version=0x00010002
android[2] trace: ....................(KK) MogaController :: Inside NativeOnMotionEvent

android[2] trace: (KK) MogaController :: Inside NativeOnMotionEvent ....................

G4-JNI GetEnv version=0x00010002
G4-JNI GetEnv version=0x00010002
G4-JNI GetEnv version=0x00010002
G4-JNI GetEnv version=0x00010002
G4-JNI GetEnv version=0x00010002
G4-JNI GetEnv version=0x00010002
G4-JNI GetEnv version=0x00010002
G4-JNI GetEnv version=0x00010002
G4-JNI GetEnv version=0x00010002
G4-JNI GetEnv version=0x00010002
G4-JNI GetEnv version=0x00010002
G4-JNI GetEnv version=0x00010002
G4-JNI GetEnv version=0x00010002
G4-JNI GetEnv version=0x00010002
G4-JNI GetEnv version=0x00010002
G4-JNI GetEnv version=0x00010002
G4-JNI GetEnv version=0x00010002
G4-JNI GetEnv version=0x00010002
G4-JNI GetEnv version=0x00010002
G4-JNI GetEnv version=0x00010002
G4-JNI GetEnv version=0x00010002
G4-JNI GetEnv version=0x00010002
G4-JNI GetEnv version=0x00010002
G4-JNI GetEnv version=0x00010002
G4-JNI GetEnv version=0x00010002
G4-JNI GetEnv version=0x00010002
G4-JNI GetEnv version=0x00010002
G4-JNI GetEnv version=0x00010002
G4-JNI GetEnv version=0x00010002
G4-JNI GetEnv version=0x00010002
G4-JNI GetEnv version=0x00010002
G4-JNI GetEnv version=0x00010002
G4-JNI GetEnv version=0x00010002
G4-JNI GetEnv version=0x00010002
android[2] trace: ....................(KK) MogaController :: Inside NativeOnMotionEvent

android[2] trace: (KK) MogaController :: Inside NativeOnMotionEvent ....................

G6-MOGA motion frame=16088 axes=32767,0,0,0,0,0
G4-JNI GetEnv version=0x00010002
android[2] trace: ....................(KK) MogaController :: Inside NativeOnMotionEvent

android[2] trace: (KK) MogaController :: Inside NativeOnMotionEvent ....................

G4-JNI GetEnv version=0x00010002
android[2] trace: ....................(KK) MogaController :: Inside NativeOnMotionEvent

android[2] trace: (KK) MogaController :: Inside NativeOnMotionEvent ....................

G4-JNI GetEnv version=0x00010002
G4-JNI GetEnv version=0x00010002
G4-JNI GetEnv version=0x00010002
G4-JNI GetEnv version=0x00010002
G4-JNI GetEnv version=0x00010002
G4-JNI GetEnv version=0x00010002
G4-JNI GetEnv version=0x00010002
G4-JNI GetEnv version=0x00010002
G4-JNI GetEnv version=0x00010002
G4-JNI GetEnv version=0x00010002
G4-JNI GetEnv version=0x00010002
android[2] trace: ....................(KK) MogaController :: Inside NativeOnMotionEvent

android[2] trace: (KK) MogaController :: Inside NativeOnMotionEvent ....................

G4-JNI GetEnv version=0x00010002
android[2] trace: ....................(KK) MogaController :: Inside NativeOnMotionEvent

android[2] trace: (KK) MogaController :: Inside NativeOnMotionEvent ....................

G4-JNI GetEnv version=0x00010002
G4-JNI GetEnv version=0x00010002
G4-JNI GetEnv version=0x00010002
G4-JNI GetEnv version=0x00010002
G4-JNI GetEnv version=0x00010002
G4-JNI GetEnv version=0x00010002
G4-JNI GetEnv version=0x00010002
G4-JNI GetEnv version=0x00010002
G4-JNI GetEnv version=0x00010002
G4-JNI GetEnv version=0x00010002
android[2] trace: ....................(KK) MogaController :: Inside NativeOnMotionEvent

android[2] trace: (KK) MogaController :: Inside NativeOnMotionEvent ....................

G6-MOGA motion frame=16112 axes=0,0,0,0,0,0
G4-JNI GetEnv version=0x00010002
android[2] trace: ....................(KK) MogaController :: Inside NativeOnMotionEvent

android[2] trace: (KK) MogaController :: Inside NativeOnMotionEvent ....................

G4-JNI GetEnv version=0x00010002
G4-JNI GetEnv version=0x00010002
G4-JNI GetEnv version=0x00010002
android[2] trace: ....................(KK) MogaController :: Inside NativeOnMotionEvent

android[2] trace: (KK) MogaController :: Inside NativeOnMotionEvent ....................

G4-JNI GetEnv version=0x00010002
G4-JNI GetEnv version=0x00010002
G4-JNI GetEnv version=0x00010002
G4-JNI GetEnv version=0x00010002
G4-JNI GetEnv version=0x00010002
G4-JNI GetEnv version=0x00010002
G4-JNI GetEnv version=0x00010002
G4-JNI GetEnv version=0x00010002
G4-JNI GetEnv version=0x00010002
G4-JNI GetEnv version=0x00010002
G4-JNI GetEnv version=0x00010002
G4-JNI GetEnv version=0x00010002
G4-JNI GetEnv version=0x00010002
G4-JNI GetEnv version=0x00010002
G4-JNI GetEnv version=0x00010002
G4-JNI GetEnv version=0x00010002
G4-JNI GetEnv version=0x00010002
G4-JNI GetEnv version=0x00010002
G4-JNI GetEnv version=0x00010002
G4-JNI GetEnv version=0x00010002
G4-JNI GetEnv version=0x00010002
android[2] trace: ....................(KK) MogaController :: Inside NativeOnMotionEvent

android[2] trace: (KK) MogaController :: Inside NativeOnMotionEvent ....................

G6-MOGA motion frame=16137 axes=-32767,0,0,0,0,0
G4-JNI GetEnv version=0x00010002
G4-JNI GetEnv version=0x00010002
android[2] trace: ....................(KK) MogaController :: Inside NativeOnMotionEvent

android[2] trace: (KK) MogaController :: Inside NativeOnMotionEvent ....................

G4-JNI GetEnv version=0x00010002
android[2] trace: ....................(KK) MogaController :: Inside NativeOnMotionEvent

android[2] trace: (KK) MogaController :: Inside NativeOnMotionEvent ....................

G4-JNI GetEnv version=0x00010002
G4-JNI GetEnv version=0x00010002
android[2] trace: ....................(KK) MogaController :: Inside NativeOnMotionEvent

android[2] trace: (KK) MogaController :: Inside NativeOnMotionEvent ....................

G4-JNI GetEnv version=0x00010002
android[2] trace: ....................(KK) MogaController :: Inside NativeOnMotionEvent

android[2] trace: (KK) MogaController :: Inside NativeOnMotionEvent ....................

G4-JNI GetEnv version=0x00010002
android[2] trace: ....................(KK) MogaController :: Inside NativeOnMotionEvent

android[2] trace: (KK) MogaController :: Inside NativeOnMotionEvent ....................

G4-JNI GetEnv version=0x00010002
G4-JNI GetEnv version=0x00010002
G4-JNI GetEnv version=0x00010002
G4-JNI GetEnv version=0x00010002
G4-JNI GetEnv version=0x00010002
G4-JNI GetEnv version=0x00010002
G4-JNI GetEnv version=0x00010002
G4-JNI GetEnv version=0x00010002
G4-JNI GetEnv version=0x00010002
G4-JNI GetEnv version=0x00010002
G4-JNI GetEnv version=0x00010002
G4-JNI GetEnv version=0x00010002
G4-JNI GetEnv version=0x00010002
G4-JNI GetEnv version=0x00010002
G4-JNI GetEnv version=0x00010002
G4-JNI GetEnv version=0x00010002
G4-JNI GetEnv version=0x00010002
G4-JNI GetEnv version=0x00010002
G4-JNI GetEnv version=0x00010002
G4-JNI GetEnv version=0x00010002
android[2] trace: ....................(KK) MogaController :: Inside NativeOnMotionEvent

android[2] trace: (KK) MogaController :: Inside NativeOnMotionEvent ....................

G6-MOGA motion frame=16164 axes=32767,0,0,0,0,0
G4-JNI GetEnv version=0x00010002
G4-JNI GetEnv version=0x00010002
G4-JNI GetEnv version=0x00010002
android[2] trace: ....................(KK) MogaController :: Inside NativeOnMotionEvent

android[2] trace: (KK) MogaController :: Inside NativeOnMotionEvent ....................

G4-JNI GetEnv version=0x00010002
android[2] trace: ....................(KK) MogaController :: Inside NativeOnMotionEvent

android[2] trace: (KK) MogaController :: Inside NativeOnMotionEvent ....................

G4-JNI GetEnv version=0x00010002
G4-JNI GetEnv version=0x00010002
G4-JNI GetEnv version=0x00010002
G4-JNI GetEnv version=0x00010002
G4-JNI GetEnv version=0x00010002
android[2] trace: ....................(KK) MogaController :: Inside NativeOnMotionEvent

android[2] trace: (KK) MogaController :: Inside NativeOnMotionEvent ....................

G4-JNI GetEnv version=0x00010002
android[2] trace: ....................(KK) MogaController :: Inside NativeOnMotionEvent

android[2] trace: (KK) MogaController :: Inside NativeOnMotionEvent ....................

G4-JNI GetEnv version=0x00010002
G4-JNI GetEnv version=0x00010002
G4-JNI GetEnv version=0x00010002
android[2] trace: ....................(KK) MogaController :: Inside NativeOnMotionEvent

android[2] trace: (KK) MogaController :: Inside NativeOnMotionEvent ....................

G4-JNI GetEnv version=0x00010002
android[2] trace: ....................(KK) MogaController :: Inside NativeOnMotionEvent

android[2] trace: (KK) MogaController :: Inside NativeOnMotionEvent ....................

G4-JNI GetEnv version=0x00010002
G4-JNI GetEnv version=0x00010002
android[2] trace: ....................(KK) MogaController :: Inside NativeOnMotionEvent

android[2] trace: (KK) MogaController :: Inside NativeOnMotionEvent ....................

G6-MOGA motion frame=16180 axes=0,0,0,0,0,0
G4-JNI GetEnv version=0x00010002
android[2] trace: ....................(KK) MogaController :: Inside NativeOnMotionEvent

android[2] trace: (KK) MogaController :: Inside NativeOnMotionEvent ....................

G4-JNI GetEnv version=0x00010002
G4-JNI GetEnv version=0x00010002
android[2] trace: ....................(KK) MogaController :: Inside NativeOnMotionEvent

android[2] trace: (KK) MogaController :: Inside NativeOnMotionEvent ....................

G4-JNI GetEnv version=0x00010002
android[2] trace: ....................(KK) MogaController :: Inside NativeOnMotionEvent

android[2] trace: (KK) MogaController :: Inside NativeOnMotionEvent ....................

G4-JNI GetEnv version=0x00010002
G4-JNI GetEnv version=0x00010002
android[2] trace: ....................(KK) MogaController :: Inside NativeOnMotionEvent

android[2] trace: (KK) MogaController :: Inside NativeOnMotionEvent ....................

G4-JNI GetEnv version=0x00010002
android[2] trace: ....................(KK) MogaController :: Inside NativeOnMotionEvent

android[2] trace: (KK) MogaController :: Inside NativeOnMotionEvent ....................

G4-JNI GetEnv version=0x00010002
G4-JNI GetEnv version=0x00010002
android[2] trace: ....................(KK) MogaController :: Inside NativeOnMotionEvent

android[2] trace: (KK) MogaController :: Inside NativeOnMotionEvent ....................

G4-JNI GetEnv version=0x00010002
android[2] trace: ....................(KK) MogaController :: Inside NativeOnMotionEvent

android[2] trace: (KK) MogaController :: Inside NativeOnMotionEvent ....................

G4-JNI GetEnv version=0x00010002
G4-JNI GetEnv version=0x00010002
android[2] trace: ....................(KK) MogaController :: Inside NativeOnMotionEvent

android[2] trace: (KK) MogaController :: Inside NativeOnMotionEvent ....................

G4-JNI GetEnv version=0x00010002
android[2] trace: ....................(KK) MogaController :: Inside NativeOnMotionEvent

android[2] trace: (KK) MogaController :: Inside NativeOnMotionEvent ....................

G4-JNI GetEnv version=0x00010002
G4-JNI GetEnv version=0x00010002
android[2] trace: ....................(KK) MogaController :: Inside NativeOnMotionEvent

android[2] trace: (KK) MogaController :: Inside NativeOnMotionEvent ....................

G6-MOGA motion frame=16195 axes=0,0,0,0,0,0
G4-JNI GetEnv version=0x00010002
android[2] trace: ....................(KK) MogaController :: Inside NativeOnMotionEvent

android[2] trace: (KK) MogaController :: Inside NativeOnMotionEvent ....................

G4-JNI GetEnv version=0x00010002
G4-JNI GetEnv version=0x00010002
android[2] trace: ....................(KK) MogaController :: Inside NativeOnMotionEvent

android[2] trace: (KK) MogaController :: Inside NativeOnMotionEvent ....................

G4-JNI GetEnv version=0x00010002
android[2] trace: ....................(KK) MogaController :: Inside NativeOnMotionEvent

android[2] trace: (KK) MogaController :: Inside NativeOnMotionEvent ....................

G4-JNI GetEnv version=0x00010002
G7-FRAME enter=16200
G4-JNI GetEnv version=0x00010002
G5-GL STATE frame=16200 framebuffer=0 status=0x8cd5 errors=1
G7-FRAME leave=16200
android[2] trace: ....................(KK) MogaController :: Inside NativeOnMotionEvent

android[2] trace: (KK) MogaController :: Inside NativeOnMotionEvent ....................

G4-JNI GetEnv version=0x00010002
G4-JNI GetEnv version=0x00010002
G4-JNI GetEnv version=0x00010002
G4-JNI GetEnv version=0x00010002
G4-JNI GetEnv version=0x00010002
G4-JNI GetEnv version=0x00010002
G4-JNI GetEnv version=0x00010002
G4-JNI GetEnv version=0x00010002
G4-JNI GetEnv version=0x00010002
G4-JNI GetEnv version=0x00010002
G4-JNI GetEnv version=0x00010002
G4-JNI GetEnv version=0x00010002
G4-JNI GetEnv version=0x00010002
G4-JNI GetEnv version=0x00010002
G4-JNI GetEnv version=0x00010002
G4-JNI GetEnv version=0x00010002
G4-JNI GetEnv version=0x00010002
G4-JNI GetEnv version=0x00010002
G4-JNI GetEnv version=0x00010002
G4-JNI GetEnv version=0x00010002
G4-JNI GetEnv version=0x00010002
G4-JNI GetEnv version=0x00010002
G4-JNI GetEnv version=0x00010002
G4-JNI GetEnv version=0x00010002
G4-JNI GetEnv version=0x00010002
G4-JNI GetEnv version=0x00010002
G4-JNI GetEnv version=0x00010002
G4-JNI GetEnv version=0x00010002
G4-JNI GetEnv version=0x00010002
G4-JNI GetEnv version=0x00010002
G4-JNI GetEnv version=0x00010002
G4-JNI GetEnv version=0x00010002
G4-JNI GetEnv version=0x00010002
G4-JNI GetEnv version=0x00010002
G4-JNI GetEnv version=0x00010002
G4-JNI GetEnv version=0x00010002
G4-JNI GetEnv version=0x00010002
G4-JNI GetEnv version=0x00010002
G4-JNI GetEnv version=0x00010002
G4-JNI GetEnv version=0x00010002
G4-JNI GetEnv version=0x00010002
G4-JNI GetEnv version=0x00010002
G4-JNI GetEnv version=0x00010002
G4-JNI GetEnv version=0x00010002
G4-JNI GetEnv version=0x00010002
G4-JNI GetEnv version=0x00010002
G4-JNI GetEnv version=0x00010002
G4-JNI GetEnv version=0x00010002
G4-JNI GetEnv version=0x00010002
G4-JNI GetEnv version=0x00010002
G4-JNI GetEnv version=0x00010002
G4-JNI GetEnv version=0x00010002
G4-JNI GetEnv version=0x00010002
G4-JNI GetEnv version=0x00010002
G4-JNI GetEnv version=0x00010002
G4-JNI GetEnv version=0x00010002
G4-JNI GetEnv version=0x00010002
G4-JNI GetEnv version=0x00010002
G4-JNI GetEnv version=0x00010002
G4-JNI GetEnv version=0x00010002
G4-JNI GetEnv version=0x00010002
android[2] trace: MoGaConTrOlLeR :: ....................(KK) BaseDrivingControlScheme :: OnEvent .....................

android[5] layouts/warning: SetAnimation: Animation flash not found in node /[NoID]/[NoID]

android[5] layouts/warning: SetAnimation: Animation flash not found in node /[NoID]/[NoID]/_common

android[6] Sound/SoundManager/error: FMOD result of SoundManager::createSound: An error occured that wasn't supposed to.  Contact support. 

android[5] Sound/SoundManager/warn: SoundManager::createSound - 'ui/ui/event_checkpoint': failure.

G4-JNI GetEnv version=0x00010002
G6-RAW buttons=0x00000020
android[2] trace: MoGaConTrOlLeR :: ....................(KK) MogaController :: Inside nativeOnKeyEvent 

android[2] trace: ....................(KK) MogaController :: Inside nativeOnKeyEvent 103

android[2] trace: MoGaConTrOlLeR :: ....................(KK) Key Event Key R1 1111 .....................

android[2] trace: MoGaConTrOlLeR :: ....................(KK) Key Event Key Down .....................

android[2] trace: MoGaConTrOlLeR :: ....................(KK) Listener Key Press .....................

android[2] trace: MoGaConTrOlLeR :: ....................(KK) AndroidKeyCode :: MogaKeyCode (Start of func) .....................

android[2] trace: MoGaConTrOlLeR :: ....................(KK) AndroidKeyCode :: MogaKeyCode Key Press R1 .....................

android[2] trace: MoGaConTrOlLeR :: ....................(KK) AndroidKeyCode :: MogaKeyCode Key Press R1(Nitro) Racing True.....................

android[2] trace: MoGaConTrOlLeR :: (KK) MogaController :: Inside nativeOnKeyEvent ....................

G6-MOGA key frame=16263 code=103 state=down
android[2] trace: MoGaConTrOlLeR :: ....................(KK) BaseDrivingControlScheme :: OnEvent .....................

android[2] trace: MoGaConTrOlLeR :: ....................(KK) BaseDrivingControlScheme :: onKeyPress Nitro.....................

G4-JNI GetEnv version=0x00010002
G4-JNI GetEnv version=0x00010002
G4-JNI GetEnv version=0x00010002
G4-JNI GetEnv version=0x00010002
G4-JNI GetEnv version=0x00010002
G4-JNI GetEnv version=0x00010002
G4-JNI GetEnv version=0x00010002
G4-JNI GetEnv version=0x00010002
G4-JNI GetEnv version=0x00010002
G4-JNI GetEnv version=0x00010002
G4-JNI GetEnv version=0x00010002
G4-JNI GetEnv version=0x00010002
G4-JNI GetEnv version=0x00010002
android[2] trace: ....................(KK) MogaController :: Inside NativeOnMotionEvent

android[2] trace: (KK) MogaController :: Inside NativeOnMotionEvent ....................

G6-MOGA motion frame=16276 axes=32767,0,0,0,0,0
G4-JNI GetEnv version=0x00010002
android[2] trace: ....................(KK) MogaController :: Inside NativeOnMotionEvent

android[2] trace: (KK) MogaController :: Inside NativeOnMotionEvent ....................

G4-JNI GetEnv version=0x00010002
android[2] trace: ....................(KK) MogaController :: Inside NativeOnMotionEvent

android[2] trace: (KK) MogaController :: Inside NativeOnMotionEvent ....................

G4-JNI GetEnv version=0x00010002
G4-JNI GetEnv version=0x00010002
android[2] trace: ....................(KK) MogaController :: Inside NativeOnMotionEvent

android[2] trace: (KK) MogaController :: Inside NativeOnMotionEvent ....................

G4-JNI GetEnv version=0x00010002
android[2] trace: ....................(KK) MogaController :: Inside NativeOnMotionEvent

android[2] trace: (KK) MogaController :: Inside NativeOnMotionEvent ....................

G4-JNI GetEnv version=0x00010002
android[2] trace: ....................(KK) MogaController :: Inside NativeOnMotionEvent

android[2] trace: (KK) MogaController :: Inside NativeOnMotionEvent ....................

G4-JNI GetEnv version=0x00010002
G4-JNI GetEnv version=0x00010002
G4-JNI GetEnv version=0x00010002
G4-JNI GetEnv version=0x00010002
G4-JNI GetEnv version=0x00010002
G4-JNI GetEnv version=0x00010002
G4-JNI GetEnv version=0x00010002
G4-JNI GetEnv version=0x00010002
G4-JNI GetEnv version=0x00010002
G4-JNI GetEnv version=0x00010002
G4-JNI GetEnv version=0x00010002
G4-JNI GetEnv version=0x00010002
G4-JNI GetEnv version=0x00010002
G4-JNI GetEnv version=0x00010002
G4-JNI GetEnv version=0x00010002
G4-JNI GetEnv version=0x00010002
G4-JNI GetEnv version=0x00010002
G4-JNI GetEnv version=0x00010002
G4-JNI GetEnv version=0x00010002
G4-JNI GetEnv version=0x00010002
G4-JNI GetEnv version=0x00010002
G4-JNI GetEnv version=0x00010002
G4-JNI GetEnv version=0x00010002
G4-JNI GetEnv version=0x00010002
G4-JNI GetEnv version=0x00010002
G4-JNI GetEnv version=0x00010002
G4-JNI GetEnv version=0x00010002
G4-JNI GetEnv version=0x00010002
G4-JNI GetEnv version=0x00010002
G4-JNI GetEnv version=0x00010002
G4-JNI GetEnv version=0x00010002
G4-JNI GetEnv version=0x00010002
G4-JNI GetEnv version=0x00010002
G4-JNI GetEnv version=0x00010002
G4-JNI GetEnv version=0x00010002
G4-JNI GetEnv version=0x00010002
G4-JNI GetEnv version=0x00010002
G4-JNI GetEnv version=0x00010002
G4-JNI GetEnv version=0x00010002
G4-JNI GetEnv version=0x00010002
G4-JNI GetEnv version=0x00010002
G4-JNI GetEnv version=0x00010002
G4-JNI GetEnv version=0x00010002
G4-JNI GetEnv version=0x00010002
G4-JNI GetEnv version=0x00010002
G4-JNI GetEnv version=0x00010002
G4-JNI GetEnv version=0x00010002
G4-JNI GetEnv version=0x00010002
G4-JNI GetEnv version=0x00010002
G4-JNI GetEnv version=0x00010002
G4-JNI GetEnv version=0x00010002
G4-JNI GetEnv version=0x00010002
G4-JNI GetEnv version=0x00010002
G4-JNI GetEnv version=0x00010002
G4-JNI GetEnv version=0x00010002
G4-JNI GetEnv version=0x00010002
G4-JNI GetEnv version=0x00010002
android[2] trace: ....................(KK) MogaController :: Inside NativeOnMotionEvent

android[2] trace: (KK) MogaController :: Inside NativeOnMotionEvent ....................

G6-MOGA motion frame=16339 axes=32767,0,0,0,0,0
G4-JNI GetEnv version=0x00010002
G4-JNI GetEnv version=0x00010002
G4-JNI GetEnv version=0x00010002
android[2] trace: ....................(KK) MogaController :: Inside NativeOnMotionEvent

android[2] trace: (KK) MogaController :: Inside NativeOnMotionEvent ....................

G4-JNI GetEnv version=0x00010002
android[2] trace: ....................(KK) MogaController :: Inside NativeOnMotionEvent

android[2] trace: (KK) MogaController :: Inside NativeOnMotionEvent ....................

G4-JNI GetEnv version=0x00010002
G4-JNI GetEnv version=0x00010002
android[2] trace: ....................(KK) MogaController :: Inside NativeOnMotionEvent

android[2] trace: (KK) MogaController :: Inside NativeOnMotionEvent ....................

G4-JNI GetEnv version=0x00010002
G4-JNI GetEnv version=0x00010002
G4-JNI GetEnv version=0x00010002
G4-JNI GetEnv version=0x00010002
G4-JNI GetEnv version=0x00010002
G4-JNI GetEnv version=0x00010002
G4-JNI GetEnv version=0x00010002
G4-JNI GetEnv version=0x00010002
G4-JNI GetEnv version=0x00010002
G4-JNI GetEnv version=0x00010002
G4-JNI GetEnv version=0x00010002
G4-JNI GetEnv version=0x00010002
G4-JNI GetEnv version=0x00010002
G4-JNI GetEnv version=0x00010002
G4-JNI GetEnv version=0x00010002
G4-JNI GetEnv version=0x00010002
G4-JNI GetEnv version=0x00010002
G4-JNI GetEnv version=0x00010002
G4-JNI GetEnv version=0x00010002
G4-JNI GetEnv version=0x00010002
G4-JNI GetEnv version=0x00010002
G4-JNI GetEnv version=0x00010002
G4-JNI GetEnv version=0x00010002
G4-JNI GetEnv version=0x00010002
G4-JNI GetEnv version=0x00010002
G4-JNI GetEnv version=0x00010002
G4-JNI GetEnv version=0x00010002
G4-JNI GetEnv version=0x00010002
G4-JNI GetEnv version=0x00010002
G4-JNI GetEnv version=0x00010002
G4-JNI GetEnv version=0x00010002
G4-JNI GetEnv version=0x00010002
G4-JNI GetEnv version=0x00010002
G4-JNI GetEnv version=0x00010002
G4-JNI GetEnv version=0x00010002
G4-JNI GetEnv version=0x00010002
G4-JNI GetEnv version=0x00010002
G4-JNI GetEnv version=0x00010002
G4-JNI GetEnv version=0x00010002
G4-JNI GetEnv version=0x00010002
G4-JNI GetEnv version=0x00010002
G4-JNI GetEnv version=0x00010002
G4-JNI GetEnv version=0x00010002
G4-JNI GetEnv version=0x00010002
G4-JNI GetEnv version=0x00010002
G4-JNI GetEnv version=0x00010002
G4-JNI GetEnv version=0x00010002
G4-JNI GetEnv version=0x00010002
G4-JNI GetEnv version=0x00010002
G4-JNI GetEnv version=0x00010002
android[2] trace: ....................(KK) MogaController :: Inside NativeOnMotionEvent

android[2] trace: (KK) MogaController :: Inside NativeOnMotionEvent ....................

G6-MOGA motion frame=16395 axes=32767,0,0,0,0,0
G4-JNI GetEnv version=0x00010002
android[2] trace: ....................(KK) MogaController :: Inside NativeOnMotionEvent

android[2] trace: (KK) MogaController :: Inside NativeOnMotionEvent ....................

G4-JNI GetEnv version=0x00010002
G4-JNI GetEnv version=0x00010002
android[2] trace: ....................(KK) MogaController :: Inside NativeOnMotionEvent

android[2] trace: (KK) MogaController :: Inside NativeOnMotionEvent ....................

G4-JNI GetEnv version=0x00010002
G4-JNI GetEnv version=0x00010002
android[2] trace: ....................(KK) MogaController :: Inside NativeOnMotionEvent

android[2] trace: (KK) MogaController :: Inside NativeOnMotionEvent ....................

G4-JNI GetEnv version=0x00010002
android[2] trace: ....................(KK) MogaController :: Inside NativeOnMotionEvent

android[2] trace: (KK) MogaController :: Inside NativeOnMotionEvent ....................

G4-JNI GetEnv version=0x00010002
android[2] trace: ....................(KK) MogaController :: Inside NativeOnMotionEvent

android[2] trace: (KK) MogaController :: Inside NativeOnMotionEvent ....................

G4-JNI GetEnv version=0x00010002
G4-JNI GetEnv version=0x00010002
G4-JNI GetEnv version=0x00010002
G4-JNI GetEnv version=0x00010002
G4-JNI GetEnv version=0x00010002
G4-JNI GetEnv version=0x00010002
G4-JNI GetEnv version=0x00010002
G4-JNI GetEnv version=0x00010002
G4-JNI GetEnv version=0x00010002
G4-JNI GetEnv version=0x00010002
G4-JNI GetEnv version=0x00010002
G4-JNI GetEnv version=0x00010002
G4-JNI GetEnv version=0x00010002
android[2] trace: ....................(KK) MogaController :: Inside NativeOnMotionEvent

android[2] trace: (KK) MogaController :: Inside NativeOnMotionEvent ....................

G6-MOGA motion frame=16415 axes=32767,0,0,0,0,0
G4-JNI GetEnv version=0x00010002
android[2] trace: ....................(KK) MogaController :: Inside NativeOnMotionEvent

android[2] trace: (KK) MogaController :: Inside NativeOnMotionEvent ....................

G4-JNI GetEnv version=0x00010002
android[2] trace: ....................(KK) MogaController :: Inside NativeOnMotionEvent

android[2] trace: (KK) MogaController :: Inside NativeOnMotionEvent ....................

G4-JNI GetEnv version=0x00010002
G4-JNI GetEnv version=0x00010002
G4-JNI GetEnv version=0x00010002
G4-JNI GetEnv version=0x00010002
G4-JNI GetEnv version=0x00010002
G4-JNI GetEnv version=0x00010002
G4-JNI GetEnv version=0x00010002
android[2] trace: ....................(KK) MogaController :: Inside NativeOnMotionEvent

android[2] trace: (KK) MogaController :: Inside NativeOnMotionEvent ....................

G4-JNI GetEnv version=0x00010002
android[2] trace: ....................(KK) MogaController :: Inside NativeOnMotionEvent

android[2] trace: (KK) MogaController :: Inside NativeOnMotionEvent ....................

G4-JNI GetEnv version=0x00010002
G4-JNI GetEnv version=0x00010002
G4-JNI GetEnv version=0x00010002
G4-JNI GetEnv version=0x00010002
android[2] trace: ....................(KK) MogaController :: Inside NativeOnMotionEvent

android[2] trace: (KK) MogaController :: Inside NativeOnMotionEvent ....................

G4-JNI GetEnv version=0x00010002
android[2] trace: ....................(KK) MogaController :: Inside NativeOnMotionEvent

android[2] trace: (KK) MogaController :: Inside NativeOnMotionEvent ....................

G6-MOGA motion frame=16430 axes=32767,0,0,0,0,0
G4-JNI GetEnv version=0x00010002
G4-JNI GetEnv version=0x00010002
android[2] trace: ....................(KK) MogaController :: Inside NativeOnMotionEvent

android[2] trace: (KK) MogaController :: Inside NativeOnMotionEvent ....................

G4-JNI GetEnv version=0x00010002
G4-JNI GetEnv version=0x00010002
android[2] trace: ....................(KK) MogaController :: Inside NativeOnMotionEvent

android[2] trace: (KK) MogaController :: Inside NativeOnMotionEvent ....................

G4-JNI GetEnv version=0x00010002
android[2] trace: ....................(KK) MogaController :: Inside NativeOnMotionEvent

android[2] trace: (KK) MogaController :: Inside NativeOnMotionEvent ....................

G4-JNI GetEnv version=0x00010002
G4-JNI GetEnv version=0x00010002
android[2] trace: ....................(KK) MogaController :: Inside NativeOnMotionEvent

android[2] trace: (KK) MogaController :: Inside NativeOnMotionEvent ....................

G4-JNI GetEnv version=0x00010002
android[2] trace: ....................(KK) MogaController :: Inside NativeOnMotionEvent

android[2] trace: (KK) MogaController :: Inside NativeOnMotionEvent ....................

G4-JNI GetEnv version=0x00010002
G4-JNI GetEnv version=0x00010002
G4-JNI GetEnv version=0x00010002
G4-JNI GetEnv version=0x00010002
android[2] trace: ....................(KK) MogaController :: Inside NativeOnMotionEvent

android[2] trace: (KK) MogaController :: Inside NativeOnMotionEvent ....................

G4-JNI GetEnv version=0x00010002
android[2] trace: ....................(KK) MogaController :: Inside NativeOnMotionEvent

android[2] trace: (KK) MogaController :: Inside NativeOnMotionEvent ....................

G4-JNI GetEnv version=0x00010002
G4-JNI GetEnv version=0x00010002
G4-JNI GetEnv version=0x00010002
G4-JNI GetEnv version=0x00010002
android[2] trace: ....................(KK) MogaController :: Inside NativeOnMotionEvent

android[2] trace: (KK) MogaController :: Inside NativeOnMotionEvent ....................

G6-MOGA motion frame=16447 axes=32767,0,0,0,0,0
G4-JNI GetEnv version=0x00010002
android[2] trace: ....................(KK) MogaController :: Inside NativeOnMotionEvent

android[2] trace: (KK) MogaController :: Inside NativeOnMotionEvent ....................

G4-JNI GetEnv version=0x00010002
G4-JNI GetEnv version=0x00010002
G4-JNI GetEnv version=0x00010002
G4-JNI GetEnv version=0x00010002
G4-JNI GetEnv version=0x00010002
G4-JNI GetEnv version=0x00010002
G4-JNI GetEnv version=0x00010002
G4-JNI GetEnv version=0x00010002
G4-JNI GetEnv version=0x00010002
G4-JNI GetEnv version=0x00010002
G4-JNI GetEnv version=0x00010002
G4-JNI GetEnv version=0x00010002
G4-JNI GetEnv version=0x00010002
G4-JNI GetEnv version=0x00010002
G4-JNI GetEnv version=0x00010002
G4-JNI GetEnv version=0x00010002
G4-JNI GetEnv version=0x00010002
G4-JNI GetEnv version=0x00010002
G4-JNI GetEnv version=0x00010002
G4-JNI GetEnv version=0x00010002
G4-JNI GetEnv version=0x00010002
G4-JNI GetEnv version=0x00010002
G4-JNI GetEnv version=0x00010002
G4-JNI GetEnv version=0x00010002
G4-JNI GetEnv version=0x00010002
G4-JNI GetEnv version=0x00010002
G4-JNI GetEnv version=0x00010002
G4-JNI GetEnv version=0x00010002
G4-JNI GetEnv version=0x00010002
G4-JNI GetEnv version=0x00010002
G4-JNI GetEnv version=0x00010002
android[2] trace: ....................(KK) MogaController :: Inside NativeOnMotionEvent

android[2] trace: (KK) MogaController :: Inside NativeOnMotionEvent ....................

G6-MOGA motion frame=16479 axes=32767,0,0,0,0,0
G4-JNI GetEnv version=0x00010002
android[2] trace: ....................(KK) MogaController :: Inside NativeOnMotionEvent

android[2] trace: (KK) MogaController :: Inside NativeOnMotionEvent ....................

G4-JNI GetEnv version=0x00010002
G4-JNI GetEnv version=0x00010002
android[2] trace: ....................(KK) MogaController :: Inside NativeOnMotionEvent

android[2] trace: (KK) MogaController :: Inside NativeOnMotionEvent ....................

G4-JNI GetEnv version=0x00010002
android[2] trace: ....................(KK) MogaController :: Inside NativeOnMotionEvent

android[2] trace: (KK) MogaController :: Inside NativeOnMotionEvent ....................

G4-JNI GetEnv version=0x00010002
android[2] trace: ....................(KK) MogaController :: Inside NativeOnMotionEvent

android[2] trace: (KK) MogaController :: Inside NativeOnMotionEvent ....................

G4-JNI GetEnv version=0x00010002
android[2] trace: ....................(KK) MogaController :: Inside NativeOnMotionEvent

android[2] trace: (KK) MogaController :: Inside NativeOnMotionEvent ....................

G4-JNI GetEnv version=0x00010002
android[2] trace: ....................(KK) MogaController :: Inside NativeOnMotionEvent

android[2] trace: (KK) MogaController :: Inside NativeOnMotionEvent ....................

G4-JNI GetEnv version=0x00010002
android[2] trace: ....................(KK) MogaController :: Inside NativeOnMotionEvent

android[2] trace: (KK) MogaController :: Inside NativeOnMotionEvent ....................

G4-JNI GetEnv version=0x00010002
G4-JNI GetEnv version=0x00010002
android[2] trace: ....................(KK) MogaController :: Inside NativeOnMotionEvent

android[2] trace: (KK) MogaController :: Inside NativeOnMotionEvent ....................

G4-JNI GetEnv version=0x00010002
android[2] trace: ....................(KK) MogaController :: Inside NativeOnMotionEvent

android[2] trace: (KK) MogaController :: Inside NativeOnMotionEvent ....................

G4-JNI GetEnv version=0x00010002
android[2] trace: ....................(KK) MogaController :: Inside NativeOnMotionEvent

android[2] trace: (KK) MogaController :: Inside NativeOnMotionEvent ....................

G4-JNI GetEnv version=0x00010002
android[2] trace: ....................(KK) MogaController :: Inside NativeOnMotionEvent

android[2] trace: (KK) MogaController :: Inside NativeOnMotionEvent ....................

G4-JNI GetEnv version=0x00010002
android[2] trace: ....................(KK) MogaController :: Inside NativeOnMotionEvent

android[2] trace: (KK) MogaController :: Inside NativeOnMotionEvent ....................

G4-JNI GetEnv version=0x00010002
android[2] trace: ....................(KK) MogaController :: Inside NativeOnMotionEvent

android[2] trace: (KK) MogaController :: Inside NativeOnMotionEvent ....................

G6-MOGA motion frame=16494 axes=0,0,0,0,0,0
G4-JNI GetEnv version=0x00010002
G4-JNI GetEnv version=0x00010002
android[2] trace: ....................(KK) MogaController :: Inside NativeOnMotionEvent

android[2] trace: (KK) MogaController :: Inside NativeOnMotionEvent ....................

G4-JNI GetEnv version=0x00010002
android[2] trace: ....................(KK) MogaController :: Inside NativeOnMotionEvent

android[2] trace: (KK) MogaController :: Inside NativeOnMotionEvent ....................

G4-JNI GetEnv version=0x00010002
android[2] trace: ....................(KK) MogaController :: Inside NativeOnMotionEvent

android[2] trace: (KK) MogaController :: Inside NativeOnMotionEvent ....................

G4-JNI GetEnv version=0x00010002
android[2] trace: ....................(KK) MogaController :: Inside NativeOnMotionEvent

android[2] trace: (KK) MogaController :: Inside NativeOnMotionEvent ....................

G4-JNI GetEnv version=0x00010002
android[2] trace: ....................(KK) MogaController :: Inside NativeOnMotionEvent

android[2] trace: (KK) MogaController :: Inside NativeOnMotionEvent ....................

G6-MOGA motion frame=16500 axes=32767,0,0,0,0,0
G7-FRAME enter=16500
G4-JNI GetEnv version=0x00010002
G5-GL STATE frame=16500 framebuffer=0 status=0x8cd5 errors=1
G7-FRAME leave=16500
android[2] trace: ....................(KK) MogaController :: Inside NativeOnMotionEvent

android[2] trace: (KK) MogaController :: Inside NativeOnMotionEvent ....................

G4-JNI GetEnv version=0x00010002
G4-JNI GetEnv version=0x00010002
android[2] trace: ....................(KK) MogaController :: Inside NativeOnMotionEvent

android[2] trace: (KK) MogaController :: Inside NativeOnMotionEvent ....................

G4-JNI GetEnv version=0x00010002
android[2] trace: ....................(KK) MogaController :: Inside NativeOnMotionEvent

android[2] trace: (KK) MogaController :: Inside NativeOnMotionEvent ....................

G4-JNI GetEnv version=0x00010002
android[2] trace: ....................(KK) MogaController :: Inside NativeOnMotionEvent

android[2] trace: (KK) MogaController :: Inside NativeOnMotionEvent ....................

G4-JNI GetEnv version=0x00010002
android[2] trace: ....................(KK) MogaController :: Inside NativeOnMotionEvent

android[2] trace: (KK) MogaController :: Inside NativeOnMotionEvent ....................

G4-JNI GetEnv version=0x00010002
G4-JNI GetEnv version=0x00010002
android[2] trace: ....................(KK) MogaController :: Inside NativeOnMotionEvent

android[2] trace: (KK) MogaController :: Inside NativeOnMotionEvent ....................

G4-JNI GetEnv version=0x00010002
android[2] trace: ....................(KK) MogaController :: Inside NativeOnMotionEvent

android[2] trace: (KK) MogaController :: Inside NativeOnMotionEvent ....................

G4-JNI GetEnv version=0x00010002
android[2] trace: ....................(KK) MogaController :: Inside NativeOnMotionEvent

android[2] trace: (KK) MogaController :: Inside NativeOnMotionEvent ....................

G4-JNI GetEnv version=0x00010002
android[2] trace: ....................(KK) MogaController :: Inside NativeOnMotionEvent

android[2] trace: (KK) MogaController :: Inside NativeOnMotionEvent ....................

G4-JNI GetEnv version=0x00010002
android[2] trace: ....................(KK) MogaController :: Inside NativeOnMotionEvent

android[2] trace: (KK) MogaController :: Inside NativeOnMotionEvent ....................

G4-JNI GetEnv version=0x00010002
android[2] trace: ....................(KK) MogaController :: Inside NativeOnMotionEvent

android[2] trace: (KK) MogaController :: Inside NativeOnMotionEvent ....................

G4-JNI GetEnv version=0x00010002
G4-JNI GetEnv version=0x00010002
android[2] trace: ....................(KK) MogaController :: Inside NativeOnMotionEvent

android[2] trace: (KK) MogaController :: Inside NativeOnMotionEvent ....................

G6-MOGA motion frame=16515 axes=32767,0,0,0,0,0
G4-JNI GetEnv version=0x00010002
android[2] trace: ....................(KK) MogaController :: Inside NativeOnMotionEvent

android[2] trace: (KK) MogaController :: Inside NativeOnMotionEvent ....................

G4-JNI GetEnv version=0x00010002
android[2] trace: ....................(KK) MogaController :: Inside NativeOnMotionEvent

android[2] trace: (KK) MogaController :: Inside NativeOnMotionEvent ....................

G4-JNI GetEnv version=0x00010002
android[2] trace: ....................(KK) MogaController :: Inside NativeOnMotionEvent

android[2] trace: (KK) MogaController :: Inside NativeOnMotionEvent ....................

G4-JNI GetEnv version=0x00010002
android[2] trace: ....................(KK) MogaController :: Inside NativeOnMotionEvent

android[2] trace: (KK) MogaController :: Inside NativeOnMotionEvent ....................

android[2] trace: MoGaConTrOlLeR :: ....................(KK) BaseDrivingControlScheme :: OnEvent .....................

G4-JNI GetEnv version=0x00010002
android[2] trace: ....................(KK) MogaController :: Inside NativeOnMotionEvent

android[2] trace: (KK) MogaController :: Inside NativeOnMotionEvent ....................

G4-JNI GetEnv version=0x00010002
G4-JNI GetEnv version=0x00010002
android[2] trace: ....................(KK) MogaController :: Inside NativeOnMotionEvent

android[2] trace: (KK) MogaController :: Inside NativeOnMotionEvent ....................

G4-JNI GetEnv version=0x00010002
android[2] trace: ....................(KK) MogaController :: Inside NativeOnMotionEvent

android[2] trace: (KK) MogaController :: Inside NativeOnMotionEvent ....................

G4-JNI GetEnv version=0x00010002
android[2] trace: ....................(KK) MogaController :: Inside NativeOnMotionEvent

android[2] trace: (KK) MogaController :: Inside NativeOnMotionEvent ....................

G4-JNI GetEnv version=0x00010002
android[2] trace: ....................(KK) MogaController :: Inside NativeOnMotionEvent

android[2] trace: (KK) MogaController :: Inside NativeOnMotionEvent ....................

G4-JNI GetEnv version=0x00010002
G4-JNI GetEnv version=0x00010002
android[2] trace: ....................(KK) MogaController :: Inside NativeOnMotionEvent

android[2] trace: (KK) MogaController :: Inside NativeOnMotionEvent ....................

G4-JNI GetEnv version=0x00010002
android[2] trace: ....................(KK) MogaController :: Inside NativeOnMotionEvent

android[2] trace: (KK) MogaController :: Inside NativeOnMotionEvent ....................

G4-JNI GetEnv version=0x00010002
android[2] trace: ....................(KK) MogaController :: Inside NativeOnMotionEvent

android[2] trace: (KK) MogaController :: Inside NativeOnMotionEvent ....................

G4-JNI GetEnv version=0x00010002
android[2] trace: ....................(KK) MogaController :: Inside NativeOnMotionEvent

android[2] trace: (KK) MogaController :: Inside NativeOnMotionEvent ....................

G6-MOGA motion frame=16530 axes=0,0,0,0,0,0
G4-JNI GetEnv version=0x00010002
android[2] trace: ....................(KK) MogaController :: Inside NativeOnMotionEvent

android[2] trace: (KK) MogaController :: Inside NativeOnMotionEvent ....................

G4-JNI GetEnv version=0x00010002
android[2] trace: ....................(KK) MogaController :: Inside NativeOnMotionEvent

android[2] trace: (KK) MogaController :: Inside NativeOnMotionEvent ....................

G4-JNI GetEnv version=0x00010002
G4-JNI GetEnv version=0x00010002
android[2] trace: ....................(KK) MogaController :: Inside NativeOnMotionEvent

android[2] trace: (KK) MogaController :: Inside NativeOnMotionEvent ....................

G4-JNI GetEnv version=0x00010002
android[2] trace: ....................(KK) MogaController :: Inside NativeOnMotionEvent

android[2] trace: (KK) MogaController :: Inside NativeOnMotionEvent ....................

G4-JNI GetEnv version=0x00010002
android[2] trace: ....................(KK) MogaController :: Inside NativeOnMotionEvent

android[2] trace: (KK) MogaController :: Inside NativeOnMotionEvent ....................

G4-JNI GetEnv version=0x00010002
android[2] trace: ....................(KK) MogaController :: Inside NativeOnMotionEvent

android[2] trace: (KK) MogaController :: Inside NativeOnMotionEvent ....................

G4-JNI GetEnv version=0x00010002
G4-JNI GetEnv version=0x00010002
android[2] trace: ....................(KK) MogaController :: Inside NativeOnMotionEvent

android[2] trace: (KK) MogaController :: Inside NativeOnMotionEvent ....................

G4-JNI GetEnv version=0x00010002
android[2] trace: ....................(KK) MogaController :: Inside NativeOnMotionEvent

android[2] trace: (KK) MogaController :: Inside NativeOnMotionEvent ....................

G4-JNI GetEnv version=0x00010002
android[2] trace: ....................(KK) MogaController :: Inside NativeOnMotionEvent

android[2] trace: (KK) MogaController :: Inside NativeOnMotionEvent ....................

G4-JNI GetEnv version=0x00010002
android[2] trace: [AUTOLOG QUERY] Server: Blaze     Call: /nfs-2013-android/util/ping

android[2] trace: ....................(KK) MogaController :: Inside NativeOnMotionEvent

android[2] trace: (KK) MogaController :: Inside NativeOnMotionEvent ....................

G4-JNI GetEnv version=0x00010002
android[2] trace: ....................(KK) MogaController :: Inside NativeOnMotionEvent

android[2] trace: (KK) MogaController :: Inside NativeOnMotionEvent ....................

G4-JNI GetEnv version=0x00010002
android[2] trace: ....................(KK) MogaController :: Inside NativeOnMotionEvent

android[2] trace: (KK) MogaController :: Inside NativeOnMotionEvent ....................

G4-JNI GetEnv version=0x00010002
G4-JNI GetEnv version=0x00010002
android[2] trace: ....................(KK) MogaController :: Inside NativeOnMotionEvent

android[2] trace: (KK) MogaController :: Inside NativeOnMotionEvent ....................

G6-MOGA motion frame=16546 axes=32767,0,0,0,0,0
G4-JNI GetEnv version=0x00010002
android[2] trace: ....................(KK) MogaController :: Inside NativeOnMotionEvent

android[2] trace: (KK) MogaController :: Inside NativeOnMotionEvent ....................

G4-JNI GetEnv version=0x00010002
android[2] trace: ....................(KK) MogaController :: Inside NativeOnMotionEvent

android[2] trace: (KK) MogaController :: Inside NativeOnMotionEvent ....................

G4-JNI GetEnv version=0x00010002
android[2] trace: ....................(KK) MogaController :: Inside NativeOnMotionEvent

android[2] trace: (KK) MogaController :: Inside NativeOnMotionEvent ....................

G4-JNI GetEnv version=0x00010002
android[2] trace: ....................(KK) MogaController :: Inside NativeOnMotionEvent

android[2] trace: (KK) MogaController :: Inside NativeOnMotionEvent ....................

G4-JNI GetEnv version=0x00010002
android[2] trace: ....................(KK) MogaController :: Inside NativeOnMotionEvent

android[2] trace: (KK) MogaController :: Inside NativeOnMotionEvent ....................

G4-JNI GetEnv version=0x00010002
G4-JNI GetEnv version=0x00010002
android[2] trace: ....................(KK) MogaController :: Inside NativeOnMotionEvent

android[2] trace: (KK) MogaController :: Inside NativeOnMotionEvent ....................

G4-JNI GetEnv version=0x00010002
android[2] trace: ....................(KK) MogaController :: Inside NativeOnMotionEvent

android[2] trace: (KK) MogaController :: Inside NativeOnMotionEvent ....................

G4-JNI GetEnv version=0x00010002
android[2] trace: ....................(KK) MogaController :: Inside NativeOnMotionEvent

android[2] trace: (KK) MogaController :: Inside NativeOnMotionEvent ....................

G4-JNI GetEnv version=0x00010002
android[2] trace: ....................(KK) MogaController :: Inside NativeOnMotionEvent

android[2] trace: (KK) MogaController :: Inside NativeOnMotionEvent ....................

G4-JNI GetEnv version=0x00010002
android[2] trace: ....................(KK) MogaController :: Inside NativeOnMotionEvent

android[2] trace: (KK) MogaController :: Inside NativeOnMotionEvent ....................

G4-JNI GetEnv version=0x00010002
android[2] trace: ....................(KK) MogaController :: Inside NativeOnMotionEvent

android[2] trace: (KK) MogaController :: Inside NativeOnMotionEvent ....................

G4-JNI GetEnv version=0x00010002
G6-RAW buttons=0x00000000
android[2] trace: ....................(KK) MogaController :: Inside NativeOnMotionEvent

android[2] trace: (KK) MogaController :: Inside NativeOnMotionEvent ....................

android[2] trace: MoGaConTrOlLeR :: ....................(KK) MogaController :: Inside nativeOnKeyEvent 

android[2] trace: ....................(KK) MogaController :: Inside nativeOnKeyEvent 103

android[2] trace: MoGaConTrOlLeR :: ....................(KK) Key Event Key R1 1111 .....................

android[2] trace: MoGaConTrOlLeR :: ....................(KK) Key Event Key up .....................

android[2] trace: MoGaConTrOlLeR :: ....................(KK) Listener Key Release .....................

android[2] trace: MoGaConTrOlLeR :: ....................(KK) AndroidKeyCode :: MogaKeyCode (Start of func) .....................

android[2] trace: MoGaConTrOlLeR :: ....................(KK) AndroidKeyCode :: MogaKeyCode Key Press R1 .....................

android[2] trace: MoGaConTrOlLeR :: ....................(KK) AndroidKeyCode :: MogaKeyCode Key Press R1(Nitro) Racing True.....................

android[2] trace: MoGaConTrOlLeR :: (KK) MogaController :: Inside nativeOnKeyEvent ....................

G6-MOGA key frame=16559 code=103 state=up
android[2] trace: MoGaConTrOlLeR :: ....................(KK) BaseDrivingControlScheme :: OnEvent .....................

android[2] trace: MoGaConTrOlLeR :: ....................(KK) BaseDrivingControlScheme :: OnKeyRelease Nothing :( .....................

G4-JNI GetEnv version=0x00010002
android[2] trace: ....................(KK) MogaController :: Inside NativeOnMotionEvent

android[2] trace: (KK) MogaController :: Inside NativeOnMotionEvent ....................

G4-JNI GetEnv version=0x00010002
android[2] trace: ....................(KK) MogaController :: Inside NativeOnMotionEvent

android[2] trace: (KK) MogaController :: Inside NativeOnMotionEvent ....................

G6-MOGA motion frame=16561 axes=32767,0,0,0,0,0
G4-JNI GetEnv version=0x00010002
android[2] trace: ....................(KK) MogaController :: Inside NativeOnMotionEvent

android[2] trace: (KK) MogaController :: Inside NativeOnMotionEvent ....................

G4-JNI GetEnv version=0x00010002
android[2] trace: ....................(KK) MogaController :: Inside NativeOnMotionEvent

android[2] trace: (KK) MogaController :: Inside NativeOnMotionEvent ....................

G4-JNI GetEnv version=0x00010002
android[2] trace: ....................(KK) MogaController :: Inside NativeOnMotionEvent

android[2] trace: (KK) MogaController :: Inside NativeOnMotionEvent ....................

G4-JNI GetEnv version=0x00010002
android[2] trace: ....................(KK) MogaController :: Inside NativeOnMotionEvent

android[2] trace: (KK) MogaController :: Inside NativeOnMotionEvent ....................

G4-JNI GetEnv version=0x00010002
android[2] trace: ....................(KK) MogaController :: Inside NativeOnMotionEvent

android[2] trace: (KK) MogaController :: Inside NativeOnMotionEvent ....................

G4-JNI GetEnv version=0x00010002
android[2] trace: ....................(KK) MogaController :: Inside NativeOnMotionEvent

android[2] trace: (KK) MogaController :: Inside NativeOnMotionEvent ....................

G4-JNI GetEnv version=0x00010002
android[2] trace: ....................(KK) MogaController :: Inside NativeOnMotionEvent

android[2] trace: (KK) MogaController :: Inside NativeOnMotionEvent ....................

G4-JNI GetEnv version=0x00010002
android[2] trace: ....................(KK) MogaController :: Inside NativeOnMotionEvent

android[2] trace: (KK) MogaController :: Inside NativeOnMotionEvent ....................

G4-JNI GetEnv version=0x00010002
android[2] trace: ....................(KK) MogaController :: Inside NativeOnMotionEvent

android[2] trace: (KK) MogaController :: Inside NativeOnMotionEvent ....................

G4-JNI GetEnv version=0x00010002
G4-JNI GetEnv version=0x00010002
android[2] trace: ....................(KK) MogaController :: Inside NativeOnMotionEvent

android[2] trace: (KK) MogaController :: Inside NativeOnMotionEvent ....................

G4-JNI GetEnv version=0x00010002
android[2] trace: ....................(KK) MogaController :: Inside NativeOnMotionEvent

android[2] trace: (KK) MogaController :: Inside NativeOnMotionEvent ....................

G4-JNI GetEnv version=0x00010002
android[2] trace: ....................(KK) MogaController :: Inside NativeOnMotionEvent

android[2] trace: (KK) MogaController :: Inside NativeOnMotionEvent ....................

G4-JNI GetEnv version=0x00010002
android[2] trace: ....................(KK) MogaController :: Inside NativeOnMotionEvent

android[2] trace: (KK) MogaController :: Inside NativeOnMotionEvent ....................

G4-JNI GetEnv version=0x00010002
android[2] trace: ....................(KK) MogaController :: Inside NativeOnMotionEvent

android[2] trace: (KK) MogaController :: Inside NativeOnMotionEvent ....................

G6-MOGA motion frame=16576 axes=32767,0,0,0,0,0
G4-JNI GetEnv version=0x00010002
android[2] trace: ....................(KK) MogaController :: Inside NativeOnMotionEvent

android[2] trace: (KK) MogaController :: Inside NativeOnMotionEvent ....................

G4-JNI GetEnv version=0x00010002
android[2] trace: ....................(KK) MogaController :: Inside NativeOnMotionEvent

android[2] trace: (KK) MogaController :: Inside NativeOnMotionEvent ....................

G4-JNI GetEnv version=0x00010002
android[2] trace: ....................(KK) MogaController :: Inside NativeOnMotionEvent

android[2] trace: (KK) MogaController :: Inside NativeOnMotionEvent ....................

G4-JNI GetEnv version=0x00010002
android[2] trace: ....................(KK) MogaController :: Inside NativeOnMotionEvent

android[2] trace: (KK) MogaController :: Inside NativeOnMotionEvent ....................

G4-JNI GetEnv version=0x00010002
android[2] trace: ....................(KK) MogaController :: Inside NativeOnMotionEvent

android[2] trace: (KK) MogaController :: Inside NativeOnMotionEvent ....................

G4-JNI GetEnv version=0x00010002
android[2] trace: ....................(KK) MogaController :: Inside NativeOnMotionEvent

android[2] trace: (KK) MogaController :: Inside NativeOnMotionEvent ....................

G4-JNI GetEnv version=0x00010002
G4-JNI GetEnv version=0x00010002
android[2] trace: ....................(KK) MogaController :: Inside NativeOnMotionEvent

android[2] trace: (KK) MogaController :: Inside NativeOnMotionEvent ....................

G4-JNI GetEnv version=0x00010002
android[2] trace: ....................(KK) MogaController :: Inside NativeOnMotionEvent

android[2] trace: (KK) MogaController :: Inside NativeOnMotionEvent ....................

G4-JNI GetEnv version=0x00010002
G4-JNI GetEnv version=0x00010002
G4-JNI GetEnv version=0x00010002
android[2] trace: ....................(KK) MogaController :: Inside NativeOnMotionEvent

android[2] trace: (KK) MogaController :: Inside NativeOnMotionEvent ....................

G4-JNI GetEnv version=0x00010002
android[2] trace: ....................(KK) MogaController :: Inside NativeOnMotionEvent

android[2] trace: (KK) MogaController :: Inside NativeOnMotionEvent ....................

G4-JNI GetEnv version=0x00010002
G4-JNI GetEnv version=0x00010002
android[6] Sound/SoundManager/error: FMOD result of SoundManager::createSound: An error occured that wasn't supposed to.  Contact support. 

android[5] Sound/SoundManager/warn: SoundManager::createSound - 'effects/traffic/horn_truck': failure.

android[7] fatal: Assertion failed (m_HornSound) in function PlayHornSoundCould not create Horn sound

G4-JNI GetEnv version=0x00010002
android[2] trace: ....................(KK) MogaController :: Inside NativeOnMotionEvent

android[2] trace: (KK) MogaController :: Inside NativeOnMotionEvent ....................

G6-MOGA motion frame=16592 axes=0,0,0,0,0,0
G4-JNI GetEnv version=0x00010002
android[2] trace: ....................(KK) MogaController :: Inside NativeOnMotionEvent

android[2] trace: (KK) MogaController :: Inside NativeOnMotionEvent ....................

G4-JNI GetEnv version=0x00010002
G4-JNI GetEnv version=0x00010002
G4-JNI GetEnv version=0x00010002
android[2] trace: ....................(KK) MogaController :: Inside NativeOnMotionEvent

android[2] trace: (KK) MogaController :: Inside NativeOnMotionEvent ....................

G4-JNI GetEnv version=0x00010002
android[2] trace: ....................(KK) MogaController :: Inside NativeOnMotionEvent

android[2] trace: (KK) MogaController :: Inside NativeOnMotionEvent ....................

G4-JNI GetEnv version=0x00010002
G4-JNI GetEnv version=0x00010002
G4-JNI GetEnv version=0x00010002
android[2] trace: ....................(KK) MogaController :: Inside NativeOnMotionEvent

android[2] trace: (KK) MogaController :: Inside NativeOnMotionEvent ....................

G4-JNI GetEnv version=0x00010002
android[2] trace: ....................(KK) MogaController :: Inside NativeOnMotionEvent

android[2] trace: (KK) MogaController :: Inside NativeOnMotionEvent ....................

G4-JNI GetEnv version=0x00010002
G4-JNI GetEnv version=0x00010002
G4-JNI GetEnv version=0x00010002
android[2] trace: ....................(KK) MogaController :: Inside NativeOnMotionEvent

android[2] trace: (KK) MogaController :: Inside NativeOnMotionEvent ....................

G4-JNI GetEnv version=0x00010002
android[2] trace: ....................(KK) MogaController :: Inside NativeOnMotionEvent

android[2] trace: (KK) MogaController :: Inside NativeOnMotionEvent ....................

G4-JNI GetEnv version=0x00010002
G4-JNI GetEnv version=0x00010002
android[2] trace: ....................(KK) MogaController :: Inside NativeOnMotionEvent

android[2] trace: (KK) MogaController :: Inside NativeOnMotionEvent ....................

G6-MOGA motion frame=16607 axes=0,0,0,0,0,0
G4-JNI GetEnv version=0x00010002
android[2] trace: ....................(KK) MogaController :: Inside NativeOnMotionEvent

android[2] trace: (KK) MogaController :: Inside NativeOnMotionEvent ....................

G4-JNI GetEnv version=0x00010002
android[2] trace: ....................(KK) MogaController :: Inside NativeOnMotionEvent

android[2] trace: (KK) MogaController :: Inside NativeOnMotionEvent ....................

G4-JNI GetEnv version=0x00010002
android[2] trace: ....................(KK) MogaController :: Inside NativeOnMotionEvent

android[2] trace: (KK) MogaController :: Inside NativeOnMotionEvent ....................

G4-JNI GetEnv version=0x00010002
G4-JNI GetEnv version=0x00010002
android[2] trace: ....................(KK) MogaController :: Inside NativeOnMotionEvent

android[2] trace: (KK) MogaController :: Inside NativeOnMotionEvent ....................

G4-JNI GetEnv version=0x00010002
android[2] trace: ....................(KK) MogaController :: Inside NativeOnMotionEvent

android[2] trace: (KK) MogaController :: Inside NativeOnMotionEvent ....................

G4-JNI GetEnv version=0x00010002
android[6] Sound/SoundManager/error: FMOD result of SoundManager::createSound: An error occured that wasn't supposed to.  Contact support. 

android[5] Sound/SoundManager/warn: SoundManager::createSound - 'effects/collisions/scrape': failure.

G4-JNI GetEnv version=0x00010002
android[2] trace: ....................(KK) MogaController :: Inside NativeOnMotionEvent

android[2] trace: (KK) MogaController :: Inside NativeOnMotionEvent ....................

G4-JNI GetEnv version=0x00010002
android[2] trace: ....................(KK) MogaController :: Inside NativeOnMotionEvent

android[2] trace: (KK) MogaController :: Inside NativeOnMotionEvent ....................

G4-JNI GetEnv version=0x00010002
G4-JNI GetEnv version=0x00010002
android[2] trace: ....................(KK) MogaController :: Inside NativeOnMotionEvent

android[2] trace: (KK) MogaController :: Inside NativeOnMotionEvent ....................

G4-JNI GetEnv version=0x00010002
android[2] trace: ....................(KK) MogaController :: Inside NativeOnMotionEvent

android[2] trace: (KK) MogaController :: Inside NativeOnMotionEvent ....................

G4-JNI GetEnv version=0x00010002
android[2] trace: ....................(KK) MogaController :: Inside NativeOnMotionEvent

android[2] trace: (KK) MogaController :: Inside NativeOnMotionEvent ....................

G4-JNI GetEnv version=0x00010002
android[2] trace: ....................(KK) MogaController :: Inside NativeOnMotionEvent

android[2] trace: (KK) MogaController :: Inside NativeOnMotionEvent ....................

G4-JNI GetEnv version=0x00010002
android[2] trace: ....................(KK) MogaController :: Inside NativeOnMotionEvent

android[2] trace: (KK) MogaController :: Inside NativeOnMotionEvent ....................

G6-MOGA motion frame=16622 axes=0,0,0,0,0,0
G4-JNI GetEnv version=0x00010002
android[2] trace: ....................(KK) MogaController :: Inside NativeOnMotionEvent

android[2] trace: (KK) MogaController :: Inside NativeOnMotionEvent ....................

G4-JNI GetEnv version=0x00010002
android[2] trace: ....................(KK) MogaController :: Inside NativeOnMotionEvent

android[2] trace: (KK) MogaController :: Inside NativeOnMotionEvent ....................

G4-JNI GetEnv version=0x00010002
android[2] trace: ....................(KK) MogaController :: Inside NativeOnMotionEvent

android[2] trace: (KK) MogaController :: Inside NativeOnMotionEvent ....................

G4-JNI GetEnv version=0x00010002
android[2] trace: ....................(KK) MogaController :: Inside NativeOnMotionEvent

android[2] trace: (KK) MogaController :: Inside NativeOnMotionEvent ....................

G4-JNI GetEnv version=0x00010002
G4-JNI GetEnv version=0x00010002
android[2] trace: ....................(KK) MogaController :: Inside NativeOnMotionEvent

android[2] trace: (KK) MogaController :: Inside NativeOnMotionEvent ....................

G4-JNI GetEnv version=0x00010002
android[2] trace: ....................(KK) MogaController :: Inside NativeOnMotionEvent

android[2] trace: (KK) MogaController :: Inside NativeOnMotionEvent ....................

G4-JNI GetEnv version=0x00010002
G4-JNI GetEnv version=0x00010002
G4-JNI GetEnv version=0x00010002
G4-JNI GetEnv version=0x00010002
G4-JNI GetEnv version=0x00010002
android[2] trace: ....................(KK) MogaController :: Inside NativeOnMotionEvent

android[2] trace: (KK) MogaController :: Inside NativeOnMotionEvent ....................

G4-JNI GetEnv version=0x00010002
android[2] trace: ....................(KK) MogaController :: Inside NativeOnMotionEvent

android[2] trace: (KK) MogaController :: Inside NativeOnMotionEvent ....................

G4-JNI GetEnv version=0x00010002
G4-JNI GetEnv version=0x00010002
android[2] trace: ....................(KK) MogaController :: Inside NativeOnMotionEvent

android[2] trace: (KK) MogaController :: Inside NativeOnMotionEvent ....................

G6-MOGA motion frame=16637 axes=32767,0,0,0,0,0
G4-JNI GetEnv version=0x00010002
G4-JNI GetEnv version=0x00010002
G4-JNI GetEnv version=0x00010002
G4-JNI GetEnv version=0x00010002
G4-JNI GetEnv version=0x00010002
G4-JNI GetEnv version=0x00010002
G4-JNI GetEnv version=0x00010002
G4-JNI GetEnv version=0x00010002
G4-JNI GetEnv version=0x00010002
G4-JNI GetEnv version=0x00010002
G4-JNI GetEnv version=0x00010002
G4-JNI GetEnv version=0x00010002
G4-JNI GetEnv version=0x00010002
G4-JNI GetEnv version=0x00010002
G4-JNI GetEnv version=0x00010002
android[2] trace: ....................(KK) MogaController :: Inside NativeOnMotionEvent

android[2] trace: (KK) MogaController :: Inside NativeOnMotionEvent ....................

G6-MOGA motion frame=16652 axes=0,0,0,0,0,0
G4-JNI GetEnv version=0x00010002
android[2] trace: ....................(KK) MogaController :: Inside NativeOnMotionEvent

android[2] trace: (KK) MogaController :: Inside NativeOnMotionEvent ....................

G4-JNI GetEnv version=0x00010002
G4-JNI GetEnv version=0x00010002
G4-JNI GetEnv version=0x00010002
android[2] trace: ....................(KK) MogaController :: Inside NativeOnMotionEvent

android[2] trace: (KK) MogaController :: Inside NativeOnMotionEvent ....................

G4-JNI GetEnv version=0x00010002
android[2] trace: ....................(KK) MogaController :: Inside NativeOnMotionEvent

android[2] trace: (KK) MogaController :: Inside NativeOnMotionEvent ....................

G4-JNI GetEnv version=0x00010002
G4-JNI GetEnv version=0x00010002
G4-JNI GetEnv version=0x00010002
android[2] trace: ....................(KK) MogaController :: Inside NativeOnMotionEvent

android[2] trace: (KK) MogaController :: Inside NativeOnMotionEvent ....................

G4-JNI GetEnv version=0x00010002
android[2] trace: ....................(KK) MogaController :: Inside NativeOnMotionEvent

android[2] trace: (KK) MogaController :: Inside NativeOnMotionEvent ....................

G4-JNI GetEnv version=0x00010002
G4-JNI GetEnv version=0x00010002
android[2] trace: ....................(KK) MogaController :: Inside NativeOnMotionEvent

android[2] trace: (KK) MogaController :: Inside NativeOnMotionEvent ....................

G4-JNI GetEnv version=0x00010002
android[2] trace: ....................(KK) MogaController :: Inside NativeOnMotionEvent

android[2] trace: (KK) MogaController :: Inside NativeOnMotionEvent ....................

android[6] Sound/SoundManager/error: FMOD result of SoundManager::createSound: An error occured that wasn't supposed to.  Contact support. 

android[5] Sound/SoundManager/warn: SoundManager::createSound - 'cop_chatter_en/chatter/dispatch_high_speed_foothills': failure.

G4-JNI GetEnv version=0x00010002
android[6] Sound/SoundManager/error: FMOD result of SoundManager::createSound: An error occured that wasn't supposed to.  Contact support. 

android[5] Sound/SoundManager/warn: SoundManager::createSound - 'effects/cutscenes/cutscene_in': failure.

android[2] trace: MoGaConTrOlLeR :: ....................(KK) BaseDrivingControlScheme :: OnEvent .....................

android[2] trace: MoGaConTrOlLeR :: ....................(KK) BaseDrivingControlScheme :: OnEvent .....................

android[2] trace: MoGaConTrOlLeR :: ....................(KK) BaseDrivingControlScheme :: OnEvent .....................

G4-JNI GetEnv version=0x00010002
G4-JNI GetEnv version=0x00010002
android[2] trace: ....................(KK) MogaController :: Inside NativeOnMotionEvent

android[2] trace: (KK) MogaController :: Inside NativeOnMotionEvent ....................

G6-MOGA motion frame=16667 axes=0,0,0,0,0,0
G4-JNI GetEnv version=0x00010002
android[2] trace: ....................(KK) MogaController :: Inside NativeOnMotionEvent

android[2] trace: (KK) MogaController :: Inside NativeOnMotionEvent ....................

G4-JNI GetEnv version=0x00010002
android[2] trace: ....................(KK) MogaController :: Inside NativeOnMotionEvent

android[2] trace: (KK) MogaController :: Inside NativeOnMotionEvent ....................

G4-JNI GetEnv version=0x00010002
android[2] trace: ....................(KK) MogaController :: Inside NativeOnMotionEvent

android[2] trace: (KK) MogaController :: Inside NativeOnMotionEvent ....................

G4-JNI GetEnv version=0x00010002
android[2] trace: ....................(KK) MogaController :: Inside NativeOnMotionEvent

android[2] trace: (KK) MogaController :: Inside NativeOnMotionEvent ....................

G4-JNI GetEnv version=0x00010002
G4-JNI GetEnv version=0x00010002
G4-JNI GetEnv version=0x00010002
G4-JNI GetEnv version=0x00010002
G4-JNI GetEnv version=0x00010002
android[2] trace: ....................(KK) MogaController :: Inside NativeOnMotionEvent

android[2] trace: (KK) MogaController :: Inside NativeOnMotionEvent ....................

G4-JNI GetEnv version=0x00010002
android[2] trace: ....................(KK) MogaController :: Inside NativeOnMotionEvent

android[2] trace: (KK) MogaController :: Inside NativeOnMotionEvent ....................

G4-JNI GetEnv version=0x00010002
G4-JNI GetEnv version=0x00010002
G4-JNI GetEnv version=0x00010002
G4-JNI GetEnv version=0x00010002
G4-JNI GetEnv version=0x00010002
G4-JNI GetEnv version=0x00010002
G4-JNI GetEnv version=0x00010002
G4-JNI GetEnv version=0x00010002
G4-JNI GetEnv version=0x00010002
G4-JNI GetEnv version=0x00010002
G4-JNI GetEnv version=0x00010002
G4-JNI GetEnv version=0x00010002
G4-JNI GetEnv version=0x00010002
G4-JNI GetEnv version=0x00010002
G4-JNI GetEnv version=0x00010002
G4-JNI GetEnv version=0x00010002
G4-JNI GetEnv version=0x00010002
G4-JNI GetEnv version=0x00010002
G4-JNI GetEnv version=0x00010002
G4-JNI GetEnv version=0x00010002
G4-JNI GetEnv version=0x00010002
G4-JNI GetEnv version=0x00010002
G4-JNI GetEnv version=0x00010002
G4-JNI GetEnv version=0x00010002
G4-JNI GetEnv version=0x00010002
G4-JNI GetEnv version=0x00010002
G4-JNI GetEnv version=0x00010002
G4-JNI GetEnv version=0x00010002
G4-JNI GetEnv version=0x00010002
G4-JNI GetEnv version=0x00010002
G4-JNI GetEnv version=0x00010002
G4-JNI GetEnv version=0x00010002
G4-JNI GetEnv version=0x00010002
G4-JNI GetEnv version=0x00010002
G4-JNI GetEnv version=0x00010002
G4-JNI GetEnv version=0x00010002
G4-JNI GetEnv version=0x00010002
G4-JNI GetEnv version=0x00010002
G4-JNI GetEnv version=0x00010002
G4-JNI GetEnv version=0x00010002
G4-JNI GetEnv version=0x00010002
G4-JNI GetEnv version=0x00010002
G4-JNI GetEnv version=0x00010002
G4-JNI GetEnv version=0x00010002
G4-JNI GetEnv version=0x00010002
G4-JNI GetEnv version=0x00010002
G4-JNI GetEnv version=0x00010002
G4-JNI GetEnv version=0x00010002
G4-JNI GetEnv version=0x00010002
G4-JNI GetEnv version=0x00010002
G4-JNI GetEnv version=0x00010002
G4-JNI GetEnv version=0x00010002
G4-JNI GetEnv version=0x00010002
G4-JNI GetEnv version=0x00010002
G4-JNI GetEnv version=0x00010002
G4-JNI GetEnv version=0x00010002
G4-JNI GetEnv version=0x00010002
G4-JNI GetEnv version=0x00010002
G4-JNI GetEnv version=0x00010002
G4-JNI GetEnv version=0x00010002
G4-JNI GetEnv version=0x00010002
G4-JNI GetEnv version=0x00010002
G4-JNI GetEnv version=0x00010002
G4-JNI GetEnv version=0x00010002
G4-JNI GetEnv version=0x00010002
G4-JNI GetEnv version=0x00010002
G4-JNI GetEnv version=0x00010002
G4-JNI GetEnv version=0x00010002
G4-JNI GetEnv version=0x00010002
G4-JNI GetEnv version=0x00010002
G4-JNI GetEnv version=0x00010002
G4-JNI GetEnv version=0x00010002
G4-JNI GetEnv version=0x00010002
G4-JNI GetEnv version=0x00010002
G4-JNI GetEnv version=0x00010002
G4-JNI GetEnv version=0x00010002
G4-JNI GetEnv version=0x00010002
G4-JNI GetEnv version=0x00010002
G4-JNI GetEnv version=0x00010002
G4-JNI GetEnv version=0x00010002
G4-JNI GetEnv version=0x00010002
G4-JNI GetEnv version=0x00010002
G4-JNI GetEnv version=0x00010002
G4-JNI GetEnv version=0x00010002
G4-JNI GetEnv version=0x00010002
G4-JNI GetEnv version=0x00010002
G4-JNI GetEnv version=0x00010002
G4-JNI GetEnv version=0x00010002
G4-JNI GetEnv version=0x00010002
G4-JNI GetEnv version=0x00010002
G4-JNI GetEnv version=0x00010002
G4-JNI GetEnv version=0x00010002
G4-JNI GetEnv version=0x00010002
G4-JNI GetEnv version=0x00010002
G4-JNI GetEnv version=0x00010002
G4-JNI GetEnv version=0x00010002
G4-JNI GetEnv version=0x00010002
G4-JNI GetEnv version=0x00010002
G4-JNI GetEnv version=0x00010002
G4-JNI GetEnv version=0x00010002
G4-JNI GetEnv version=0x00010002
G4-JNI GetEnv version=0x00010002
G4-JNI GetEnv version=0x00010002
G4-JNI GetEnv version=0x00010002
G4-JNI GetEnv version=0x00010002
G4-JNI GetEnv version=0x00010002
G4-JNI GetEnv version=0x00010002
G4-JNI GetEnv version=0x00010002
G4-JNI GetEnv version=0x00010002
G4-JNI GetEnv version=0x00010002
G4-JNI GetEnv version=0x00010002
G4-JNI GetEnv version=0x00010002
G4-JNI GetEnv version=0x00010002
G4-JNI GetEnv version=0x00010002
G4-JNI GetEnv version=0x00010002
G4-JNI GetEnv version=0x00010002
G4-JNI GetEnv version=0x00010002
G4-JNI GetEnv version=0x00010002
G4-JNI GetEnv version=0x00010002
G4-JNI GetEnv version=0x00010002
G4-JNI GetEnv version=0x00010002
G4-JNI GetEnv version=0x00010002
G4-JNI GetEnv version=0x00010002
G7-FRAME enter=16800
G4-JNI GetEnv version=0x00010002
G5-GL STATE frame=16800 framebuffer=0 status=0x8cd5 errors=1
G7-FRAME leave=16800
G4-JNI GetEnv version=0x00010002
G4-JNI GetEnv version=0x00010002
G4-JNI GetEnv version=0x00010002
G4-JNI GetEnv version=0x00010002
G4-JNI GetEnv version=0x00010002
G4-JNI GetEnv version=0x00010002
G4-JNI GetEnv version=0x00010002
G4-JNI GetEnv version=0x00010002
G4-JNI GetEnv version=0x00010002
G4-JNI GetEnv version=0x00010002
G4-JNI GetEnv version=0x00010002
G4-JNI GetEnv version=0x00010002
G4-JNI GetEnv version=0x00010002
G4-JNI GetEnv version=0x00010002
G4-JNI GetEnv version=0x00010002
G4-JNI GetEnv version=0x00010002
G4-JNI GetEnv version=0x00010002
G4-JNI GetEnv version=0x00010002
G4-JNI GetEnv version=0x00010002
G4-JNI GetEnv version=0x00010002
G4-JNI GetEnv version=0x00010002
G4-JNI GetEnv version=0x00010002
G4-JNI GetEnv version=0x00010002
G4-JNI GetEnv version=0x00010002
G4-JNI GetEnv version=0x00010002
G4-JNI GetEnv version=0x00010002
G4-JNI GetEnv version=0x00010002
G4-JNI GetEnv version=0x00010002
G4-JNI GetEnv version=0x00010002
G4-JNI GetEnv version=0x00010002
G4-JNI GetEnv version=0x00010002
G4-JNI GetEnv version=0x00010002
G4-JNI GetEnv version=0x00010002
G4-JNI GetEnv version=0x00010002
G4-JNI GetEnv version=0x00010002
G4-JNI GetEnv version=0x00010002
G4-JNI GetEnv version=0x00010002
G4-JNI GetEnv version=0x00010002
G4-JNI GetEnv version=0x00010002
G4-JNI GetEnv version=0x00010002
G4-JNI GetEnv version=0x00010002
G4-JNI GetEnv version=0x00010002
G4-JNI GetEnv version=0x00010002
G4-JNI GetEnv version=0x00010002
G4-JNI GetEnv version=0x00010002
G4-JNI GetEnv version=0x00010002
G4-JNI GetEnv version=0x00010002
G4-JNI GetEnv version=0x00010002
G4-JNI GetEnv version=0x00010002
G4-JNI GetEnv version=0x00010002
G4-JNI GetEnv version=0x00010002
G4-JNI GetEnv version=0x00010002
G4-JNI GetEnv version=0x00010002
G4-JNI GetEnv version=0x00010002
G4-JNI GetEnv version=0x00010002
G4-JNI GetEnv version=0x00010002
G4-JNI GetEnv version=0x00010002
android[2] trace: ....................(KK) MogaController :: Inside NativeOnMotionEvent

android[2] trace: (KK) MogaController :: Inside NativeOnMotionEvent ....................

G6-MOGA motion frame=16858 axes=32767,0,0,0,0,0
G4-JNI GetEnv version=0x00010002
G4-JNI GetEnv version=0x00010002
G4-JNI GetEnv version=0x00010002
G4-JNI GetEnv version=0x00010002
G4-JNI GetEnv version=0x00010002
G4-JNI GetEnv version=0x00010002
android[2] trace: ....................(KK) MogaController :: Inside NativeOnMotionEvent

android[2] trace: (KK) MogaController :: Inside NativeOnMotionEvent ....................

G4-JNI GetEnv version=0x00010002
G4-JNI GetEnv version=0x00010002
G4-JNI GetEnv version=0x00010002
G4-JNI GetEnv version=0x00010002
G4-JNI GetEnv version=0x00010002
G4-JNI GetEnv version=0x00010002
G4-JNI GetEnv version=0x00010002
G4-JNI GetEnv version=0x00010002
G4-JNI GetEnv version=0x00010002
G4-JNI GetEnv version=0x00010002
G4-JNI GetEnv version=0x00010002
G4-JNI GetEnv version=0x00010002
G4-JNI GetEnv version=0x00010002
android[2] trace: MoGaConTrOlLeR :: ....................(KK) BaseDrivingControlScheme :: OnEvent .....................

android[6] Sound/SoundManager/error: FMOD result of SoundManager::createSound: An error occured that wasn't supposed to.  Contact support. 

android[5] Sound/SoundManager/warn: SoundManager::createSound - 'effects/cutscenes/cutscene_out': failure.

android[2] trace: MoGaConTrOlLeR :: ....................(KK) BaseDrivingControlScheme :: OnEvent .....................

G4-JNI GetEnv version=0x00010002
G4-JNI GetEnv version=0x00010002
android[2] trace: ....................(KK) MogaController :: Inside NativeOnMotionEvent

android[2] trace: (KK) MogaController :: Inside NativeOnMotionEvent ....................

G6-MOGA motion frame=16879 axes=-32767,0,0,0,0,0
G4-JNI GetEnv version=0x00010002
G4-JNI GetEnv version=0x00010002
G4-JNI GetEnv version=0x00010002
G4-JNI GetEnv version=0x00010002
G4-JNI GetEnv version=0x00010002
android[2] trace: ....................(KK) MogaController :: Inside NativeOnMotionEvent

android[2] trace: (KK) MogaController :: Inside NativeOnMotionEvent ....................

G4-JNI GetEnv version=0x00010002
G4-JNI GetEnv version=0x00010002
G4-JNI GetEnv version=0x00010002
G4-JNI GetEnv version=0x00010002
G4-JNI GetEnv version=0x00010002
G4-JNI GetEnv version=0x00010002
G4-JNI GetEnv version=0x00010002
G4-JNI GetEnv version=0x00010002
G4-JNI GetEnv version=0x00010002
G4-JNI GetEnv version=0x00010002
G4-JNI GetEnv version=0x00010002
G4-JNI GetEnv version=0x00010002
G4-JNI GetEnv version=0x00010002
G4-JNI GetEnv version=0x00010002
G4-JNI GetEnv version=0x00010002
G4-JNI GetEnv version=0x00010002
G4-JNI GetEnv version=0x00010002
G4-JNI GetEnv version=0x00010002
G4-JNI GetEnv version=0x00010002
G4-JNI GetEnv version=0x00010002
G4-JNI GetEnv version=0x00010002
G4-JNI GetEnv version=0x00010002
G4-JNI GetEnv version=0x00010002
G4-JNI GetEnv version=0x00010002
G4-JNI GetEnv version=0x00010002
android[2] trace: ....................(KK) MogaController :: Inside NativeOnMotionEvent

android[2] trace: (KK) MogaController :: Inside NativeOnMotionEvent ....................

G6-MOGA motion frame=16909 axes=32767,0,0,0,0,0
G4-JNI GetEnv version=0x00010002
G4-JNI GetEnv version=0x00010002
G4-JNI GetEnv version=0x00010002
G4-JNI GetEnv version=0x00010002
G4-JNI GetEnv version=0x00010002
G4-JNI GetEnv version=0x00010002
G4-JNI GetEnv version=0x00010002
G4-JNI GetEnv version=0x00010002
G4-JNI GetEnv version=0x00010002
G4-JNI GetEnv version=0x00010002
android[2] trace: ....................(KK) MogaController :: Inside NativeOnMotionEvent

android[2] trace: (KK) MogaController :: Inside NativeOnMotionEvent ....................

G4-JNI GetEnv version=0x00010002
G4-JNI GetEnv version=0x00010002
G4-JNI GetEnv version=0x00010002
G4-JNI GetEnv version=0x00010002
G4-JNI GetEnv version=0x00010002
G4-JNI GetEnv version=0x00010002
G4-JNI GetEnv version=0x00010002
G4-JNI GetEnv version=0x00010002
G4-JNI GetEnv version=0x00010002
G4-JNI GetEnv version=0x00010002
G4-JNI GetEnv version=0x00010002
G4-JNI GetEnv version=0x00010002
G4-JNI GetEnv version=0x00010002
G4-JNI GetEnv version=0x00010002
G4-JNI GetEnv version=0x00010002
G4-JNI GetEnv version=0x00010002
G4-JNI GetEnv version=0x00010002
G4-JNI GetEnv version=0x00010002
G4-JNI GetEnv version=0x00010002
G4-JNI GetEnv version=0x00010002
G4-JNI GetEnv version=0x00010002
G4-JNI GetEnv version=0x00010002
android[2] trace: ....................(KK) MogaController :: Inside NativeOnMotionEvent

android[2] trace: (KK) MogaController :: Inside NativeOnMotionEvent ....................

G6-MOGA motion frame=16941 axes=-32767,0,0,0,0,0
G4-JNI GetEnv version=0x00010002
G4-JNI GetEnv version=0x00010002
G4-JNI GetEnv version=0x00010002
G4-JNI GetEnv version=0x00010002
G4-JNI GetEnv version=0x00010002
G4-JNI GetEnv version=0x00010002
G4-JNI GetEnv version=0x00010002
G4-JNI GetEnv version=0x00010002
G4-JNI GetEnv version=0x00010002
G4-JNI GetEnv version=0x00010002
android[2] trace: ....................(KK) MogaController :: Inside NativeOnMotionEvent

android[2] trace: (KK) MogaController :: Inside NativeOnMotionEvent ....................

G4-JNI GetEnv version=0x00010002
G4-JNI GetEnv version=0x00010002
G4-JNI GetEnv version=0x00010002
G4-JNI GetEnv version=0x00010002
G4-JNI GetEnv version=0x00010002
G4-JNI GetEnv version=0x00010002
G4-JNI GetEnv version=0x00010002
G4-JNI GetEnv version=0x00010002
G4-JNI GetEnv version=0x00010002
G4-JNI GetEnv version=0x00010002
G4-JNI GetEnv version=0x00010002
G4-JNI GetEnv version=0x00010002
G4-JNI GetEnv version=0x00010002
G4-JNI GetEnv version=0x00010002
G4-JNI GetEnv version=0x00010002
G4-JNI GetEnv version=0x00010002
G4-JNI GetEnv version=0x00010002
G4-JNI GetEnv version=0x00010002
G4-JNI GetEnv version=0x00010002
G4-JNI GetEnv version=0x00010002
G4-JNI GetEnv version=0x00010002
G4-JNI GetEnv version=0x00010002
G4-JNI GetEnv version=0x00010002
G4-JNI GetEnv version=0x00010002
G4-JNI GetEnv version=0x00010002
G4-JNI GetEnv version=0x00010002
G4-JNI GetEnv version=0x00010002
G4-JNI GetEnv version=0x00010002
G4-JNI GetEnv version=0x00010002
G4-JNI GetEnv version=0x00010002
G4-JNI GetEnv version=0x00010002
G4-JNI GetEnv version=0x00010002
G4-JNI GetEnv version=0x00010002
G4-JNI GetEnv version=0x00010002
G4-JNI GetEnv version=0x00010002
G4-JNI GetEnv version=0x00010002
G4-JNI GetEnv version=0x00010002
G4-JNI GetEnv version=0x00010002
G4-JNI GetEnv version=0x00010002
G4-JNI GetEnv version=0x00010002
G4-JNI GetEnv version=0x00010002
G4-JNI GetEnv version=0x00010002
G4-JNI GetEnv version=0x00010002
G4-JNI GetEnv version=0x00010002
android[2] trace: ....................(KK) MogaController :: Inside NativeOnMotionEvent

android[2] trace: (KK) MogaController :: Inside NativeOnMotionEvent ....................

G6-MOGA motion frame=16995 axes=32767,0,0,0,0,0
G4-JNI GetEnv version=0x00010002
G4-JNI GetEnv version=0x00010002
G4-JNI GetEnv version=0x00010002
G4-JNI GetEnv version=0x00010002
G4-JNI GetEnv version=0x00010002
G4-JNI GetEnv version=0x00010002
G4-JNI GetEnv version=0x00010002
G4-JNI GetEnv version=0x00010002
G4-JNI GetEnv version=0x00010002
G4-JNI GetEnv version=0x00010002
G4-JNI GetEnv version=0x00010002
G4-JNI GetEnv version=0x00010002
G4-JNI GetEnv version=0x00010002
G4-JNI GetEnv version=0x00010002
G4-JNI GetEnv version=0x00010002
G4-JNI GetEnv version=0x00010002
G4-JNI GetEnv version=0x00010002
G4-JNI GetEnv version=0x00010002
G4-JNI GetEnv version=0x00010002
G4-JNI GetEnv version=0x00010002
G4-JNI GetEnv version=0x00010002
G4-JNI GetEnv version=0x00010002
G4-JNI GetEnv version=0x00010002
G4-JNI GetEnv version=0x00010002
G4-JNI GetEnv version=0x00010002
android[2] trace: ....................(KK) MogaController :: Inside NativeOnMotionEvent

android[2] trace: (KK) MogaController :: Inside NativeOnMotionEvent ....................

G4-JNI GetEnv version=0x00010002
G4-JNI GetEnv version=0x00010002
G4-JNI GetEnv version=0x00010002
G4-JNI GetEnv version=0x00010002
G4-JNI GetEnv version=0x00010002
G4-JNI GetEnv version=0x00010002
G4-JNI GetEnv version=0x00010002
G4-JNI GetEnv version=0x00010002
G4-JNI GetEnv version=0x00010002
G4-JNI GetEnv version=0x00010002
G4-JNI GetEnv version=0x00010002
G4-JNI GetEnv version=0x00010002
G4-JNI GetEnv version=0x00010002
G4-JNI GetEnv version=0x00010002
G4-JNI GetEnv version=0x00010002
G4-JNI GetEnv version=0x00010002
G4-JNI GetEnv version=0x00010002
G4-JNI GetEnv version=0x00010002
G4-JNI GetEnv version=0x00010002
G4-JNI GetEnv version=0x00010002
G4-JNI GetEnv version=0x00010002
G4-JNI GetEnv version=0x00010002
G4-JNI GetEnv version=0x00010002
G4-JNI GetEnv version=0x00010002
G4-JNI GetEnv version=0x00010002
G4-JNI GetEnv version=0x00010002
G4-JNI GetEnv version=0x00010002
G4-JNI GetEnv version=0x00010002
G4-JNI GetEnv version=0x00010002
G4-JNI GetEnv version=0x00010002
G4-JNI GetEnv version=0x00010002
G4-JNI GetEnv version=0x00010002
G4-JNI GetEnv version=0x00010002
G4-JNI GetEnv version=0x00010002
G4-JNI GetEnv version=0x00010002
G4-JNI GetEnv version=0x00010002
G4-JNI GetEnv version=0x00010002
G4-JNI GetEnv version=0x00010002
G4-JNI GetEnv version=0x00010002
G4-JNI GetEnv version=0x00010002
G4-JNI GetEnv version=0x00010002
android[2] trace: ....................(KK) MogaController :: Inside NativeOnMotionEvent

android[2] trace: (KK) MogaController :: Inside NativeOnMotionEvent ....................

G6-MOGA motion frame=17022 axes=32767,0,0,0,0,0
G4-JNI GetEnv version=0x00010002
G4-JNI GetEnv version=0x00010002
android[6] Sound/SoundManager/error: FMOD result of SoundManager::createSound: An error occured that wasn't supposed to.  Contact support. 

android[5] Sound/SoundManager/warn: SoundManager::createSound - 'effects/traffic/horn_truck': failure.

android[7] fatal: Assertion failed (m_HornSound) in function PlayHornSoundCould not create Horn sound

G4-JNI GetEnv version=0x00010002
android[6] Sound/SoundManager/error: FMOD result of SoundManager::createSound: An error occured that wasn't supposed to.  Contact support. 

android[5] Sound/SoundManager/warn: SoundManager::createSound - 'effects/traffic/horn_truck': failure.

android[7] fatal: Assertion failed (m_HornSound) in function PlayHornSoundCould not create Horn sound

G4-JNI GetEnv version=0x00010002
G4-JNI GetEnv version=0x00010002
android[6] Sound/SoundManager/error: FMOD result of SoundManager::createSound: An error occured that wasn't supposed to.  Contact support. 

android[5] Sound/SoundManager/warn: SoundManager::createSound - 'effects/traffic/horn_truck': failure.

android[7] fatal: Assertion failed (m_HornSound) in function PlayHornSoundCould not create Horn sound

G4-JNI GetEnv version=0x00010002
android[6] Sound/SoundManager/error: FMOD result of SoundManager::createSound: An error occured that wasn't supposed to.  Contact support. 

android[5] Sound/SoundManager/warn: SoundManager::createSound - 'effects/traffic/horn_truck': failure.

android[7] fatal: Assertion failed (m_HornSound) in function PlayHornSoundCould not create Horn sound

android[6] Sound/SoundManager/error: FMOD result of SoundManager::createSound: An error occured that wasn't supposed to.  Contact support. 

android[5] Sound/SoundManager/warn: SoundManager::createSound - 'effects/collisions/car_heavy': failure.

android[6] Sound/SoundManager/error: FMOD result of SoundManager::createSound: An error occured that wasn't supposed to.  Contact support. 

android[5] Sound/SoundManager/warn: SoundManager::createSound - 'effects/collisions/car_medium': failure.

G4-JNI GetEnv version=0x00010002
android[2] trace: ....................(KK) MogaController :: Inside NativeOnMotionEvent

android[2] trace: (KK) MogaController :: Inside NativeOnMotionEvent ....................

android[6] Sound/SoundManager/error: FMOD result of SoundManager::createSound: An error occured that wasn't supposed to.  Contact support. 

android[5] Sound/SoundManager/warn: SoundManager::createSound - 'effects/collisions/car_roll_light': failure.

android[6] Sound/SoundManager/error: FMOD result of SoundManager::createSound: An error occured that wasn't supposed to.  Contact support. 

android[5] Sound/SoundManager/warn: SoundManager::createSound - 'effects/collisions/scrape': failure.

G4-JNI GetEnv version=0x00010002
G4-JNI GetEnv version=0x00010002
G4-JNI GetEnv version=0x00010002
G4-JNI GetEnv version=0x00010002
G4-JNI GetEnv version=0x00010002
G4-JNI GetEnv version=0x00010002
G4-JNI GetEnv version=0x00010002
G4-JNI GetEnv version=0x00010002
G4-JNI GetEnv version=0x00010002
G4-JNI GetEnv version=0x00010002
G4-JNI GetEnv version=0x00010002
G4-JNI GetEnv version=0x00010002
G4-JNI GetEnv version=0x00010002
G4-JNI GetEnv version=0x00010002
G4-JNI GetEnv version=0x00010002
G4-JNI GetEnv version=0x00010002
G4-JNI GetEnv version=0x00010002
G4-JNI GetEnv version=0x00010002
android[6] Sound/SoundManager/error: FMOD result of SoundManager::createSound: An error occured that wasn't supposed to.  Contact support. 

android[5] Sound/SoundManager/warn: SoundManager::createSound - 'effects/collisions/car_bottom_out': failure.

G4-JNI GetEnv version=0x00010002
G4-JNI GetEnv version=0x00010002
G4-JNI GetEnv version=0x00010002
G4-JNI GetEnv version=0x00010002
G4-JNI GetEnv version=0x00010002
G4-JNI GetEnv version=0x00010002
G4-JNI GetEnv version=0x00010002
G4-JNI GetEnv version=0x00010002
android[2] trace: ....................(KK) MogaController :: Inside NativeOnMotionEvent

android[2] trace: (KK) MogaController :: Inside NativeOnMotionEvent ....................

G6-MOGA motion frame=17048 axes=32767,0,0,0,0,0
G4-JNI GetEnv version=0x00010002
G4-JNI GetEnv version=0x00010002
G4-JNI GetEnv version=0x00010002
G4-JNI GetEnv version=0x00010002
G4-JNI GetEnv version=0x00010002
G4-JNI GetEnv version=0x00010002
G4-JNI GetEnv version=0x00010002
G4-JNI GetEnv version=0x00010002
G4-JNI GetEnv version=0x00010002
G4-JNI GetEnv version=0x00010002
G4-JNI GetEnv version=0x00010002
G4-JNI GetEnv version=0x00010002
G4-JNI GetEnv version=0x00010002
G4-JNI GetEnv version=0x00010002
G4-JNI GetEnv version=0x00010002
android[6] Sound/SoundManager/error: FMOD result of SoundManager::createSound: An error occured that wasn't supposed to.  Contact support. 

android[5] Sound/SoundManager/warn: SoundManager::createSound - 'effects/collisions/scrape': failure.

G4-JNI GetEnv version=0x00010002
android[2] trace: ....................(KK) MogaController :: Inside NativeOnMotionEvent

android[2] trace: (KK) MogaController :: Inside NativeOnMotionEvent ....................

G6-MOGA motion frame=17064 axes=0,0,0,0,0,0
G4-JNI GetEnv version=0x00010002
G4-JNI GetEnv version=0x00010002
G4-JNI GetEnv version=0x00010002
G4-JNI GetEnv version=0x00010002
G4-JNI GetEnv version=0x00010002
G4-JNI GetEnv version=0x00010002
G4-JNI GetEnv version=0x00010002
G4-JNI GetEnv version=0x00010002
G4-JNI GetEnv version=0x00010002
G4-JNI GetEnv version=0x00010002
G4-JNI GetEnv version=0x00010002
G4-JNI GetEnv version=0x00010002
G4-JNI GetEnv version=0x00010002
G4-JNI GetEnv version=0x00010002
G4-JNI GetEnv version=0x00010002
G4-JNI GetEnv version=0x00010002
G4-JNI GetEnv version=0x00010002
G4-JNI GetEnv version=0x00010002
G4-JNI GetEnv version=0x00010002
G4-JNI GetEnv version=0x00010002
android[6] Sound/SoundManager/error: FMOD result of SoundManager::createSound: An error occured that wasn't supposed to.  Contact support. 

android[5] Sound/SoundManager/warn: SoundManager::createSound - 'effects/collisions/car_roll_medium': failure.

G4-JNI GetEnv version=0x00010002
G4-JNI GetEnv version=0x00010002
G4-JNI GetEnv version=0x00010002
android[2] trace: ....................(KK) MogaController :: Inside NativeOnMotionEvent

android[2] trace: (KK) MogaController :: Inside NativeOnMotionEvent ....................

G6-MOGA motion frame=17087 axes=-32767,0,0,0,0,0
G4-JNI GetEnv version=0x00010002
G4-JNI GetEnv version=0x00010002
G4-JNI GetEnv version=0x00010002
G4-JNI GetEnv version=0x00010002
G4-JNI GetEnv version=0x00010002
G4-JNI GetEnv version=0x00010002
G4-JNI GetEnv version=0x00010002
android[2] trace: [AUTOLOG QUERY] Server: Blaze     Call: /nfs-2013-android/util/ping

G4-JNI GetEnv version=0x00010002
G4-JNI GetEnv version=0x00010002
G4-JNI GetEnv version=0x00010002
G4-JNI GetEnv version=0x00010002
G4-JNI GetEnv version=0x00010002
G4-JNI GetEnv version=0x00010002
android[2] trace: ....................(KK) MogaController :: Inside NativeOnMotionEvent

android[2] trace: (KK) MogaController :: Inside NativeOnMotionEvent ....................

G6-MOGA motion frame=17100 axes=0,0,0,0,0,0
G7-FRAME enter=17100
G4-JNI GetEnv version=0x00010002
G5-GL STATE frame=17100 framebuffer=0 status=0x8cd5 errors=1
G7-FRAME leave=17100
G4-JNI GetEnv version=0x00010002
G4-JNI GetEnv version=0x00010002
G4-JNI GetEnv version=0x00010002
G4-JNI GetEnv version=0x00010002
G4-JNI GetEnv version=0x00010002
G4-JNI GetEnv version=0x00010002
G4-JNI GetEnv version=0x00010002
G4-JNI GetEnv version=0x00010002
G4-JNI GetEnv version=0x00010002
G4-JNI GetEnv version=0x00010002
G4-JNI GetEnv version=0x00010002
G4-JNI GetEnv version=0x00010002
G4-JNI GetEnv version=0x00010002
G4-JNI GetEnv version=0x00010002
G4-JNI GetEnv version=0x00010002
G4-JNI GetEnv version=0x00010002
G4-JNI GetEnv version=0x00010002
G4-JNI GetEnv version=0x00010002
G4-JNI GetEnv version=0x00010002
G4-JNI GetEnv version=0x00010002
G4-JNI GetEnv version=0x00010002
G4-JNI GetEnv version=0x00010002
G4-JNI GetEnv version=0x00010002
G4-JNI GetEnv version=0x00010002
G4-JNI GetEnv version=0x00010002
G4-JNI GetEnv version=0x00010002
G4-JNI GetEnv version=0x00010002
G4-JNI GetEnv version=0x00010002
G4-JNI GetEnv version=0x00010002
G4-JNI GetEnv version=0x00010002
G4-JNI GetEnv version=0x00010002
G4-JNI GetEnv version=0x00010002
G4-JNI GetEnv version=0x00010002
G4-JNI GetEnv version=0x00010002
G4-JNI GetEnv version=0x00010002
G4-JNI GetEnv version=0x00010002
G4-JNI GetEnv version=0x00010002
G4-JNI GetEnv version=0x00010002
G4-JNI GetEnv version=0x00010002
G4-JNI GetEnv version=0x00010002
G4-JNI GetEnv version=0x00010002
G4-JNI GetEnv version=0x00010002
G4-JNI GetEnv version=0x00010002
G4-JNI GetEnv version=0x00010002
G4-JNI GetEnv version=0x00010002
G4-JNI GetEnv version=0x00010002
G4-JNI GetEnv version=0x00010002
G4-JNI GetEnv version=0x00010002
G4-JNI GetEnv version=0x00010002
G4-JNI GetEnv version=0x00010002
G4-JNI GetEnv version=0x00010002
G4-JNI GetEnv version=0x00010002
G4-JNI GetEnv version=0x00010002
G4-JNI GetEnv version=0x00010002
G4-JNI GetEnv version=0x00010002
G4-JNI GetEnv version=0x00010002
G4-JNI GetEnv version=0x00010002
G4-JNI GetEnv version=0x00010002
G4-JNI GetEnv version=0x00010002
G4-JNI GetEnv version=0x00010002
G4-JNI GetEnv version=0x00010002
G4-JNI GetEnv version=0x00010002
G4-JNI GetEnv version=0x00010002
G4-JNI GetEnv version=0x00010002
G4-JNI GetEnv version=0x00010002
G4-JNI GetEnv version=0x00010002
G4-JNI GetEnv version=0x00010002
G4-JNI GetEnv version=0x00010002
G4-JNI GetEnv version=0x00010002
G4-JNI GetEnv version=0x00010002
G4-JNI GetEnv version=0x00010002
G4-JNI GetEnv version=0x00010002
G4-JNI GetEnv version=0x00010002
G4-JNI GetEnv version=0x00010002
G4-JNI GetEnv version=0x00010002
G4-JNI GetEnv version=0x00010002
G4-JNI GetEnv version=0x00010002
G4-JNI GetEnv version=0x00010002
G4-JNI GetEnv version=0x00010002
G4-JNI GetEnv version=0x00010002
G4-JNI GetEnv version=0x00010002
G4-JNI GetEnv version=0x00010002
G4-JNI GetEnv version=0x00010002
G4-JNI GetEnv version=0x00010002
G4-JNI GetEnv version=0x00010002
G6-RAW buttons=0x00000020
android[2] trace: MoGaConTrOlLeR :: ....................(KK) MogaController :: Inside nativeOnKeyEvent 

android[2] trace: ....................(KK) MogaController :: Inside nativeOnKeyEvent 103

android[2] trace: MoGaConTrOlLeR :: ....................(KK) Key Event Key R1 1111 .....................

android[2] trace: MoGaConTrOlLeR :: ....................(KK) Key Event Key Down .....................

android[2] trace: MoGaConTrOlLeR :: ....................(KK) Listener Key Press .....................

android[2] trace: MoGaConTrOlLeR :: ....................(KK) AndroidKeyCode :: MogaKeyCode (Start of func) .....................

android[2] trace: MoGaConTrOlLeR :: ....................(KK) AndroidKeyCode :: MogaKeyCode Key Press R1 .....................

android[2] trace: MoGaConTrOlLeR :: ....................(KK) AndroidKeyCode :: MogaKeyCode Key Press R1(Nitro) Racing True.....................

android[2] trace: MoGaConTrOlLeR :: (KK) MogaController :: Inside nativeOnKeyEvent ....................

G6-MOGA key frame=17186 code=103 state=down
android[2] trace: MoGaConTrOlLeR :: ....................(KK) BaseDrivingControlScheme :: OnEvent .....................

android[2] trace: MoGaConTrOlLeR :: ....................(KK) BaseDrivingControlScheme :: onKeyPress Nitro.....................

G4-JNI GetEnv version=0x00010002
G4-JNI GetEnv version=0x00010002
G4-JNI GetEnv version=0x00010002
G4-JNI GetEnv version=0x00010002
G4-JNI GetEnv version=0x00010002
G4-JNI GetEnv version=0x00010002
G4-JNI GetEnv version=0x00010002
G4-JNI GetEnv version=0x00010002
G4-JNI GetEnv version=0x00010002
G4-JNI GetEnv version=0x00010002
G4-JNI GetEnv version=0x00010002
G4-JNI GetEnv version=0x00010002
G4-JNI GetEnv version=0x00010002
G4-JNI GetEnv version=0x00010002
G4-JNI GetEnv version=0x00010002
G4-JNI GetEnv version=0x00010002
G4-JNI GetEnv version=0x00010002
G4-JNI GetEnv version=0x00010002
G4-JNI GetEnv version=0x00010002
G4-JNI GetEnv version=0x00010002
G4-JNI GetEnv version=0x00010002
G4-JNI GetEnv version=0x00010002
android[2] trace: ....................(KK) MogaController :: Inside NativeOnMotionEvent

android[2] trace: (KK) MogaController :: Inside NativeOnMotionEvent ....................

G6-MOGA motion frame=17208 axes=-32767,0,0,0,0,0
G4-JNI GetEnv version=0x00010002
G4-JNI GetEnv version=0x00010002
G4-JNI GetEnv version=0x00010002
G4-JNI GetEnv version=0x00010002
G4-JNI GetEnv version=0x00010002
G4-JNI GetEnv version=0x00010002
G4-JNI GetEnv version=0x00010002
G4-JNI GetEnv version=0x00010002
G4-JNI GetEnv version=0x00010002
android[2] trace: ....................(KK) MogaController :: Inside NativeOnMotionEvent

android[2] trace: (KK) MogaController :: Inside NativeOnMotionEvent ....................

G4-JNI GetEnv version=0x00010002
G4-JNI GetEnv version=0x00010002
G4-JNI GetEnv version=0x00010002
G4-JNI GetEnv version=0x00010002
G4-JNI GetEnv version=0x00010002
G4-JNI GetEnv version=0x00010002
G4-JNI GetEnv version=0x00010002
G4-JNI GetEnv version=0x00010002
G4-JNI GetEnv version=0x00010002
G4-JNI GetEnv version=0x00010002
G4-JNI GetEnv version=0x00010002
G4-JNI GetEnv version=0x00010002
G4-JNI GetEnv version=0x00010002
G4-JNI GetEnv version=0x00010002
G4-JNI GetEnv version=0x00010002
G4-JNI GetEnv version=0x00010002
G4-JNI GetEnv version=0x00010002
G4-JNI GetEnv version=0x00010002
G4-JNI GetEnv version=0x00010002
G4-JNI GetEnv version=0x00010002
G4-JNI GetEnv version=0x00010002
G4-JNI GetEnv version=0x00010002
G4-JNI GetEnv version=0x00010002
G4-JNI GetEnv version=0x00010002
G4-JNI GetEnv version=0x00010002
G4-JNI GetEnv version=0x00010002
G4-JNI GetEnv version=0x00010002
G4-JNI GetEnv version=0x00010002
G4-JNI GetEnv version=0x00010002
G4-JNI GetEnv version=0x00010002
G4-JNI GetEnv version=0x00010002
G4-JNI GetEnv version=0x00010002
G4-JNI GetEnv version=0x00010002
G4-JNI GetEnv version=0x00010002
G4-JNI GetEnv version=0x00010002
G4-JNI GetEnv version=0x00010002
G4-JNI GetEnv version=0x00010002
G4-JNI GetEnv version=0x00010002
G4-JNI GetEnv version=0x00010002
G4-JNI GetEnv version=0x00010002
G4-JNI GetEnv version=0x00010002
G4-JNI GetEnv version=0x00010002
G4-JNI GetEnv version=0x00010002
G4-JNI GetEnv version=0x00010002
android[2] trace: ....................(KK) MogaController :: Inside NativeOnMotionEvent

android[2] trace: (KK) MogaController :: Inside NativeOnMotionEvent ....................

G6-MOGA motion frame=17261 axes=-32767,0,0,0,0,0
G4-JNI GetEnv version=0x00010002
G4-JNI GetEnv version=0x00010002
G4-JNI GetEnv version=0x00010002
G4-JNI GetEnv version=0x00010002
G4-JNI GetEnv version=0x00010002
G4-JNI GetEnv version=0x00010002
G4-JNI GetEnv version=0x00010002
G4-JNI GetEnv version=0x00010002
G4-JNI GetEnv version=0x00010002
android[2] trace: ....................(KK) MogaController :: Inside NativeOnMotionEvent

android[2] trace: (KK) MogaController :: Inside NativeOnMotionEvent ....................

G4-JNI GetEnv version=0x00010002
G4-JNI GetEnv version=0x00010002
G4-JNI GetEnv version=0x00010002
G4-JNI GetEnv version=0x00010002
G4-JNI GetEnv version=0x00010002
G4-JNI GetEnv version=0x00010002
G4-JNI GetEnv version=0x00010002
G4-JNI GetEnv version=0x00010002
G4-JNI GetEnv version=0x00010002
G4-JNI GetEnv version=0x00010002
G4-JNI GetEnv version=0x00010002
G4-JNI GetEnv version=0x00010002
G4-JNI GetEnv version=0x00010002
G4-JNI GetEnv version=0x00010002
G4-JNI GetEnv version=0x00010002
G4-JNI GetEnv version=0x00010002
android[2] trace: ....................(KK) MogaController :: Inside NativeOnMotionEvent

android[2] trace: (KK) MogaController :: Inside NativeOnMotionEvent ....................

G6-MOGA motion frame=17286 axes=-32767,0,0,0,0,0
G4-JNI GetEnv version=0x00010002
G4-JNI GetEnv version=0x00010002
G4-JNI GetEnv version=0x00010002
G4-JNI GetEnv version=0x00010002
G4-JNI GetEnv version=0x00010002
G4-JNI GetEnv version=0x00010002
G4-JNI GetEnv version=0x00010002
G4-JNI GetEnv version=0x00010002
G4-JNI GetEnv version=0x00010002
G4-JNI GetEnv version=0x00010002
android[2] trace: ....................(KK) MogaController :: Inside NativeOnMotionEvent

android[2] trace: (KK) MogaController :: Inside NativeOnMotionEvent ....................

G4-JNI GetEnv version=0x00010002
G4-JNI GetEnv version=0x00010002
G4-JNI GetEnv version=0x00010002
G4-JNI GetEnv version=0x00010002
G4-JNI GetEnv version=0x00010002
G4-JNI GetEnv version=0x00010002
G4-JNI GetEnv version=0x00010002
G4-JNI GetEnv version=0x00010002
G4-JNI GetEnv version=0x00010002
G4-JNI GetEnv version=0x00010002
G4-JNI GetEnv version=0x00010002
G4-JNI GetEnv version=0x00010002
G4-JNI GetEnv version=0x00010002
G4-JNI GetEnv version=0x00010002
G4-JNI GetEnv version=0x00010002
G4-JNI GetEnv version=0x00010002
android[2] trace: ....................(KK) MogaController :: Inside NativeOnMotionEvent

android[2] trace: (KK) MogaController :: Inside NativeOnMotionEvent ....................

G6-MOGA motion frame=17312 axes=-32767,0,0,0,0,0
G4-JNI GetEnv version=0x00010002
G4-JNI GetEnv version=0x00010002
G4-JNI GetEnv version=0x00010002
G4-JNI GetEnv version=0x00010002
G4-JNI GetEnv version=0x00010002
G4-JNI GetEnv version=0x00010002
G4-JNI GetEnv version=0x00010002
G4-JNI GetEnv version=0x00010002
G4-JNI GetEnv version=0x00010002
G4-JNI GetEnv version=0x00010002
G4-JNI GetEnv version=0x00010002
G4-JNI GetEnv version=0x00010002
G4-JNI GetEnv version=0x00010002
G4-JNI GetEnv version=0x00010002
G4-JNI GetEnv version=0x00010002
G4-JNI GetEnv version=0x00010002
android[2] trace: ....................(KK) MogaController :: Inside NativeOnMotionEvent

android[2] trace: (KK) MogaController :: Inside NativeOnMotionEvent ....................

G6-MOGA motion frame=17328 axes=0,0,0,0,0,0
G4-JNI GetEnv version=0x00010002
G4-JNI GetEnv version=0x00010002
android[2] trace: ....................(KK) MogaController :: Inside NativeOnMotionEvent

android[2] trace: (KK) MogaController :: Inside NativeOnMotionEvent ....................

G4-JNI GetEnv version=0x00010002
android[2] trace: ....................(KK) MogaController :: Inside NativeOnMotionEvent

android[2] trace: (KK) MogaController :: Inside NativeOnMotionEvent ....................

G4-JNI GetEnv version=0x00010002
G4-JNI GetEnv version=0x00010002
G4-JNI GetEnv version=0x00010002
G4-JNI GetEnv version=0x00010002
G4-JNI GetEnv version=0x00010002
G4-JNI GetEnv version=0x00010002
G4-JNI GetEnv version=0x00010002
G4-JNI GetEnv version=0x00010002
G4-JNI GetEnv version=0x00010002
G4-JNI GetEnv version=0x00010002
G4-JNI GetEnv version=0x00010002
G4-JNI GetEnv version=0x00010002
G4-JNI GetEnv version=0x00010002
G4-JNI GetEnv version=0x00010002
G4-JNI GetEnv version=0x00010002
G4-JNI GetEnv version=0x00010002
android[2] trace: ....................(KK) MogaController :: Inside NativeOnMotionEvent

android[2] trace: (KK) MogaController :: Inside NativeOnMotionEvent ....................

G6-MOGA motion frame=17347 axes=-32767,0,0,0,0,0
G4-JNI GetEnv version=0x00010002
G4-JNI GetEnv version=0x00010002
G4-JNI GetEnv version=0x00010002
G4-JNI GetEnv version=0x00010002
G4-JNI GetEnv version=0x00010002
android[2] trace: ....................(KK) MogaController :: Inside NativeOnMotionEvent

android[2] trace: (KK) MogaController :: Inside NativeOnMotionEvent ....................

G4-JNI GetEnv version=0x00010002
android[2] trace: ....................(KK) MogaController :: Inside NativeOnMotionEvent

android[2] trace: (KK) MogaController :: Inside NativeOnMotionEvent ....................

G4-JNI GetEnv version=0x00010002
G4-JNI GetEnv version=0x00010002
G4-JNI GetEnv version=0x00010002
G4-JNI GetEnv version=0x00010002
G4-JNI GetEnv version=0x00010002
android[2] trace: ....................(KK) MogaController :: Inside NativeOnMotionEvent

android[2] trace: (KK) MogaController :: Inside NativeOnMotionEvent ....................

G4-JNI GetEnv version=0x00010002
G4-JNI GetEnv version=0x00010002
G4-JNI GetEnv version=0x00010002
G4-JNI GetEnv version=0x00010002
G4-JNI GetEnv version=0x00010002
G4-JNI GetEnv version=0x00010002
G4-JNI GetEnv version=0x00010002
G4-JNI GetEnv version=0x00010002
G4-JNI GetEnv version=0x00010002
G4-JNI GetEnv version=0x00010002
G4-JNI GetEnv version=0x00010002
G4-JNI GetEnv version=0x00010002
G4-JNI GetEnv version=0x00010002
G4-JNI GetEnv version=0x00010002
G4-JNI GetEnv version=0x00010002
G4-JNI GetEnv version=0x00010002
G4-JNI GetEnv version=0x00010002
G6-RAW buttons=0x00000000
android[2] trace: MoGaConTrOlLeR :: ....................(KK) MogaController :: Inside nativeOnKeyEvent 

android[2] trace: ....................(KK) MogaController :: Inside nativeOnKeyEvent 103

android[2] trace: MoGaConTrOlLeR :: ....................(KK) Key Event Key R1 1111 .....................

android[2] trace: MoGaConTrOlLeR :: ....................(KK) Key Event Key up .....................

android[2] trace: MoGaConTrOlLeR :: ....................(KK) Listener Key Release .....................

android[2] trace: MoGaConTrOlLeR :: ....................(KK) AndroidKeyCode :: MogaKeyCode (Start of func) .....................

android[2] trace: MoGaConTrOlLeR :: ....................(KK) AndroidKeyCode :: MogaKeyCode Key Press R1 .....................

android[2] trace: MoGaConTrOlLeR :: ....................(KK) AndroidKeyCode :: MogaKeyCode Key Press R1(Nitro) Racing True.....................

android[2] trace: MoGaConTrOlLeR :: (KK) MogaController :: Inside nativeOnKeyEvent ....................

G6-MOGA key frame=17375 code=103 state=up
android[2] trace: MoGaConTrOlLeR :: ....................(KK) BaseDrivingControlScheme :: OnEvent .....................

android[2] trace: MoGaConTrOlLeR :: ....................(KK) BaseDrivingControlScheme :: OnKeyRelease Nothing :( .....................

G4-JNI GetEnv version=0x00010002
G4-JNI GetEnv version=0x00010002
G4-JNI GetEnv version=0x00010002
G4-JNI GetEnv version=0x00010002
G4-JNI GetEnv version=0x00010002
G4-JNI GetEnv version=0x00010002
G4-JNI GetEnv version=0x00010002
G4-JNI GetEnv version=0x00010002
G4-JNI GetEnv version=0x00010002
G4-JNI GetEnv version=0x00010002
G4-JNI GetEnv version=0x00010002
G4-JNI GetEnv version=0x00010002
G4-JNI GetEnv version=0x00010002
G4-JNI GetEnv version=0x00010002
G4-JNI GetEnv version=0x00010002
G4-JNI GetEnv version=0x00010002
G4-JNI GetEnv version=0x00010002
G4-JNI GetEnv version=0x00010002
G4-JNI GetEnv version=0x00010002
G4-JNI GetEnv version=0x00010002
G4-JNI GetEnv version=0x00010002
G4-JNI GetEnv version=0x00010002
G4-JNI GetEnv version=0x00010002
G4-JNI GetEnv version=0x00010002
G4-JNI GetEnv version=0x00010002
android[2] trace: ....................(KK) MogaController :: Inside NativeOnMotionEvent

android[2] trace: (KK) MogaController :: Inside NativeOnMotionEvent ....................

G6-MOGA motion frame=17400 axes=-32767,0,0,0,0,0
G7-FRAME enter=17400
G4-JNI GetEnv version=0x00010002
G5-GL STATE frame=17400 framebuffer=0 status=0x8cd5 errors=1
G7-FRAME leave=17400
G4-JNI GetEnv version=0x00010002
G4-JNI GetEnv version=0x00010002
G4-JNI GetEnv version=0x00010002
G4-JNI GetEnv version=0x00010002
G4-JNI GetEnv version=0x00010002
G4-JNI GetEnv version=0x00010002
android[2] trace: ....................(KK) MogaController :: Inside NativeOnMotionEvent

android[2] trace: (KK) MogaController :: Inside NativeOnMotionEvent ....................

G4-JNI GetEnv version=0x00010002
G4-JNI GetEnv version=0x00010002
G4-JNI GetEnv version=0x00010002
G4-JNI GetEnv version=0x00010002
G4-JNI GetEnv version=0x00010002
G4-JNI GetEnv version=0x00010002
G4-JNI GetEnv version=0x00010002
G4-JNI GetEnv version=0x00010002
G4-JNI GetEnv version=0x00010002
G4-JNI GetEnv version=0x00010002
G4-JNI GetEnv version=0x00010002
G4-JNI GetEnv version=0x00010002
G4-JNI GetEnv version=0x00010002
G4-JNI GetEnv version=0x00010002
G4-JNI GetEnv version=0x00010002
G4-JNI GetEnv version=0x00010002
G4-JNI GetEnv version=0x00010002
G4-JNI GetEnv version=0x00010002
G4-JNI GetEnv version=0x00010002
G4-JNI GetEnv version=0x00010002
G4-JNI GetEnv version=0x00010002
G4-JNI GetEnv version=0x00010002
G4-JNI GetEnv version=0x00010002
G4-JNI GetEnv version=0x00010002
G4-JNI GetEnv version=0x00010002
G6-RAW buttons=0x00000020
android[2] trace: MoGaConTrOlLeR :: ....................(KK) MogaController :: Inside nativeOnKeyEvent 

android[2] trace: ....................(KK) MogaController :: Inside nativeOnKeyEvent 103

android[2] trace: MoGaConTrOlLeR :: ....................(KK) Key Event Key R1 1111 .....................

android[2] trace: MoGaConTrOlLeR :: ....................(KK) Key Event Key Down .....................

android[2] trace: MoGaConTrOlLeR :: ....................(KK) Listener Key Press .....................

android[2] trace: MoGaConTrOlLeR :: ....................(KK) AndroidKeyCode :: MogaKeyCode (Start of func) .....................

android[2] trace: MoGaConTrOlLeR :: ....................(KK) AndroidKeyCode :: MogaKeyCode Key Press R1 .....................

android[2] trace: MoGaConTrOlLeR :: ....................(KK) AndroidKeyCode :: MogaKeyCode Key Press R1(Nitro) Racing True.....................

android[2] trace: MoGaConTrOlLeR :: (KK) MogaController :: Inside nativeOnKeyEvent ....................

G6-MOGA key frame=17432 code=103 state=down
android[2] trace: MoGaConTrOlLeR :: ....................(KK) BaseDrivingControlScheme :: OnEvent .....................

android[2] trace: MoGaConTrOlLeR :: ....................(KK) BaseDrivingControlScheme :: onKeyPress Nitro.....................

G4-JNI GetEnv version=0x00010002
G4-JNI GetEnv version=0x00010002
G4-JNI GetEnv version=0x00010002
G4-JNI GetEnv version=0x00010002
android[2] trace: ....................(KK) MogaController :: Inside NativeOnMotionEvent

android[2] trace: (KK) MogaController :: Inside NativeOnMotionEvent ....................

G6-MOGA motion frame=17436 axes=-32767,0,0,0,0,0
G4-JNI GetEnv version=0x00010002
android[2] trace: ....................(KK) MogaController :: Inside NativeOnMotionEvent

android[2] trace: (KK) MogaController :: Inside NativeOnMotionEvent ....................

G4-JNI GetEnv version=0x00010002
android[2] trace: ....................(KK) MogaController :: Inside NativeOnMotionEvent

android[2] trace: (KK) MogaController :: Inside NativeOnMotionEvent ....................

G4-JNI GetEnv version=0x00010002
G4-JNI GetEnv version=0x00010002
G4-JNI GetEnv version=0x00010002
G4-JNI GetEnv version=0x00010002
G4-JNI GetEnv version=0x00010002
android[2] trace: ....................(KK) MogaController :: Inside NativeOnMotionEvent

android[2] trace: (KK) MogaController :: Inside NativeOnMotionEvent ....................

G4-JNI GetEnv version=0x00010002
G4-JNI GetEnv version=0x00010002
G4-JNI GetEnv version=0x00010002
G4-JNI GetEnv version=0x00010002
G4-JNI GetEnv version=0x00010002
G4-JNI GetEnv version=0x00010002
G4-JNI GetEnv version=0x00010002
G4-JNI GetEnv version=0x00010002
G4-JNI GetEnv version=0x00010002
G4-JNI GetEnv version=0x00010002
G4-JNI GetEnv version=0x00010002
G4-JNI GetEnv version=0x00010002
G4-JNI GetEnv version=0x00010002
G4-JNI GetEnv version=0x00010002
G4-JNI GetEnv version=0x00010002
G4-JNI GetEnv version=0x00010002
G4-JNI GetEnv version=0x00010002
G4-JNI GetEnv version=0x00010002
G4-JNI GetEnv version=0x00010002
android[2] trace: ....................(KK) MogaController :: Inside NativeOnMotionEvent

android[2] trace: (KK) MogaController :: Inside NativeOnMotionEvent ....................

G6-MOGA motion frame=17462 axes=-32767,0,0,0,0,0
G4-JNI GetEnv version=0x00010002
G4-JNI GetEnv version=0x00010002
G4-JNI GetEnv version=0x00010002
G4-JNI GetEnv version=0x00010002
G4-JNI GetEnv version=0x00010002
G4-JNI GetEnv version=0x00010002
G4-JNI GetEnv version=0x00010002
android[2] trace: ....................(KK) MogaController :: Inside NativeOnMotionEvent

android[2] trace: (KK) MogaController :: Inside NativeOnMotionEvent ....................

G4-JNI GetEnv version=0x00010002
G4-JNI GetEnv version=0x00010002
G4-JNI GetEnv version=0x00010002
G4-JNI GetEnv version=0x00010002
G4-JNI GetEnv version=0x00010002
G4-JNI GetEnv version=0x00010002
G4-JNI GetEnv version=0x00010002
G4-JNI GetEnv version=0x00010002
G4-JNI GetEnv version=0x00010002
G4-JNI GetEnv version=0x00010002
G4-JNI GetEnv version=0x00010002
G4-JNI GetEnv version=0x00010002
G4-JNI GetEnv version=0x00010002
G4-JNI GetEnv version=0x00010002
G4-JNI GetEnv version=0x00010002
G4-JNI GetEnv version=0x00010002
G4-JNI GetEnv version=0x00010002
G4-JNI GetEnv version=0x00010002
G4-JNI GetEnv version=0x00010002
G4-JNI GetEnv version=0x00010002
G4-JNI GetEnv version=0x00010002
android[2] trace: ....................(KK) MogaController :: Inside NativeOnMotionEvent

android[2] trace: (KK) MogaController :: Inside NativeOnMotionEvent ....................

G6-MOGA motion frame=17490 axes=-32767,0,0,0,0,0
G4-JNI GetEnv version=0x00010002
G4-JNI GetEnv version=0x00010002
G4-JNI GetEnv version=0x00010002
android[2] trace: ....................(KK) MogaController :: Inside NativeOnMotionEvent

android[2] trace: (KK) MogaController :: Inside NativeOnMotionEvent ....................

G4-JNI GetEnv version=0x00010002
G4-JNI GetEnv version=0x00010002
G4-JNI GetEnv version=0x00010002
G4-JNI GetEnv version=0x00010002
G4-JNI GetEnv version=0x00010002
G4-JNI GetEnv version=0x00010002
G4-JNI GetEnv version=0x00010002
G4-JNI GetEnv version=0x00010002
G4-JNI GetEnv version=0x00010002
G6-RAW buttons=0x00000000
android[2] trace: MoGaConTrOlLeR :: ....................(KK) MogaController :: Inside nativeOnKeyEvent 

android[2] trace: ....................(KK) MogaController :: Inside nativeOnKeyEvent 103

android[2] trace: MoGaConTrOlLeR :: ....................(KK) Key Event Key R1 1111 .....................

android[2] trace: MoGaConTrOlLeR :: ....................(KK) Key Event Key up .....................

android[2] trace: MoGaConTrOlLeR :: ....................(KK) Listener Key Release .....................

android[2] trace: MoGaConTrOlLeR :: ....................(KK) AndroidKeyCode :: MogaKeyCode (Start of func) .....................

android[2] trace: MoGaConTrOlLeR :: ....................(KK) AndroidKeyCode :: MogaKeyCode Key Press R1 .....................

android[2] trace: MoGaConTrOlLeR :: ....................(KK) AndroidKeyCode :: MogaKeyCode Key Press R1(Nitro) Racing True.....................

android[2] trace: MoGaConTrOlLeR :: (KK) MogaController :: Inside nativeOnKeyEvent ....................

G6-MOGA key frame=17502 code=103 state=up
android[2] trace: MoGaConTrOlLeR :: ....................(KK) BaseDrivingControlScheme :: OnEvent .....................

android[2] trace: MoGaConTrOlLeR :: ....................(KK) BaseDrivingControlScheme :: OnKeyRelease Nothing :( .....................

G4-JNI GetEnv version=0x00010002
G4-JNI GetEnv version=0x00010002
G4-JNI GetEnv version=0x00010002
G4-JNI GetEnv version=0x00010002
G4-JNI GetEnv version=0x00010002
G4-JNI GetEnv version=0x00010002
G4-JNI GetEnv version=0x00010002
G4-JNI GetEnv version=0x00010002
G4-JNI GetEnv version=0x00010002
G4-JNI GetEnv version=0x00010002
G4-JNI GetEnv version=0x00010002
G4-JNI GetEnv version=0x00010002
G4-JNI GetEnv version=0x00010002
G4-JNI GetEnv version=0x00010002
G4-JNI GetEnv version=0x00010002
G4-JNI GetEnv version=0x00010002
G4-JNI GetEnv version=0x00010002
G4-JNI GetEnv version=0x00010002
G4-JNI GetEnv version=0x00010002
G4-JNI GetEnv version=0x00010002
G4-JNI GetEnv version=0x00010002
G4-JNI GetEnv version=0x00010002
G4-JNI GetEnv version=0x00010002
G4-JNI GetEnv version=0x00010002
G4-JNI GetEnv version=0x00010002
G4-JNI GetEnv version=0x00010002
G4-JNI GetEnv version=0x00010002
G4-JNI GetEnv version=0x00010002
G4-JNI GetEnv version=0x00010002
G4-JNI GetEnv version=0x00010002
G4-JNI GetEnv version=0x00010002
G4-JNI GetEnv version=0x00010002
G4-JNI GetEnv version=0x00010002
G4-JNI GetEnv version=0x00010002
G4-JNI GetEnv version=0x00010002
G4-JNI GetEnv version=0x00010002
G4-JNI GetEnv version=0x00010002
G4-JNI GetEnv version=0x00010002
G4-JNI GetEnv version=0x00010002
G4-JNI GetEnv version=0x00010002
G4-JNI GetEnv version=0x00010002
G4-JNI GetEnv version=0x00010002
G4-JNI GetEnv version=0x00010002
android[2] trace: ....................(KK) MogaController :: Inside NativeOnMotionEvent

android[2] trace: (KK) MogaController :: Inside NativeOnMotionEvent ....................

G6-MOGA motion frame=17545 axes=-32767,0,0,0,0,0
G4-JNI GetEnv version=0x00010002
G4-JNI GetEnv version=0x00010002
G4-JNI GetEnv version=0x00010002
android[2] trace: ....................(KK) MogaController :: Inside NativeOnMotionEvent

android[2] trace: (KK) MogaController :: Inside NativeOnMotionEvent ....................

G4-JNI GetEnv version=0x00010002
G4-JNI GetEnv version=0x00010002
G4-JNI GetEnv version=0x00010002
G4-JNI GetEnv version=0x00010002
G4-JNI GetEnv version=0x00010002
G4-JNI GetEnv version=0x00010002
G4-JNI GetEnv version=0x00010002
G4-JNI GetEnv version=0x00010002
G4-JNI GetEnv version=0x00010002
G4-JNI GetEnv version=0x00010002
G4-JNI GetEnv version=0x00010002
G4-JNI GetEnv version=0x00010002
G4-JNI GetEnv version=0x00010002
G4-JNI GetEnv version=0x00010002
G4-JNI GetEnv version=0x00010002
G4-JNI GetEnv version=0x00010002
G4-JNI GetEnv version=0x00010002
G4-JNI GetEnv version=0x00010002
G4-JNI GetEnv version=0x00010002
G4-JNI GetEnv version=0x00010002
G4-JNI GetEnv version=0x00010002
G4-JNI GetEnv version=0x00010002
G4-JNI GetEnv version=0x00010002
G4-JNI GetEnv version=0x00010002
G4-JNI GetEnv version=0x00010002
G4-JNI GetEnv version=0x00010002
G4-JNI GetEnv version=0x00010002
G4-JNI GetEnv version=0x00010002
G4-JNI GetEnv version=0x00010002
G4-JNI GetEnv version=0x00010002
G4-JNI GetEnv version=0x00010002
G4-JNI GetEnv version=0x00010002
G4-JNI GetEnv version=0x00010002
G4-JNI GetEnv version=0x00010002
G4-JNI GetEnv version=0x00010002
G4-JNI GetEnv version=0x00010002
G4-JNI GetEnv version=0x00010002
G4-JNI GetEnv version=0x00010002
G4-JNI GetEnv version=0x00010002
G4-JNI GetEnv version=0x00010002
G4-JNI GetEnv version=0x00010002
G4-JNI GetEnv version=0x00010002
G4-JNI GetEnv version=0x00010002
G4-JNI GetEnv version=0x00010002
G4-JNI GetEnv version=0x00010002
G4-JNI GetEnv version=0x00010002
G4-JNI GetEnv version=0x00010002
G4-JNI GetEnv version=0x00010002
G4-JNI GetEnv version=0x00010002
G4-JNI GetEnv version=0x00010002
G4-JNI GetEnv version=0x00010002
G4-JNI GetEnv version=0x00010002
G4-JNI GetEnv version=0x00010002
G4-JNI GetEnv version=0x00010002
G4-JNI GetEnv version=0x00010002
G4-JNI GetEnv version=0x00010002
G4-JNI GetEnv version=0x00010002
G4-JNI GetEnv version=0x00010002
G4-JNI GetEnv version=0x00010002
G4-JNI GetEnv version=0x00010002
G4-JNI GetEnv version=0x00010002
G4-JNI GetEnv version=0x00010002
G4-JNI GetEnv version=0x00010002
G4-JNI GetEnv version=0x00010002
G4-JNI GetEnv version=0x00010002
G4-JNI GetEnv version=0x00010002
G4-JNI GetEnv version=0x00010002
G4-JNI GetEnv version=0x00010002
G4-JNI GetEnv version=0x00010002
G4-JNI GetEnv version=0x00010002
G4-JNI GetEnv version=0x00010002
G4-JNI GetEnv version=0x00010002
G4-JNI GetEnv version=0x00010002
G4-JNI GetEnv version=0x00010002
G4-JNI GetEnv version=0x00010002
G4-JNI GetEnv version=0x00010002
G4-JNI GetEnv version=0x00010002
G4-JNI GetEnv version=0x00010002
G4-JNI GetEnv version=0x00010002
G4-JNI GetEnv version=0x00010002
G4-JNI GetEnv version=0x00010002
G4-JNI GetEnv version=0x00010002
G4-JNI GetEnv version=0x00010002
G4-JNI GetEnv version=0x00010002
G4-JNI GetEnv version=0x00010002
G4-JNI GetEnv version=0x00010002
G4-JNI GetEnv version=0x00010002
android[2] trace: MoGaConTrOlLeR :: ....................(KK) BaseDrivingControlScheme :: OnEvent .....................

android[5] layouts/warning: SetAnimation: Animation flash not found in node /[NoID]/[NoID]

android[5] layouts/warning: SetAnimation: Animation flash not found in node /[NoID]/[NoID]/_common

android[6] Sound/SoundManager/error: FMOD result of SoundManager::createSound: An error occured that wasn't supposed to.  Contact support. 

android[5] Sound/SoundManager/warn: SoundManager::createSound - 'ui/ui/event_checkpoint': failure.

G4-JNI GetEnv version=0x00010002
G4-JNI GetEnv version=0x00010002
G4-JNI GetEnv version=0x00010002
G4-JNI GetEnv version=0x00010002
G4-JNI GetEnv version=0x00010002
G4-JNI GetEnv version=0x00010002
G4-JNI GetEnv version=0x00010002
G4-JNI GetEnv version=0x00010002
G4-JNI GetEnv version=0x00010002
G4-JNI GetEnv version=0x00010002
G4-JNI GetEnv version=0x00010002
G4-JNI GetEnv version=0x00010002
G4-JNI GetEnv version=0x00010002
G4-JNI GetEnv version=0x00010002
G4-JNI GetEnv version=0x00010002
G4-JNI GetEnv version=0x00010002
G4-JNI GetEnv version=0x00010002
G4-JNI GetEnv version=0x00010002
G4-JNI GetEnv version=0x00010002
G4-JNI GetEnv version=0x00010002
G4-JNI GetEnv version=0x00010002
G4-JNI GetEnv version=0x00010002
G4-JNI GetEnv version=0x00010002
G4-JNI GetEnv version=0x00010002
G4-JNI GetEnv version=0x00010002
G4-JNI GetEnv version=0x00010002
G4-JNI GetEnv version=0x00010002
G4-JNI GetEnv version=0x00010002
G4-JNI GetEnv version=0x00010002
G4-JNI GetEnv version=0x00010002
G4-JNI GetEnv version=0x00010002
G4-JNI GetEnv version=0x00010002
G4-JNI GetEnv version=0x00010002
G4-JNI GetEnv version=0x00010002
G4-JNI GetEnv version=0x00010002
G4-JNI GetEnv version=0x00010002
G4-JNI GetEnv version=0x00010002
G4-JNI GetEnv version=0x00010002
G4-JNI GetEnv version=0x00010002
G4-JNI GetEnv version=0x00010002
G4-JNI GetEnv version=0x00010002
G4-JNI GetEnv version=0x00010002
G4-JNI GetEnv version=0x00010002
G4-JNI GetEnv version=0x00010002
G4-JNI GetEnv version=0x00010002
G4-JNI GetEnv version=0x00010002
G4-JNI GetEnv version=0x00010002
G4-JNI GetEnv version=0x00010002
G4-JNI GetEnv version=0x00010002
G4-JNI GetEnv version=0x00010002
G4-JNI GetEnv version=0x00010002
android[2] trace: [AUTOLOG QUERY] Server: Blaze     Call: /nfs-2013-android/util/ping

G4-JNI GetEnv version=0x00010002
G4-JNI GetEnv version=0x00010002
G4-JNI GetEnv version=0x00010002
G4-JNI GetEnv version=0x00010002
G4-JNI GetEnv version=0x00010002
G4-JNI GetEnv version=0x00010002
G4-JNI GetEnv version=0x00010002
G4-JNI GetEnv version=0x00010002
G4-JNI GetEnv version=0x00010002
G4-JNI GetEnv version=0x00010002
G4-JNI GetEnv version=0x00010002
G4-JNI GetEnv version=0x00010002
G4-JNI GetEnv version=0x00010002
G4-JNI GetEnv version=0x00010002
G7-FRAME enter=17700
G4-JNI GetEnv version=0x00010002
G5-GL STATE frame=17700 framebuffer=0 status=0x8cd5 errors=1
G7-FRAME leave=17700
G4-JNI GetEnv version=0x00010002
G4-JNI GetEnv version=0x00010002
G4-JNI GetEnv version=0x00010002
G4-JNI GetEnv version=0x00010002
G4-JNI GetEnv version=0x00010002
G4-JNI GetEnv version=0x00010002
G4-JNI GetEnv version=0x00010002
G4-JNI GetEnv version=0x00010002
G4-JNI GetEnv version=0x00010002
G4-JNI GetEnv version=0x00010002
G4-JNI GetEnv version=0x00010002
G4-JNI GetEnv version=0x00010002
G4-JNI GetEnv version=0x00010002
G4-JNI GetEnv version=0x00010002
G4-JNI GetEnv version=0x00010002
G4-JNI GetEnv version=0x00010002
G4-JNI GetEnv version=0x00010002
G4-JNI GetEnv version=0x00010002
G4-JNI GetEnv version=0x00010002
G4-JNI GetEnv version=0x00010002
G4-JNI GetEnv version=0x00010002
G4-JNI GetEnv version=0x00010002
G4-JNI GetEnv version=0x00010002
G4-JNI GetEnv version=0x00010002
G4-JNI GetEnv version=0x00010002
G4-JNI GetEnv version=0x00010002
G4-JNI GetEnv version=0x00010002
G4-JNI GetEnv version=0x00010002
G4-JNI GetEnv version=0x00010002
G4-JNI GetEnv version=0x00010002
G4-JNI GetEnv version=0x00010002
G4-JNI GetEnv version=0x00010002
G4-JNI GetEnv version=0x00010002
G4-JNI GetEnv version=0x00010002
G4-JNI GetEnv version=0x00010002
G4-JNI GetEnv version=0x00010002
G4-JNI GetEnv version=0x00010002
G4-JNI GetEnv version=0x00010002
G4-JNI GetEnv version=0x00010002
G4-JNI GetEnv version=0x00010002
G4-JNI GetEnv version=0x00010002
G4-JNI GetEnv version=0x00010002
G4-JNI GetEnv version=0x00010002
G4-JNI GetEnv version=0x00010002
G4-JNI GetEnv version=0x00010002
G4-JNI GetEnv version=0x00010002
G4-JNI GetEnv version=0x00010002
G4-JNI GetEnv version=0x00010002
G4-JNI GetEnv version=0x00010002
G4-JNI GetEnv version=0x00010002
G4-JNI GetEnv version=0x00010002
G4-JNI GetEnv version=0x00010002
G4-JNI GetEnv version=0x00010002
G4-JNI GetEnv version=0x00010002
G4-JNI GetEnv version=0x00010002
G4-JNI GetEnv version=0x00010002
G4-JNI GetEnv version=0x00010002
G4-JNI GetEnv version=0x00010002
G4-JNI GetEnv version=0x00010002
G4-JNI GetEnv version=0x00010002
G4-JNI GetEnv version=0x00010002
G4-JNI GetEnv version=0x00010002
G4-JNI GetEnv version=0x00010002
G4-JNI GetEnv version=0x00010002
G4-JNI GetEnv version=0x00010002
G4-JNI GetEnv version=0x00010002
G4-JNI GetEnv version=0x00010002
G4-JNI GetEnv version=0x00010002
G4-JNI GetEnv version=0x00010002
G4-JNI GetEnv version=0x00010002
G4-JNI GetEnv version=0x00010002
G4-JNI GetEnv version=0x00010002
G4-JNI GetEnv version=0x00010002
G4-JNI GetEnv version=0x00010002
G4-JNI GetEnv version=0x00010002
G4-JNI GetEnv version=0x00010002
G4-JNI GetEnv version=0x00010002
G4-JNI GetEnv version=0x00010002
G4-JNI GetEnv version=0x00010002
G4-JNI GetEnv version=0x00010002
G4-JNI GetEnv version=0x00010002
G4-JNI GetEnv version=0x00010002
G4-JNI GetEnv version=0x00010002
G4-JNI GetEnv version=0x00010002
G4-JNI GetEnv version=0x00010002
G4-JNI GetEnv version=0x00010002
G4-JNI GetEnv version=0x00010002
G4-JNI GetEnv version=0x00010002
G4-JNI GetEnv version=0x00010002
G4-JNI GetEnv version=0x00010002
G4-JNI GetEnv version=0x00010002
G4-JNI GetEnv version=0x00010002
G4-JNI GetEnv version=0x00010002
G4-JNI GetEnv version=0x00010002
G4-JNI GetEnv version=0x00010002
G4-JNI GetEnv version=0x00010002
G4-JNI GetEnv version=0x00010002
G4-JNI GetEnv version=0x00010002
G4-JNI GetEnv version=0x00010002
G4-JNI GetEnv version=0x00010002
G4-JNI GetEnv version=0x00010002
G4-JNI GetEnv version=0x00010002
G4-JNI GetEnv version=0x00010002
G4-JNI GetEnv version=0x00010002
G4-JNI GetEnv version=0x00010002
G4-JNI GetEnv version=0x00010002
G4-JNI GetEnv version=0x00010002
G4-JNI GetEnv version=0x00010002
G4-JNI GetEnv version=0x00010002
G4-JNI GetEnv version=0x00010002
G4-JNI GetEnv version=0x00010002
G4-JNI GetEnv version=0x00010002
G4-JNI GetEnv version=0x00010002
G4-JNI GetEnv version=0x00010002
G4-JNI GetEnv version=0x00010002
G4-JNI GetEnv version=0x00010002
G4-JNI GetEnv version=0x00010002
G4-JNI GetEnv version=0x00010002
G4-JNI GetEnv version=0x00010002
G4-JNI GetEnv version=0x00010002
G4-JNI GetEnv version=0x00010002
G4-JNI GetEnv version=0x00010002
G4-JNI GetEnv version=0x00010002
G4-JNI GetEnv version=0x00010002
G4-JNI GetEnv version=0x00010002
G4-JNI GetEnv version=0x00010002
G4-JNI GetEnv version=0x00010002
G4-JNI GetEnv version=0x00010002
G4-JNI GetEnv version=0x00010002
G4-JNI GetEnv version=0x00010002
G4-JNI GetEnv version=0x00010002
G4-JNI GetEnv version=0x00010002
G4-JNI GetEnv version=0x00010002
G4-JNI GetEnv version=0x00010002
G4-JNI GetEnv version=0x00010002
G4-JNI GetEnv version=0x00010002
G4-JNI GetEnv version=0x00010002
G4-JNI GetEnv version=0x00010002
G4-JNI GetEnv version=0x00010002
G4-JNI GetEnv version=0x00010002
G4-JNI GetEnv version=0x00010002
G4-JNI GetEnv version=0x00010002
G4-JNI GetEnv version=0x00010002
G4-JNI GetEnv version=0x00010002
G4-JNI GetEnv version=0x00010002
G4-JNI GetEnv version=0x00010002
G4-JNI GetEnv version=0x00010002
G4-JNI GetEnv version=0x00010002
G4-JNI GetEnv version=0x00010002
G4-JNI GetEnv version=0x00010002
G4-JNI GetEnv version=0x00010002
G4-JNI GetEnv version=0x00010002
G4-JNI GetEnv version=0x00010002
G4-JNI GetEnv version=0x00010002
G4-JNI GetEnv version=0x00010002
G4-JNI GetEnv version=0x00010002
G4-JNI GetEnv version=0x00010002
G4-JNI GetEnv version=0x00010002
G4-JNI GetEnv version=0x00010002
G4-JNI GetEnv version=0x00010002
android[2] trace: ....................(KK) MogaController :: Inside NativeOnMotionEvent

android[2] trace: (KK) MogaController :: Inside NativeOnMotionEvent ....................

G6-MOGA motion frame=17822 axes=-32767,0,0,0,0,0
G4-JNI GetEnv version=0x00010002
G4-JNI GetEnv version=0x00010002
G4-JNI GetEnv version=0x00010002
G4-JNI GetEnv version=0x00010002
G4-JNI GetEnv version=0x00010002
G4-JNI GetEnv version=0x00010002
G4-JNI GetEnv version=0x00010002
G4-JNI GetEnv version=0x00010002
android[6] Sound/SoundManager/error: FMOD result of SoundManager::createSound: An error occured that wasn't supposed to.  Contact support. 

android[5] Sound/SoundManager/warn: SoundManager::createSound - 'effects/collisions/car_bottom_out': failure.

G4-JNI GetEnv version=0x00010002
G4-JNI GetEnv version=0x00010002
G4-JNI GetEnv version=0x00010002
G4-JNI GetEnv version=0x00010002
G4-JNI GetEnv version=0x00010002
android[2] trace: ....................(KK) MogaController :: Inside NativeOnMotionEvent

android[2] trace: (KK) MogaController :: Inside NativeOnMotionEvent ....................

android[6] Sound/SoundManager/error: FMOD result of SoundManager::createSound: An error occured that wasn't supposed to.  Contact support. 

android[5] Sound/SoundManager/warn: SoundManager::createSound - 'effects/collisions/car_bottom_out': failure.

android[6] Sound/SoundManager/error: FMOD result of SoundManager::createSound: An error occured that wasn't supposed to.  Contact support. 

android[5] Sound/SoundManager/warn: SoundManager::createSound - 'effects/collisions/car_bottom_out': failure.

G4-JNI GetEnv version=0x00010002
G4-JNI GetEnv version=0x00010002
G4-JNI GetEnv version=0x00010002
G4-JNI GetEnv version=0x00010002
G4-JNI GetEnv version=0x00010002
G4-JNI GetEnv version=0x00010002
G4-JNI GetEnv version=0x00010002
G4-JNI GetEnv version=0x00010002
G4-JNI GetEnv version=0x00010002
G4-JNI GetEnv version=0x00010002
G4-JNI GetEnv version=0x00010002
G4-JNI GetEnv version=0x00010002
G4-JNI GetEnv version=0x00010002
G4-JNI GetEnv version=0x00010002
G4-JNI GetEnv version=0x00010002
G4-JNI GetEnv version=0x00010002
G4-JNI GetEnv version=0x00010002
G4-JNI GetEnv version=0x00010002
G4-JNI GetEnv version=0x00010002
G4-JNI GetEnv version=0x00010002
G4-JNI GetEnv version=0x00010002
G4-JNI GetEnv version=0x00010002
G4-JNI GetEnv version=0x00010002
G4-JNI GetEnv version=0x00010002
G4-JNI GetEnv version=0x00010002
G4-JNI GetEnv version=0x00010002
G4-JNI GetEnv version=0x00010002
G4-JNI GetEnv version=0x00010002
android[2] trace: ....................(KK) MogaController :: Inside NativeOnMotionEvent

android[2] trace: (KK) MogaController :: Inside NativeOnMotionEvent ....................

G6-MOGA motion frame=17859 axes=-32767,0,0,0,0,0
G4-JNI GetEnv version=0x00010002
G4-JNI GetEnv version=0x00010002
G4-JNI GetEnv version=0x00010002
G4-JNI GetEnv version=0x00010002
G4-JNI GetEnv version=0x00010002
G4-JNI GetEnv version=0x00010002
G4-JNI GetEnv version=0x00010002
G4-JNI GetEnv version=0x00010002
G4-JNI GetEnv version=0x00010002
G4-JNI GetEnv version=0x00010002
android[2] trace: ....................(KK) MogaController :: Inside NativeOnMotionEvent

android[2] trace: (KK) MogaController :: Inside NativeOnMotionEvent ....................

G4-JNI GetEnv version=0x00010002
G4-JNI GetEnv version=0x00010002
android[6] Sound/SoundManager/error: FMOD result of SoundManager::createSound: An error occured that wasn't supposed to.  Contact support. 

android[5] Sound/SoundManager/warn: SoundManager::createSound - 'effects/collisions/scrape': failure.

G4-JNI GetEnv version=0x00010002
G4-JNI GetEnv version=0x00010002
G4-JNI GetEnv version=0x00010002
G4-JNI GetEnv version=0x00010002
G4-JNI GetEnv version=0x00010002
G4-JNI GetEnv version=0x00010002
G4-JNI GetEnv version=0x00010002
G4-JNI GetEnv version=0x00010002
G4-JNI GetEnv version=0x00010002
G4-JNI GetEnv version=0x00010002
android[6] Sound/SoundManager/error: FMOD result of SoundManager::createSound: An error occured that wasn't supposed to.  Contact support. 

android[5] Sound/SoundManager/warn: SoundManager::createSound - 'effects/collisions/car_bottom_out': failure.

G4-JNI GetEnv version=0x00010002
G4-JNI GetEnv version=0x00010002
G4-JNI GetEnv version=0x00010002
G4-JNI GetEnv version=0x00010002
G4-JNI GetEnv version=0x00010002
android[6] Sound/SoundManager/error: FMOD result of SoundManager::createSound: An error occured that wasn't supposed to.  Contact support. 

android[5] Sound/SoundManager/warn: SoundManager::createSound - 'effects/collisions/car_bottom_out': failure.

android[6] Sound/SoundManager/error: FMOD result of SoundManager::createSound: An error occured that wasn't supposed to.  Contact support. 

android[5] Sound/SoundManager/warn: SoundManager::createSound - 'effects/collisions/car_bottom_out': failure.

G4-JNI GetEnv version=0x00010002
android[6] Sound/SoundManager/error: FMOD result of SoundManager::createSound: An error occured that wasn't supposed to.  Contact support. 

android[5] Sound/SoundManager/warn: SoundManager::createSound - 'effects/collisions/car_bottom_out': failure.

android[6] Sound/SoundManager/error: FMOD result of SoundManager::createSound: An error occured that wasn't supposed to.  Contact support. 

android[5] Sound/SoundManager/warn: SoundManager::createSound - 'effects/collisions/car_bottom_out': failure.

G4-JNI GetEnv version=0x00010002
android[6] Sound/SoundManager/error: FMOD result of SoundManager::createSound: An error occured that wasn't supposed to.  Contact support. 

android[5] Sound/SoundManager/warn: SoundManager::createSound - 'effects/collisions/car_bottom_out': failure.

android[6] Sound/SoundManager/error: FMOD result of SoundManager::createSound: An error occured that wasn't supposed to.  Contact support. 

android[5] Sound/SoundManager/warn: SoundManager::createSound - 'effects/collisions/car_bottom_out': failure.

G4-JNI GetEnv version=0x00010002
android[6] Sound/SoundManager/error: FMOD result of SoundManager::createSound: An error occured that wasn't supposed to.  Contact support. 

android[5] Sound/SoundManager/warn: SoundManager::createSound - 'effects/collisions/car_bottom_out': failure.

G4-JNI GetEnv version=0x00010002
G4-JNI GetEnv version=0x00010002
G4-JNI GetEnv version=0x00010002
G4-JNI GetEnv version=0x00010002
G4-JNI GetEnv version=0x00010002
G4-JNI GetEnv version=0x00010002
G4-JNI GetEnv version=0x00010002
G4-JNI GetEnv version=0x00010002
G4-JNI GetEnv version=0x00010002
G4-JNI GetEnv version=0x00010002
G4-JNI GetEnv version=0x00010002
G4-JNI GetEnv version=0x00010002
G4-JNI GetEnv version=0x00010002
G4-JNI GetEnv version=0x00010002
G4-JNI GetEnv version=0x00010002
G4-JNI GetEnv version=0x00010002
G4-JNI GetEnv version=0x00010002
G4-JNI GetEnv version=0x00010002
G4-JNI GetEnv version=0x00010002
G4-JNI GetEnv version=0x00010002
G4-JNI GetEnv version=0x00010002
G4-JNI GetEnv version=0x00010002
G4-JNI GetEnv version=0x00010002
G4-JNI GetEnv version=0x00010002
G4-JNI GetEnv version=0x00010002
G4-JNI GetEnv version=0x00010002
G4-JNI GetEnv version=0x00010002
G4-JNI GetEnv version=0x00010002
G4-JNI GetEnv version=0x00010002
G4-JNI GetEnv version=0x00010002
G4-JNI GetEnv version=0x00010002
G4-JNI GetEnv version=0x00010002
G4-JNI GetEnv version=0x00010002
G4-JNI GetEnv version=0x00010002
G4-JNI GetEnv version=0x00010002
G4-JNI GetEnv version=0x00010002
G4-JNI GetEnv version=0x00010002
G4-JNI GetEnv version=0x00010002
android[6] Sound/SoundManager/error: FMOD result of SoundManager::createSound: An error occured that wasn't supposed to.  Contact support. 

android[5] Sound/SoundManager/warn: SoundManager::createSound - 'effects/collisions/car_light': failure.

G4-JNI GetEnv version=0x00010002
android[2] trace: ....................(KK) MogaController :: Inside NativeOnMotionEvent

android[2] trace: (KK) MogaController :: Inside NativeOnMotionEvent ....................

G6-MOGA motion frame=17928 axes=32767,0,0,0,0,0
G4-JNI GetEnv version=0x00010002
G4-JNI GetEnv version=0x00010002
G4-JNI GetEnv version=0x00010002
G4-JNI GetEnv version=0x00010002
android[6] Sound/SoundManager/error: FMOD result of SoundManager::createSound: An error occured that wasn't supposed to.  Contact support. 

android[5] Sound/SoundManager/warn: SoundManager::createSound - 'effects/collisions/scrape': failure.

G4-JNI GetEnv version=0x00010002
G4-JNI GetEnv version=0x00010002
G4-JNI GetEnv version=0x00010002
G4-JNI GetEnv version=0x00010002
G4-JNI GetEnv version=0x00010002
G4-JNI GetEnv version=0x00010002
android[2] trace: ....................(KK) MogaController :: Inside NativeOnMotionEvent

android[2] trace: (KK) MogaController :: Inside NativeOnMotionEvent ....................

G4-JNI GetEnv version=0x00010002
G4-JNI GetEnv version=0x00010002
G4-JNI GetEnv version=0x00010002
G4-JNI GetEnv version=0x00010002
G4-JNI GetEnv version=0x00010002
G4-JNI GetEnv version=0x00010002
G4-JNI GetEnv version=0x00010002
G4-JNI GetEnv version=0x00010002
G4-JNI GetEnv version=0x00010002
android[2] trace: ....................(KK) MogaController :: Inside NativeOnMotionEvent

android[2] trace: (KK) MogaController :: Inside NativeOnMotionEvent ....................

G6-MOGA motion frame=17947 axes=-32767,0,0,0,0,0
G4-JNI GetEnv version=0x00010002
G4-JNI GetEnv version=0x00010002
G4-JNI GetEnv version=0x00010002
G4-JNI GetEnv version=0x00010002
G4-JNI GetEnv version=0x00010002
G4-JNI GetEnv version=0x00010002
G4-JNI GetEnv version=0x00010002
android[2] trace: ....................(KK) MogaController :: Inside NativeOnMotionEvent

android[2] trace: (KK) MogaController :: Inside NativeOnMotionEvent ....................

G4-JNI GetEnv version=0x00010002
android[2] trace: ....................(KK) MogaController :: Inside NativeOnMotionEvent

android[2] trace: (KK) MogaController :: Inside NativeOnMotionEvent ....................

G4-JNI GetEnv version=0x00010002
G4-JNI GetEnv version=0x00010002
G4-JNI GetEnv version=0x00010002
G4-JNI GetEnv version=0x00010002
G4-JNI GetEnv version=0x00010002
G4-JNI GetEnv version=0x00010002
G4-JNI GetEnv version=0x00010002
G4-JNI GetEnv version=0x00010002
G4-JNI GetEnv version=0x00010002
G4-JNI GetEnv version=0x00010002
G4-JNI GetEnv version=0x00010002
G4-JNI GetEnv version=0x00010002
G4-JNI GetEnv version=0x00010002
G4-JNI GetEnv version=0x00010002
android[2] trace: ....................(KK) MogaController :: Inside NativeOnMotionEvent

android[2] trace: (KK) MogaController :: Inside NativeOnMotionEvent ....................

G6-MOGA motion frame=17969 axes=0,0,0,0,0,0
G4-JNI GetEnv version=0x00010002
android[2] trace: ....................(KK) MogaController :: Inside NativeOnMotionEvent

android[2] trace: (KK) MogaController :: Inside NativeOnMotionEvent ....................

G4-JNI GetEnv version=0x00010002
G4-JNI GetEnv version=0x00010002
G4-JNI GetEnv version=0x00010002
android[2] trace: ....................(KK) MogaController :: Inside NativeOnMotionEvent

android[2] trace: (KK) MogaController :: Inside NativeOnMotionEvent ....................

G4-JNI GetEnv version=0x00010002
G4-JNI GetEnv version=0x00010002
G4-JNI GetEnv version=0x00010002
G4-JNI GetEnv version=0x00010002
G4-JNI GetEnv version=0x00010002
G4-JNI GetEnv version=0x00010002
G4-JNI GetEnv version=0x00010002
G4-JNI GetEnv version=0x00010002
G4-JNI GetEnv version=0x00010002
G4-JNI GetEnv version=0x00010002
android[6] Sound/SoundManager/error: FMOD result of SoundManager::createSound: An error occured that wasn't supposed to.  Contact support. 

android[5] Sound/SoundManager/warn: SoundManager::createSound - 'effects/collisions/scrape': failure.

G4-JNI GetEnv version=0x00010002
G4-JNI GetEnv version=0x00010002
G4-JNI GetEnv version=0x00010002
G4-JNI GetEnv version=0x00010002
G4-JNI GetEnv version=0x00010002
G4-JNI GetEnv version=0x00010002
G4-JNI GetEnv version=0x00010002
G4-JNI GetEnv version=0x00010002
G4-JNI GetEnv version=0x00010002
G4-JNI GetEnv version=0x00010002
G4-JNI GetEnv version=0x00010002
G4-JNI GetEnv version=0x00010002
G4-JNI GetEnv version=0x00010002
G4-JNI GetEnv version=0x00010002
G4-JNI GetEnv version=0x00010002
G4-JNI GetEnv version=0x00010002
G4-JNI GetEnv version=0x00010002
G7-LOOP PASS frames=18000 elapsed_ms=322020 fps=55.90
G7-LOOP PASS teardown=process-exit (guest destroy skipped)
G7 PROCESS EXIT PASS guest teardown deferred
exit_code=0
/opt/system/Tools/PortMaster/funcs.txt: line 136:  2570 Killed                  $ESUDO pkill -9 -f gptokeyb
/opt/system/Tools/PortMaster/funcs.txt: line 136:  2577 Killed                  $ESUDO pkill -9 -f gptokeyb2
