=== NFS Most Wanted R36S consolidated gameplay test ===
Thu Sep  4 09:21:24 PM IST 2025
Linux darkosre-r36 4.4.189 #62 SMP Sat Dec 13 08:49:45 CST 2025 aarch64 GNU/Linux
CFW_NAME=dArkOSRE
DEVICE_ARCH=aarch64
DEVICE_HAS_ARMHF=Y
mapper=/roms/ports/nfsmw-maptest/nfsmw_mapper: ELF 32-bit LSB pie executable, ARM, EABI5 version 1 (SYSV), dynamically linked, interpreter /lib/ld-linux-armhf.so.3, BuildID[sha1]=d4d8ba1554c6d4dde5d077b16904e1616912f80c, with debug_info, not stripped
GL: forcing the Mali blob from /usr/lib/arm-linux-gnueabihf/libmali-bifrost-g31-rxp0-gbm.so
=== G2 MAP REGRESSION ===
mapping[0]=/roms/ports/nfsmw-maptest/android-libs/libc++_shared.so
module=/roms/ports/nfsmw-maptest/android-libs/libc++_shared.so soname=libc++_shared.so mapped=581632 bytes bias=0xf6df6000
  needed=libc.so
  needed=libdl.so
  rel=3122 plt_rel=1087 relative_fastpath=1168
mapping[1]=/roms/ports/nfsmw-maptest/android-libs/libfmodex.so
module=/roms/ports/nfsmw-maptest/android-libs/libfmodex.so soname=libfmodex.so mapped=1097728 bytes bias=0xf6c1c000
  needed=libc.so
  needed=libstdc++.so
  needed=libm.so
  needed=libdl.so
  needed=liblog.so
  rel=1184 plt_rel=462 relative_fastpath=1178
mapping[2]=/roms/ports/nfsmw-maptest/android-libs/libfmodevent.so
module=/roms/ports/nfsmw-maptest/android-libs/libfmodevent.so soname=libfmodevent.so mapped=356352 bytes bias=0xf6d9f000
  needed=libc.so
  needed=libstdc++.so
  needed=libm.so
  needed=libdl.so
  needed=liblog.so
  needed=libfmodex.so
  rel=932 plt_rel=269 relative_fastpath=754
mapping[3]=/roms/ports/nfsmw-maptest/android-libs/libNimble.so
module=/roms/ports/nfsmw-maptest/android-libs/libNimble.so soname=libNimble.so mapped=20480 bytes bias=0xf7141000
  needed=libstdc++.so
  needed=libm.so
  needed=libdl.so
  needed=libc.so
  rel=8 plt_rel=30 relative_fastpath=3
mapping[4]=/roms/ports/nfsmw-maptest/android-libs/libapp.so
module=/roms/ports/nfsmw-maptest/android-libs/libapp.so soname=libapp.so mapped=11624448 bytes bias=0xf5633000
  needed=libc++_shared.so
  needed=libfmodex.so
  needed=libfmodevent.so
  needed=libGLESv2.so
  needed=libEGL.so
  needed=liblog.so
  needed=libjnigraphics.so
  needed=libNimble.so
  needed=libc.so
  needed=libm.so
  needed=libdl.so
  rel=48533 plt_rel=515 relative_fastpath=45699
G2 PASS: mapped 5 ARM32 modules without guest execution
=== G3 PROVIDER CENSUS (NO GUEST EXECUTION) ===
Target host libraries opened (8): libc.so.6 libm.so.6 libdl.so.2 libpthread.so.0 libEGL.so.1 libEGL.so libGLESv2.so.2 libGLESv2.so
Provider census: imports=982 guest=254 softfp=61 compat=195 host-candidate=471 unbridged=0 missing=1 weak=0
Unbridged Bionic/Android APIs (0 unique):
No target provider found (1 unique):
  __dso_handle
G3-CENSUS PASS: target provider data captured; full relocation remains gated on ABI bridges
=== G5/G6/G8 HOST PREFLIGHTS ===
G5-HOST GLES vendor=ARM renderer=Mali-G31 version=OpenGL ES 3.2 v1.r13p0-01rel0.8747d14aec16ec21ac2b2da252c4ec5f drawable=640x480
G5-HOST PASS SDL=KMSDRM GLES2 frames=3
G6-HOST PASS controller=GO-Super Gamepad joysticks=1
G8-HOST PASS driver=alsa format=44100Hz/2ch queued=4096 bytes
HOST-PREFLIGHT PASS graphics=1 controller=1 audio=1
=== G3 ARM REL RELOCATION PHASE A ===
G3-REL libc++_shared.so total=4209 relative=1168 abs32=1767 glob=187 jump=1087 unresolved=0 first=none
G3-REL libfmodex.so total=1646 relative=1178 abs32=4 glob=2 jump=462 unresolved=0 first=none
G3-REL libfmodevent.so total=1201 relative=754 abs32=178 glob=0 jump=269 unresolved=0 first=none
G3-REL libNimble.so total=38 relative=3 abs32=0 glob=5 jump=30 unresolved=0 first=none
G3-REL libapp.so total=49048 relative=45699 abs32=2799 glob=35 jump=515 unresolved=0 first=none
G3-REL providers guest=3043 softfp=59 host=454 alias=183 blocked=0 missing=0
G3 FULL RELOCATION PASS processed=56142 unresolved=0; host providers retained
=== G4 BIONIC SIGNAL/JUMP SELFTEST ===
G4-SIGNAL PASS: sigaction, sigprocmask and siglongjmp
=== G4 DEPENDENCY-ORDERED CONSTRUCTORS ===
G4-CTOR enter module=libc++_shared.so kind=DT_INIT_ARRAY index=0 address=0xf6e2d019
G4-CTOR leave module=libc++_shared.so kind=DT_INIT_ARRAY index=0
G4-CTOR enter module=libfmodex.so kind=DT_INIT_ARRAY index=0 address=0xf6c4390c
G4-CTOR leave module=libfmodex.so kind=DT_INIT_ARRAY index=0
G4-CTOR enter module=libfmodex.so kind=DT_INIT_ARRAY index=1 address=0xf6c44fec
G4-CTOR leave module=libfmodex.so kind=DT_INIT_ARRAY index=1
G4-CTOR enter module=libfmodex.so kind=DT_INIT_ARRAY index=2 address=0xf6c60e34
G4-CTOR leave module=libfmodex.so kind=DT_INIT_ARRAY index=2
G4-CTOR enter module=libfmodex.so kind=DT_INIT_ARRAY index=3 address=0xf6c64108
G4-CTOR leave module=libfmodex.so kind=DT_INIT_ARRAY index=3
G4-CTOR enter module=libfmodex.so kind=DT_INIT_ARRAY index=4 address=0xf6c65014
G4-CTOR leave module=libfmodex.so kind=DT_INIT_ARRAY index=4
G4-CTOR enter module=libfmodex.so kind=DT_INIT_ARRAY index=5 address=0xf6c665a4
G4-CTOR leave module=libfmodex.so kind=DT_INIT_ARRAY index=5
G4-CTOR enter module=libfmodex.so kind=DT_INIT_ARRAY index=6 address=0xf6c67078
G4-CTOR leave module=libfmodex.so kind=DT_INIT_ARRAY index=6
G4-CTOR enter module=libfmodex.so kind=DT_INIT_ARRAY index=7 address=0xf6c6b78c
G4-CTOR leave module=libfmodex.so kind=DT_INIT_ARRAY index=7
G4-CTOR enter module=libfmodex.so kind=DT_INIT_ARRAY index=8 address=0xf6c72cfc
G4-CTOR leave module=libfmodex.so kind=DT_INIT_ARRAY index=8
G4-CTOR enter module=libfmodex.so kind=DT_INIT_ARRAY index=9 address=0xf6c76a3c
G4-CTOR leave module=libfmodex.so kind=DT_INIT_ARRAY index=9
G4-CTOR enter module=libfmodex.so kind=DT_INIT_ARRAY index=10 address=0xf6c793d4
G4-CTOR leave module=libfmodex.so kind=DT_INIT_ARRAY index=10
G4-CTOR enter module=libfmodex.so kind=DT_INIT_ARRAY index=11 address=0xf6c82910
G4-CTOR leave module=libfmodex.so kind=DT_INIT_ARRAY index=11
G4-CTOR enter module=libfmodex.so kind=DT_INIT_ARRAY index=12 address=0xf6c835ac
G4-CTOR leave module=libfmodex.so kind=DT_INIT_ARRAY index=12
G4-CTOR enter module=libfmodex.so kind=DT_INIT_ARRAY index=13 address=0xf6c84cb8
G4-CTOR leave module=libfmodex.so kind=DT_INIT_ARRAY index=13
G4-CTOR enter module=libfmodex.so kind=DT_INIT_ARRAY index=14 address=0xf6c85514
G4-CTOR leave module=libfmodex.so kind=DT_INIT_ARRAY index=14
G4-CTOR enter module=libfmodex.so kind=DT_INIT_ARRAY index=15 address=0xf6c886d4
G4-CTOR leave module=libfmodex.so kind=DT_INIT_ARRAY index=15
G4-CTOR enter module=libfmodex.so kind=DT_INIT_ARRAY index=16 address=0xf6c89528
G4-CTOR leave module=libfmodex.so kind=DT_INIT_ARRAY index=16
G4-CTOR enter module=libfmodex.so kind=DT_INIT_ARRAY index=17 address=0xf6c898d8
G4-CTOR leave module=libfmodex.so kind=DT_INIT_ARRAY index=17
G4-CTOR enter module=libfmodex.so kind=DT_INIT_ARRAY index=18 address=0xf6c8c2bc
G4-CTOR leave module=libfmodex.so kind=DT_INIT_ARRAY index=18
G4-CTOR enter module=libfmodex.so kind=DT_INIT_ARRAY index=19 address=0xf6c8fe14
G4-CTOR leave module=libfmodex.so kind=DT_INIT_ARRAY index=19
G4-CTOR enter module=libfmodex.so kind=DT_INIT_ARRAY index=20 address=0xf6c90c5c
G4-CTOR leave module=libfmodex.so kind=DT_INIT_ARRAY index=20
G4-CTOR enter module=libfmodex.so kind=DT_INIT_ARRAY index=21 address=0xf6c91c24
G4-CTOR leave module=libfmodex.so kind=DT_INIT_ARRAY index=21
G4-CTOR enter module=libfmodex.so kind=DT_INIT_ARRAY index=22 address=0xf6c947d8
G4-CTOR leave module=libfmodex.so kind=DT_INIT_ARRAY index=22
G4-CTOR enter module=libfmodex.so kind=DT_INIT_ARRAY index=23 address=0xf6c95870
G4-CTOR leave module=libfmodex.so kind=DT_INIT_ARRAY index=23
G4-CTOR enter module=libfmodex.so kind=DT_INIT_ARRAY index=24 address=0xf6c96108
G4-CTOR leave module=libfmodex.so kind=DT_INIT_ARRAY index=24
G4-CTOR enter module=libfmodex.so kind=DT_INIT_ARRAY index=25 address=0xf6c986e8
G4-CTOR leave module=libfmodex.so kind=DT_INIT_ARRAY index=25
G4-CTOR enter module=libfmodex.so kind=DT_INIT_ARRAY index=26 address=0xf6c99bc0
G4-CTOR leave module=libfmodex.so kind=DT_INIT_ARRAY index=26
G4-CTOR enter module=libfmodex.so kind=DT_INIT_ARRAY index=27 address=0xf6c9a330
G4-CTOR leave module=libfmodex.so kind=DT_INIT_ARRAY index=27
G4-CTOR enter module=libfmodex.so kind=DT_INIT_ARRAY index=28 address=0xf6c9adb8
G4-CTOR leave module=libfmodex.so kind=DT_INIT_ARRAY index=28
G4-CTOR enter module=libfmodex.so kind=DT_INIT_ARRAY index=29 address=0xf6c9b8bc
G4-CTOR leave module=libfmodex.so kind=DT_INIT_ARRAY index=29
G4-CTOR enter module=libfmodex.so kind=DT_INIT_ARRAY index=30 address=0xf6c9d5ec
G4-CTOR leave module=libfmodex.so kind=DT_INIT_ARRAY index=30
G4-CTOR enter module=libfmodex.so kind=DT_INIT_ARRAY index=31 address=0xf6c9dff0
G4-CTOR leave module=libfmodex.so kind=DT_INIT_ARRAY index=31
G4-CTOR enter module=libfmodex.so kind=DT_INIT_ARRAY index=32 address=0xf6c9eeb4
G4-CTOR leave module=libfmodex.so kind=DT_INIT_ARRAY index=32
G4-CTOR enter module=libfmodex.so kind=DT_INIT_ARRAY index=33 address=0xf6c9f2bc
G4-CTOR leave module=libfmodex.so kind=DT_INIT_ARRAY index=33
G4-CTOR enter module=libfmodex.so kind=DT_INIT_ARRAY index=34 address=0xf6c9f830
G4-CTOR leave module=libfmodex.so kind=DT_INIT_ARRAY index=34
G4-CTOR enter module=libfmodex.so kind=DT_INIT_ARRAY index=35 address=0xf6ca2124
G4-CTOR leave module=libfmodex.so kind=DT_INIT_ARRAY index=35
G4-CTOR enter module=libfmodex.so kind=DT_INIT_ARRAY index=36 address=0xf6caacfc
G4-CTOR leave module=libfmodex.so kind=DT_INIT_ARRAY index=36
G4-CTOR enter module=libfmodex.so kind=DT_INIT_ARRAY index=37 address=0xf6cad288
G4-CTOR leave module=libfmodex.so kind=DT_INIT_ARRAY index=37
G4-CTOR enter module=libfmodex.so kind=DT_INIT_ARRAY index=38 address=0xf6cc1878
G4-CTOR leave module=libfmodex.so kind=DT_INIT_ARRAY index=38
G4-CTOR enter module=libfmodex.so kind=DT_INIT_ARRAY index=39 address=0xf6cc1c6c
G4-CTOR leave module=libfmodex.so kind=DT_INIT_ARRAY index=39
G4-CTOR enter module=libfmodex.so kind=DT_INIT_ARRAY index=40 address=0xf6cc307c
G4-CTOR leave module=libfmodex.so kind=DT_INIT_ARRAY index=40
G4-CTOR enter module=libfmodex.so kind=DT_INIT_ARRAY index=41 address=0xf6cc38f0
G4-CTOR leave module=libfmodex.so kind=DT_INIT_ARRAY index=41
G4-CTOR enter module=libfmodevent.so kind=DT_INIT_ARRAY index=0 address=0xf6dea740
G4-CTOR leave module=libfmodevent.so kind=DT_INIT_ARRAY index=0
G4-CTOR enter module=libapp.so kind=DT_INIT_ARRAY index=0 address=0xf56a7098
G4-CTOR leave module=libapp.so kind=DT_INIT_ARRAY index=0
G4-CTOR enter module=libapp.so kind=DT_INIT_ARRAY index=1 address=0xf56a6148
G4-CTOR leave module=libapp.so kind=DT_INIT_ARRAY index=1
G4-CTOR enter module=libapp.so kind=DT_INIT_ARRAY index=2 address=0xf569b44c
G4-CTOR leave module=libapp.so kind=DT_INIT_ARRAY index=2
G4-CTOR enter module=libapp.so kind=DT_INIT_ARRAY index=3 address=0xf569b508
G4-CTOR leave module=libapp.so kind=DT_INIT_ARRAY index=3
G4-CTOR enter module=libapp.so kind=DT_INIT_ARRAY index=4 address=0xf569b5f0
G4-CTOR leave module=libapp.so kind=DT_INIT_ARRAY index=4
G4-CTOR enter module=libapp.so kind=DT_INIT_ARRAY index=5 address=0xf569b6d8
G4-CTOR leave module=libapp.so kind=DT_INIT_ARRAY index=5
G4-CTOR enter module=libapp.so kind=DT_INIT_ARRAY index=6 address=0xf569b7c0
G4-CTOR leave module=libapp.so kind=DT_INIT_ARRAY index=6
G4-CTOR enter module=libapp.so kind=DT_INIT_ARRAY index=7 address=0xf569b8a8
G4-CTOR leave module=libapp.so kind=DT_INIT_ARRAY index=7
G4-CTOR enter module=libapp.so kind=DT_INIT_ARRAY index=8 address=0xf569b968
G4-CTOR leave module=libapp.so kind=DT_INIT_ARRAY index=8
G4-CTOR enter module=libapp.so kind=DT_INIT_ARRAY index=9 address=0xf569bac8
G4-CTOR leave module=libapp.so kind=DT_INIT_ARRAY index=9
G4-CTOR enter module=libapp.so kind=DT_INIT_ARRAY index=10 address=0xf569bb4c
G4-CTOR leave module=libapp.so kind=DT_INIT_ARRAY index=10
G4-CTOR enter module=libapp.so kind=DT_INIT_ARRAY index=11 address=0xf569bbe0
G4-CTOR leave module=libapp.so kind=DT_INIT_ARRAY index=11
G4-CTOR enter module=libapp.so kind=DT_INIT_ARRAY index=12 address=0xf569bbfc
G4-CTOR leave module=libapp.so kind=DT_INIT_ARRAY index=12
G4-CTOR enter module=libapp.so kind=DT_INIT_ARRAY index=13 address=0xf569bcf0
G4-CTOR leave module=libapp.so kind=DT_INIT_ARRAY index=13
G4-CTOR enter module=libapp.so kind=DT_INIT_ARRAY index=14 address=0xf569bd7c
G4-CTOR leave module=libapp.so kind=DT_INIT_ARRAY index=14
G4-CTOR enter module=libapp.so kind=DT_INIT_ARRAY index=15 address=0xf569be18
G4-CTOR leave module=libapp.so kind=DT_INIT_ARRAY index=15
G4-CTOR enter module=libapp.so kind=DT_INIT_ARRAY index=16 address=0xf569bf00
G4-CTOR leave module=libapp.so kind=DT_INIT_ARRAY index=16
G4-CTOR enter module=libapp.so kind=DT_INIT_ARRAY index=17 address=0xf569bf38
G4-CTOR leave module=libapp.so kind=DT_INIT_ARRAY index=17
G4-CTOR enter module=libapp.so kind=DT_INIT_ARRAY index=18 address=0xf569c020
G4-CTOR leave module=libapp.so kind=DT_INIT_ARRAY index=18
G4-CTOR enter module=libapp.so kind=DT_INIT_ARRAY index=19 address=0xf569c114
G4-CTOR leave module=libapp.so kind=DT_INIT_ARRAY index=19
G4-CTOR enter module=libapp.so kind=DT_INIT_ARRAY index=20 address=0xf569c4c8
G4-CTOR leave module=libapp.so kind=DT_INIT_ARRAY index=20
G4-CTOR enter module=libapp.so kind=DT_INIT_ARRAY index=21 address=0xf569c5c4
G4-CTOR leave module=libapp.so kind=DT_INIT_ARRAY index=21
G4-CTOR enter module=libapp.so kind=DT_INIT_ARRAY index=22 address=0xf569c5fc
G4-CTOR leave module=libapp.so kind=DT_INIT_ARRAY index=22
G4-CTOR enter module=libapp.so kind=DT_INIT_ARRAY index=23 address=0xf569c7ac
G4-CTOR leave module=libapp.so kind=DT_INIT_ARRAY index=23
G4-CTOR enter module=libapp.so kind=DT_INIT_ARRAY index=24 address=0xf569c828
G4-CTOR leave module=libapp.so kind=DT_INIT_ARRAY index=24
G4-CTOR enter module=libapp.so kind=DT_INIT_ARRAY index=25 address=0xf569c88c
G4-CTOR leave module=libapp.so kind=DT_INIT_ARRAY index=25
G4-CTOR enter module=libapp.so kind=DT_INIT_ARRAY index=26 address=0xf569c8a8
G4-CTOR leave module=libapp.so kind=DT_INIT_ARRAY index=26
G4-CTOR enter module=libapp.so kind=DT_INIT_ARRAY index=27 address=0xf569c9a8
G4-CTOR leave module=libapp.so kind=DT_INIT_ARRAY index=27
G4-CTOR enter module=libapp.so kind=DT_INIT_ARRAY index=28 address=0xf569c9c4
G4-CTOR leave module=libapp.so kind=DT_INIT_ARRAY index=28
G4-CTOR enter module=libapp.so kind=DT_INIT_ARRAY index=29 address=0xf569ca94
G4-CTOR leave module=libapp.so kind=DT_INIT_ARRAY index=29
G4-CTOR enter module=libapp.so kind=DT_INIT_ARRAY index=30 address=0xf569cab0
G4-CTOR leave module=libapp.so kind=DT_INIT_ARRAY index=30
G4-CTOR enter module=libapp.so kind=DT_INIT_ARRAY index=31 address=0xf569cacc
G4-CTOR leave module=libapp.so kind=DT_INIT_ARRAY index=31
G4-CTOR enter module=libapp.so kind=DT_INIT_ARRAY index=32 address=0xf569cb2c
G4-CTOR leave module=libapp.so kind=DT_INIT_ARRAY index=32
G4-CTOR enter module=libapp.so kind=DT_INIT_ARRAY index=33 address=0xf569cc78
G4-CTOR leave module=libapp.so kind=DT_INIT_ARRAY index=33
G4-CTOR enter module=libapp.so kind=DT_INIT_ARRAY index=34 address=0xf569cedc
G4-CTOR leave module=libapp.so kind=DT_INIT_ARRAY index=34
G4-CTOR enter module=libapp.so kind=DT_INIT_ARRAY index=35 address=0xf569d140
G4-CTOR leave module=libapp.so kind=DT_INIT_ARRAY index=35
G4-CTOR enter module=libapp.so kind=DT_INIT_ARRAY index=36 address=0xf569d3a4
G4-CTOR leave module=libapp.so kind=DT_INIT_ARRAY index=36
G4-CTOR enter module=libapp.so kind=DT_INIT_ARRAY index=37 address=0xf569d658
G4-CTOR leave module=libapp.so kind=DT_INIT_ARRAY index=37
G4-CTOR enter module=libapp.so kind=DT_INIT_ARRAY index=38 address=0xf569dbbc
G4-CTOR leave module=libapp.so kind=DT_INIT_ARRAY index=38
G4-CTOR enter module=libapp.so kind=DT_INIT_ARRAY index=39 address=0xf569dc48
G4-CTOR leave module=libapp.so kind=DT_INIT_ARRAY index=39
G4-CTOR enter module=libapp.so kind=DT_INIT_ARRAY index=40 address=0xf569dc78
G4-CTOR leave module=libapp.so kind=DT_INIT_ARRAY index=40
G4-CTOR enter module=libapp.so kind=DT_INIT_ARRAY index=41 address=0xf569dcdc
G4-CTOR leave module=libapp.so kind=DT_INIT_ARRAY index=41
G4-CTOR enter module=libapp.so kind=DT_INIT_ARRAY index=42 address=0xf569dd68
G4-CTOR leave module=libapp.so kind=DT_INIT_ARRAY index=42
G4-CTOR enter module=libapp.so kind=DT_INIT_ARRAY index=43 address=0xf569dd84
G4-CTOR leave module=libapp.so kind=DT_INIT_ARRAY index=43
G4-CTOR enter module=libapp.so kind=DT_INIT_ARRAY index=44 address=0xf569de10
G4-CTOR leave module=libapp.so kind=DT_INIT_ARRAY index=44
G4-CTOR enter module=libapp.so kind=DT_INIT_ARRAY index=45 address=0xf569de48
G4-CTOR leave module=libapp.so kind=DT_INIT_ARRAY index=45
G4-CTOR enter module=libapp.so kind=DT_INIT_ARRAY index=46 address=0xf569ded4
G4-CTOR leave module=libapp.so kind=DT_INIT_ARRAY index=46
G4-CTOR enter module=libapp.so kind=DT_INIT_ARRAY index=47 address=0xf569df60
G4-CTOR leave module=libapp.so kind=DT_INIT_ARRAY index=47
G4-CTOR enter module=libapp.so kind=DT_INIT_ARRAY index=48 address=0xf569e048
G4-CTOR leave module=libapp.so kind=DT_INIT_ARRAY index=48
G4-CTOR enter module=libapp.so kind=DT_INIT_ARRAY index=49 address=0xf569e0b8
G4-CTOR leave module=libapp.so kind=DT_INIT_ARRAY index=49
G4-CTOR enter module=libapp.so kind=DT_INIT_ARRAY index=50 address=0xf569e134
G4-CTOR leave module=libapp.so kind=DT_INIT_ARRAY index=50
G4-CTOR enter module=libapp.so kind=DT_INIT_ARRAY index=51 address=0xf569e450
G4-CTOR leave module=libapp.so kind=DT_INIT_ARRAY index=51
G4-CTOR enter module=libapp.so kind=DT_INIT_ARRAY index=52 address=0xf569e91c
G4-CTOR leave module=libapp.so kind=DT_INIT_ARRAY index=52
G4-CTOR enter module=libapp.so kind=DT_INIT_ARRAY index=53 address=0xf569ea1c
G4-CTOR leave module=libapp.so kind=DT_INIT_ARRAY index=53
G4-CTOR enter module=libapp.so kind=DT_INIT_ARRAY index=54 address=0xf569ec18
G4-CTOR leave module=libapp.so kind=DT_INIT_ARRAY index=54
G4-CTOR enter module=libapp.so kind=DT_INIT_ARRAY index=55 address=0xf569ee34
G4-CTOR leave module=libapp.so kind=DT_INIT_ARRAY index=55
G4-CTOR enter module=libapp.so kind=DT_INIT_ARRAY index=56 address=0xf569efe4
G4-CTOR leave module=libapp.so kind=DT_INIT_ARRAY index=56
G4-CTOR enter module=libapp.so kind=DT_INIT_ARRAY index=57 address=0xf569f148
G4-CTOR leave module=libapp.so kind=DT_INIT_ARRAY index=57
G4-CTOR enter module=libapp.so kind=DT_INIT_ARRAY index=58 address=0xf569f2e8
G4-CTOR leave module=libapp.so kind=DT_INIT_ARRAY index=58
G4-CTOR enter module=libapp.so kind=DT_INIT_ARRAY index=59 address=0xf569f488
G4-CTOR leave module=libapp.so kind=DT_INIT_ARRAY index=59
G4-CTOR enter module=libapp.so kind=DT_INIT_ARRAY index=60 address=0xf569f620
G4-CTOR leave module=libapp.so kind=DT_INIT_ARRAY index=60
G4-CTOR enter module=libapp.so kind=DT_INIT_ARRAY index=61 address=0xf569f7cc
G4-CTOR leave module=libapp.so kind=DT_INIT_ARRAY index=61
G4-CTOR enter module=libapp.so kind=DT_INIT_ARRAY index=62 address=0xf569f91c
G4-CTOR leave module=libapp.so kind=DT_INIT_ARRAY index=62
G4-CTOR enter module=libapp.so kind=DT_INIT_ARRAY index=63 address=0xf569fa00
G4-CTOR leave module=libapp.so kind=DT_INIT_ARRAY index=63
G4-CTOR enter module=libapp.so kind=DT_INIT_ARRAY index=64 address=0xf569fb00
G4-CTOR leave module=libapp.so kind=DT_INIT_ARRAY index=64
G4-CTOR enter module=libapp.so kind=DT_INIT_ARRAY index=65 address=0xf56a0000
G4-CTOR leave module=libapp.so kind=DT_INIT_ARRAY index=65
G4-CTOR enter module=libapp.so kind=DT_INIT_ARRAY index=66 address=0xf56a0028
G4-CTOR leave module=libapp.so kind=DT_INIT_ARRAY index=66
G4-CTOR enter module=libapp.so kind=DT_INIT_ARRAY index=67 address=0xf56a006c
G4-CTOR leave module=libapp.so kind=DT_INIT_ARRAY index=67
G4-CTOR enter module=libapp.so kind=DT_INIT_ARRAY index=68 address=0xf56a0180
G4-CTOR leave module=libapp.so kind=DT_INIT_ARRAY index=68
G4-CTOR enter module=libapp.so kind=DT_INIT_ARRAY index=69 address=0xf56a0264
G4-CTOR leave module=libapp.so kind=DT_INIT_ARRAY index=69
G4-CTOR enter module=libapp.so kind=DT_INIT_ARRAY index=70 address=0xf56a02f4
G4-CTOR leave module=libapp.so kind=DT_INIT_ARRAY index=70
G4-CTOR enter module=libapp.so kind=DT_INIT_ARRAY index=71 address=0xf56a03ec
G4-CTOR leave module=libapp.so kind=DT_INIT_ARRAY index=71
G4-CTOR enter module=libapp.so kind=DT_INIT_ARRAY index=72 address=0xf56a059c
G4-CTOR leave module=libapp.so kind=DT_INIT_ARRAY index=72
G4-CTOR enter module=libapp.so kind=DT_INIT_ARRAY index=73 address=0xf56a0684
G4-CTOR leave module=libapp.so kind=DT_INIT_ARRAY index=73
G4-CTOR enter module=libapp.so kind=DT_INIT_ARRAY index=74 address=0xf56a072c
G4-CTOR leave module=libapp.so kind=DT_INIT_ARRAY index=74
G4-CTOR enter module=libapp.so kind=DT_INIT_ARRAY index=75 address=0xf56a0764
G4-CTOR leave module=libapp.so kind=DT_INIT_ARRAY index=75
G4-CTOR enter module=libapp.so kind=DT_INIT_ARRAY index=76 address=0xf56a084c
G4-CTOR leave module=libapp.so kind=DT_INIT_ARRAY index=76
G4-CTOR enter module=libapp.so kind=DT_INIT_ARRAY index=77 address=0xf56a0944
G4-CTOR leave module=libapp.so kind=DT_INIT_ARRAY index=77
G4-CTOR enter module=libapp.so kind=DT_INIT_ARRAY index=78 address=0xf56a0bb4
G4-CTOR leave module=libapp.so kind=DT_INIT_ARRAY index=78
G4-CTOR enter module=libapp.so kind=DT_INIT_ARRAY index=79 address=0xf56a0c14
G4-CTOR leave module=libapp.so kind=DT_INIT_ARRAY index=79
G4-CTOR enter module=libapp.so kind=DT_INIT_ARRAY index=80 address=0xf56a0cfc
G4-CTOR leave module=libapp.so kind=DT_INIT_ARRAY index=80
G4-CTOR enter module=libapp.so kind=DT_INIT_ARRAY index=81 address=0xf56a0e7c
G4-CTOR leave module=libapp.so kind=DT_INIT_ARRAY index=81
G4-CTOR enter module=libapp.so kind=DT_INIT_ARRAY index=82 address=0xf56a0f78
G4-CTOR leave module=libapp.so kind=DT_INIT_ARRAY index=82
G4-CTOR enter module=libapp.so kind=DT_INIT_ARRAY index=83 address=0xf56a0fb8
G4-CTOR leave module=libapp.so kind=DT_INIT_ARRAY index=83
G4-CTOR enter module=libapp.so kind=DT_INIT_ARRAY index=84 address=0xf56a111c
G4-CTOR leave module=libapp.so kind=DT_INIT_ARRAY index=84
G4-CTOR enter module=libapp.so kind=DT_INIT_ARRAY index=85 address=0xf56a1154
G4-CTOR leave module=libapp.so kind=DT_INIT_ARRAY index=85
G4-CTOR enter module=libapp.so kind=DT_INIT_ARRAY index=86 address=0xf56a124c
G4-CTOR leave module=libapp.so kind=DT_INIT_ARRAY index=86
G4-CTOR enter module=libapp.so kind=DT_INIT_ARRAY index=87 address=0xf56a12f0
G4-CTOR leave module=libapp.so kind=DT_INIT_ARRAY index=87
G4-CTOR enter module=libapp.so kind=DT_INIT_ARRAY index=88 address=0xf56a1320
G4-CTOR leave module=libapp.so kind=DT_INIT_ARRAY index=88
G4-CTOR enter module=libapp.so kind=DT_INIT_ARRAY index=89 address=0xf56a13f0
G4-CTOR leave module=libapp.so kind=DT_INIT_ARRAY index=89
G4-CTOR enter module=libapp.so kind=DT_INIT_ARRAY index=90 address=0xf56a14c0
G4-CTOR leave module=libapp.so kind=DT_INIT_ARRAY index=90
G4-CTOR enter module=libapp.so kind=DT_INIT_ARRAY index=91 address=0xf56a15f8
G4-CTOR leave module=libapp.so kind=DT_INIT_ARRAY index=91
G4-CTOR enter module=libapp.so kind=DT_INIT_ARRAY index=92 address=0xf56a1664
G4-CTOR leave module=libapp.so kind=DT_INIT_ARRAY index=92
G4-CTOR enter module=libapp.so kind=DT_INIT_ARRAY index=93 address=0xf56a1764
G4-CTOR leave module=libapp.so kind=DT_INIT_ARRAY index=93
G4-CTOR enter module=libapp.so kind=DT_INIT_ARRAY index=94 address=0xf56a17b0
G4-CTOR leave module=libapp.so kind=DT_INIT_ARRAY index=94
G4-CTOR enter module=libapp.so kind=DT_INIT_ARRAY index=95 address=0xf56a17e8
G4-CTOR leave module=libapp.so kind=DT_INIT_ARRAY index=95
G4-CTOR enter module=libapp.so kind=DT_INIT_ARRAY index=96 address=0xf56a1858
G4-CTOR leave module=libapp.so kind=DT_INIT_ARRAY index=96
G4-CTOR enter module=libapp.so kind=DT_INIT_ARRAY index=97 address=0xf56a19a4
G4-CTOR leave module=libapp.so kind=DT_INIT_ARRAY index=97
G4-CTOR enter module=libapp.so kind=DT_INIT_ARRAY index=98 address=0xf56a19ec
G4-CTOR leave module=libapp.so kind=DT_INIT_ARRAY index=98
G4-CTOR enter module=libapp.so kind=DT_INIT_ARRAY index=99 address=0xf56a1a14
G4-CTOR leave module=libapp.so kind=DT_INIT_ARRAY index=99
G4-CTOR enter module=libapp.so kind=DT_INIT_ARRAY index=100 address=0xf56a1a3c
G4-CTOR leave module=libapp.so kind=DT_INIT_ARRAY index=100
G4-CTOR enter module=libapp.so kind=DT_INIT_ARRAY index=101 address=0xf56a1a64
G4-CTOR leave module=libapp.so kind=DT_INIT_ARRAY index=101
G4-CTOR enter module=libapp.so kind=DT_INIT_ARRAY index=102 address=0xf56a1ad4
G4-CTOR leave module=libapp.so kind=DT_INIT_ARRAY index=102
G4-CTOR enter module=libapp.so kind=DT_INIT_ARRAY index=103 address=0xf56a1afc
G4-CTOR leave module=libapp.so kind=DT_INIT_ARRAY index=103
G4-CTOR enter module=libapp.so kind=DT_INIT_ARRAY index=104 address=0xf56a1f0c
G4-CTOR leave module=libapp.so kind=DT_INIT_ARRAY index=104
G4-CTOR enter module=libapp.so kind=DT_INIT_ARRAY index=105 address=0xf56a1fc0
G4-CTOR leave module=libapp.so kind=DT_INIT_ARRAY index=105
G4-CTOR enter module=libapp.so kind=DT_INIT_ARRAY index=106 address=0xf56a1fe8
G4-CTOR leave module=libapp.so kind=DT_INIT_ARRAY index=106
G4-CTOR enter module=libapp.so kind=DT_INIT_ARRAY index=107 address=0xf56a2010
G4-CTOR leave module=libapp.so kind=DT_INIT_ARRAY index=107
G4-CTOR enter module=libapp.so kind=DT_INIT_ARRAY index=108 address=0xf56a206c
G4-CTOR leave module=libapp.so kind=DT_INIT_ARRAY index=108
G4-CTOR enter module=libapp.so kind=DT_INIT_ARRAY index=109 address=0xf56a20fc
G4-CTOR leave module=libapp.so kind=DT_INIT_ARRAY index=109
G4-CTOR enter module=libapp.so kind=DT_INIT_ARRAY index=110 address=0xf56a21e4
G4-CTOR leave module=libapp.so kind=DT_INIT_ARRAY index=110
G4-CTOR enter module=libapp.so kind=DT_INIT_ARRAY index=111 address=0xf56a2270
G4-CTOR leave module=libapp.so kind=DT_INIT_ARRAY index=111
G4-CTOR enter module=libapp.so kind=DT_INIT_ARRAY index=112 address=0xf56a2298
G4-CTOR leave module=libapp.so kind=DT_INIT_ARRAY index=112
G4-CTOR enter module=libapp.so kind=DT_INIT_ARRAY index=113 address=0xf56a22f4
G4-CTOR leave module=libapp.so kind=DT_INIT_ARRAY index=113
G4-CTOR enter module=libapp.so kind=DT_INIT_ARRAY index=114 address=0xf56a2364
G4-CTOR leave module=libapp.so kind=DT_INIT_ARRAY index=114
G4-CTOR enter module=libapp.so kind=DT_INIT_ARRAY index=115 address=0xf56a238c
G4-CTOR leave module=libapp.so kind=DT_INIT_ARRAY index=115
G4-CTOR enter module=libapp.so kind=DT_INIT_ARRAY index=116 address=0xf56a23b4
G4-CTOR leave module=libapp.so kind=DT_INIT_ARRAY index=116
G4-CTOR enter module=libapp.so kind=DT_INIT_ARRAY index=117 address=0xf56a23dc
G4-CTOR leave module=libapp.so kind=DT_INIT_ARRAY index=117
G4-CTOR enter module=libapp.so kind=DT_INIT_ARRAY index=118 address=0xf56a2404
G4-CTOR leave module=libapp.so kind=DT_INIT_ARRAY index=118
G4-CTOR enter module=libapp.so kind=DT_INIT_ARRAY index=119 address=0xf56a24b0
G4-CTOR leave module=libapp.so kind=DT_INIT_ARRAY index=119
G4-CTOR enter module=libapp.so kind=DT_INIT_ARRAY index=120 address=0xf56a27dc
G4-CTOR leave module=libapp.so kind=DT_INIT_ARRAY index=120
G4-CTOR enter module=libapp.so kind=DT_INIT_ARRAY index=121 address=0xf56a2900
G4-CTOR leave module=libapp.so kind=DT_INIT_ARRAY index=121
G4-CTOR enter module=libapp.so kind=DT_INIT_ARRAY index=122 address=0xf56a2928
G4-CTOR leave module=libapp.so kind=DT_INIT_ARRAY index=122
G4-CTOR enter module=libapp.so kind=DT_INIT_ARRAY index=123 address=0xf56a2950
G4-CTOR leave module=libapp.so kind=DT_INIT_ARRAY index=123
G4-CTOR enter module=libapp.so kind=DT_INIT_ARRAY index=124 address=0xf56a2978
G4-CTOR leave module=libapp.so kind=DT_INIT_ARRAY index=124
G4-CTOR enter module=libapp.so kind=DT_INIT_ARRAY index=125 address=0xf56a29d4
G4-CTOR leave module=libapp.so kind=DT_INIT_ARRAY index=125
G4-CTOR enter module=libapp.so kind=DT_INIT_ARRAY index=126 address=0xf56a29fc
G4-CTOR leave module=libapp.so kind=DT_INIT_ARRAY index=126
G4-CTOR enter module=libapp.so kind=DT_INIT_ARRAY index=127 address=0xf56a2a24
G4-CTOR leave module=libapp.so kind=DT_INIT_ARRAY index=127
G4-CTOR enter module=libapp.so kind=DT_INIT_ARRAY index=128 address=0xf56a2dd0
G4-CTOR leave module=libapp.so kind=DT_INIT_ARRAY index=128
G4-CTOR enter module=libapp.so kind=DT_INIT_ARRAY index=129 address=0xf56a3054
G4-CTOR leave module=libapp.so kind=DT_INIT_ARRAY index=129
G4-CTOR enter module=libapp.so kind=DT_INIT_ARRAY index=130 address=0xf56a3154
G4-CTOR leave module=libapp.so kind=DT_INIT_ARRAY index=130
G4-CTOR enter module=libapp.so kind=DT_INIT_ARRAY index=131 address=0xf56a31e8
G4-CTOR leave module=libapp.so kind=DT_INIT_ARRAY index=131
G4-CTOR enter module=libapp.so kind=DT_INIT_ARRAY index=132 address=0xf56a33a8
G4-CTOR leave module=libapp.so kind=DT_INIT_ARRAY index=132
G4-CTOR enter module=libapp.so kind=DT_INIT_ARRAY index=133 address=0xf56a3550
G4-CTOR leave module=libapp.so kind=DT_INIT_ARRAY index=133
G4-CTOR enter module=libapp.so kind=DT_INIT_ARRAY index=134 address=0xf56a3578
G4-CTOR leave module=libapp.so kind=DT_INIT_ARRAY index=134
G4-CTOR enter module=libapp.so kind=DT_INIT_ARRAY index=135 address=0xf56a35d4
G4-CTOR leave module=libapp.so kind=DT_INIT_ARRAY index=135
G4-CTOR enter module=libapp.so kind=DT_INIT_ARRAY index=136 address=0xf56a35fc
G4-CTOR leave module=libapp.so kind=DT_INIT_ARRAY index=136
G4-CTOR enter module=libapp.so kind=DT_INIT_ARRAY index=137 address=0xf56a3890
G4-CTOR leave module=libapp.so kind=DT_INIT_ARRAY index=137
G4-CTOR enter module=libapp.so kind=DT_INIT_ARRAY index=138 address=0xf56a39cc
G4-CTOR leave module=libapp.so kind=DT_INIT_ARRAY index=138
G4-CTOR enter module=libapp.so kind=DT_INIT_ARRAY index=139 address=0xf56a3c48
G4-CTOR leave module=libapp.so kind=DT_INIT_ARRAY index=139
G4-CTOR enter module=libapp.so kind=DT_INIT_ARRAY index=140 address=0xf56a3ec4
G4-CTOR leave module=libapp.so kind=DT_INIT_ARRAY index=140
G4-CTOR enter module=libapp.so kind=DT_INIT_ARRAY index=141 address=0xf56a42e4
G4-CTOR leave module=libapp.so kind=DT_INIT_ARRAY index=141
G4-CTOR enter module=libapp.so kind=DT_INIT_ARRAY index=142 address=0xf56a46ec
G4-CTOR leave module=libapp.so kind=DT_INIT_ARRAY index=142
G4-CTOR enter module=libapp.so kind=DT_INIT_ARRAY index=143 address=0xf56a4758
G4-CTOR leave module=libapp.so kind=DT_INIT_ARRAY index=143
G4-CTOR enter module=libapp.so kind=DT_INIT_ARRAY index=144 address=0xf56a47cc
G4-CTOR leave module=libapp.so kind=DT_INIT_ARRAY index=144
G4-CTOR enter module=libapp.so kind=DT_INIT_ARRAY index=145 address=0xf56a48c4
G4-CTOR leave module=libapp.so kind=DT_INIT_ARRAY index=145
G4-CTOR enter module=libapp.so kind=DT_INIT_ARRAY index=146 address=0xf56a49ac
G4-CTOR leave module=libapp.so kind=DT_INIT_ARRAY index=146
G4-CTOR enter module=libapp.so kind=DT_INIT_ARRAY index=147 address=0xf56a4aa4
G4-CTOR leave module=libapp.so kind=DT_INIT_ARRAY index=147
G4-CTOR enter module=libapp.so kind=DT_INIT_ARRAY index=148 address=0xf56a4b8c
G4-CTOR leave module=libapp.so kind=DT_INIT_ARRAY index=148
G4-CTOR enter module=libapp.so kind=DT_INIT_ARRAY index=149 address=0xf56a4ce0
G4-CTOR leave module=libapp.so kind=DT_INIT_ARRAY index=149
G4-CTOR enter module=libapp.so kind=DT_INIT_ARRAY index=150 address=0xf56a4d14
G4-CTOR leave module=libapp.so kind=DT_INIT_ARRAY index=150
G4-CTOR enter module=libapp.so kind=DT_INIT_ARRAY index=151 address=0xf56a4d44
G4-CTOR leave module=libapp.so kind=DT_INIT_ARRAY index=151
G4-CTOR enter module=libapp.so kind=DT_INIT_ARRAY index=152 address=0xf56a4d84
G4-CTOR leave module=libapp.so kind=DT_INIT_ARRAY index=152
G4-CTOR enter module=libapp.so kind=DT_INIT_ARRAY index=153 address=0xf56a4e78
G4-CTOR leave module=libapp.so kind=DT_INIT_ARRAY index=153
G4-CTOR enter module=libapp.so kind=DT_INIT_ARRAY index=154 address=0xf56a4f5c
G4-CTOR leave module=libapp.so kind=DT_INIT_ARRAY index=154
G4-CTOR enter module=libapp.so kind=DT_INIT_ARRAY index=155 address=0xf56a5044
G4-CTOR leave module=libapp.so kind=DT_INIT_ARRAY index=155
G4-CTOR enter module=libapp.so kind=DT_INIT_ARRAY index=156 address=0xf56a508c
G4-CTOR leave module=libapp.so kind=DT_INIT_ARRAY index=156
G4-CTOR enter module=libapp.so kind=DT_INIT_ARRAY index=157 address=0xf56a5134
G4-CTOR leave module=libapp.so kind=DT_INIT_ARRAY index=157
G4-CTOR enter module=libapp.so kind=DT_INIT_ARRAY index=158 address=0xf56a517c
G4-CTOR leave module=libapp.so kind=DT_INIT_ARRAY index=158
G4-CTOR enter module=libapp.so kind=DT_INIT_ARRAY index=159 address=0xf56a51c4
G4-CTOR leave module=libapp.so kind=DT_INIT_ARRAY index=159
G4-CTOR enter module=libapp.so kind=DT_INIT_ARRAY index=160 address=0xf56a53a4
G4-CTOR leave module=libapp.so kind=DT_INIT_ARRAY index=160
G4-CTOR enter module=libapp.so kind=DT_INIT_ARRAY index=161 address=0xf56a54dc
G4-CTOR leave module=libapp.so kind=DT_INIT_ARRAY index=161
G4-CTOR enter module=libapp.so kind=DT_INIT_ARRAY index=162 address=0xf56a5540
G4-CTOR leave module=libapp.so kind=DT_INIT_ARRAY index=162
G4-CTOR enter module=libapp.so kind=DT_INIT_ARRAY index=163 address=0xf56a59b4
G4-CTOR leave module=libapp.so kind=DT_INIT_ARRAY index=163
G4-CTOR enter module=libapp.so kind=DT_INIT_ARRAY index=164 address=0xf56a5a10
G4-CTOR leave module=libapp.so kind=DT_INIT_ARRAY index=164
G4-CTOR enter module=libapp.so kind=DT_INIT_ARRAY index=165 address=0xf56a5e84
G4-CTOR leave module=libapp.so kind=DT_INIT_ARRAY index=165
G4-CTOR enter module=libapp.so kind=DT_INIT_ARRAY index=166 address=0xf56a5ef8
G4-CTOR leave module=libapp.so kind=DT_INIT_ARRAY index=166
G4-CTOR enter module=libapp.so kind=DT_INIT_ARRAY index=167 address=0xf56a5f6c
G4-CTOR leave module=libapp.so kind=DT_INIT_ARRAY index=167
G4-CTOR enter module=libapp.so kind=DT_INIT_ARRAY index=168 address=0xf56a5fe0
G4-CTOR leave module=libapp.so kind=DT_INIT_ARRAY index=168
G4-CTOR enter module=libapp.so kind=DT_INIT_ARRAY index=169 address=0xf56a6060
G4-CTOR leave module=libapp.so kind=DT_INIT_ARRAY index=169
G4-CTOR enter module=libapp.so kind=DT_INIT_ARRAY index=170 address=0xf5c60a70
G4-CTOR leave module=libapp.so kind=DT_INIT_ARRAY index=170
G4-CTOR enter module=libapp.so kind=DT_INIT_ARRAY index=171 address=0xf56a6264
G4-CTOR leave module=libapp.so kind=DT_INIT_ARRAY index=171
G4-CTOR enter module=libapp.so kind=DT_INIT_ARRAY index=172 address=0xf56a6268
G4-CTOR leave module=libapp.so kind=DT_INIT_ARRAY index=172
G4-CTOR enter module=libapp.so kind=DT_INIT_ARRAY index=173 address=0xf56a62ec
G4-CTOR leave module=libapp.so kind=DT_INIT_ARRAY index=173
G4-CTOR enter module=libapp.so kind=DT_INIT_ARRAY index=174 address=0xf56a63bc
G4-CTOR leave module=libapp.so kind=DT_INIT_ARRAY index=174
G4-CTOR enter module=libapp.so kind=DT_INIT_ARRAY index=175 address=0xf56a67d4
G4-CTOR leave module=libapp.so kind=DT_INIT_ARRAY index=175
G4-CTOR enter module=libapp.so kind=DT_INIT_ARRAY index=176 address=0xf56a680c
G4-CTOR leave module=libapp.so kind=DT_INIT_ARRAY index=176
G4-CTOR enter module=libapp.so kind=DT_INIT_ARRAY index=177 address=0xf56a6a8c
G4-CTOR leave module=libapp.so kind=DT_INIT_ARRAY index=177
G4-CTOR enter module=libapp.so kind=DT_INIT_ARRAY index=178 address=0xf56a6d0c
G4-CTOR leave module=libapp.so kind=DT_INIT_ARRAY index=178
G4-CTOR enter module=libapp.so kind=DT_INIT_ARRAY index=179 address=0xf56a6dec
G4-CTOR leave module=libapp.so kind=DT_INIT_ARRAY index=179
G4-CTOR enter module=libapp.so kind=DT_INIT_ARRAY index=180 address=0xf56a6e94
G4-CTOR leave module=libapp.so kind=DT_INIT_ARRAY index=180
G4-CTOR enter module=libapp.so kind=DT_INIT_ARRAY index=181 address=0xf56a6ed4
G4-CTOR leave module=libapp.so kind=DT_INIT_ARRAY index=181
G4-CTOR enter module=libapp.so kind=DT_INIT_ARRAY index=182 address=0xf56a70fc
G4-CTOR leave module=libapp.so kind=DT_INIT_ARRAY index=182
G4-CTOR enter module=libapp.so kind=DT_INIT_ARRAY index=183 address=0xf56a7100
G4-CTOR leave module=libapp.so kind=DT_INIT_ARRAY index=183
G4-CTOR enter module=libapp.so kind=DT_INIT_ARRAY index=184 address=0xf56a7220
G4-CTOR leave module=libapp.so kind=DT_INIT_ARRAY index=184
G4-CTOR enter module=libapp.so kind=DT_INIT_ARRAY index=185 address=0xf56a729c
G4-CTOR leave module=libapp.so kind=DT_INIT_ARRAY index=185
G4-CTOR enter module=libapp.so kind=DT_INIT_ARRAY index=186 address=0xf56a733c
G4-CTOR leave module=libapp.so kind=DT_INIT_ARRAY index=186
G4-CTOR enter module=libapp.so kind=DT_INIT_ARRAY index=187 address=0xf56a7631
G4-CTOR leave module=libapp.so kind=DT_INIT_ARRAY index=187
G4-CTOR enter module=libapp.so kind=DT_INIT_ARRAY index=188 address=0xf56a77b1
G4-CTOR leave module=libapp.so kind=DT_INIT_ARRAY index=188
G4-CTOR PASS initializers=233
G4-OBB PASS path=/roms/ports/nfsmw-maptest/main.1003128.com.ea.games.nfs13_row.obb entries=2411
G5-RUNTIME PASS persistent GLES drawable=640x480
G6-RUNTIME PASS controller=GO-Super Gamepad
G6-RUNTIME raw-buttons=17 go-super-fallback=1
G4-BITMAP create width=32 height=16 stride=128
G4-BITMAP PASS RGBA=32x16 stride=128 fallback-font=1
=== G4 libNimble JNI_OnLoad ===
G4-JNI GetEnv version=0x00010006
G4-JNI FindClass name=com/ea/nimble/bridge/BaseNativeCallback
G4-JNI FindClass name=java/lang/Class
G4-JNI FindClass name=java/lang/ClassLoader
G4-JNI GetMethodID name=getClassLoader signature=()Ljava/lang/ClassLoader; id=0xaabfadf8
G4-JNI GetMethodID name=loadClass signature=(Ljava/lang/String;)Ljava/lang/Class; id=0xaabfaefc
G4-JNI leave libNimble JNI_OnLoad version=0x00010006
=== G4 libapp JNI_OnLoad ===
G4-JNI GetEnv version=0x00010002
G4-JNI leave libapp JNI_OnLoad version=0x00010002
=== G4 nativeOnCreate ===
G4-JNI GetMethodID name=forEach signature=(Ljava/lang/String;)[Ljava/lang/String; id=0xaabfb000
G4-JNI GetMethodID name=getAssetSize signature=(Ljava/lang/String;)I id=0xaabfb104
G4-JNI GetMethodID name=getObbFullPath signature=()Ljava/lang/String; id=0xaabfb208
G4-JNI GetStaticMethodID name=isAnyMusicPlaying signature=()Z id=0xaabfb30c
G4-JNI GetMethodID name=useAssetsFileSystem signature=()Z id=0xaabfb410
G4-JNI GetMethodID name=isObbAssets signature=()Z id=0xaabfb514
G4-JNI GetMethodID name=isFullApkAssets signature=()Z id=0xaabfb618
G4-JNI GetEnv version=0x00010002
G4-JNI FindClass name=java/io/File
G4-JNI GetMethodID name=getAbsolutePath signature=()Ljava/lang/String; id=0xaabfb71c
G4-JNI FindClass name=android/os/Environment
G4-JNI GetStaticMethodID name=getExternalStorageDirectory signature=()Ljava/io/File; id=0xaabfb820
G4-JNI GetMethodID name=getFilesDir signature=()Ljava/io/File; id=0xaabfb924
G4-JNI GetMethodID name=getPackageName signature=()Ljava/lang/String; id=0xaabfba28
G4-JNI GetMethodID name=getPerformanceScore signature=()F id=0xaabfbb2c
G9-PERFORMANCE requested-score=1
G4-JNI GetMethodID name=getTotalMemory signature=()I id=0xaabfbc30
G4-JNI FindClass name=android/util/DisplayMetrics
G4-JNI GetMethodID name=getDisplayMetrics signature=()Landroid/util/DisplayMetrics; id=0xaabfbd34
G4-JNI GetFieldID name=density signature=F
G4-JNI GetFieldID name=densityDpi signature=I
G4-JNI GetFieldID name=widthPixels signature=I
G4-JNI GetFieldID name=heightPixels signature=I
G4-JNI FindClass name=com/ea/ironmonkey/GameActivityMain
G4-JNI GetStaticMethodID name=GetDeviceName signature=()Ljava/lang/String; id=0xaabfbe38
G4-JNI GetStaticMethodID name=GetDeviceLocale signature=()Ljava/lang/String; id=0xaabfbf3c
G4-JNI FindClass name=com/ea/ironmonkey/GameActivityMain
G4-JNI GetStaticMethodID name=GetDefaultLanguage signature=()Ljava/lang/String; id=0xaabfc040
G4-JNI FindClass name=com/ea/ironmonkey/GameActivityMain
G4-JNI GetStaticMethodID name=GetApplicationVersion signature=()Ljava/lang/String; id=0xaabfc144
G4-JNI GetStaticMethodID name=getOsVersion signature=()Ljava/lang/String; id=0xaabfc248
android[4] info: InternalStorageDirectory = ./files

android[4] info: ExternalStorageDirectory = ./Android/data/com.ea.games.nfs13_row

android[4] info: DeviceName = R36S

android[4] info: DefaultLanguage = en

android[4] info: ApplicationVersion = 1.3.128

android[4] info: ScreenDensity = 1

android[4] info: ScreenDensityDPI = 160

android[4] info: ScreenWidthPixels = 640

android[4] info: ScreenHeightPixels = 480

android[4] info: ContentScale (derived) = 1

android[4] info: PerformanceScore = 1

android[4] info: TotalMemoryMb = 768

android[4] info: OsVersion = 4.4.4

android[4] info: Tier = Low

G4-JNI GetStaticMethodID name=isAmazon signature=()Z id=0xaabfc34c
G4-JNI GetEnv version=0x00010002
G4-JNI GetEnv version=0x00010002
G4-JNI GetEnv version=0x00010002
G4-JNI GetMethodID name=getRunLoop signature=()Lcom/ea/ironmonkey/RunLoop; id=0xaabfc450
G4-JNI GetEnv version=0x00010002
G4-JNI GetMethodID name=start signature=()V id=0xaabfc554
android[4] info: Tier = Low

G4-JNI GetEnv version=0x00010002
G4-JNI FindClass name=android/app/NativeActivity
G4-JNI FindClass name=java/lang/ClassLoader
G4-JNI UNKNOWN table call guest-return=0xf5897ef4
G4-JNI GetStaticMethodID name=getInstance signature=(Landroid/content/Context;)Lcom/bda/controller/Controller; id=0xaabfc658
G4-JNI GetMethodID name=init signature=()Z id=0xaabfc75c
G4-JNI GetMethodID name=exit signature=()V id=0xaabfc860
G4-JNI GetMethodID name=getAxisValue signature=(I)F id=0xaabfc964
G4-JNI GetMethodID name=getInfo signature=(I)I id=0xaabfca68
G4-JNI GetMethodID name=getKeyCode signature=(I)I id=0xaabfcb6c
G4-JNI GetMethodID name=getState signature=(I)I id=0xaabfcc70
G4-JNI GetMethodID name=onPause signature=()V id=0xaabfcd74
G4-JNI GetMethodID name=onResume signature=()V id=0xaabfce78
G4-JNI GetMethodID name=setListener signature=(Lcom/bda/controller/ControllerListener;Landroid/os/Handler;)V id=0xaabfcf7c
G4-JNI FindClass name=android/app/NativeActivity
G4-JNI FindClass name=java/lang/ClassLoader
G4-JNI UNKNOWN table call guest-return=0xf5898ccc
G4-JNI GetMethodID name=getAction signature=()I id=0xaabfd080
G4-JNI GetMethodID name=getControllerId signature=()I id=0xaabfd184
G4-JNI GetMethodID name=getEventTime signature=()J id=0xaabfd288
G4-JNI GetMethodID name=getKeyCode signature=()I id=0xaabfd38c
G4-JNI FindClass name=android/app/NativeActivity
G4-JNI FindClass name=java/lang/ClassLoader
G4-JNI UNKNOWN table call guest-return=0xf589a784
G4-JNI GetMethodID name=findPointerIndex signature=(I)I id=0xaabfd490
G4-JNI GetMethodID name=getAxisValue signature=(II)F id=0xaabfd594
G4-JNI GetMethodID name=getPointerCount signature=()I id=0xaabfd698
G4-JNI GetMethodID name=getPointerId signature=(I)I id=0xaabfd79c
G4-JNI GetMethodID name=getRawX signature=()F id=0xaabfd8a0
G4-JNI GetMethodID name=getRawY signature=()F id=0xaabfd9a4
G4-JNI GetMethodID name=getX signature=()F id=0xaabfdaa8
G4-JNI GetMethodID name=getX signature=(I)F id=0xaabfdbac
G4-JNI GetMethodID name=getXPrecision signature=()F id=0xaabfdcb0
G4-JNI GetMethodID name=getY signature=()F id=0xaabfddb4
G4-JNI GetMethodID name=getY signature=(I)F id=0xaabfdeb8
G4-JNI GetMethodID name=getYPrecision signature=()F id=0xaabfdfbc
G4-JNI FindClass name=android/app/NativeActivity
G4-JNI FindClass name=java/lang/ClassLoader
G4-JNI UNKNOWN table call guest-return=0xf589ae10
G4-JNI GetMethodID name=getState signature=()I id=0xaabfe0c0
G4-JNI GetFieldID name=mIsBound signature=Z
G4-JNI FindClass name=android/content/Intent
G4-JNI GetMethodID name=<init> signature=(Ljava/lang/String;)V id=0xaabfe1c4
G4-JNI GetMethodID name=setPackage signature=(Ljava/lang/String;)Landroid/content/Intent; id=0xaabfe2c8
G4-JNI GetFieldID name=mContext signature=Landroid/content/Context;
G4-JNI GetFieldID name=mServiceConnection signature=Lcom/bda/controller/Controller$ServiceConnection;
G4-JNI FindClass name=android/content/Context
G4-JNI GetMethodID name=startService signature=(Landroid/content/Intent;)Landroid/content/ComponentName; id=0xaabfe3cc
G4-JNI GetMethodID name=bindService signature=(Landroid/content/Intent;Landroid/content/ServiceConnection;I)Z id=0xaabfe4d0
G4-JNI FindClass name=android/app/NativeActivity
G4-JNI FindClass name=java/lang/ClassLoader
G4-JNI UNKNOWN table call guest-return=0xf5899f1c
G4-JNI GetMethodID name=<init> signature=()V id=0xaabfe5d4
G4-JNI PASS JNI_OnLoad/nativeOnCreate methods=56
=== G5 GAME SURFACE ===
G4-JNI GetEnv version=0x00010002
G4-JNI FindClass name=android/view/ViewRoot
G4-JNI GetMethodID name=setProcessPositionEvents signature=(Z)V id=0xaabfe6d8
G4-JNI GetMethodID name=GetViewRoot signature=()Landroid/view/ViewParent; id=0xaabfe7dc
android[4] ResourceManager: ContextLost() 

android[4] ResourceManager: mIAssetV.empty()? 1 mTextureV.empty()? 1

G5-SURFACE PASS lifecycle returned
android[2] trace: ....................(KK) MogaController :: Inside nativeOnStateEvent

android[2] trace: (KK) MogaController :: Inside nativeOnStateEvent ....................

android[2] trace: ....................(KK) MogaController :: Inside nativeOnStateEvent

android[2] trace: (KK) MogaController :: Inside nativeOnStateEvent ....................

android[2] trace: ....................(KK) MogaController :: Inside nativeOnStateEvent

android[2] trace: (KK) MogaController :: Inside nativeOnStateEvent ....................

G6-MOGA connected product=MOGA-Pro
=== G6/G7 GAME LOOP (Back+Start exits) ===
android[2] trace: ....................(KK) MogaController :: Inside NativeOnMotionEvent

android[2] trace: (KK) MogaController :: Inside NativeOnMotionEvent ....................

G6-MOGA motion frame=0 axes=0,0,0,0,0,0
G7-FRAME enter=0
android[4] info: OpenGL-ES extensions: GL_ARM_rgba8 GL_ARM_mali_shader_binary GL_OES_depth24 GL_OES_depth_texture GL_OES_depth_texture_cube_map
android[4] info:  GL_OES_packed_depth_stencil GL_OES_rgb8_rgba8 GL_EXT_read_format_bgra GL_OES_compressed_paletted_texture GL_OES_compressed_ET
android[4] info: C1_RGB8_texture GL_OES_standard_derivatives GL_OES_EGL_image GL_OES_EGL_image_external GL_OES_EGL_image_external_essl3 GL_OES_
android[4] info: EGL_sync GL_OES_texture_npot GL_OES_vertex_half_float GL_OES_required_internalformat GL_OES_vertex_array_object GL_OES_mapbuff
android[4] info: er GL_EXT_texture_format_BGRA8888 GL_EXT_texture_rg GL_EXT_texture_type_2_10_10_10_REV GL_OES_fbo_render_mipmap GL_OES_element
android[4] info: _index_uint GL_EXT_shadow_samplers GL_OES_texture_compression_astc GL_KHR_texture_compression_astc_ldr GL_KHR_texture_compress
android[4] info: ion_astc_hdr GL_KHR_texture_compression_astc_sliced_3d GL_EXT_texture_compression_astc_decode_mode GL_EXT_texture_compression_
android[4] info: astc_decode_mode_rgb9e5 GL_KHR_debug GL_EXT_occlusion_query_boolean GL_EXT_disjoint_timer_query GL_EXT_blend_minmax GL_EXT_dis
android[4] info: card_framebuffer GL_OES_get_program_binary GL_OES_texture_3D GL_EXT_texture_storage GL_EXT_multisampled_render_to_texture GL_O
android[4] info: ES_surfaceless_context GL_OES_texture_stencil8 GL_EXT_shader_pixel_local_storage GL_ARM_shader_framebuffer_fetch GL_ARM_shader
android[4] info: _framebuffer_fetch_depth_stencil GL_ARM_mali_program_binary GL_EXT_sRGB GL_EXT_sRGB_write_control GL_EXT_texture_sRGB_decode G
android[4] info: L_EXT_texture_sRGB_R8 GL_EXT_texture_sRGB_RG8 GL_KHR_blend_equation_advanced GL_KHR_blend_equation_advanced_coherent GL_OES_te
android[4] info: xture_storage_multisample_2d_array GL_OES_shader_image_atomic GL_EXT_robustness GL_EXT_draw_buffers_indexed GL_OES_draw_buffer
android[4] info: s_indexed GL_EXT_texture_border_clamp GL_OES_texture_border_clamp GL_EXT_texture_cube_map_array GL_OES_texture_cube_map_array 
android[4] info: GL_OES_sample_variables GL_OES_sample_shading GL_OES_shader_multisample_interpolation GL_EXT_shader_io_blocks GL_OES_shader_io
android[4] info: _blocks GL_EXT_tessellation_shader GL_OES_tessellation_shader GL_EXT_primitive_bounding_box GL_OES_primitive_bounding_box GL_E
android[4] info: XT_geometry_shader GL_OES_geometry_shader GL_ANDROID_extension_pack_es31a GL_EXT_gpu_shader5 GL_OES_gpu_shader5 GL_EXT_texture
android[4] info: _buffer GL_OES_texture_buffer GL_EXT_copy_image GL_OES_copy_image GL_EXT_shader_non_constant_global_initializers GL_EXT_color_
android[4] info: buffer_half_float GL_EXT_color_buffer_float GL_EXT_YUV_target GL_OVR_multiview GL_OVR_multiview2 GL_OVR_multiview_multisampled
android[4] info: _render_to_texture GL_KHR_robustness GL_KHR_robust_buffer_access_behavior GL_EXT_draw_elements_base_vertex GL_OES_draw_element
android[4] info: s_base_vertex GL_EXT_buffer_storage 

android[4] info: Renderer: Mali-G31

G4-JNI GetEnv version=0x00010002
G4-JNI GetMethodID name=getGameGLSurfaceView signature=()Lcom/ea/ironmonkey/GameGLSurfaceView; id=0xaabfe8e0
G4-JNI GetMethodID name=getWidth signature=()I id=0xaabfe9e4
G4-JNI GetMethodID name=getHeight signature=()I id=0xaabfeae8
android[5] warn: OpenGL Renderer: Mali-G31

android[5] warn: Isis Renderer Capabilities:

android[5] warn: 	Max Texture Size:      8192

android[5] warn: 	FB Max Samples:        0

android[5] warn: 	EXT: FB Discard:       1

android[5] warn: 	EXT: Occlusion Queries 0

android[5] warn: 	EXT: Texture Max Level 0

android[5] warn: 	EXT: Framebuffer Fetch 0

android[5] warn: 	EXT: Depth Texture     1

android[5] warn: 	EXT: VAO               1

android[4] info: Tier = Low

android[2] trace: PERFORMANCE - level = 0

android[5] warn: Primary view size: 640  480

G4-JNI GetEnv version=0x00010002
G4-JNI GetMethodID name=getAccelerometer signature=()Lcom/ea/ironmonkey/Accelerometer; id=0xaabfebec
G4-JNI GetMethodID name=setFrequency signature=(F)V id=0xaabfecf0
G4-JNI GetMethodID name=setBufferSize signature=(I)V id=0xaabfedf4
G4-JNI GetMethodID name=getSamples signature=(I[I[F)I id=0xaabfeef8
G4-JNI GetEnv version=0x00010002
G4-JNI FindClass name=com/ea/ironmonkey/BitmapGraphics
G4-JNI GetStaticMethodID name=createPaintFromFamilyName signature=(Ljava/lang/String;F)Landroid/graphics/Paint; id=0xaabfeffc
G4-JNI GetMethodID name=getTextSize signature=()F id=0xaabff100
G4-JNI GetMethodID name=setTextSize signature=(F)V id=0xaabff204
G4-JNI FindClass name=android/graphics/Paint$FontMetricsInt
G4-JNI GetMethodID name=getFontMetricsInt signature=()Landroid/graphics/Paint$FontMetricsInt; id=0xaabff308
G4-JNI GetFieldID name=ascent signature=I
G4-JNI GetFieldID name=descent signature=I
G4-JNI GetFieldID name=bottom signature=I
G4-JNI GetFieldID name=top signature=I
G4-JNI GetFieldID name=leading signature=I
G4-JNI GetMethodID name=measureText signature=(Ljava/lang/String;)F id=0xaabff40c
android[4] EAStdC.Printf: [NimbleWrapper] ICoreAllocator::GetDefaultAllocator() is 0xf610db1c
android[4] EAStdC.Printf: [NimbleWrapper] alloc free check
android[4] EAStdC.Printf: [NimbleWrapper] NimbleWrapper::NimbleWrapper()
android[4] EAStdC.Printf: [NimbleWrapper] NimbleWrapper::Init(), allocator=f610db1c
android[4] EAStdC.Printf: [NimbleWrapper] NimbleWrapper::FinishInitialization()
android[4] EAStdC.Printf: [Graphics] OpenGLES20::OpenGLES20()
android[4] EAStdC.Printf: [Graphics] OpenGLES20Ext::OpenGLES20Ext()
android[4] EAStdC.Printf: [Graphics] OpenGLES20Ext::LoadExtensions()...
android[4] EAStdC.Printf: [Graphics] ...OpenGLES20Ext::LoadExtensions()
android[4] EAStdC.Printf: [NimbleWrapper] NimbleWrapper::InitNimble()
G4-JNI GetEnv version=0x00010006
G4-JNI GetEnv version=0x00010006
G4-JNI GetEnv version=0x00010006
G4-JNI GetMethodID name=<init> signature=(I)V id=0xaabff510
G4-JNI GetStaticMethodID name=registerReceiver signature=(Ljava/lang/String;Landroid/content/BroadcastReceiver;)V id=0xaabff614
G4-JNI GetEnv version=0x00010006
G4-JNI GetEnv version=0x00010006
android[4] EAStdC.Printf: [nimble] telemetry enabled=yes
G4-JNI GetEnv version=0x00010006
G4-JNI GetEnv version=0x00010006
G4-JNI GetEnv version=0x00010006
G4-JNI GetStaticMethodID name=getComponent signature=()Lcom/ea/nimble/tracking/ITracking; id=0xaabff718
G4-JNI GetMethodID name=setEnable signature=(Z)V id=0xaabff81c
android[4] EAStdC.Printf: [nimble] im::nimble::SaveTelemetryEnabledState(), val=yes
DEBUG: sendTrackingMessage!
G4-JNI GetEnv version=0x00010006
G4-JNI GetMethodID name=getEnable signature=()Z id=0xaabff920
G4-JNI GetEnv version=0x00010002
G4-JNI GetEnv version=0x00010002
android[2] trace: AddSKU: texture_etc

android[2] trace: Aspect=1333

android[2] trace: AddSKU: 1x

android[2] trace: AddSKU: 2x

G4-JNI GetEnv version=0x00010002
android[2] trace: Mounting SKU: texture_etc to /published

android[2] trace: Mounting SKU: 1x to /published

android[2] trace: Mounting SKU: 2x to /published

android[2] trace: Locale: Language id=en locale id=en

android[2] trace: Locale: Language id=fr locale id=fr

android[2] trace: Locale: Language id=de locale id=de

android[2] trace: Locale: Language id=it locale id=it

android[2] trace: Locale: Language id=ja locale id=ja

android[2] trace: Locale: Language id=es locale id=es

android[2] trace: Locale: Language id=zh-Hans locale id=cn

android[2] trace: Locale: Language id=zh locale id=cn

android[2] trace: Locale: Language id=ko locale id=kr

android[2] trace: Locale: Language id=nl locale id=nl

android[2] trace: Locale: Language id=pt locale id=pt

android[2] trace: Locale: Language id=ru locale id=ru

G4-JNI GetEnv version=0x00010002
G4-JNI GetEnv version=0x00010002
android[4] EAStdC.Printf: [NimbleWrapper] NimbleWrapper::SetLanguage()
android[4] EAStdC.Printf: [NimbleWrapper] SLG3
G4-JNI GetEnv version=0x00010002
G4-JNI GetEnv version=0x00010002
G4-JNI FindClass name=com/ea/ironmonkey/BitmapGraphics
G4-JNI GetStaticMethodID name=createPaintFromFile signature=(Ljava/lang/String;F)Landroid/graphics/Paint; id=0xaabffa24
G4-JNI FindClass name=android/graphics/Paint$FontMetricsInt
G4-JNI GetEnv version=0x00010002
G4-JNI FindClass name=com/ea/ironmonkey/BitmapGraphics
G4-JNI FindClass name=android/graphics/Paint$FontMetricsInt
G4-JNI GetEnv version=0x00010002
G4-JNI GetEnv version=0x00010002
G4-JNI FindClass name=com/ea/ironmonkey/BitmapGraphics
G4-JNI FindClass name=android/graphics/Paint$FontMetricsInt
G4-JNI GetEnv version=0x00010002
G4-JNI FindClass name=com/ea/ironmonkey/BitmapGraphics
G4-JNI FindClass name=android/graphics/Paint$FontMetricsInt
G4-JNI GetEnv version=0x00010002
G4-JNI GetEnv version=0x00010002
G4-JNI FindClass name=com/ea/ironmonkey/BitmapGraphics
G4-JNI FindClass name=android/graphics/Paint$FontMetricsInt
G4-JNI GetEnv version=0x00010002
G4-JNI FindClass name=com/ea/ironmonkey/BitmapGraphics
G4-JNI FindClass name=android/graphics/Paint$FontMetricsInt
G4-JNI GetEnv version=0x00010002
G4-JNI GetEnv version=0x00010002
G4-JNI FindClass name=com/ea/ironmonkey/BitmapGraphics
G4-JNI FindClass name=android/graphics/Paint$FontMetricsInt
G4-JNI GetEnv version=0x00010002
G4-JNI FindClass name=com/ea/ironmonkey/BitmapGraphics
G4-JNI FindClass name=android/graphics/Paint$FontMetricsInt
G4-JNI GetEnv version=0x00010002
G4-JNI GetEnv version=0x00010002
G4-JNI FindClass name=com/ea/ironmonkey/BitmapGraphics
G4-JNI FindClass name=android/graphics/Paint$FontMetricsInt
G4-JNI GetEnv version=0x00010002
G4-JNI FindClass name=com/ea/ironmonkey/BitmapGraphics
G4-JNI FindClass name=android/graphics/Paint$FontMetricsInt
G4-JNI GetEnv version=0x00010002
G4-JNI FindClass name=com/ea/ironmonkey/BitmapGraphics
G4-JNI FindClass name=android/graphics/Paint$FontMetricsInt
G4-JNI GetEnv version=0x00010002
G4-JNI FindClass name=com/ea/ironmonkey/BitmapGraphics
G4-JNI FindClass name=android/graphics/Paint$FontMetricsInt
G4-JNI GetEnv version=0x00010002
G4-JNI GetEnv version=0x00010002
G4-JNI FindClass name=com/ea/ironmonkey/BitmapGraphics
G4-JNI FindClass name=android/graphics/Paint$FontMetricsInt
G4-JNI GetEnv version=0x00010002
G4-JNI FindClass name=com/ea/ironmonkey/BitmapGraphics
G4-JNI FindClass name=android/graphics/Paint$FontMetricsInt
G4-JNI GetEnv version=0x00010002
G4-JNI GetEnv version=0x00010002
G4-JNI FindClass name=com/ea/ironmonkey/BitmapGraphics
G4-JNI FindClass name=android/graphics/Paint$FontMetricsInt
G4-JNI GetEnv version=0x00010002
G4-JNI FindClass name=com/ea/ironmonkey/BitmapGraphics
G4-JNI FindClass name=android/graphics/Paint$FontMetricsInt
G4-JNI GetEnv version=0x00010002
G4-JNI GetEnv version=0x00010002
G4-JNI FindClass name=com/ea/ironmonkey/BitmapGraphics
G4-JNI FindClass name=android/graphics/Paint$FontMetricsInt
G4-JNI GetEnv version=0x00010002
G4-JNI FindClass name=com/ea/ironmonkey/BitmapGraphics
G4-JNI FindClass name=android/graphics/Paint$FontMetricsInt
G4-JNI GetEnv version=0x00010002
G4-JNI GetEnv version=0x00010002
G4-JNI FindClass name=com/ea/ironmonkey/BitmapGraphics
G4-JNI FindClass name=android/graphics/Paint$FontMetricsInt
G4-JNI GetEnv version=0x00010002
G4-JNI FindClass name=com/ea/ironmonkey/BitmapGraphics
G4-JNI FindClass name=android/graphics/Paint$FontMetricsInt
G4-JNI GetEnv version=0x00010002
G4-JNI GetEnv version=0x00010002
G4-JNI FindClass name=com/ea/ironmonkey/BitmapGraphics
G4-JNI FindClass name=android/graphics/Paint$FontMetricsInt
G4-JNI GetEnv version=0x00010002
G4-JNI FindClass name=com/ea/ironmonkey/BitmapGraphics
G4-JNI FindClass name=android/graphics/Paint$FontMetricsInt
G4-JNI GetEnv version=0x00010002
G4-JNI GetEnv version=0x00010002
G4-JNI FindClass name=com/ea/ironmonkey/BitmapGraphics
G4-JNI FindClass name=android/graphics/Paint$FontMetricsInt
G4-JNI GetEnv version=0x00010002
G4-JNI FindClass name=com/ea/ironmonkey/BitmapGraphics
G4-JNI FindClass name=android/graphics/Paint$FontMetricsInt
G4-JNI GetEnv version=0x00010002
G4-JNI GetEnv version=0x00010002
G4-JNI FindClass name=com/ea/ironmonkey/BitmapGraphics
G4-JNI FindClass name=android/graphics/Paint$FontMetricsInt
G4-JNI GetEnv version=0x00010002
G4-JNI FindClass name=com/ea/ironmonkey/BitmapGraphics
G4-JNI FindClass name=android/graphics/Paint$FontMetricsInt
G4-JNI GetEnv version=0x00010002
G4-JNI GetEnv version=0x00010002
G4-JNI FindClass name=com/ea/ironmonkey/BitmapGraphics
G4-JNI FindClass name=android/graphics/Paint$FontMetricsInt
G4-JNI GetEnv version=0x00010002
G4-JNI FindClass name=com/ea/ironmonkey/BitmapGraphics
G4-JNI FindClass name=android/graphics/Paint$FontMetricsInt
G4-JNI GetEnv version=0x00010002
G4-JNI GetEnv version=0x00010002
G4-JNI FindClass name=com/ea/ironmonkey/BitmapGraphics
G4-JNI FindClass name=android/graphics/Paint$FontMetricsInt
G4-JNI GetEnv version=0x00010002
G4-JNI FindClass name=com/ea/ironmonkey/BitmapGraphics
G4-JNI FindClass name=android/graphics/Paint$FontMetricsInt
G4-JNI GetEnv version=0x00010002
G4-JNI GetEnv version=0x00010002
G4-JNI FindClass name=com/ea/ironmonkey/BitmapGraphics
G4-JNI FindClass name=android/graphics/Paint$FontMetricsInt
G4-JNI GetEnv version=0x00010002
G4-JNI FindClass name=com/ea/ironmonkey/BitmapGraphics
G4-JNI FindClass name=android/graphics/Paint$FontMetricsInt
G4-JNI GetEnv version=0x00010002
G4-JNI GetEnv version=0x00010002
G4-JNI FindClass name=com/ea/ironmonkey/BitmapGraphics
G4-JNI FindClass name=android/graphics/Paint$FontMetricsInt
G4-JNI GetEnv version=0x00010002
G4-JNI FindClass name=com/ea/ironmonkey/BitmapGraphics
G4-JNI FindClass name=android/graphics/Paint$FontMetricsInt
G4-JNI GetEnv version=0x00010002
G4-JNI GetEnv version=0x00010002
G4-JNI FindClass name=com/ea/ironmonkey/BitmapGraphics
G4-JNI FindClass name=android/graphics/Paint$FontMetricsInt
G4-JNI GetEnv version=0x00010002
G4-JNI FindClass name=com/ea/ironmonkey/BitmapGraphics
G4-JNI FindClass name=android/graphics/Paint$FontMetricsInt
G4-JNI GetEnv version=0x00010002
G4-JNI GetEnv version=0x00010002
G4-JNI FindClass name=com/ea/ironmonkey/BitmapGraphics
G4-JNI FindClass name=android/graphics/Paint$FontMetricsInt
G4-JNI GetEnv version=0x00010002
G4-JNI FindClass name=com/ea/ironmonkey/BitmapGraphics
G4-JNI FindClass name=android/graphics/Paint$FontMetricsInt
G4-JNI GetEnv version=0x00010002
G4-JNI GetEnv version=0x00010002
G4-JNI FindClass name=com/ea/ironmonkey/BitmapGraphics
G4-JNI FindClass name=android/graphics/Paint$FontMetricsInt
G4-JNI GetEnv version=0x00010002
G4-JNI FindClass name=com/ea/ironmonkey/BitmapGraphics
G4-JNI FindClass name=android/graphics/Paint$FontMetricsInt
G4-JNI GetEnv version=0x00010002
G4-JNI GetEnv version=0x00010002
G4-JNI FindClass name=com/ea/ironmonkey/BitmapGraphics
G4-JNI FindClass name=android/graphics/Paint$FontMetricsInt
G4-JNI GetEnv version=0x00010002
G4-JNI FindClass name=com/ea/ironmonkey/BitmapGraphics
G4-JNI FindClass name=android/graphics/Paint$FontMetricsInt
G4-JNI GetEnv version=0x00010002
G4-JNI GetEnv version=0x00010002
G4-JNI FindClass name=com/ea/ironmonkey/BitmapGraphics
G4-JNI FindClass name=android/graphics/Paint$FontMetricsInt
G4-JNI GetEnv version=0x00010002
G4-JNI FindClass name=com/ea/ironmonkey/BitmapGraphics
G4-JNI FindClass name=android/graphics/Paint$FontMetricsInt
G4-JNI GetEnv version=0x00010002
G4-JNI GetEnv version=0x00010002
G4-JNI FindClass name=com/ea/ironmonkey/BitmapGraphics
G4-JNI FindClass name=android/graphics/Paint$FontMetricsInt
G4-JNI GetEnv version=0x00010002
G4-JNI FindClass name=com/ea/ironmonkey/BitmapGraphics
G4-JNI FindClass name=android/graphics/Paint$FontMetricsInt
G4-JNI GetEnv version=0x00010002
G4-JNI GetEnv version=0x00010002
G4-JNI FindClass name=com/ea/ironmonkey/BitmapGraphics
G4-JNI FindClass name=android/graphics/Paint$FontMetricsInt
G4-JNI GetEnv version=0x00010002
G4-JNI FindClass name=com/ea/ironmonkey/BitmapGraphics
G4-JNI FindClass name=android/graphics/Paint$FontMetricsInt
G4-JNI GetEnv version=0x00010002
G4-JNI GetEnv version=0x00010002
G4-JNI FindClass name=com/ea/ironmonkey/BitmapGraphics
G4-JNI FindClass name=android/graphics/Paint$FontMetricsInt
G4-JNI GetEnv version=0x00010002
G4-JNI FindClass name=com/ea/ironmonkey/BitmapGraphics
G4-JNI FindClass name=android/graphics/Paint$FontMetricsInt
G4-JNI GetEnv version=0x00010002
G4-JNI GetEnv version=0x00010002
G4-JNI FindClass name=com/ea/ironmonkey/BitmapGraphics
G4-JNI FindClass name=android/graphics/Paint$FontMetricsInt
G4-JNI GetEnv version=0x00010002
G4-JNI FindClass name=com/ea/ironmonkey/BitmapGraphics
G4-JNI FindClass name=android/graphics/Paint$FontMetricsInt
G4-JNI GetEnv version=0x00010002
G4-JNI GetEnv version=0x00010002
G4-JNI FindClass name=com/ea/ironmonkey/BitmapGraphics
G4-JNI FindClass name=android/graphics/Paint$FontMetricsInt
G4-JNI GetEnv version=0x00010002
G4-JNI FindClass name=com/ea/ironmonkey/BitmapGraphics
G4-JNI FindClass name=android/graphics/Paint$FontMetricsInt
G4-JNI GetEnv version=0x00010002
G4-JNI GetEnv version=0x00010002
G4-JNI FindClass name=com/ea/ironmonkey/BitmapGraphics
G4-JNI FindClass name=android/graphics/Paint$FontMetricsInt
G4-JNI GetEnv version=0x00010002
G4-JNI FindClass name=com/ea/ironmonkey/BitmapGraphics
G4-JNI FindClass name=android/graphics/Paint$FontMetricsInt
G4-JNI GetEnv version=0x00010002
G4-JNI GetEnv version=0x00010002
G4-JNI FindClass name=com/ea/ironmonkey/BitmapGraphics
G4-JNI FindClass name=android/graphics/Paint$FontMetricsInt
G4-JNI GetEnv version=0x00010002
G4-JNI FindClass name=com/ea/ironmonkey/BitmapGraphics
G4-JNI FindClass name=android/graphics/Paint$FontMetricsInt
G4-JNI GetEnv version=0x00010002
G4-JNI GetEnv version=0x00010002
G4-JNI FindClass name=com/ea/ironmonkey/BitmapGraphics
G4-JNI FindClass name=android/graphics/Paint$FontMetricsInt
G4-JNI GetEnv version=0x00010002
G4-JNI FindClass name=com/ea/ironmonkey/BitmapGraphics
G4-JNI FindClass name=android/graphics/Paint$FontMetricsInt
G4-JNI GetEnv version=0x00010002
G4-JNI GetEnv version=0x00010002
G4-JNI FindClass name=com/ea/ironmonkey/BitmapGraphics
G4-JNI FindClass name=android/graphics/Paint$FontMetricsInt
G4-JNI GetEnv version=0x00010002
G4-JNI FindClass name=com/ea/ironmonkey/BitmapGraphics
G4-JNI FindClass name=android/graphics/Paint$FontMetricsInt
G4-JNI GetEnv version=0x00010002
G4-JNI GetEnv version=0x00010002
G4-JNI FindClass name=com/ea/ironmonkey/BitmapGraphics
G4-JNI FindClass name=android/graphics/Paint$FontMetricsInt
G4-JNI GetEnv version=0x00010002
G4-JNI FindClass name=com/ea/ironmonkey/BitmapGraphics
G4-JNI FindClass name=android/graphics/Paint$FontMetricsInt
G4-JNI GetEnv version=0x00010002
G4-JNI GetEnv version=0x00010002
G4-JNI FindClass name=com/ea/ironmonkey/BitmapGraphics
G4-JNI FindClass name=android/graphics/Paint$FontMetricsInt
G4-JNI GetEnv version=0x00010002
G4-JNI FindClass name=com/ea/ironmonkey/BitmapGraphics
G4-JNI FindClass name=android/graphics/Paint$FontMetricsInt
G4-JNI GetEnv version=0x00010002
G4-JNI GetEnv version=0x00010002
G4-JNI FindClass name=com/ea/ironmonkey/BitmapGraphics
G4-JNI FindClass name=android/graphics/Paint$FontMetricsInt
G4-JNI GetEnv version=0x00010002
G4-JNI FindClass name=com/ea/ironmonkey/BitmapGraphics
G4-JNI FindClass name=android/graphics/Paint$FontMetricsInt
G4-JNI GetEnv version=0x00010002
G4-JNI GetEnv version=0x00010002
G4-JNI FindClass name=com/ea/ironmonkey/BitmapGraphics
G4-JNI FindClass name=android/graphics/Paint$FontMetricsInt
G4-JNI GetEnv version=0x00010002
G4-JNI FindClass name=com/ea/ironmonkey/BitmapGraphics
G4-JNI FindClass name=android/graphics/Paint$FontMetricsInt
G4-JNI GetEnv version=0x00010002
G4-JNI GetEnv version=0x00010002
G4-JNI FindClass name=com/ea/ironmonkey/BitmapGraphics
G4-JNI FindClass name=android/graphics/Paint$FontMetricsInt
G4-JNI GetEnv version=0x00010002
G4-JNI FindClass name=com/ea/ironmonkey/BitmapGraphics
G4-JNI FindClass name=android/graphics/Paint$FontMetricsInt
G4-JNI GetEnv version=0x00010002
G4-JNI GetEnv version=0x00010002
G4-JNI FindClass name=com/ea/ironmonkey/BitmapGraphics
G4-JNI FindClass name=android/graphics/Paint$FontMetricsInt
G4-JNI GetEnv version=0x00010002
G4-JNI FindClass name=com/ea/ironmonkey/BitmapGraphics
G4-JNI FindClass name=android/graphics/Paint$FontMetricsInt
G4-JNI GetEnv version=0x00010002
G4-JNI GetEnv version=0x00010002
G4-JNI FindClass name=com/ea/ironmonkey/BitmapGraphics
G4-JNI FindClass name=android/graphics/Paint$FontMetricsInt
G4-JNI GetEnv version=0x00010002
G4-JNI FindClass name=com/ea/ironmonkey/BitmapGraphics
G4-JNI FindClass name=android/graphics/Paint$FontMetricsInt
G4-JNI GetEnv version=0x00010002
G4-JNI GetEnv version=0x00010002
G4-JNI UNKNOWN table call guest-return=0xf5b749a8
G4-JNI GetEnv version=0x00010002
android[2] trace: FlowManager splash.sba sba

android[2] trace: FlowManager splash_1333.sba sba

android[5] layouts/warning: LayoutEntity not in cache, reloading: splash

android[5] layouts/warning: LayoutEntity not in cache, reloading: spinner

android[5] layouts/warning: LayoutEntity not in cache, reloading: btn_screen_continue

android[5] layouts/warning: LayoutEntity not in cache, reloading: rollout_vingette

android[5] layouts/warning: TexturePack image not found for layout Sprite: bars_dividers/rollout_vingette.tif

android[5] layouts/warning: TexturePack image not found for layout Sprite: splash/speed_line_2.tif

android[5] layouts/warning: TexturePack image not found for layout Sprite: splash/speed_line.tif

android[5] layouts/warning: TexturePack image not found for layout Sprite: splash/triangles.tif

android[5] layouts/warning: TexturePack image not found for layout Sprite: splash/fm_logo_blur.tif

android[5] layouts/warning: TexturePack image not found for layout Sprite: splash/fm_logo.tif

android[5] layouts/warning: TexturePack image not found for layout Sprite: splash/nfs_blur_shapes.tif

android[5] layouts/warning: TexturePack image not found for layout Sprite: splash/car.tif

android[5] layouts/warning: TexturePack image not found for layout Sprite: images/messaging_white_flare.tif

android[5] layouts/warning: TexturePack image not found for layout Sprite: splash/most_wanted_logo.tif

android[5] layouts/warning: TexturePack image not found for layout Sprite: splash/ea_logo_blur.tif

android[5] layouts/warning: TexturePack image not found for layout Sprite: splash/ea_logo.tif

android[5] layouts/warning: TexturePack image not found for layout Sprite: icons/spinner_circle_mw.tif

android[5] layouts/warning: TexturePack image not found for layout Sprite: splash/car_splash_iphone.tif

android[2] trace: LayoutScreen::LayoutScreen OptionsSettingsScreen != 0

android[6] layouts/error: Unable to locate layout entity: tip_area

android[5] warn: Lock: Is being locked. Lock count: 1

android[4] ResourceManager: Add texture: /published/texturepacks_ui/splash_1333.sba_0

G4-JNI GetEnv version=0x00010002
android[2] trace: Kindle sound low latency fix

android[4] Sound/SoundManager/info: Sample Rate: 24000, Format: 2, Output Channels: 2, Max Input Channels: 2, Resample Method: 1

G4-JNI GetEnv version=0x00010002
G8-SILENT user-music-override=1
android[4] info: Platform::isAnyMusicPlaying = true

android[4] Sound/SoundManager/info: SoundManager::SuspendMusic

G4-JNI GetEnv version=0x00010002
G4-JNI GetMethodID name=getNotchesBoundingRects signature=()[[I id=0xaabffb28
G4-JNI GetEnv version=0x00010002
android[2] trace: NFSSoundSubSystem::LoadUISounds() - memory used = 0 MB

android[2] trace: ShowMogaHighlight start

android[2] trace: ShowMogaHighlight 1

android[2] trace: ShowMogaHighlight end

G4-JNI GetEnv version=0x00010002
G4-JNI GetEnv version=0x00010002
G4-JNI FindClass name=com/ea/ironmonkey/BitmapGraphics
G4-JNI GetMethodID name=<init> signature=(II)V id=0xaabffc2c
G4-BITMAP create width=512 height=512 stride=2048
G4-JNI GetEnv version=0x00010002
G4-JNI GetMethodID name=clear signature=()V id=0xaabffd30
G4-JNI GetEnv version=0x00010002
G4-JNI GetMethodID name=drawString signature=(Landroid/graphics/Paint;Ljava/lang/String;II)V id=0xaabffe34
G4-JNI GetEnv version=0x00010002
G4-JNI GetEnv version=0x00010002
G4-JNI GetEnv version=0x00010002
G4-JNI GetEnv version=0x00010002
G4-JNI GetEnv version=0x00010002
G4-JNI GetEnv version=0x00010002
G4-JNI GetEnv version=0x00010002
G4-JNI GetEnv version=0x00010002
G4-JNI GetEnv version=0x00010002
G4-JNI GetEnv version=0x00010002
G4-JNI GetEnv version=0x00010002
G4-JNI GetEnv version=0x00010002
G4-JNI GetEnv version=0x00010002
G4-JNI GetEnv version=0x00010002
G4-JNI GetEnv version=0x00010002
G4-JNI GetEnv version=0x00010002
G4-JNI GetEnv version=0x00010002
G4-JNI GetEnv version=0x00010002
G4-JNI GetEnv version=0x00010002
G4-JNI GetEnv version=0x00010002
G4-JNI GetEnv version=0x00010002
G4-JNI GetEnv version=0x00010002
G4-JNI GetEnv version=0x00010002
G4-JNI GetEnv version=0x00010002
G4-JNI GetEnv version=0x00010002
G4-JNI GetEnv version=0x00010002
G4-JNI GetEnv version=0x00010002
G4-JNI GetEnv version=0x00010002
G4-JNI GetEnv version=0x00010002
G4-JNI GetEnv version=0x00010002
G4-JNI GetEnv version=0x00010002
G4-JNI GetEnv version=0x00010002
G4-JNI GetMethodID name=getBitmap signature=()Landroid/graphics/Bitmap; id=0xaabfff38
G5-GL STATE frame=0 framebuffer=0 status=0x8cd5 errors=0
G7-FRAME leave=0
G7-FRAME enter=1
G5-GL STATE frame=1 framebuffer=0 status=0x8cd5 errors=0
G7-FRAME leave=1
G7-FRAME enter=2
G5-GL STATE frame=2 framebuffer=0 status=0x8cd5 errors=0
G7-FRAME leave=2
G7-FRAME enter=3
G5-GL STATE frame=3 framebuffer=0 status=0x8cd5 errors=0
G7-FRAME leave=3
G7-FRAME enter=4
G5-GL STATE frame=4 framebuffer=0 status=0x8cd5 errors=0
G7-FRAME leave=4
G7-FRAME enter=5
G5-GL STATE frame=5 framebuffer=0 status=0x8cd5 errors=0
G7-FRAME leave=5
G7-FRAME enter=6
G5-GL STATE frame=6 framebuffer=0 status=0x8cd5 errors=0
G7-FRAME leave=6
G7-FRAME enter=7
G5-GL STATE frame=7 framebuffer=0 status=0x8cd5 errors=0
G7-FRAME leave=7
G7-FRAME enter=8
G5-GL STATE frame=8 framebuffer=0 status=0x8cd5 errors=0
G7-FRAME leave=8
G7-FRAME enter=9
G5-GL STATE frame=9 framebuffer=0 status=0x8cd5 errors=0
G7-FRAME leave=9
android[6] Sound/SoundManager/error: FMOD result of SoundManager::createSound: An error occured that wasn't supposed to.  Contact support. 

android[5] Sound/SoundManager/warn: SoundManager::createSound - 'ui/ui/splash_firemonkeys': failure.

android[2] trace: UI play sound: ui/ui/splash_firemonkeys

G4-JNI GetEnv version=0x00010006
G4-JNI GetEnv version=0x00010006
G4-JNI GetEnv version=0x00010006
G4-JNI GetEnv version=0x00010006
G4-JNI GetStaticMethodID name=getComponent signature=()Lcom/ea/nimble/INetwork; id=0xaac0003c
G4-JNI GetMethodID name=getStatus signature=()Lcom/ea/nimble/Network$Status; id=0xaac00140
G4-JNI GetMethodID name=ordinal signature=()I id=0xaac00244
G4-JNI GetEnv version=0x00010002
G4-JNI GetMethodID name=CallGC signature=()V id=0xaac00348
android[5] flow/FlowNode/warn: Validate node  `/menus/demo_billing_prompt': Screen `Billing' not registered

android[5] flow/FlowNode/warn: Validate node  `/menus/options/main': Node `/menus/demo_billing_prompt' for output `PURCHASE' not valid

android[5] flow/FlowNode/warn: Validate node  `/menus/store/store': Node `/menus/options/main' for output `OPTIONS' not valid

android[5] flow/FlowNode/warn: Validate node  `/menus/profile/profile': Node `/menus/store/store' for output `STORE' not valid

android[5] flow/FlowNode/warn: Validate node  `/menus/garage/garage_grid': Node `/menus/profile/profile' for output `PROFILE' not valid

android[5] flow/FlowNode/warn: Validate node  `/menus/profile/profile_comparison': Node `/menus/garage/garage_grid' for output `GARAGE' not valid

android[5] flow/FlowNode/warn: Validate node  `/menus/map_overworld': Node `/menus/profile/profile_comparison' for output `MOSTWANTEDCOMPARISON' not valid

android[5] flow/FlowNode/warn: Validate node  `/tutorial_check': Node `/menus/map_overworld' for output `MAP' not valid

android[5] flow/FlowNode/warn: Validate node  `/update_check': Node `/tutorial_check' for output `SKIP' not valid

android[5] flow/FlowNode/warn: Validate node  `default': Node `/update_check' for output `DEFAULT' not valid

android[4] ResourceManager: Add texture: /published/texturepacks_ui/mwl_ai_avatars.sba_0

android[2] trace: MusicManager::SetPlaylist(): playlist=Loading fade=true

android[2] trace: MusicManager::PlayNextTrack() try, fade=true, soundManager.IsInitialized()=true, soundManager.IsUserMusicPlaying()=true

android[2] trace: MusicManager::PlayNextTrack(): break, fade=true, soundManager.IsInitialized()=true, soundManager.IsUserMusicPlaying()=true

android[2] trace: Tutorial: m_DrivingTutorialProgress=4/8

android[2] trace: Tutorial: m_FrontEndTutorialProgress=0/5

android[2] trace: Tutorial: Achiv=0

DEBUG: sendTrackingMessage!
G4-JNI GetEnv version=0x00010006
android[4] info: -- Most Wanted List Updated --

android[4] info: 1. You(0 PTS)

android[4] info: -- Most Wanted List Updated --

android[4] info: 1. MSTWNTD(20000 PTS)

android[4] info: 2. FANGD(19000 PTS)

android[4] info: 3. GDZLLR(18000 PTS)

android[4] info: 4. HONEY(17000 PTS)

android[4] info: 5. KRIEG(16000 PTS)

android[4] info: 6. GU1LTY(15000 PTS)

android[4] info: 7. SPIDER(14000 PTS)

android[4] info: 8. GTMC(13000 PTS)

android[4] info: 9. SNWBLND(12000 PTS)

android[4] info: 10. JAPAN4(11000 PTS)

android[4] info: 11. You(0 PTS)

DEBUG: sendTrackingMessage!
G4-JNI GetEnv version=0x00010006
G4-JNI GetEnv version=0x00010002
G7-FRAME enter=300
G5-GL STATE frame=300 framebuffer=0 status=0x8cd5 errors=0
G7-FRAME leave=300
G4-JNI GetEnv version=0x00010002
G4-JNI GetEnv version=0x00010002
G4-JNI GetEnv version=0x00010002
G4-JNI GetEnv version=0x00010002
G4-JNI GetEnv version=0x00010002
G4-JNI GetEnv version=0x00010002
G4-JNI GetEnv version=0x00010002
G4-JNI GetEnv version=0x00010002
G4-JNI GetEnv version=0x00010002
G4-JNI GetEnv version=0x00010002
G4-JNI GetEnv version=0x00010002
G4-JNI GetEnv version=0x00010002
G4-JNI GetEnv version=0x00010002
G4-JNI GetEnv version=0x00010002
G4-JNI GetEnv version=0x00010002
G4-JNI GetEnv version=0x00010002
G4-JNI GetEnv version=0x00010002
G4-JNI GetEnv version=0x00010002
G4-JNI GetEnv version=0x00010002
G4-JNI GetEnv version=0x00010002
G4-JNI GetEnv version=0x00010002
G4-JNI GetEnv version=0x00010002
G4-JNI GetEnv version=0x00010002
G4-JNI GetEnv version=0x00010002
G4-JNI GetEnv version=0x00010002
G4-JNI GetEnv version=0x00010002
G4-JNI GetEnv version=0x00010002
G4-JNI GetEnv version=0x00010002
G4-JNI GetEnv version=0x00010002
G4-JNI GetEnv version=0x00010002
G4-JNI GetEnv version=0x00010002
G4-JNI GetEnv version=0x00010002
G4-JNI GetEnv version=0x00010002
G4-JNI GetEnv version=0x00010002
G4-JNI GetEnv version=0x00010002
G4-JNI GetEnv version=0x00010002
G4-JNI GetEnv version=0x00010002
G4-JNI GetEnv version=0x00010002
G4-JNI GetEnv version=0x00010002
G4-JNI GetEnv version=0x00010002
G4-JNI GetEnv version=0x00010002
G4-JNI GetEnv version=0x00010002
G4-JNI GetEnv version=0x00010002
G4-JNI GetEnv version=0x00010002
G4-JNI GetEnv version=0x00010002
G4-JNI GetEnv version=0x00010002
G4-JNI GetEnv version=0x00010002
G4-JNI GetEnv version=0x00010002
G4-JNI GetEnv version=0x00010002
G4-JNI GetEnv version=0x00010002
G4-JNI GetEnv version=0x00010002
G4-JNI GetEnv version=0x00010002
G4-JNI GetEnv version=0x00010002
G4-JNI GetEnv version=0x00010002
G4-JNI GetEnv version=0x00010002
G4-JNI GetEnv version=0x00010002
G4-JNI GetEnv version=0x00010002
G4-JNI GetEnv version=0x00010002
G4-JNI GetEnv version=0x00010002
G4-JNI GetEnv version=0x00010002
G4-JNI GetEnv version=0x00010002
G4-JNI GetEnv version=0x00010002
android[4] ResourceManager: Add texture: /published/texturepacks_ui/map.sba_0

android[4] ResourceManager: Add texture: /published/texturepacks_ui/map.sba_1

G4-JNI GetEnv version=0x00010002
G4-JNI GetEnv version=0x00010002
G4-JNI GetEnv version=0x00010002
G4-JNI GetEnv version=0x00010002
G4-JNI GetEnv version=0x00010002
G4-JNI GetEnv version=0x00010002
G4-JNI GetEnv version=0x00010002
G4-JNI GetEnv version=0x00010002
G4-JNI GetEnv version=0x00010002
G4-JNI GetEnv version=0x00010002
G4-JNI GetEnv version=0x00010002
G4-JNI GetEnv version=0x00010002
G4-JNI GetEnv version=0x00010002
G4-JNI GetEnv version=0x00010002
G4-JNI GetEnv version=0x00010002
G4-JNI GetEnv version=0x00010002
G4-JNI GetEnv version=0x00010002
G4-JNI GetEnv version=0x00010002
G4-JNI GetEnv version=0x00010002
G4-JNI GetEnv version=0x00010002
G4-JNI GetEnv version=0x00010002
G4-JNI GetEnv version=0x00010002
G4-JNI GetEnv version=0x00010002
G4-JNI GetEnv version=0x00010002
G4-JNI GetEnv version=0x00010002
G4-JNI GetEnv version=0x00010002
G4-JNI GetEnv version=0x00010002
G4-JNI GetEnv version=0x00010002
G4-JNI GetEnv version=0x00010002
G4-JNI GetEnv version=0x00010002
G4-JNI GetEnv version=0x00010002
G4-JNI GetEnv version=0x00010002
G4-JNI GetEnv version=0x00010002
G4-JNI GetEnv version=0x00010002
G4-JNI GetEnv version=0x00010002
G4-JNI GetEnv version=0x00010002
G4-JNI GetEnv version=0x00010002
G4-JNI GetEnv version=0x00010002
G4-JNI GetEnv version=0x00010002
G4-JNI GetEnv version=0x00010002
G4-JNI GetEnv version=0x00010002
G4-JNI GetEnv version=0x00010002
G4-JNI GetEnv version=0x00010002
G4-JNI GetEnv version=0x00010002
G4-JNI GetEnv version=0x00010002
G4-JNI GetEnv version=0x00010002
G4-JNI GetEnv version=0x00010002
G4-JNI GetEnv version=0x00010002
G4-JNI GetEnv version=0x00010002
G4-JNI GetEnv version=0x00010002
G4-JNI GetEnv version=0x00010002
G4-JNI GetEnv version=0x00010002
G4-JNI GetEnv version=0x00010002
G4-JNI GetEnv version=0x00010002
G4-JNI GetEnv version=0x00010002
G4-JNI GetEnv version=0x00010002
G4-JNI GetEnv version=0x00010002
G4-JNI GetEnv version=0x00010002
G4-JNI GetEnv version=0x00010002
G4-JNI GetEnv version=0x00010002
G4-JNI GetEnv version=0x00010002
G4-JNI GetEnv version=0x00010002
G4-JNI GetEnv version=0x00010002
G4-JNI GetEnv version=0x00010002
G4-JNI GetEnv version=0x00010002
G4-JNI GetEnv version=0x00010002
G4-JNI GetEnv version=0x00010002
G4-JNI GetEnv version=0x00010002
G4-JNI GetEnv version=0x00010002
G4-JNI GetEnv version=0x00010002
android[4] ResourceManager: Add texture: /published/texturepacks_ui/menu.sba_0

android[4] ResourceManager: Add texture: /published/texturepacks_ui/menu.sba_1

android[4] ResourceManager: Add texture: /published/texturepacks_ui/menu.sba_2

android[4] ResourceManager: Add texture: /published/texturepacks_ui/masks.sba_0

android[4] ResourceManager: Add asset: /published/textures/cars/texture_brakelight_additive.sba

android[4] ResourceManager: Add asset: /published/textures/cars/texture_headlight_additive.sba

android[4] ResourceManager: Add asset: /published/textures/environments/garage/texture_concrete_floor_1024_alt.sba

android[4] ResourceManager: Add asset: /published/textures/environments/garage/texture_garage_skydome.sba

android[4] ResourceManager: Add asset: /published/textures/environments/garage/texture_concrete_floor_1024.sba

android[5] warn: WARNING: loading model directly: /published/models/cutscenerig/garage.m3g

android[5] serialization_old/warn: Field "useOffset" not found!

android[4] ResourceManager: Add asset: /published/textures/environments/garage/texture_hemispheremap.sba

android[4] ResourceManager: Add asset: /published/textures/environments/garage/texture_hemispheremap_vinyl.sba

android[5] layouts/warning: SetAnimation: Animation load_complete not found in node /[NoID]/[NoID]

G4-JNI GetEnv version=0x00010006
G4-JNI GetEnv version=0x00010002
G4-JNI GetEnv version=0x00010002
G4-JNI GetEnv version=0x00010002
G4-JNI GetEnv version=0x00010002
G4-JNI GetEnv version=0x00010002
G4-JNI GetEnv version=0x00010002
G4-JNI GetEnv version=0x00010002
G4-JNI GetEnv version=0x00010002
G4-JNI GetEnv version=0x00010002
G4-JNI GetEnv version=0x00010002
G4-JNI GetEnv version=0x00010002
G4-JNI GetEnv version=0x00010002
G4-JNI GetEnv version=0x00010002
G4-JNI GetEnv version=0x00010002
G4-JNI GetEnv version=0x00010002
G4-JNI GetEnv version=0x00010002
G7-FRAME enter=600
G5-GL STATE frame=600 framebuffer=0 status=0x8cd5 errors=0
G7-FRAME leave=600
G4-JNI GetEnv version=0x00010006
android[5] layouts/warning: LayoutEntity not in cache, reloading: tutorial_check

android[2] trace: LayoutScreen::LayoutScreen OptionsSettingsScreen != 0

android[2] trace: ShowMogaHighlight start

android[2] trace: ShowMogaHighlight 1

android[2] trace: ShowMogaHighlight end

android[5] warn: Unlock: Is being unlocked. Lock count: 0

android[4] ResourceManager: Remove texture: /published/texturepacks_ui/splash_1333.sba_0

android[2] trace: LayoutScreen::LayoutScreen OptionsSettingsScreen != 0

android[2] trace: ShowMogaHighlight start

android[2] trace: ShowMogaHighlight 1

android[2] trace: ShowMogaHighlight end

android[6] serialization/error: Cannot remove non-existent field PendingUpgrades

android[4] ResourceManager: Remove asset: /published/textures/environments/garage/texture_concrete_floor_1024_alt.sba

android[4] ResourceManager: Remove asset: /published/textures/environments/garage/texture_garage_skydome.sba

android[4] ResourceManager: Remove asset: /published/textures/environments/garage/texture_concrete_floor_1024.sba

android[4] ResourceManager: Remove asset: /published/textures/cars/texture_brakelight_additive.sba

android[4] ResourceManager: Remove asset: /published/textures/cars/texture_headlight_additive.sba

android[5] layouts/warning: LayoutEntity not in cache, reloading: loading_firstplay

android[5] layouts/warning: LayoutEntity not in cache, reloading: spinner

android[5] layouts/warning: LayoutEntity not in cache, reloading: lower_white_bar

android[5] layouts/warning: TexturePack image not found for layout Sprite: hud/results_header.tif

android[5] layouts/warning: TexturePack image not found for layout Sprite: backgrounds/fairhaven_iphone.tif

android[2] trace: LayoutScreen::LayoutScreen OptionsSettingsScreen != 0

android[6] layouts/error: Unable to locate layout entity: tip_area

android[2] trace: FlowManager /published/texturepacks_ui/loading_firstplay.sba sba

android[2] trace: FlowManager /published/texturepacks_ui/loading_firstplay_1333.sba sba

android[4] ResourceManager: Add texture: /published/texturepacks_ui/loading_firstplay_1333.sba_0

android[5] warn: Lock: Is being locked. Lock count: 1

android[4] ResourceManager: Add texture: /published/texturepacks_ui/loading_race.sba_0

android[2] trace: MusicManager::SetPlaylist(): playlist=Loading fade=true

android[4] ResourceManager: Remove texture: /published/texturepacks_ui/masks.sba_0

android[4] ResourceManager: Remove texture: /published/texturepacks_ui/menu.sba_1

android[4] ResourceManager: Remove texture: /published/texturepacks_ui/menu.sba_2

android[4] ResourceManager: Remove texture: /published/texturepacks_ui/menu.sba_0

android[4] ResourceManager: Remove texture: /published/texturepacks_ui/map.sba_1

android[4] ResourceManager: Remove texture: /published/texturepacks_ui/map.sba_0

G4-JNI GetEnv version=0x00010002
android[2] trace: NFSSoundSubSystem::LoadInRaceSounds() - memory used = 0 MB

android[4] ResourceManager: Add texture: /published/texturepacks_flares/coronas.sba_0

android[5] warn: Non-power-of-two texture.  Wrapping set to clamp

android[4] ResourceManager: Add asset: /published/textures/cars/texture_tyre_marks.sba

android[4] ResourceManager: Add asset: /published/textures/cars/shadows/texture_car_shadow.sba

android[4] ResourceManager: Add asset: /published/textures/cars/texture_brakelight_additive.sba

android[4] ResourceManager: Add asset: /published/textures/cars/texture_headlight_additive.sba

android[2] trace: ShowMogaHighlight start

android[2] trace: ShowMogaHighlight 1

android[2] trace: ShowMogaHighlight end

G4-JNI GetEnv version=0x00010002
G4-JNI GetEnv version=0x00010002
G4-JNI GetEnv version=0x00010002
G4-JNI GetEnv version=0x00010002
G4-JNI GetEnv version=0x00010002
G4-JNI GetEnv version=0x00010002
G4-JNI GetEnv version=0x00010002
G4-JNI GetEnv version=0x00010002
G4-JNI GetEnv version=0x00010002
G4-JNI GetEnv version=0x00010002
G4-JNI GetEnv version=0x00010002
G4-JNI GetEnv version=0x00010002
G4-JNI GetEnv version=0x00010002
G4-JNI GetEnv version=0x00010002
G4-JNI GetEnv version=0x00010002
G4-JNI GetEnv version=0x00010002
G4-JNI GetEnv version=0x00010002
G4-JNI GetEnv version=0x00010002
G4-JNI GetEnv version=0x00010002
G4-JNI GetEnv version=0x00010002
G4-JNI GetEnv version=0x00010002
G4-JNI GetEnv version=0x00010002
G4-JNI GetEnv version=0x00010002
G4-JNI GetEnv version=0x00010002
G4-JNI GetEnv version=0x00010002
G4-JNI GetEnv version=0x00010002
G4-JNI GetEnv version=0x00010002
G4-JNI GetEnv version=0x00010002
G4-JNI GetEnv version=0x00010002
G4-JNI GetEnv version=0x00010002
G4-JNI GetEnv version=0x00010002
G4-JNI GetEnv version=0x00010002
G4-JNI GetEnv version=0x00010002
G4-JNI GetEnv version=0x00010002
G4-JNI GetEnv version=0x00010002
G4-JNI GetEnv version=0x00010002
G4-JNI GetEnv version=0x00010002
G4-JNI GetEnv version=0x00010002
G4-JNI GetEnv version=0x00010002
G4-JNI GetEnv version=0x00010002
G4-JNI GetEnv version=0x00010002
G4-JNI GetEnv version=0x00010002
G4-JNI GetEnv version=0x00010002
G4-JNI GetEnv version=0x00010002
G4-JNI GetEnv version=0x00010002
G4-JNI GetEnv version=0x00010002
G4-JNI GetEnv version=0x00010002
android[4] ResourceManager: Add asset: /published/textures/environments/chicago/texture_nfs_chicago2_road.sba

android[4] ResourceManager: Add asset: /published/textures/environments/chicago/texture_nfs_chicago_road_lm04.sba

android[4] ResourceManager: Add asset: /published/textures/environments/chicago/texture_nfs_chicago_road_spec01.sba

G7-FRAME enter=900
G5-GL STATE frame=900 framebuffer=0 status=0x8cd5 errors=0
G7-FRAME leave=900
android[4] ResourceManager: Add asset: /published/textures/environments/chicago/texture_nfs_chicago_road_lm01.sba

android[4] ResourceManager: Add asset: /published/textures/environments/chicago/texture_nfs_chicago2_barrier.sba

android[4] ResourceManager: Add asset: /published/textures/environments/chicago/texture_nfs_chicago2_alpha.sba

android[4] ResourceManager: Add asset: /published/textures/environments/chicago/texture_nfs_chicago2_buildings.sba

android[4] ResourceManager: Add asset: /published/textures/environments/chicago/texture_nfs_chicago2_skydome.sba

android[4] ResourceManager: Add asset: /published/textures/sponsors/texture_nfs_sponsorbillboards_chicago.sba

android[4] ResourceManager: Add asset: /published/textures/environments/chicago/texture_nfs_chicago2_fx.sba

android[4] ResourceManager: Add asset: /published/textures/collidables/texture_collidables_chicago.sba

android[4] ResourceManager: Add asset: /published/textures/collidables/texture_nfs_collidables_lightingeffects.sba

android[4] ResourceManager: Add asset: /published/textures/checkpoints/texture_startendcheckpoint_global.sba

android[4] ResourceManager: Add asset: /published/textures/collidables/texture_collidables_newyork.sba

android[5] warn: Texture pack /published/texturepacks_flares/lensflare_desert_sun.m3g referenced using .m3g extension; should be updated to .sb
android[5] warn: a

android[4] ResourceManager: Add asset: /published/textures/collidables/texture_collidables_colorado.sba

android[5] warn: WARNING: loading model directly: /published/models/cars/roadblock_dodge_charger_srt8_2010/roadblock_dodge_charger_srt8_2010.m3
android[5] warn: g

android[4] ResourceManager: Add asset: /published/textures/cars/cop_dodge_charger_srt8_2010/texture_cop_dodge_charger_srt8_2010_diffuse_00.sba

android[4] ResourceManager: Add asset: /published/textures/cars/cop_common/texture_lightfx_2.sba

android[4] ResourceManager: Add asset: /published/textures/cars/cop_dodge_charger_srt8_2010/texture_cop_dodge_charger_srt8_2010_alpha.sba

android[5] warn: WARNING: loading model directly: /published/models/cars/roadblock_dodge_charger_srt8_2010/roadblock_dodge_charger_srt8_2010.m3
android[5] warn: g

android[5] warn: WARNING: loading model directly: /published/models/cars/roadblock_dodge_charger_srt8_2010/roadblock_dodge_charger_srt8_2010.m3
android[5] warn: g

android[5] warn: WARNING: loading model directly: /published/models/cars/roadblock_dodge_charger_srt8_2010/roadblock_dodge_charger_srt8_2010.m3
android[5] warn: g

android[5] warn: WARNING: loading model directly: /published/models/cars/roadblock_dodge_charger_srt8_2010/roadblock_dodge_charger_srt8_2010.m3
android[5] warn: g

android[5] warn: WARNING: loading model directly: /published/models/cars/roadblock_dodge_charger_srt8_2010/roadblock_dodge_charger_srt8_2010.m3
android[5] warn: g

android[5] warn: WARNING: loading model directly: /published/models/cars/roadblock_dodge_charger_srt8_2010/roadblock_dodge_charger_srt8_2010.m3
android[5] warn: g

android[5] warn: WARNING: loading model directly: /published/models/cars/roadblock_dodge_charger_srt8_2010/roadblock_dodge_charger_srt8_2010.m3
android[5] warn: g

android[6] Sound/SoundManager/error: FMOD result of SoundManager::createSound: An error occured that wasn't supposed to.  Contact support. 

android[5] Sound/SoundManager/warn: SoundManager::createSound - 'effects/environments/ambience_chicago_1': failure.

android[4] ResourceManager: Add asset: /published/textures/cars/cop_dodge_charger_srt8_2010/texture_cop_dodge_charger_srt8_2010_diffuse_reflection_gloss.s
android[4] ResourceManager: ba

android[4] ResourceManager: Add asset: /published/brdf/texture_brdf_gloss.sba

android[4] ResourceManager: Add asset: /published/brdf/texture_sp_gloss.sba

android[4] ResourceManager: Add asset: /published/textures/cars/numberplates/texture_numberplate_need4speed.sba

G4-JNI GetEnv version=0x00010006
android[4] ResourceManager: Add asset: /published/textures/cars/cop_dodge_charger_srt8_2010/texture_cop_dodge_charger_srt8_2010_alpha_reflection.sba

android[4] ResourceManager: Add asset: /published/textures/cars/cop_dodge_charger_srt8_2010/texture_cop_dodge_charger_srt8_2010_alpha_damage.sba

android[4] ResourceManager: Add asset: /published/brdf/texture_sp_wheels.sba

android[4] ResourceManager: Add asset: /published/textures/environments/chicago/texture_nfs_chicago2_skydome_nofog.sba

android[5] warn: WARNING: loading model directly: /published/models/cars/dodge_challenger_srt8_392_2011/dodge_challenger_srt8_392_2011.m3g

android[4] ResourceManager: Add asset: /published/textures/cars/dodge_challenger_srt8_392_2011/texture_dodge_challenger_srt8_392_2011_diffuse_00.sba

android[4] ResourceManager: Add asset: /published/textures/cars/dodge_challenger_srt8_392_2011/texture_dodge_challenger_srt8_392_2011_alpha.sba

android[4] ResourceManager: Add asset: /published/textures/cars/texture_light_falloff.sba

android[5] warn: WARNING: loading model directly: /published/models/cars/fx_nitro.m3g

android[4] ResourceManager: Add asset: /published/textures/cars/texture_fx_nitro.sba

android[5] warn: WARNING: loading model directly: /published/models/cars/fx_nitro.m3g

android[5] warn: WARNING: loading model directly: /published/models/cars/fx_nitro.m3g

android[5] warn: WARNING: loading model directly: /published/models/cars/fx_nitro.m3g

android[4] ResourceManager: Add asset: /published/textures/cars/numberplates/texture_numberplate_need4speed_reflection.sba

android[4] ResourceManager: Add asset: /published/textures/cars/dodge_challenger_srt8_392_2011/texture_dodge_challenger_srt8_392_2011_alpha_reflection.sba

android[4] ResourceManager: Add asset: /published/textures/cars/dodge_challenger_srt8_392_2011/texture_dodge_challenger_srt8_392_2011_alpha_damage.sba

android[4] ResourceManager: Add asset: /published/textures/cars/dodge_challenger_srt8_392_2011/texture_dodge_challenger_srt8_392_2011_diffuse_reflection_g
android[4] ResourceManager: loss.sba

android[4] ResourceManager: Add asset: /published/brdf/texture_brdf_gloss_light.sba

android[4] ResourceManager: Add asset: /published/brdf/texture_sp_dodge_challenger_srt8_392_2011_white.sba

android[5] warn: WARNING: loading model directly: /published/models/blacklisttech/spikestrip.m3g

android[4] ResourceManager: Add asset: /published/textures/blacklisttech/texture_generic_light.sba

android[4] ResourceManager: Add asset: /published/textures/blacklisttech/texture_spikestrip.sba

android[5] warn: OnSceneChanged: could not find spike strip locator.

android[5] warn: SetTarget: could not find locator_camera_rearview, using existing rear view camera position.

android[5] warn: WARNING: loading model directly: /published/models/cars/chevrolet_camaro_zl1_2011/chevrolet_camaro_zl1_2011.m3g

android[4] ResourceManager: Add asset: /published/textures/cars/chevrolet_camaro_zl1_2011/texture_chevrolet_camaro_zl1_2011_diffuse_00.sba

android[4] ResourceManager: Add asset: /published/textures/cars/chevrolet_camaro_zl1_2011/texture_chevrolet_camaro_zl1_2011_alpha.sba

android[5] warn: WARNING: loading model directly: /published/models/cars/fx_nitro.m3g

android[5] warn: WARNING: loading model directly: /published/models/cars/fx_nitro.m3g

android[5] warn: WARNING: loading model directly: /published/models/cars/fx_nitro.m3g

android[5] warn: WARNING: loading model directly: /published/models/cars/fx_nitro.m3g

android[4] ResourceManager: Add asset: /published/textures/cars/chevrolet_camaro_zl1_2011/texture_chevrolet_camaro_zl1_2011_alpha_reflection.sba

android[4] ResourceManager: Add asset: /published/textures/cars/chevrolet_camaro_zl1_2011/texture_chevrolet_camaro_zl1_2011_alpha_damage.sba

android[4] ResourceManager: Add asset: /published/textures/cars/chevrolet_camaro_zl1_2011/texture_chevrolet_camaro_zl1_2011_diffuse_02.sba

android[4] ResourceManager: Add asset: /published/textures/cars/chevrolet_camaro_zl1_2011/texture_chevrolet_camaro_zl1_2011_diffuse_reflection_gloss.sba

android[4] ResourceManager: Add asset: /published/brdf/texture_brdf_gloss_mid.sba

android[5] warn: WARNING: loading model directly: /published/models/blacklisttech/spikestrip.m3g

android[5] warn: OnSceneChanged: could not find spike strip locator.

android[5] warn: WARNING: loading model directly: /published/models/cars/bmw_m3_e92_2009/bmw_m3_e92_2009.m3g

android[4] ResourceManager: Add asset: /published/textures/cars/bmw_m3_e92_2009/texture_bmw_m3_e92_2009_diffuse_00.sba

android[4] ResourceManager: Add asset: /published/textures/cars/bmw_m3_e92_2009/texture_bmw_m3_e92_2009_alpha.sba

android[5] warn: WARNING: loading model directly: /published/models/cars/fx_nitro.m3g

android[5] warn: WARNING: loading model directly: /published/models/cars/fx_nitro.m3g

android[5] warn: WARNING: loading model directly: /published/models/cars/fx_nitro.m3g

android[5] warn: WARNING: loading model directly: /published/models/cars/fx_nitro.m3g

android[4] ResourceManager: Add asset: /published/textures/cars/bmw_m3_e92_2009/texture_bmw_m3_e92_2009_alpha_reflection.sba

android[4] ResourceManager: Add asset: /published/textures/cars/bmw_m3_e92_2009/texture_bmw_m3_e92_2009_alpha_damage.sba

android[4] ResourceManager: Add asset: /published/textures/cars/bmw_m3_e92_2009/texture_bmw_m3_e92_2009_diffuse_03.sba

android[4] ResourceManager: Add asset: /published/textures/cars/bmw_m3_e92_2009/texture_bmw_m3_e92_2009_diffuse_reflection_gloss.sba

android[4] ResourceManager: Add asset: /published/brdf/texture_brdf_metallic.sba

android[4] ResourceManager: Add asset: /published/brdf/texture_sp_metallic.sba

android[5] warn: WARNING: loading model directly: /published/models/blacklisttech/spikestrip.m3g

android[5] warn: OnSceneChanged: could not find spike strip locator.

android[5] warn: WARNING: loading model directly: /published/models/cars/dodge_challenger_srt8_392_2011/dodge_challenger_srt8_392_2011.m3g

android[5] warn: WARNING: loading model directly: /published/models/cars/fx_nitro.m3g

android[5] warn: WARNING: loading model directly: /published/models/cars/fx_nitro.m3g

android[5] warn: WARNING: loading model directly: /published/models/cars/fx_nitro.m3g

android[5] warn: WARNING: loading model directly: /published/models/cars/fx_nitro.m3g

android[4] ResourceManager: Add asset: /published/textures/cars/dodge_challenger_srt8_392_2011/texture_dodge_challenger_srt8_392_2011_diffuse_03.sba

android[4] ResourceManager: Add asset: /published/textures/cars/dodge_challenger_srt8_392_2011/texture_dodge_challenger_srt8_392_2011_diffuse_reflection_s
android[4] ResourceManager: peedstripe.sba

android[4] ResourceManager: Add asset: /published/brdf/texture_brdf_dodge_challenger_srt8_392_2011_green.sba

android[4] ResourceManager: Add asset: /published/brdf/texture_sp_colouredpearl.sba

android[5] warn: WARNING: loading model directly: /published/models/blacklisttech/spikestrip.m3g

android[5] warn: OnSceneChanged: could not find spike strip locator.

android[5] warn: WARNING: loading model directly: /published/models/cars/bmw_m3_e92_2009/bmw_m3_e92_2009.m3g

android[5] warn: WARNING: loading model directly: /published/models/cars/fx_nitro.m3g

android[5] warn: WARNING: loading model directly: /published/models/cars/fx_nitro.m3g

android[5] warn: WARNING: loading model directly: /published/models/cars/fx_nitro.m3g

android[5] warn: WARNING: loading model directly: /published/models/cars/fx_nitro.m3g

G7-FRAME enter=1200
G5-GL STATE frame=1200 framebuffer=0 status=0x8cd5 errors=0
android[4] ResourceManager: Add asset: /published/textures/cars/bmw_m3_e92_2009/texture_bmw_m3_e92_2009_diffuse_01.sba

android[5] warn: WARNING: loading model directly: /published/models/blacklisttech/spikestrip.m3g

G7-FRAME leave=1200
android[5] warn: OnSceneChanged: could not find spike strip locator.

android[5] warn: WARNING: loading model directly: /published/models/cars/dodge_challenger_srt8_392_2011/dodge_challenger_srt8_392_2011.m3g

android[5] warn: WARNING: loading model directly: /published/models/cars/fx_nitro.m3g

android[5] warn: WARNING: loading model directly: /published/models/cars/fx_nitro.m3g

android[5] warn: WARNING: loading model directly: /published/models/cars/fx_nitro.m3g

android[5] warn: WARNING: loading model directly: /published/models/cars/fx_nitro.m3g

android[4] ResourceManager: Add asset: /published/textures/cars/dodge_challenger_srt8_392_2011/texture_dodge_challenger_srt8_392_2011_diffuse_02.sba

android[4] ResourceManager: Add asset: /published/brdf/texture_brdf_gloss_dark.sba

android[5] warn: WARNING: loading model directly: /published/models/blacklisttech/spikestrip.m3g

android[5] warn: OnSceneChanged: could not find spike strip locator.

android[6] error: OnCarLoadedcould not load default config default for car prefab traffic_ford_crown_victoria_taxi

android[5] warn: WARNING: loading model directly: /published/models/cars/traffic_ford_crown_victoria_taxi/traffic_ford_crown_victoria_taxi.m3g

android[4] ResourceManager: Add asset: /published/textures/cars/traffic_ford_crown_victoria_taxi/texture_traffic_ford_crown_victoria_taxi_diffuse.sba

android[4] ResourceManager: Add asset: /published/textures/cars/traffic_ford_crown_victoria_taxi/texture_traffic_ford_crown_victoria_taxi_reflection_gloss
android[4] ResourceManager: .sba

android[6] error: OnCarLoadedcould not load default config default for car prefab traffic_cadillac_cts_v_2003

android[5] warn: WARNING: loading model directly: /published/models/cars/traffic_cadillac_cts_v_2003/traffic_cadillac_cts_v_2003.m3g

android[4] ResourceManager: Add asset: /published/textures/cars/traffic_cadillac_cts_v_2003/texture_traffic_cadillac_cts_v_2003_diffuse_00.sba

android[4] ResourceManager: Add asset: /published/textures/cars/traffic_cadillac_cts_v_2003/texture_traffic_cadillac_cts_v_2003_diffuse_reflection_gloss.s
android[4] ResourceManager: ba

android[6] error: OnCarLoadedcould not load default config default for car prefab traffic_audi_a3_2009

android[5] warn: WARNING: loading model directly: /published/models/cars/traffic_audi_a3_2009/traffic_audi_a3_2009.m3g

android[4] ResourceManager: Add asset: /published/textures/cars/traffic_audi_a3_2009/texture_traffic_audi_a3_2009_diffuse.sba

android[4] ResourceManager: Add asset: /published/textures/cars/traffic_audi_a3_2009/texture_traffic_audi_a3_2009_reflection_gloss.sba

android[6] error: OnCarLoadedcould not load default config default for car prefab traffic_dodge_ram1500_2010

android[5] warn: WARNING: loading model directly: /published/models/cars/traffic_dodge_ram1500_2010/traffic_dodge_ram1500_2010.m3g

android[4] ResourceManager: Add asset: /published/textures/cars/traffic_dodge_ram1500_2010/texture_traffic_dodge_ram1500_2010_diffuse_00.sba

android[4] ResourceManager: Add asset: /published/textures/cars/traffic_dodge_ram1500_2010/texture_traffic_dodge_ram1500_2010_diffuse_reflection_gloss.sba

android[6] error: OnCarLoadedcould not load default config default for car prefab traffic_ford_crown_victoria_taxi

android[5] warn: WARNING: loading model directly: /published/models/cars/traffic_ford_crown_victoria_taxi/traffic_ford_crown_victoria_taxi.m3g

android[6] error: OnCarLoadedcould not load default config default for car prefab traffic_cadillac_cts_v_2003

android[5] warn: WARNING: loading model directly: /published/models/cars/traffic_cadillac_cts_v_2003/traffic_cadillac_cts_v_2003.m3g

android[6] error: OnCarLoadedcould not load default config default for car prefab traffic_audi_a3_2009

android[5] warn: WARNING: loading model directly: /published/models/cars/traffic_audi_a3_2009/traffic_audi_a3_2009.m3g

android[6] error: OnCarLoadedcould not load default config default for car prefab traffic_dodge_ram1500_2010

android[5] warn: WARNING: loading model directly: /published/models/cars/traffic_dodge_ram1500_2010/traffic_dodge_ram1500_2010.m3g

android[5] warn: Failed to find component of type CopDescription in root actor of prefab published/data/pursuit/pursuit_1-I-R.prefabs.sb

android[5] warn: Failed to find component of type CopDescription in root actor of prefab published/data/pursuit/pursuit_1-I-S.prefabs.sb

android[5] warn: Failed to find component of type CopDescription in root actor of prefab published/data/pursuit/pursuit_1-I-SR.prefabs.sb

android[5] warn: Failed to find component of type CopDescription in root actor of prefab published/data/pursuit/pursuit_1-I.prefabs.sb

android[5] warn: Failed to find component of type CopDescription in root actor of prefab published/data/pursuit/pursuit_1-P-R.prefabs.sb

android[5] warn: Failed to find component of type CopDescription in root actor of prefab published/data/pursuit/pursuit_1-P-R_easy.prefabs.sb

android[5] warn: Failed to find component of type CopDescription in root actor of prefab published/data/pursuit/pursuit_1-P-S.prefabs.sb

android[5] warn: Failed to find component of type CopDescription in root actor of prefab published/data/pursuit/pursuit_1-P-SR.prefabs.sb

android[5] warn: Failed to find component of type CopDescription in root actor of prefab published/data/pursuit/pursuit_1-P.prefabs.sb

android[5] warn: Failed to find component of type CopDescription in root actor of prefab published/data/pursuit/pursuit_1-PS-R.prefabs.sb

android[5] warn: Failed to find component of type CopDescription in root actor of prefab published/data/pursuit/pursuit_1-PS-R_easy.prefabs.sb

android[5] warn: Failed to find component of type CopDescription in root actor of prefab published/data/pursuit/pursuit_1-PS.prefabs.sb

android[5] warn: Failed to find component of type CopDescription in root actor of prefab published/data/pursuit/pursuit_1-P_easy.prefabs.sb

android[5] warn: Failed to find component of type CopDescription in root actor of prefab published/data/pursuit/pursuit_1-S-R.prefabs.sb

android[5] warn: Failed to find component of type CopDescription in root actor of prefab published/data/pursuit/pursuit_1-S.prefabs.sb

android[5] warn: Failed to find component of type CopDescription in root actor of prefab published/data/pursuit/pursuit_2-I-S.prefabs.sb

android[5] warn: Failed to find component of type CopDescription in root actor of prefab published/data/pursuit/pursuit_2-I-SR.prefabs.sb

android[5] warn: Failed to find component of type CopDescription in root actor of prefab published/data/pursuit/pursuit_2-P-R.prefabs.sb

android[5] warn: Failed to find component of type CopDescription in root actor of prefab published/data/pursuit/pursuit_2-P-S.prefabs.sb

android[5] warn: Failed to find component of type CopDescription in root actor of prefab published/data/pursuit/pursuit_2-PS-R.prefabs.sb

android[5] warn: Failed to find component of type CopDescription in root actor of prefab published/data/pursuit/pursuit_2-PS-S.prefabs.sb

android[5] warn: Failed to find component of type CopDescription in root actor of prefab published/data/pursuit/pursuit_2-PS-SR.prefabs.sb

android[5] warn: Failed to find component of type CopDescription in root actor of prefab published/data/pursuit/pursuit_2-PS.prefabs.sb

android[5] warn: Failed to find component of type CopDescription in root actor of prefab published/data/pursuit/pursuit_2-PSI-S.prefabs.sb

android[5] warn: Failed to find component of type CopDescription in root actor of prefab published/data/pursuit/pursuit_2-PSI-SR.prefabs.sb

android[5] warn: Failed to find component of type CopDescription in root actor of prefab published/data/pursuit/pursuit_2-S-R_easy.prefabs.sb

android[5] warn: Failed to find component of type CopDescription in root actor of prefab published/data/pursuit/pursuit_2-S-SR_easy.prefabs.sb

android[5] warn: Failed to find component of type CopDescription in root actor of prefab published/data/pursuit/pursuit_2-SI-SR_hard.prefabs.sb

android[5] warn: Failed to find component of type CopDescription in root actor of prefab published/data/pursuit/pursuit_3-I-S.prefabs.sb

android[5] warn: Failed to find component of type CopDescription in root actor of prefab published/data/pursuit/pursuit_3-I-SR.prefabs.sb

android[5] warn: Failed to find component of type CopDescription in root actor of prefab published/data/pursuit/pursuit_3-I-SR_hard.prefabs.sb

android[5] warn: Failed to find component of type CopDescription in root actor of prefab published/data/pursuit/pursuit_3-I-S_hard.prefabs.sb

android[5] warn: Failed to find component of type CopDescription in root actor of prefab published/data/pursuit/pursuit_3-P-R_easy.prefabs.sb

android[5] warn: Failed to find component of type CopDescription in root actor of prefab published/data/pursuit/pursuit_3-PI-R.prefabs.sb

android[5] warn: Failed to find component of type CopDescription in root actor of prefab published/data/pursuit/pursuit_3-PI-S.prefabs.sb

android[5] warn: Failed to find component of type CopDescription in root actor of prefab published/data/pursuit/pursuit_3-PS-R.prefabs.sb

android[5] warn: Failed to find component of type CopDescription in root actor of prefab published/data/pursuit/pursuit_3-PS-R_easy.prefabs.sb

android[5] warn: Failed to find component of type CopDescription in root actor of prefab published/data/pursuit/pursuit_3-PS-SR.prefabs.sb

android[5] warn: Failed to find component of type CopDescription in root actor of prefab published/data/pursuit/pursuit_3-PS.prefabs.sb

android[5] warn: Failed to find component of type CopDescription in root actor of prefab published/data/pursuit/pursuit_3-PSI-S.prefabs.sb

android[5] warn: Failed to find component of type CopDescription in root actor of prefab published/data/pursuit/pursuit_3-PSI-SR.prefabs.sb

android[5] warn: Failed to find component of type CopDescription in root actor of prefab published/data/pursuit/pursuit_3-PSI-SR_hard.prefabs.s
android[5] warn: b

android[5] warn: Failed to find component of type CopDescription in root actor of prefab published/data/pursuit/pursuit_3-S-R_easy.prefabs.sb

android[5] warn: Failed to find component of type CopDescription in root actor of prefab published/data/pursuit/pursuit_3-SI-SR.prefabs.sb

android[5] warn: Failed to find component of type CopDescription in root actor of prefab published/data/pursuit/pursuit_level_openworld.prefabs
android[5] warn: .sb

android[5] warn: Failed to find component of type PursuitRaceDescription in root actor of prefab published/data/pursuit/cop_interceptor_hard.pr
android[5] warn: efabs.sb

android[5] warn: Failed to find component of type PursuitRaceDescription in root actor of prefab published/data/pursuit/cop_interceptor_standar
android[5] warn: d.prefabs.sb

android[5] warn: Failed to find component of type PursuitRaceDescription in root actor of prefab published/data/pursuit/cop_openworld_intercept
android[5] warn: or.prefabs.sb

android[5] warn: Failed to find component of type PursuitRaceDescription in root actor of prefab published/data/pursuit/cop_openworld_patrol.pr
android[5] warn: efabs.sb

android[5] warn: Failed to find component of type PursuitRaceDescription in root actor of prefab published/data/pursuit/cop_openworld_suv.prefa
android[5] warn: bs.sb

android[5] warn: Failed to find component of type PursuitRaceDescription in root actor of prefab published/data/pursuit/cop_patrol_easy.prefabs
android[5] warn: .sb

android[5] warn: Failed to find component of type PursuitRaceDescription in root actor of prefab published/data/pursuit/cop_patrol_standard.pre
android[5] warn: fabs.sb

android[5] warn: Failed to find component of type PursuitRaceDescription in root actor of prefab published/data/pursuit/cop_suv_easy.prefabs.sb

android[5] warn: Failed to find component of type PursuitRaceDescription in root actor of prefab published/data/pursuit/cop_suv_hard.prefabs.sb

android[5] warn: Failed to find component of type PursuitRaceDescription in root actor of prefab published/data/pursuit/cop_suv_standard.prefab
android[5] warn: s.sb

android[5] warn: Database of PursuitRaceDescription prefabs has no entry with ID 

android[6] error: PursuitSubSystem - failed to load pursuit prefab ""

android[5] warn: LoadData: action with no out element.

android[5] warn: WARNING: loading model directly: /published/models/cutscenerig/race.m3g

android[5] warn: WARNING: loading model directly: /published/models/cutscenerig/outro_fail.m3g

android[5] warn: WARNING: loading model directly: /published/models/cutscenerig/outro_complete.m3g

android[4] ResourceManager: Add texture: /published/texturepacks_ui/in_game.sba_0

android[4] ResourceManager: Add asset: /published/textures/environments/chicago/texture_hemispheremap2_vinyl.sba

android[4] ResourceManager: Add asset: /published/textures/environments/chicago/texture_hemispheremap2.sba

android[2] trace: NFSSoundSubSystem::LoadCopChatterSounds() - memory used = 0 MB

android[5] layouts/warning: LayoutEntity not in cache, reloading: hud_race

android[5] layouts/warning: LayoutEntity not in cache, reloading: hud_position

android[5] layouts/warning: LayoutEntity not in cache, reloading: hud_container_small_left

android[5] layouts/warning: LayoutEntity not in cache, reloading: hud_container_large_left

android[5] layouts/warning: LayoutEntity not in cache, reloading: hud_timer

android[5] layouts/warning: LayoutEntity not in cache, reloading: hud_container_small_right

android[5] layouts/warning: LayoutEntity not in cache, reloading: hud_container_large_right

android[5] layouts/warning: LayoutEntity not in cache, reloading: hud_common_elements

android[5] layouts/warning: LayoutEntity not in cache, reloading: hud_pause

android[5] layouts/warning: LayoutEntity not in cache, reloading: hud_profileactions

android[5] layouts/warning: LayoutEntity not in cache, reloading: hud_driftindicator

android[5] layouts/warning: LayoutEntity not in cache, reloading: hud_damagepenalty

android[5] layouts/warning: LayoutEntity not in cache, reloading: hud_wrongwayindicator

android[5] layouts/warning: LayoutEntity not in cache, reloading: hud_line

android[5] layouts/warning: LayoutEntity not in cache, reloading: hud_opponent_marker

android[5] layouts/warning: LayoutEntity not in cache, reloading: hud_opponenthealthbar

android[5] layouts/warning: LayoutEntity not in cache, reloading: hud_takedownmessaging

android[5] layouts/warning: LayoutEntity not in cache, reloading: hud_line

android[5] layouts/warning: LayoutEntity not in cache, reloading: hud_achievementnotification

android[5] layouts/warning: LayoutEntity not in cache, reloading: hud_milestone_popup_sp_value

android[5] layouts/warning: LayoutEntity not in cache, reloading: hud_milestone_popup_mainbar

android[5] layouts/warning: LayoutEntity not in cache, reloading: achievement_icon

android[5] layouts/warning: LayoutEntity not in cache, reloading: hud_minimap

android[5] layouts/warning: LayoutEntity not in cache, reloading: hud_speedo

android[5] layouts/warning: LayoutEntity not in cache, reloading: flare_nitro_loop

android[5] layouts/warning: LayoutEntity not in cache, reloading: hud_playerhealthbar

android[5] layouts/warning: LayoutEntity not in cache, reloading: hud_bustedbar

android[5] layouts/warning: LayoutEntity not in cache, reloading: busted_text_flash

android[5] layouts/warning: LayoutEntity not in cache, reloading: busted_light_redadd_loop

android[5] layouts/warning: LayoutEntity not in cache, reloading: busted_light_blueadd_loop

android[5] layouts/warning: LayoutEntity not in cache, reloading: busted_light_redadd_loop

android[5] layouts/warning: LayoutEntity not in cache, reloading: busted_light_blueadd_loop

android[5] layouts/warning: LayoutEntity not in cache, reloading: busted_light_redadd_loop

android[5] layouts/warning: LayoutEntity not in cache, reloading: busted_light_blueadd_loop

android[5] layouts/warning: LayoutEntity not in cache, reloading: hud_nitro

android[5] layouts/warning: LayoutEntity not in cache, reloading: hud_nitro_level

android[5] layouts/warning: LayoutEntity not in cache, reloading: hud_nitro_activewindow

android[5] layouts/warning: LayoutEntity not in cache, reloading: hud_nitro_colour

android[5] layouts/warning: LayoutEntity not in cache, reloading: smoke_nitro_loop

android[5] layouts/warning: LayoutEntity not in cache, reloading: hud_nitro_level2

android[5] layouts/warning: LayoutEntity not in cache, reloading: hud_nitro_colour2

android[5] layouts/warning: LayoutEntity not in cache, reloading: hud_nitro_activewindow

android[5] layouts/warning: LayoutEntity not in cache, reloading: hud_damageindicator_offcar

android[5] layouts/warning: LayoutEntity not in cache, reloading: hud_damage_offcar_bar

android[5] layouts/warning: LayoutEntity not in cache, reloading: damage_critical_loop

android[5] layouts/warning: LayoutEntity not in cache, reloading: hud_damageindicator_incar

android[5] layouts/warning: LayoutEntity not in cache, reloading: hud_damage_incar_bar

android[5] layouts/warning: LayoutEntity not in cache, reloading: damage_critical_loop_incar

android[5] layouts/warning: LayoutEntity not in cache, reloading: hud_driftindicator_incar

android[5] layouts/warning: LayoutEntity not in cache, reloading: drivingtutorial

android[5] layouts/warning: LayoutEntity not in cache, reloading: drivingtutorial_nitro

android[5] layouts/warning: LayoutEntity not in cache, reloading: tutorial_messaging_bg

android[5] layouts/warning: LayoutEntity not in cache, reloading: options_help_art_arrow2

android[5] layouts/warning: LayoutEntity not in cache, reloading: drivingtutorial_nitro_moga

android[5] layouts/warning: LayoutEntity not in cache, reloading: tutorial_messaging_bg

android[5] layouts/warning: LayoutEntity not in cache, reloading: options_help_art_arrow3

android[5] layouts/warning: LayoutEntity not in cache, reloading: drivingtutorial_drift

android[5] layouts/warning: LayoutEntity not in cache, reloading: tutorial_messaging_bg

android[5] layouts/warning: LayoutEntity not in cache, reloading: drivingtutorial_drift_moga

android[5] layouts/warning: LayoutEntity not in cache, reloading: tutorial_messaging_bg

android[5] layouts/warning: LayoutEntity not in cache, reloading: drivingtutorial_brake

android[5] layouts/warning: LayoutEntity not in cache, reloading: tutorial_messaging_bg

android[5] layouts/warning: LayoutEntity not in cache, reloading: drivingtutorial_brake_touch

android[5] layouts/warning: LayoutEntity not in cache, reloading: tutorial_messaging_bg

android[5] layouts/warning: LayoutEntity not in cache, reloading: options_icon_controls2

android[5] layouts/warning: LayoutEntity not in cache, reloading: options_help_bounding_small

android[5] layouts/warning: LayoutEntity not in cache, reloading: drivingtutorial_brake_moga

android[5] layouts/warning: LayoutEntity not in cache, reloading: tutorial_messaging_bg

android[5] layouts/warning: LayoutEntity not in cache, reloading: options_help_art_arrow3

android[5] layouts/warning: LayoutEntity not in cache, reloading: drivingtutorial_steer_touch2

android[5] layouts/warning: LayoutEntity not in cache, reloading: tutorial_messaging_bg

android[5] layouts/warning: LayoutEntity not in cache, reloading: drivingtutorial_steer_moga

android[5] layouts/warning: LayoutEntity not in cache, reloading: tutorial_messaging_bg

android[5] layouts/warning: LayoutEntity not in cache, reloading: drivingtutorial_steer_moga_touch

android[5] layouts/warning: LayoutEntity not in cache, reloading: tutorial_messaging_bg

android[5] layouts/warning: LayoutEntity not in cache, reloading: drivingtutorial_steer_moga_tilt

android[5] layouts/warning: LayoutEntity not in cache, reloading: tutorial_messaging_bg

android[5] layouts/warning: LayoutEntity not in cache, reloading: drivingtutorial_steer_tilt

android[5] layouts/warning: LayoutEntity not in cache, reloading: tutorial_messaging_bg

android[5] layouts/warning: LayoutEntity not in cache, reloading: options_controls_iphone_tilt

android[5] layouts/warning: LayoutEntity not in cache, reloading: options_icon_controls2

android[5] layouts/warning: LayoutEntity not in cache, reloading: options_icon_controls2

android[5] layouts/warning: LayoutEntity not in cache, reloading: drivingtutorial_steer_touch

android[5] layouts/warning: LayoutEntity not in cache, reloading: tutorial_messaging_bg

android[5] layouts/warning: LayoutEntity not in cache, reloading: options_icon_controls2

android[5] layouts/warning: LayoutEntity not in cache, reloading: drivingtutorial_steer_tilt_moga

android[5] layouts/warning: LayoutEntity not in cache, reloading: tutorial_messaging_bg

android[5] layouts/warning: LayoutEntity not in cache, reloading: options_help_art_arrow3

android[5] layouts/warning: LayoutEntity not in cache, reloading: drivingtutorial_drifttip_2line

android[5] layouts/warning: LayoutEntity not in cache, reloading: tutorial_messaging_bg

android[5] layouts/warning: LayoutEntity not in cache, reloading: drivingtutorial_finished

android[5] layouts/warning: LayoutEntity not in cache, reloading: tutorial_messaging_bg

android[5] layouts/warning: LayoutEntity not in cache, reloading: drivingtutorial_xperia_steer_touch

android[5] layouts/warning: LayoutEntity not in cache, reloading: tutorial_messaging_bg

android[5] layouts/warning: LayoutEntity not in cache, reloading: drivingtutorial_xperia_btn_touch_steer

android[5] layouts/warning: LayoutEntity not in cache, reloading: drivingtutorial_xperia_nitro

android[5] layouts/warning: LayoutEntity not in cache, reloading: tutorial_messaging_bg

android[5] layouts/warning: LayoutEntity not in cache, reloading: drivingtutorial_xperia_btn_nitro

android[5] layouts/warning: LayoutEntity not in cache, reloading: drivingtutorial_xperia_drift2

android[5] layouts/warning: LayoutEntity not in cache, reloading: tutorial_messaging_bg

android[5] layouts/warning: LayoutEntity not in cache, reloading: drivingtutorial_xperia_btn_drift2

android[5] layouts/warning: LayoutEntity not in cache, reloading: drivingtutorial_xperia_brake2

android[5] layouts/warning: LayoutEntity not in cache, reloading: tutorial_messaging_bg

android[5] layouts/warning: LayoutEntity not in cache, reloading: drivingtutorial_xperia_btn_brake

android[6] layouts/error: Unable to locate layout entity: _penalty

android[6] layouts/error: Unable to locate layout entity: _wrongwayindicator

android[6] layouts/error: Unable to locate layout entity: _progress_bar

android[5] layouts/warning: TexturePack image not found in LayoutCache: images/minimap_mask.tif

android[5] layouts/warning: TexturePack image not found in LayoutCache: images/minimap_frame.tif

android[6] layouts/error: Unable to locate layout entity: _units

android[5] layouts/warning: SetAnimation: Animation default not found in node /[NoID]

android[5] layouts/warning: SetAnimation: Animation default not found in node /[NoID]

android[5] layouts/warning: TexturePack image not found for layout Sprite: icons/icon_upgrades_none.tif

android[5] layouts/warning: TexturePack image not found for layout Sprite: hud/icon_target.tif

android[5] layouts/warning: LayoutEntity not in cache, reloading: hud_letterbox

android[5] layouts/warning: LayoutEntity not in cache, reloading: btn_musicskip

android[5] layouts/warning: LayoutEntity not in cache, reloading: hud_vingette

android[5] layouts/warning: LayoutEntity not in cache, reloading: hud_flash

android[6] layouts/error: Unable to locate layout entity: hud_activenotification

android[6] layouts/error: Unable to locate layout entity: hud_passivenotification

android[6] layouts/error: Unable to locate layout entity: penalty_time

android[5] layouts/warning: LayoutEntity not in cache, reloading: controlscheme_pointer

android[5] layouts/warning: LayoutEntity not in cache, reloading: btn_brake

android[5] layouts/warning: LayoutEntity not in cache, reloading: swipe_widget

android[5] layouts/warning: LayoutEntity not in cache, reloading: btn_hold

android[5] layouts/warning: LayoutEntity not in cache, reloading: controlscheme_touch_sides

android[5] layouts/warning: LayoutEntity not in cache, reloading: btn_brake

android[5] layouts/warning: LayoutEntity not in cache, reloading: swipe_widget

android[5] layouts/warning: LayoutEntity not in cache, reloading: btn_hold

android[5] layouts/warning: LayoutEntity not in cache, reloading: controlscheme_virtual_wheel

android[5] layouts/warning: LayoutEntity not in cache, reloading: btn_accelerate

android[5] layouts/warning: LayoutEntity not in cache, reloading: btn_brake

android[5] layouts/warning: LayoutEntity not in cache, reloading: swipe_widget

android[5] layouts/warning: LayoutEntity not in cache, reloading: virtual_steering_wheel

android[5] layouts/warning: LayoutEntity not in cache, reloading: controlscheme_simulator

android[5] layouts/warning: LayoutEntity not in cache, reloading: btn_accelerate

android[5] layouts/warning: LayoutEntity not in cache, reloading: btn_brake

android[5] layouts/warning: LayoutEntity not in cache, reloading: swipe_widget

android[5] layouts/warning: LayoutEntity not in cache, reloading: controlscheme_accelerometer

android[5] layouts/warning: LayoutEntity not in cache, reloading: btn_accelerate

android[5] layouts/warning: LayoutEntity not in cache, reloading: btn_brake

android[5] layouts/warning: LayoutEntity not in cache, reloading: swipe_widget

android[6] layouts/error: Attempted to access invalid layout: controlscheme_xperiaplay

android[6] layouts/error: Unable to locate layout entity: rect_steering

android[6] layouts/error: Attempted to access invalid layout: controlscheme_controller

android[2] trace: MoGaConTrOlLeR :: ....................(KK) BaseDrivingControlScheme :: OnEvent .....................

android[2] trace: MoGaConTrOlLeR :: ....................(KK) BaseDrivingControlScheme :: OnEvent .....................

android[2] trace: MoGaConTrOlLeR :: ....................(KK) BaseDrivingControlScheme :: OnEvent .....................

android[6] serialization/error: Cannot remove non-existent field PendingUpgrades

DEBUG: sendTrackingMessage!
G4-JNI GetEnv version=0x00010006
DEBUG: sendTrackingMessage!
G4-JNI GetEnv version=0x00010006
DEBUG: sendTrackingMessage!
G4-JNI GetEnv version=0x00010006
DEBUG: sendTrackingMessage!
G4-JNI GetEnv version=0x00010006
android[4] ResourceManager: Remove asset: /published/textures/collidables/texture_collidables_colorado.sba

android[4] ResourceManager: Remove asset: /published/textures/environments/chicago/texture_nfs_chicago_road_lm01.sba

android[4] ResourceManager: Remove asset: /published/textures/cars/bmw_m3_e92_2009/texture_bmw_m3_e92_2009_diffuse_00.sba

android[4] ResourceManager: Remove asset: /published/brdf/texture_sp_metallic.sba

android[4] ResourceManager: Remove asset: /published/brdf/texture_sp_colouredpearl.sba

android[4] ResourceManager: Remove asset: /published/textures/cars/chevrolet_camaro_zl1_2011/texture_chevrolet_camaro_zl1_2011_diffuse_00.sba

android[4] ResourceManager: Remove asset: /published/brdf/texture_sp_dodge_challenger_srt8_392_2011_white.sba

android[4] ResourceManager: Remove asset: /published/brdf/texture_sp_wheels.sba

android[4] ResourceManager: Remove asset: /published/brdf/texture_sp_gloss.sba

G4-JNI GetEnv version=0x00010006
android[5] layouts/warning: SetAnimation: Animation load_complete not found in node /[NoID]/[NoID]

android[2] trace: MusicManager::SetPlaylist(): playlist=InRace fade=true

android[2] trace: MusicManager::PlayNextTrack() try, fade=true, soundManager.IsInitialized()=true, soundManager.IsUserMusicPlaying()=true

android[2] trace: MusicManager::PlayNextTrack(): break, fade=true, soundManager.IsInitialized()=true, soundManager.IsUserMusicPlaying()=true

android[5] layouts/warning: SetAnimation: Animation NULL not found in node /[NoID]/[NoID]

android[5] layouts/warning: SetAnimation: Animation NULL not found in node /[NoID]/[NoID]/_common

android[5] layouts/warning: SetAnimation: Animation NULL not found in node /[NoID]/[NoID]

android[2] trace: ShowMogaHighlight start

android[2] trace: ShowMogaHighlight 1

android[2] trace: ShowMogaHighlight end

G4-JNI GetEnv version=0x00010002
G4-JNI GetEnv version=0x00010002
G4-JNI GetEnv version=0x00010002
G4-JNI GetEnv version=0x00010002
G4-JNI GetEnv version=0x00010002
G4-JNI GetEnv version=0x00010002
G4-JNI GetEnv version=0x00010002
G4-JNI GetEnv version=0x00010002
G4-JNI GetEnv version=0x00010002
G4-JNI GetEnv version=0x00010002
G4-JNI GetEnv version=0x00010002
G4-JNI GetEnv version=0x00010002
G4-JNI GetEnv version=0x00010002
G4-JNI GetEnv version=0x00010002
G4-JNI GetEnv version=0x00010002
G4-JNI GetEnv version=0x00010002
G4-JNI GetEnv version=0x00010002
G4-JNI GetEnv version=0x00010002
G4-JNI GetEnv version=0x00010002
G4-JNI GetEnv version=0x00010002
G4-JNI GetEnv version=0x00010002
G4-JNI GetEnv version=0x00010002
G4-JNI GetEnv version=0x00010002
G4-JNI GetEnv version=0x00010002
G4-JNI GetEnv version=0x00010002
G4-JNI GetEnv version=0x00010002
G4-JNI GetEnv version=0x00010002
G4-JNI GetEnv version=0x00010002
G4-JNI GetEnv version=0x00010002
G4-JNI GetEnv version=0x00010002
G4-JNI GetEnv version=0x00010002
G4-JNI GetEnv version=0x00010002
G4-JNI GetEnv version=0x00010002
G4-JNI GetEnv version=0x00010002
G4-JNI GetEnv version=0x00010002
G4-JNI GetEnv version=0x00010002
G4-JNI GetEnv version=0x00010002
G4-JNI GetEnv version=0x00010002
G4-JNI GetEnv version=0x00010002
G4-JNI GetEnv version=0x00010002
G4-JNI GetEnv version=0x00010002
G4-JNI GetEnv version=0x00010002
G4-JNI GetEnv version=0x00010002
G4-JNI GetEnv version=0x00010002
G4-JNI GetEnv version=0x00010002
G4-JNI GetEnv version=0x00010002
G4-JNI GetEnv version=0x00010002
G4-JNI GetEnv version=0x00010002
G4-JNI GetEnv version=0x00010002
G4-JNI GetEnv version=0x00010002
G4-JNI GetEnv version=0x00010002
G4-JNI GetEnv version=0x00010002
G4-JNI GetEnv version=0x00010002
G4-JNI GetEnv version=0x00010002
G4-JNI GetEnv version=0x00010002
G4-JNI GetEnv version=0x00010002
G4-JNI GetEnv version=0x00010002
G4-JNI GetEnv version=0x00010002
G4-JNI GetEnv version=0x00010002
G4-JNI GetEnv version=0x00010002
G4-JNI GetEnv version=0x00010002
G4-JNI GetEnv version=0x00010002
G4-JNI GetEnv version=0x00010002
G4-JNI GetEnv version=0x00010002
G4-JNI GetEnv version=0x00010002
G4-JNI GetEnv version=0x00010002
G4-JNI GetEnv version=0x00010002
G4-JNI GetEnv version=0x00010002
G4-JNI GetEnv version=0x00010002
G4-JNI GetEnv version=0x00010002
G4-JNI GetEnv version=0x00010002
G4-JNI GetEnv version=0x00010002
G4-JNI GetEnv version=0x00010002
G4-JNI GetEnv version=0x00010002
G4-JNI GetEnv version=0x00010002
G4-JNI GetEnv version=0x00010002
G4-JNI GetEnv version=0x00010002
G4-JNI GetEnv version=0x00010002
G4-JNI GetEnv version=0x00010002
G4-JNI GetEnv version=0x00010002
G4-JNI GetEnv version=0x00010002
G4-JNI GetEnv version=0x00010002
G4-JNI GetEnv version=0x00010002
G4-JNI GetEnv version=0x00010002
G4-JNI GetEnv version=0x00010002
G4-JNI GetEnv version=0x00010002
G4-JNI GetEnv version=0x00010002
G4-JNI GetEnv version=0x00010002
G4-JNI GetEnv version=0x00010002
G4-JNI GetEnv version=0x00010002
G4-JNI GetEnv version=0x00010002
G4-JNI GetEnv version=0x00010002
G4-JNI GetEnv version=0x00010002
G4-JNI GetEnv version=0x00010002
G4-JNI GetEnv version=0x00010002
G4-JNI GetEnv version=0x00010002
G4-JNI GetEnv version=0x00010002
G4-JNI GetEnv version=0x00010002
G4-JNI GetEnv version=0x00010002
G4-JNI GetEnv version=0x00010002
G4-JNI GetEnv version=0x00010002
G4-JNI GetEnv version=0x00010002
G4-JNI GetEnv version=0x00010002
G4-JNI GetEnv version=0x00010002
G4-JNI GetEnv version=0x00010002
G4-JNI GetEnv version=0x00010002
G4-JNI GetEnv version=0x00010002
android[5] warn: Unlock: Is being unlocked. Lock count: 0

android[2] trace: FlowManager /published/texturepacks_ui/loading_firstplay.sba sba

android[2] trace: FlowManager /published/texturepacks_ui/loading_firstplay_1333.sba sba

android[4] ResourceManager: Remove texture: /published/texturepacks_ui/loading_firstplay_1333.sba_0

android[4] ResourceManager: Remove texture: /published/texturepacks_ui/loading_race.sba_0

G4-JNI GetEnv version=0x00010002
G4-JNI GetEnv version=0x00010002
G4-JNI GetEnv version=0x00010002
G4-JNI GetEnv version=0x00010002
G4-JNI GetEnv version=0x00010002
G4-JNI GetEnv version=0x00010002
G4-JNI GetEnv version=0x00010002
G4-JNI GetEnv version=0x00010002
G4-JNI GetEnv version=0x00010002
G4-JNI GetEnv version=0x00010002
G4-JNI GetEnv version=0x00010002
G4-JNI GetEnv version=0x00010002
G4-JNI GetEnv version=0x00010002
G4-JNI GetEnv version=0x00010002
G4-JNI GetEnv version=0x00010002
G4-JNI GetEnv version=0x00010002
G4-JNI GetEnv version=0x00010002
G4-JNI GetEnv version=0x00010002
G4-JNI GetEnv version=0x00010002
G4-JNI GetEnv version=0x00010002
G4-JNI GetEnv version=0x00010002
G4-JNI GetEnv version=0x00010002
G4-JNI GetEnv version=0x00010002
G4-JNI GetEnv version=0x00010002
G4-JNI GetEnv version=0x00010002
G4-JNI GetEnv version=0x00010002
G4-JNI GetEnv version=0x00010002
G4-JNI GetEnv version=0x00010002
G4-JNI GetEnv version=0x00010002
G4-JNI GetEnv version=0x00010002
G4-JNI GetEnv version=0x00010002
G4-JNI GetEnv version=0x00010002
G4-JNI GetEnv version=0x00010002
G4-JNI GetEnv version=0x00010002
G4-JNI GetEnv version=0x00010002
G4-JNI GetEnv version=0x00010002
G4-JNI GetEnv version=0x00010002
G4-JNI GetEnv version=0x00010002
G4-JNI GetEnv version=0x00010002
G4-JNI GetEnv version=0x00010002
G4-JNI GetEnv version=0x00010002
G4-JNI GetEnv version=0x00010002
G4-JNI GetEnv version=0x00010002
G4-JNI GetEnv version=0x00010002
G4-JNI GetEnv version=0x00010002
G4-JNI GetEnv version=0x00010002
G4-JNI GetEnv version=0x00010002
G4-JNI GetEnv version=0x00010002
G4-JNI GetEnv version=0x00010002
G4-JNI GetEnv version=0x00010002
G4-JNI GetEnv version=0x00010002
G4-JNI GetEnv version=0x00010002
G4-JNI GetEnv version=0x00010002
G4-JNI GetEnv version=0x00010002
G4-JNI GetEnv version=0x00010002
G4-JNI GetEnv version=0x00010002
G4-JNI GetEnv version=0x00010002
G4-JNI GetEnv version=0x00010002
G4-JNI GetEnv version=0x00010002
G4-JNI GetEnv version=0x00010002
G4-JNI GetEnv version=0x00010002
G4-JNI GetEnv version=0x00010002
G4-JNI GetEnv version=0x00010002
G4-JNI GetEnv version=0x00010002
G4-JNI GetEnv version=0x00010002
G4-JNI GetEnv version=0x00010002
G4-JNI GetEnv version=0x00010002
G4-JNI GetEnv version=0x00010002
G4-JNI GetEnv version=0x00010002
G4-JNI GetEnv version=0x00010002
G4-JNI GetEnv version=0x00010002
G4-JNI GetEnv version=0x00010002
G4-JNI GetEnv version=0x00010002
G4-JNI GetEnv version=0x00010002
G4-JNI GetEnv version=0x00010002
G4-JNI GetEnv version=0x00010002
G4-JNI GetEnv version=0x00010002
G4-JNI GetEnv version=0x00010002
G4-JNI GetEnv version=0x00010002
G4-JNI GetEnv version=0x00010002
G4-JNI GetEnv version=0x00010002
G4-JNI GetEnv version=0x00010002
G4-JNI GetEnv version=0x00010002
G4-JNI GetEnv version=0x00010002
G4-JNI GetEnv version=0x00010002
G4-JNI GetEnv version=0x00010002
G4-JNI GetEnv version=0x00010002
G4-JNI GetEnv version=0x00010002
G4-JNI GetEnv version=0x00010002
G4-JNI GetEnv version=0x00010002
G4-JNI GetEnv version=0x00010002
G7-FRAME enter=1500
G4-JNI GetEnv version=0x00010002
G5-GL STATE frame=1500 framebuffer=0 status=0x8cd5 errors=0
G7-FRAME leave=1500
G4-JNI GetEnv version=0x00010002
G4-JNI GetEnv version=0x00010002
G4-JNI GetEnv version=0x00010002
G4-JNI GetEnv version=0x00010002
G4-JNI GetEnv version=0x00010002
G4-JNI GetEnv version=0x00010002
G4-JNI GetEnv version=0x00010002
G4-JNI GetEnv version=0x00010002
G4-JNI GetEnv version=0x00010002
G4-JNI GetEnv version=0x00010002
G4-JNI GetEnv version=0x00010002
G4-JNI GetEnv version=0x00010002
G4-JNI GetEnv version=0x00010002
G4-JNI GetEnv version=0x00010002
G4-JNI GetEnv version=0x00010002
G4-JNI GetEnv version=0x00010002
G4-JNI GetEnv version=0x00010002
G4-JNI GetEnv version=0x00010002
G4-JNI GetEnv version=0x00010002
G4-JNI GetEnv version=0x00010002
G4-JNI GetEnv version=0x00010002
G4-JNI GetEnv version=0x00010002
G4-JNI GetEnv version=0x00010002
G4-JNI GetEnv version=0x00010002
G4-JNI GetEnv version=0x00010002
G4-JNI GetEnv version=0x00010002
G4-JNI GetEnv version=0x00010002
G4-JNI GetEnv version=0x00010002
G4-JNI GetEnv version=0x00010002
G4-JNI GetEnv version=0x00010002
G4-JNI GetEnv version=0x00010002
G4-JNI GetEnv version=0x00010002
G4-JNI GetEnv version=0x00010002
G4-JNI GetEnv version=0x00010002
G4-JNI GetEnv version=0x00010002
G4-JNI GetEnv version=0x00010002
G4-JNI GetEnv version=0x00010002
G4-JNI GetEnv version=0x00010002
G4-JNI GetEnv version=0x00010002
G4-JNI GetEnv version=0x00010002
G4-JNI GetEnv version=0x00010002
G4-JNI GetEnv version=0x00010002
G4-JNI GetEnv version=0x00010002
G4-JNI GetEnv version=0x00010002
G4-JNI GetEnv version=0x00010002
G4-JNI GetEnv version=0x00010002
G4-JNI GetEnv version=0x00010002
G4-JNI GetEnv version=0x00010002
G4-JNI GetEnv version=0x00010002
G4-JNI GetEnv version=0x00010002
G4-JNI GetEnv version=0x00010002
G4-JNI GetEnv version=0x00010002
G4-JNI GetEnv version=0x00010002
G4-JNI GetEnv version=0x00010002
G4-JNI GetEnv version=0x00010002
G4-JNI GetEnv version=0x00010002
G4-JNI GetEnv version=0x00010002
G4-JNI GetEnv version=0x00010002
G4-JNI GetEnv version=0x00010002
G4-JNI GetEnv version=0x00010002
G4-JNI GetEnv version=0x00010002
G4-JNI GetEnv version=0x00010002
G4-JNI GetEnv version=0x00010002
G4-JNI GetEnv version=0x00010002
G4-JNI GetEnv version=0x00010002
G4-JNI GetEnv version=0x00010002
G4-JNI GetEnv version=0x00010002
G4-JNI GetEnv version=0x00010002
G4-JNI GetEnv version=0x00010002
G4-JNI GetEnv version=0x00010002
G4-JNI GetEnv version=0x00010002
G4-JNI GetEnv version=0x00010002
G4-JNI GetEnv version=0x00010002
G4-JNI GetEnv version=0x00010002
G4-JNI GetEnv version=0x00010002
G4-JNI GetEnv version=0x00010002
G4-JNI GetEnv version=0x00010002
G4-JNI GetEnv version=0x00010002
G4-JNI GetEnv version=0x00010002
G4-JNI GetEnv version=0x00010002
G4-JNI GetEnv version=0x00010002
G4-JNI GetEnv version=0x00010002
G4-JNI GetEnv version=0x00010002
G4-JNI GetEnv version=0x00010002
G4-JNI GetEnv version=0x00010002
G4-JNI GetEnv version=0x00010002
G4-JNI GetEnv version=0x00010002
G4-JNI GetEnv version=0x00010002
G4-JNI GetEnv version=0x00010002
G4-JNI GetEnv version=0x00010002
G4-JNI GetEnv version=0x00010002
G4-JNI GetEnv version=0x00010002
G4-JNI GetEnv version=0x00010002
G4-JNI GetEnv version=0x00010002
G4-JNI GetEnv version=0x00010002
G4-JNI GetEnv version=0x00010002
G4-JNI GetEnv version=0x00010002
G4-JNI GetEnv version=0x00010002
G4-JNI GetEnv version=0x00010002
G4-JNI GetEnv version=0x00010002
G4-JNI GetEnv version=0x00010002
G4-JNI GetEnv version=0x00010002
G4-JNI GetEnv version=0x00010002
G4-JNI GetEnv version=0x00010002
G4-JNI GetEnv version=0x00010002
G4-JNI GetEnv version=0x00010002
G4-JNI GetEnv version=0x00010002
G4-JNI GetEnv version=0x00010002
G4-JNI GetEnv version=0x00010002
G4-JNI GetEnv version=0x00010002
G4-JNI GetEnv version=0x00010002
G4-JNI GetEnv version=0x00010002
G4-JNI GetEnv version=0x00010002
G4-JNI GetEnv version=0x00010002
G4-JNI GetEnv version=0x00010002
G4-JNI GetEnv version=0x00010002
G4-JNI GetEnv version=0x00010002
G4-JNI GetEnv version=0x00010002
G4-JNI GetEnv version=0x00010002
G4-JNI GetEnv version=0x00010002
G4-JNI GetEnv version=0x00010002
G4-JNI GetEnv version=0x00010002
G4-JNI GetEnv version=0x00010002
G4-JNI GetEnv version=0x00010002
G4-JNI GetEnv version=0x00010002
G4-JNI GetEnv version=0x00010002
G4-JNI GetEnv version=0x00010002
G4-JNI GetEnv version=0x00010002
G4-JNI GetEnv version=0x00010002
G4-JNI GetEnv version=0x00010002
G4-JNI GetEnv version=0x00010002
G4-JNI GetEnv version=0x00010002
G4-JNI GetEnv version=0x00010002
G4-JNI GetEnv version=0x00010002
G4-JNI GetEnv version=0x00010002
G4-JNI GetEnv version=0x00010002
G4-JNI GetEnv version=0x00010002
G4-JNI GetEnv version=0x00010002
G4-JNI GetEnv version=0x00010002
G4-JNI GetEnv version=0x00010002
G4-JNI GetEnv version=0x00010002
G4-JNI GetEnv version=0x00010002
G4-JNI GetEnv version=0x00010002
G4-JNI GetEnv version=0x00010002
G4-JNI GetEnv version=0x00010002
G4-JNI GetEnv version=0x00010002
G4-JNI GetEnv version=0x00010002
G4-JNI GetEnv version=0x00010002
G4-JNI GetEnv version=0x00010002
G4-JNI GetEnv version=0x00010002
G4-JNI GetEnv version=0x00010002
G4-JNI GetEnv version=0x00010002
G4-JNI GetEnv version=0x00010002
G4-JNI GetEnv version=0x00010002
G4-JNI GetEnv version=0x00010002
G4-JNI GetEnv version=0x00010002
G4-JNI GetEnv version=0x00010002
G4-JNI GetEnv version=0x00010002
G4-JNI GetEnv version=0x00010002
G4-JNI GetEnv version=0x00010002
G4-JNI GetEnv version=0x00010002
G4-JNI GetEnv version=0x00010002
G4-JNI GetEnv version=0x00010002
G4-JNI GetEnv version=0x00010002
G4-JNI GetEnv version=0x00010002
G4-JNI GetEnv version=0x00010002
G4-JNI GetEnv version=0x00010002
G4-JNI GetEnv version=0x00010002
G4-JNI GetEnv version=0x00010002
G4-JNI GetEnv version=0x00010002
G4-JNI GetEnv version=0x00010002
G4-JNI GetEnv version=0x00010002
G4-JNI GetEnv version=0x00010002
G4-JNI GetEnv version=0x00010002
G4-JNI GetEnv version=0x00010002
G4-JNI GetEnv version=0x00010002
G4-JNI GetEnv version=0x00010002
G4-JNI GetEnv version=0x00010002
G4-JNI GetEnv version=0x00010002
G4-JNI GetEnv version=0x00010002
G4-JNI GetEnv version=0x00010002
G4-JNI GetEnv version=0x00010002
G4-JNI GetEnv version=0x00010002
G4-JNI GetEnv version=0x00010002
G4-JNI GetEnv version=0x00010002
G4-JNI GetEnv version=0x00010002
G4-JNI GetEnv version=0x00010002
G4-JNI GetEnv version=0x00010002
G4-JNI GetEnv version=0x00010002
G4-JNI GetEnv version=0x00010002
G4-JNI GetEnv version=0x00010002
G4-JNI GetEnv version=0x00010002
G4-JNI GetEnv version=0x00010002
G6-RAW buttons=0x00000002
android[2] trace: MoGaConTrOlLeR :: ....................(KK) MogaController :: Inside nativeOnKeyEvent 

android[2] trace: ....................(KK) MogaController :: Inside nativeOnKeyEvent 96

android[2] trace: MoGaConTrOlLeR :: ....................(KK) Key Event Key A AAAA .....................

android[2] trace: MoGaConTrOlLeR :: ....................(KK) Key Event Key Down .....................

android[2] trace: MoGaConTrOlLeR :: ....................(KK) Listener Key Press .....................

android[2] trace: MoGaConTrOlLeR :: ....................(KK) AndroidKeyCode :: MogaKeyCode (Start of func) .....................

android[2] trace: MoGaConTrOlLeR :: ....................(KK) AndroidKeyCode :: MogaKeyCode Key Press A .....................

android[2] trace: MoGaConTrOlLeR :: ....................(KK) AndroidKeyCode :: MogaKeyCode Key Press A(Drift) Racing True.....................

android[2] trace: MoGaConTrOlLeR :: (KK) MogaController :: Inside nativeOnKeyEvent ....................

G6-MOGA key frame=1694 code=96 state=down
android[2] trace: MoGaConTrOlLeR :: ....................(KK) BaseDrivingControlScheme :: OnEvent .....................

android[2] trace: MoGaConTrOlLeR :: ....................(KK) BaseDrivingControlScheme :: onKeyPress Drift.....................

G4-JNI GetEnv version=0x00010002
G4-JNI GetEnv version=0x00010002
G4-JNI GetEnv version=0x00010002
G4-JNI GetEnv version=0x00010002
G4-JNI GetEnv version=0x00010002
G4-JNI GetEnv version=0x00010002
G4-JNI GetEnv version=0x00010002
G4-JNI GetEnv version=0x00010002
G4-JNI GetEnv version=0x00010002
G6-RAW buttons=0x00000000
android[2] trace: MoGaConTrOlLeR :: ....................(KK) MogaController :: Inside nativeOnKeyEvent 

android[2] trace: ....................(KK) MogaController :: Inside nativeOnKeyEvent 96

android[2] trace: MoGaConTrOlLeR :: ....................(KK) Key Event Key A AAAA .....................

android[2] trace: MoGaConTrOlLeR :: ....................(KK) Key Event Key up .....................

android[2] trace: MoGaConTrOlLeR :: ....................(KK) Listener Key Release .....................

android[2] trace: MoGaConTrOlLeR :: ....................(KK) AndroidKeyCode :: MogaKeyCode (Start of func) .....................

android[2] trace: MoGaConTrOlLeR :: ....................(KK) AndroidKeyCode :: MogaKeyCode Key Press A .....................

android[2] trace: MoGaConTrOlLeR :: ....................(KK) AndroidKeyCode :: MogaKeyCode Key Press A(Drift) Racing True.....................

android[2] trace: MoGaConTrOlLeR :: (KK) MogaController :: Inside nativeOnKeyEvent ....................

G6-MOGA key frame=1703 code=96 state=up
G4-JNI GetEnv version=0x00010002
android[2] trace: MoGaConTrOlLeR :: ....................(KK) BaseDrivingControlScheme :: OnEvent .....................

G4-JNI GetEnv version=0x00010002
G4-JNI GetEnv version=0x00010002
G4-JNI GetEnv version=0x00010002
G4-JNI GetEnv version=0x00010002
G4-JNI GetEnv version=0x00010002
G4-JNI GetEnv version=0x00010002
G4-JNI GetEnv version=0x00010002
G4-JNI GetEnv version=0x00010002
G4-JNI GetEnv version=0x00010002
G4-JNI GetEnv version=0x00010002
G4-JNI GetEnv version=0x00010002
G4-JNI GetEnv version=0x00010002
G4-JNI GetEnv version=0x00010002
G4-JNI GetEnv version=0x00010002
G4-JNI GetEnv version=0x00010002
G4-JNI GetEnv version=0x00010002
G4-JNI GetEnv version=0x00010002
G4-JNI GetEnv version=0x00010002
G4-JNI GetEnv version=0x00010002
G4-JNI GetEnv version=0x00010002
G4-JNI GetEnv version=0x00010002
G4-JNI GetEnv version=0x00010002
G4-JNI GetEnv version=0x00010002
G4-JNI GetEnv version=0x00010002
G4-JNI GetEnv version=0x00010002
G4-JNI GetEnv version=0x00010002
G4-JNI GetEnv version=0x00010002
G4-JNI GetEnv version=0x00010002
G4-JNI GetEnv version=0x00010002
G4-JNI GetEnv version=0x00010002
G4-JNI GetEnv version=0x00010002
G4-JNI GetEnv version=0x00010002
G4-JNI GetEnv version=0x00010002
G4-JNI GetEnv version=0x00010002
G4-JNI GetEnv version=0x00010002
G4-JNI GetEnv version=0x00010002
G4-JNI GetEnv version=0x00010002
G4-JNI GetEnv version=0x00010002
G4-JNI GetEnv version=0x00010002
G4-JNI GetEnv version=0x00010002
G4-JNI GetEnv version=0x00010002
G4-JNI GetEnv version=0x00010002
G4-JNI GetEnv version=0x00010002
G4-JNI GetEnv version=0x00010002
G4-JNI GetEnv version=0x00010002
G4-JNI GetEnv version=0x00010002
G4-JNI GetEnv version=0x00010002
G4-JNI GetEnv version=0x00010002
G4-JNI GetEnv version=0x00010002
G4-JNI GetEnv version=0x00010002
G4-JNI GetEnv version=0x00010002
G4-JNI GetEnv version=0x00010002
G4-JNI GetEnv version=0x00010002
G4-JNI GetEnv version=0x00010002
G4-JNI GetEnv version=0x00010002
G4-JNI GetEnv version=0x00010002
G4-JNI GetEnv version=0x00010002
G4-JNI GetEnv version=0x00010002
G4-JNI GetEnv version=0x00010002
G4-JNI GetEnv version=0x00010002
G4-JNI GetEnv version=0x00010002
G4-JNI GetEnv version=0x00010002
G4-JNI GetEnv version=0x00010002
G4-JNI GetEnv version=0x00010002
G4-JNI GetEnv version=0x00010002
G4-JNI GetEnv version=0x00010002
G4-JNI GetEnv version=0x00010002
G4-JNI GetEnv version=0x00010002
G4-JNI GetEnv version=0x00010002
G4-JNI GetEnv version=0x00010002
G4-JNI GetEnv version=0x00010002
G4-JNI GetEnv version=0x00010002
G4-JNI GetEnv version=0x00010002
G4-JNI GetEnv version=0x00010002
G4-JNI GetEnv version=0x00010002
G4-JNI GetEnv version=0x00010002
G4-JNI GetEnv version=0x00010002
G4-JNI GetEnv version=0x00010002
G4-JNI GetEnv version=0x00010002
G4-JNI GetEnv version=0x00010002
G4-JNI GetEnv version=0x00010002
G4-JNI GetEnv version=0x00010002
G4-JNI GetEnv version=0x00010002
G4-JNI GetEnv version=0x00010002
G4-JNI GetEnv version=0x00010002
G4-JNI GetEnv version=0x00010002
G4-JNI GetEnv version=0x00010002
G4-JNI GetEnv version=0x00010002
G4-JNI GetEnv version=0x00010002
G4-JNI GetEnv version=0x00010002
G4-JNI GetEnv version=0x00010002
G4-JNI GetEnv version=0x00010002
G4-JNI GetEnv version=0x00010002
G4-JNI GetEnv version=0x00010002
G4-JNI GetEnv version=0x00010002
G4-JNI GetEnv version=0x00010002
G4-JNI GetEnv version=0x00010002
G4-JNI GetEnv version=0x00010002
G4-JNI GetEnv version=0x00010002
G4-JNI GetEnv version=0x00010002
G4-JNI GetEnv version=0x00010002
G4-JNI GetEnv version=0x00010002
G4-JNI GetEnv version=0x00010002
G4-JNI GetEnv version=0x00010002
G4-JNI GetEnv version=0x00010002
G4-JNI GetEnv version=0x00010002
android[2] trace: MoGaConTrOlLeR :: ....................(KK) BaseDrivingControlScheme :: OnEvent .....................

DEBUG: sendTrackingMessage!
G4-JNI GetEnv version=0x00010006
android[2] trace: MoGaConTrOlLeR :: ....................(KK) BaseDrivingControlScheme :: OnEvent .....................

android[5] layouts/warning: GetAnimationTime: Animation fade not found in node /[NoID]/[NoID]

android[5] layouts/warning: SetAnimation: Animation fade not found in node /[NoID]/[NoID]/_common/driving_tutorial/_brake_xperia/[NoID]

android[5] layouts/warning: SetAnimation: Animation fade not found in node /[NoID]/[NoID]/_common/driving_tutorial/_nitro_xperia/[NoID]

android[5] layouts/warning: SetAnimation: Animation fade not found in node /[NoID]/[NoID]/_common/driving_tutorial/_steer_xperia/[NoID]

android[5] layouts/warning: SetAnimation: Animation fade not found in node /[NoID]/[NoID]/_common/hud_damageindicator_incar/damage_bar/[NoID]

android[5] layouts/warning: SetAnimation: Animation fade not found in node /[NoID]/[NoID]/_common/hud_damageindicator_offcar/damage_bar/[NoID]

android[5] layouts/warning: SetAnimation: Animation fade not found in node /[NoID]/[NoID]/_common/hud_nitro/hud_nitro_level/[NoID]

android[5] layouts/warning: SetAnimation: Animation fade not found in node /[NoID]/[NoID]/_common/[NoID]/[NoID]

android[5] layouts/warning: SetAnimation: Animation fade not found in node /[NoID]/[NoID]/_common/[NoID]/[NoID]

android[5] layouts/warning: SetAnimation: Animation fade not found in node /[NoID]/[NoID]/_common/[NoID]/[NoID]

android[5] layouts/warning: SetAnimation: Animation fade not found in node /[NoID]/[NoID]/_common/[NoID]/[NoID]

android[5] layouts/warning: SetAnimation: Animation fade not found in node /[NoID]/[NoID]/_common/[NoID]/[NoID]

android[5] layouts/warning: SetAnimation: Animation fade not found in node /[NoID]/[NoID]/_common/[NoID]/[NoID]

android[5] layouts/warning: SetAnimation: Animation fade not found in node /[NoID]/[NoID]/_common/[NoID]/[NoID]

android[5] layouts/warning: SetAnimation: Animation fade not found in node /[NoID]/[NoID]/_common/[NoID]/[NoID]

android[5] layouts/warning: SetAnimation: Animation fade not found in node /[NoID]/[NoID]/_common/[NoID]/[NoID]

android[5] layouts/warning: SetAnimation: Animation fade not found in node /[NoID]/[NoID]/_common/hud_speedo/[NoID]

android[2] trace: MoGaConTrOlLeR :: ....................(KK) BaseDrivingControlScheme :: OnEvent .....................

G4-JNI GetEnv version=0x00010002
G4-JNI GetEnv version=0x00010002
G4-JNI GetEnv version=0x00010002
G4-JNI GetEnv version=0x00010002
G4-JNI GetEnv version=0x00010002
G4-JNI GetEnv version=0x00010002
G4-JNI GetEnv version=0x00010002
G4-JNI GetEnv version=0x00010002
G4-JNI GetEnv version=0x00010002
G4-JNI GetEnv version=0x00010002
G4-JNI GetEnv version=0x00010002
G4-JNI GetEnv version=0x00010002
G4-JNI GetEnv version=0x00010002
G4-JNI GetEnv version=0x00010002
G4-JNI GetEnv version=0x00010002
G4-JNI GetEnv version=0x00010002
G4-JNI GetEnv version=0x00010002
G4-JNI GetEnv version=0x00010002
G4-JNI GetEnv version=0x00010002
G4-JNI GetEnv version=0x00010002
G4-JNI GetEnv version=0x00010002
G4-JNI GetEnv version=0x00010002
G4-JNI GetEnv version=0x00010002
G4-JNI GetEnv version=0x00010002
G4-JNI GetEnv version=0x00010002
G4-JNI GetEnv version=0x00010002
G4-JNI GetEnv version=0x00010002
G4-JNI GetEnv version=0x00010002
G4-JNI GetEnv version=0x00010002
G4-JNI GetEnv version=0x00010002
G4-JNI GetEnv version=0x00010002
G4-JNI GetEnv version=0x00010002
G4-JNI GetEnv version=0x00010002
G4-JNI GetEnv version=0x00010002
G4-JNI GetEnv version=0x00010002
G4-JNI GetEnv version=0x00010002
G4-JNI GetEnv version=0x00010002
G4-JNI GetEnv version=0x00010002
G4-JNI GetEnv version=0x00010002
G4-JNI GetEnv version=0x00010002
G4-JNI GetEnv version=0x00010002
G4-JNI GetEnv version=0x00010002
G4-JNI GetEnv version=0x00010002
G4-JNI GetEnv version=0x00010002
G4-JNI GetEnv version=0x00010002
G4-JNI GetEnv version=0x00010002
G4-JNI GetEnv version=0x00010002
G4-JNI GetEnv version=0x00010002
G4-JNI GetEnv version=0x00010002
G4-JNI GetEnv version=0x00010002
G4-JNI GetEnv version=0x00010002
G4-JNI GetEnv version=0x00010002
G4-JNI GetEnv version=0x00010002
G4-JNI GetEnv version=0x00010002
G4-JNI GetEnv version=0x00010002
G4-JNI GetEnv version=0x00010002
G4-JNI GetEnv version=0x00010002
G4-JNI GetEnv version=0x00010002
G4-JNI GetEnv version=0x00010002
G4-JNI GetEnv version=0x00010002
G4-JNI GetEnv version=0x00010002
G4-JNI GetEnv version=0x00010002
G4-JNI GetEnv version=0x00010002
G4-JNI GetEnv version=0x00010002
G4-JNI GetEnv version=0x00010002
G4-JNI GetEnv version=0x00010002
G4-JNI GetEnv version=0x00010002
G4-JNI GetEnv version=0x00010002
G4-JNI GetEnv version=0x00010002
G4-JNI GetEnv version=0x00010002
G4-JNI GetEnv version=0x00010002
G4-JNI GetEnv version=0x00010002
G4-JNI GetEnv version=0x00010002
G4-JNI GetEnv version=0x00010002
G4-JNI GetEnv version=0x00010002
G4-JNI GetEnv version=0x00010002
G4-JNI GetEnv version=0x00010002
G4-JNI GetEnv version=0x00010002
G4-JNI GetEnv version=0x00010002
G4-JNI GetEnv version=0x00010002
G4-JNI GetEnv version=0x00010002
G4-JNI GetEnv version=0x00010002
G4-JNI GetEnv version=0x00010002
G4-JNI GetEnv version=0x00010002
G4-JNI GetEnv version=0x00010002
G4-JNI GetEnv version=0x00010002
G4-JNI GetEnv version=0x00010002
G4-JNI GetEnv version=0x00010002
G4-JNI GetEnv version=0x00010002
G4-JNI GetEnv version=0x00010002
G4-JNI GetEnv version=0x00010002
G4-JNI GetEnv version=0x00010002
G4-JNI GetEnv version=0x00010002
G4-JNI GetEnv version=0x00010002
G4-JNI GetEnv version=0x00010002
G4-JNI GetEnv version=0x00010002
G4-JNI GetEnv version=0x00010002
G4-JNI GetEnv version=0x00010002
G4-JNI GetEnv version=0x00010002
G4-JNI GetEnv version=0x00010002
G4-JNI GetEnv version=0x00010002
G4-JNI GetEnv version=0x00010002
G4-JNI GetEnv version=0x00010002
G4-JNI GetEnv version=0x00010002
G4-JNI GetEnv version=0x00010002
G4-JNI GetEnv version=0x00010002
G4-JNI GetEnv version=0x00010002
G4-JNI GetEnv version=0x00010002
G4-JNI GetEnv version=0x00010002
G4-JNI GetEnv version=0x00010002
G4-JNI GetEnv version=0x00010002
G4-JNI GetEnv version=0x00010002
G4-JNI GetEnv version=0x00010002
G4-JNI GetEnv version=0x00010002
G4-JNI GetEnv version=0x00010002
G4-JNI GetEnv version=0x00010002
G4-JNI GetEnv version=0x00010002
G4-JNI GetEnv version=0x00010002
G4-JNI GetEnv version=0x00010002
G4-JNI GetEnv version=0x00010002
G4-JNI GetEnv version=0x00010002
G4-JNI GetEnv version=0x00010002
G4-JNI GetEnv version=0x00010002
G4-JNI GetEnv version=0x00010002
G4-JNI GetEnv version=0x00010002
G4-JNI GetEnv version=0x00010002
G4-JNI GetEnv version=0x00010002
G4-JNI GetEnv version=0x00010002
G4-JNI GetEnv version=0x00010002
G4-JNI GetEnv version=0x00010002
G4-JNI GetEnv version=0x00010002
G4-JNI GetEnv version=0x00010002
G4-JNI GetEnv version=0x00010002
G4-JNI GetEnv version=0x00010002
G4-JNI GetEnv version=0x00010002
G4-JNI GetEnv version=0x00010002
G4-JNI GetEnv version=0x00010002
G4-JNI GetEnv version=0x00010002
G4-JNI GetEnv version=0x00010002
G4-JNI GetEnv version=0x00010002
G4-JNI GetEnv version=0x00010002
G4-JNI GetEnv version=0x00010002
G4-JNI GetEnv version=0x00010002
G4-JNI GetEnv version=0x00010002
G4-JNI GetEnv version=0x00010002
G4-JNI GetEnv version=0x00010002
G4-JNI GetEnv version=0x00010002
G4-JNI GetEnv version=0x00010002
G4-JNI GetEnv version=0x00010002
G4-JNI GetEnv version=0x00010002
G4-JNI GetEnv version=0x00010002
G4-JNI GetEnv version=0x00010002
G4-JNI GetEnv version=0x00010002
G4-JNI GetEnv version=0x00010002
G4-JNI GetEnv version=0x00010002
G4-JNI GetEnv version=0x00010002
G4-JNI GetEnv version=0x00010002
G4-JNI GetEnv version=0x00010002
G4-JNI GetEnv version=0x00010002
G4-JNI GetEnv version=0x00010002
G4-JNI GetEnv version=0x00010002
G4-JNI GetEnv version=0x00010002
G4-JNI GetEnv version=0x00010002
G4-JNI GetEnv version=0x00010002
G4-JNI GetEnv version=0x00010002
G4-JNI GetEnv version=0x00010002
G4-JNI GetEnv version=0x00010002
G4-JNI GetEnv version=0x00010002
G4-JNI GetEnv version=0x00010002
G4-JNI GetEnv version=0x00010002
G4-JNI GetEnv version=0x00010002
G4-JNI GetEnv version=0x00010002
G4-JNI GetEnv version=0x00010002
G4-JNI GetEnv version=0x00010002
G4-JNI GetEnv version=0x00010002
G4-JNI GetEnv version=0x00010002
G4-JNI GetEnv version=0x00010002
G4-JNI GetEnv version=0x00010002
G4-JNI GetEnv version=0x00010002
G4-JNI GetEnv version=0x00010002
G4-JNI GetEnv version=0x00010002
G4-JNI GetEnv version=0x00010002
G4-JNI GetEnv version=0x00010002
G4-JNI GetEnv version=0x00010002
G4-JNI GetEnv version=0x00010002
G4-JNI GetEnv version=0x00010002
G4-JNI GetEnv version=0x00010002
G4-JNI GetEnv version=0x00010002
G4-JNI GetEnv version=0x00010002
G4-JNI GetEnv version=0x00010002
G4-JNI GetEnv version=0x00010002
G4-JNI GetEnv version=0x00010002
G4-JNI GetEnv version=0x00010002
G4-JNI GetEnv version=0x00010002
G4-JNI GetEnv version=0x00010002
G4-JNI GetEnv version=0x00010002
G4-JNI GetEnv version=0x00010002
G4-JNI GetEnv version=0x00010002
G4-JNI GetEnv version=0x00010002
G4-JNI GetEnv version=0x00010002
G4-JNI GetEnv version=0x00010002
G4-JNI GetEnv version=0x00010002
G4-JNI GetEnv version=0x00010002
G4-JNI GetEnv version=0x00010002
G4-JNI GetEnv version=0x00010002
G4-JNI GetEnv version=0x00010002
G4-JNI GetEnv version=0x00010002
G4-JNI GetEnv version=0x00010002
G4-JNI GetEnv version=0x00010002
G4-JNI GetEnv version=0x00010002
G4-JNI GetEnv version=0x00010002
G4-JNI GetEnv version=0x00010002
G4-JNI GetEnv version=0x00010002
G4-JNI GetEnv version=0x00010002
G4-JNI GetEnv version=0x00010002
G4-JNI GetEnv version=0x00010002
G4-JNI GetEnv version=0x00010002
G4-JNI GetEnv version=0x00010002
G4-JNI GetEnv version=0x00010002
G4-JNI GetEnv version=0x00010002
G4-JNI GetEnv version=0x00010002
G4-JNI GetEnv version=0x00010002
G4-JNI GetEnv version=0x00010002
G4-JNI GetEnv version=0x00010002
G4-JNI GetEnv version=0x00010002
G4-JNI GetEnv version=0x00010002
G4-JNI GetEnv version=0x00010002
G4-JNI GetEnv version=0x00010002
G4-JNI GetEnv version=0x00010002
G4-JNI GetEnv version=0x00010002
G4-JNI GetEnv version=0x00010002
G4-JNI GetEnv version=0x00010002
G4-JNI GetEnv version=0x00010002
G4-JNI GetEnv version=0x00010002
G4-JNI GetEnv version=0x00010002
G4-JNI GetEnv version=0x00010002
G4-JNI GetEnv version=0x00010002
G4-JNI GetEnv version=0x00010002
G4-JNI GetEnv version=0x00010002
G4-JNI GetEnv version=0x00010002
G4-JNI GetEnv version=0x00010002
G4-JNI GetEnv version=0x00010002
G4-JNI GetEnv version=0x00010002
G4-JNI GetEnv version=0x00010002
G4-JNI GetEnv version=0x00010002
G4-JNI GetEnv version=0x00010002
G4-JNI GetEnv version=0x00010002
G4-JNI GetEnv version=0x00010002
G4-JNI GetEnv version=0x00010002
G4-JNI GetEnv version=0x00010002
G4-JNI GetEnv version=0x00010002
G4-JNI GetEnv version=0x00010002
G4-JNI GetEnv version=0x00010002
G4-JNI GetEnv version=0x00010002
G4-JNI GetEnv version=0x00010002
G4-JNI GetEnv version=0x00010002
G4-JNI GetEnv version=0x00010002
G4-JNI GetEnv version=0x00010002
G4-JNI GetEnv version=0x00010002
G4-JNI GetEnv version=0x00010002
G4-JNI GetEnv version=0x00010002
G4-JNI GetEnv version=0x00010002
G4-JNI GetEnv version=0x00010002
G4-JNI GetEnv version=0x00010002
G4-JNI GetEnv version=0x00010002
G4-JNI GetEnv version=0x00010002
G4-JNI GetEnv version=0x00010002
G4-JNI GetEnv version=0x00010002
G4-JNI GetEnv version=0x00010002
G4-JNI GetEnv version=0x00010002
G4-JNI GetEnv version=0x00010002
G4-JNI GetEnv version=0x00010002
G4-JNI GetEnv version=0x00010002
G4-JNI GetEnv version=0x00010002
G4-JNI GetEnv version=0x00010002
G4-JNI GetEnv version=0x00010002
G4-JNI GetEnv version=0x00010002
G4-JNI GetEnv version=0x00010002
G4-JNI GetEnv version=0x00010002
G4-JNI GetEnv version=0x00010002
G4-JNI GetEnv version=0x00010002
G4-JNI GetEnv version=0x00010002
G4-JNI GetEnv version=0x00010002
G4-JNI GetEnv version=0x00010002
G4-JNI GetEnv version=0x00010002
G4-JNI GetEnv version=0x00010002
G4-JNI GetEnv version=0x00010002
G4-JNI GetEnv version=0x00010002
G4-JNI GetEnv version=0x00010002
G4-JNI GetEnv version=0x00010002
G4-JNI GetEnv version=0x00010002
G4-JNI GetEnv version=0x00010002
G4-JNI GetEnv version=0x00010002
G4-JNI GetEnv version=0x00010002
G4-JNI GetEnv version=0x00010002
G4-JNI GetEnv version=0x00010002
G4-JNI GetEnv version=0x00010002
G4-JNI GetEnv version=0x00010002
G4-JNI GetEnv version=0x00010002
G4-JNI GetEnv version=0x00010002
G4-JNI GetEnv version=0x00010002
G4-JNI GetEnv version=0x00010002
G4-JNI GetEnv version=0x00010002
G4-JNI GetEnv version=0x00010002
G4-JNI GetEnv version=0x00010002
G4-JNI GetEnv version=0x00010002
G4-JNI GetEnv version=0x00010002
G4-JNI GetEnv version=0x00010002
G4-JNI GetEnv version=0x00010002
G4-JNI GetEnv version=0x00010002
G4-JNI GetEnv version=0x00010002
G4-JNI GetEnv version=0x00010002
G4-JNI GetEnv version=0x00010002
G4-JNI GetEnv version=0x00010002
G4-JNI GetEnv version=0x00010002
G4-JNI GetEnv version=0x00010002
G4-JNI GetEnv version=0x00010002
G4-JNI GetEnv version=0x00010002
G4-JNI GetEnv version=0x00010002
G4-JNI GetEnv version=0x00010002
G4-JNI GetEnv version=0x00010002
G4-JNI GetEnv version=0x00010002
G4-JNI GetEnv version=0x00010002
G4-JNI GetEnv version=0x00010002
G4-JNI GetEnv version=0x00010002
G4-JNI GetEnv version=0x00010002
G4-JNI GetEnv version=0x00010002
G4-JNI GetEnv version=0x00010002
G4-JNI GetEnv version=0x00010002
G4-JNI GetEnv version=0x00010002
G4-JNI GetEnv version=0x00010002
G4-JNI GetEnv version=0x00010002
G4-JNI GetEnv version=0x00010002
G4-JNI GetEnv version=0x00010002
G4-JNI GetEnv version=0x00010002
G4-JNI GetEnv version=0x00010002
G4-JNI GetEnv version=0x00010002
G4-JNI GetEnv version=0x00010002
G4-JNI GetEnv version=0x00010002
G4-JNI GetEnv version=0x00010002
G4-JNI GetEnv version=0x00010002
G4-JNI GetEnv version=0x00010002
G4-JNI GetEnv version=0x00010002
G4-JNI GetEnv version=0x00010002
G4-JNI GetEnv version=0x00010002
G4-JNI GetEnv version=0x00010002
G4-JNI GetEnv version=0x00010002
G4-JNI GetEnv version=0x00010002
G4-JNI GetEnv version=0x00010002
G4-JNI GetEnv version=0x00010002
G4-JNI GetEnv version=0x00010002
G4-JNI GetEnv version=0x00010002
G4-JNI GetEnv version=0x00010002
G4-JNI GetEnv version=0x00010002
G4-JNI GetEnv version=0x00010002
G4-JNI GetEnv version=0x00010002
G4-JNI GetEnv version=0x00010002
G4-JNI GetEnv version=0x00010002
G4-JNI GetEnv version=0x00010002
G4-JNI GetEnv version=0x00010002
G4-JNI GetEnv version=0x00010002
G4-JNI GetEnv version=0x00010002
G4-JNI GetEnv version=0x00010002
G4-JNI GetEnv version=0x00010002
G4-JNI GetEnv version=0x00010002
G4-JNI GetEnv version=0x00010002
G4-JNI GetEnv version=0x00010002
G4-JNI GetEnv version=0x00010002
G4-JNI GetEnv version=0x00010002
G4-JNI GetEnv version=0x00010002
G4-JNI GetEnv version=0x00010002
G4-JNI GetEnv version=0x00010002
G4-JNI GetEnv version=0x00010002
G4-JNI GetEnv version=0x00010002
G4-JNI GetEnv version=0x00010002
G4-JNI GetEnv version=0x00010002
G4-JNI GetEnv version=0x00010002
G4-JNI GetEnv version=0x00010002
G4-JNI GetEnv version=0x00010002
G4-JNI GetEnv version=0x00010002
android[2] trace: MoGaConTrOlLeR :: ....................(KK) BaseDrivingControlScheme :: OnEvent .....................

G4-JNI GetEnv version=0x00010002
G4-JNI GetEnv version=0x00010002
G4-JNI GetEnv version=0x00010002
G4-JNI GetEnv version=0x00010002
G4-JNI GetEnv version=0x00010002
G4-JNI GetEnv version=0x00010002
G4-JNI GetEnv version=0x00010002
G4-JNI GetEnv version=0x00010002
G4-JNI GetEnv version=0x00010002
G4-JNI GetEnv version=0x00010002
G4-JNI GetEnv version=0x00010002
G4-JNI GetEnv version=0x00010002
G4-JNI GetEnv version=0x00010002
G4-JNI GetEnv version=0x00010002
G4-JNI GetEnv version=0x00010002
G4-JNI GetEnv version=0x00010002
G4-JNI GetEnv version=0x00010002
G4-JNI GetEnv version=0x00010002
G4-JNI GetEnv version=0x00010002
G4-JNI GetEnv version=0x00010002
G4-JNI GetEnv version=0x00010002
G4-JNI GetEnv version=0x00010002
G4-JNI GetEnv version=0x00010002
G4-JNI GetEnv version=0x00010002
G4-JNI GetEnv version=0x00010002
G4-JNI GetEnv version=0x00010002
G4-JNI GetEnv version=0x00010002
G4-JNI GetEnv version=0x00010002
G4-JNI GetEnv version=0x00010002
G4-JNI GetEnv version=0x00010002
G4-JNI GetEnv version=0x00010002
G4-JNI GetEnv version=0x00010002
G4-JNI GetEnv version=0x00010002
G4-JNI GetEnv version=0x00010002
G4-JNI GetEnv version=0x00010002
G4-JNI GetEnv version=0x00010002
G4-JNI GetEnv version=0x00010002
G4-JNI GetEnv version=0x00010002
G4-JNI GetEnv version=0x00010002
G4-JNI GetEnv version=0x00010002
G4-JNI GetEnv version=0x00010002
G4-JNI GetEnv version=0x00010002
G4-JNI GetEnv version=0x00010002
G4-JNI GetEnv version=0x00010002
G4-JNI GetEnv version=0x00010002
G4-JNI GetEnv version=0x00010002
G4-JNI GetEnv version=0x00010002
G4-JNI GetEnv version=0x00010002
G4-JNI GetEnv version=0x00010002
G4-JNI GetEnv version=0x00010002
G4-JNI GetEnv version=0x00010002
G4-JNI GetEnv version=0x00010002
G4-JNI GetEnv version=0x00010002
G4-JNI GetEnv version=0x00010002
G4-JNI GetEnv version=0x00010002
G4-JNI GetEnv version=0x00010002
G4-JNI GetEnv version=0x00010002
G4-JNI GetEnv version=0x00010002
G4-JNI GetEnv version=0x00010002
G4-JNI GetEnv version=0x00010002
G4-JNI GetEnv version=0x00010002
G4-JNI GetEnv version=0x00010002
G4-JNI GetEnv version=0x00010002
G4-JNI GetEnv version=0x00010002
G4-JNI GetEnv version=0x00010002
G4-JNI GetEnv version=0x00010002
G4-JNI GetEnv version=0x00010002
G4-JNI GetEnv version=0x00010002
G4-JNI GetEnv version=0x00010002
G4-JNI GetEnv version=0x00010002
G4-JNI GetEnv version=0x00010002
G4-JNI GetEnv version=0x00010002
G4-JNI GetEnv version=0x00010002
G4-JNI GetEnv version=0x00010002
G4-JNI GetEnv version=0x00010002
G4-JNI GetEnv version=0x00010002
G4-JNI GetEnv version=0x00010002
G4-JNI GetEnv version=0x00010002
G4-JNI GetEnv version=0x00010002
G4-JNI GetEnv version=0x00010002
G4-JNI GetEnv version=0x00010002
G4-JNI GetEnv version=0x00010002
G4-JNI GetEnv version=0x00010002
G4-JNI GetEnv version=0x00010002
G4-JNI GetEnv version=0x00010002
G4-JNI GetEnv version=0x00010002
G4-JNI GetEnv version=0x00010002
G4-JNI GetEnv version=0x00010002
G4-JNI GetEnv version=0x00010002
G4-JNI GetEnv version=0x00010002
G4-JNI GetEnv version=0x00010002
G4-JNI GetEnv version=0x00010002
G4-JNI GetEnv version=0x00010002
G4-JNI GetEnv version=0x00010002
G4-JNI GetEnv version=0x00010002
G4-JNI GetEnv version=0x00010002
G4-JNI GetEnv version=0x00010002
G4-JNI GetEnv version=0x00010002
G4-JNI GetEnv version=0x00010002
G4-JNI GetEnv version=0x00010002
G4-JNI GetEnv version=0x00010002
G4-JNI GetEnv version=0x00010002
G7-FRAME enter=1800
G4-JNI GetEnv version=0x00010002
G4-JNI GetEnv version=0x00010002
G4-JNI GetEnv version=0x00010002
G4-JNI GetEnv version=0x00010002
G4-JNI GetEnv version=0x00010002
G5-GL STATE frame=1800 framebuffer=0 status=0x8cd5 errors=0
G7-FRAME leave=1800
G4-JNI GetEnv version=0x00010002
G4-JNI GetEnv version=0x00010002
G4-JNI GetEnv version=0x00010002
G4-JNI GetEnv version=0x00010002
G4-JNI GetEnv version=0x00010002
G4-JNI GetEnv version=0x00010002
G4-JNI GetEnv version=0x00010002
G4-JNI GetEnv version=0x00010002
G4-JNI GetEnv version=0x00010002
G4-JNI GetEnv version=0x00010002
G4-JNI GetEnv version=0x00010002
G4-JNI GetEnv version=0x00010002
G4-JNI GetEnv version=0x00010002
G4-JNI GetEnv version=0x00010002
G4-JNI GetEnv version=0x00010002
G4-JNI GetEnv version=0x00010002
G4-JNI GetEnv version=0x00010002
G4-JNI GetEnv version=0x00010002
G4-JNI GetEnv version=0x00010002
G4-JNI GetEnv version=0x00010002
G4-JNI GetEnv version=0x00010002
G4-JNI GetEnv version=0x00010002
G4-JNI GetEnv version=0x00010002
G4-JNI GetEnv version=0x00010002
G4-JNI GetEnv version=0x00010002
G4-JNI GetEnv version=0x00010002
G4-JNI GetEnv version=0x00010002
G4-JNI GetEnv version=0x00010002
G4-JNI GetEnv version=0x00010002
G4-JNI GetEnv version=0x00010002
G4-JNI GetEnv version=0x00010002
G4-JNI GetEnv version=0x00010002
G4-JNI GetEnv version=0x00010002
G4-JNI GetEnv version=0x00010002
G4-JNI GetEnv version=0x00010002
G4-JNI GetEnv version=0x00010002
G4-JNI GetEnv version=0x00010002
G4-JNI GetEnv version=0x00010002
G4-JNI GetEnv version=0x00010002
G4-JNI GetEnv version=0x00010002
G4-JNI GetEnv version=0x00010002
G4-JNI GetEnv version=0x00010002
G4-JNI GetEnv version=0x00010002
G4-JNI GetEnv version=0x00010002
G4-JNI GetEnv version=0x00010002
G4-JNI GetEnv version=0x00010002
G4-JNI GetEnv version=0x00010002
G4-JNI GetEnv version=0x00010002
G4-JNI GetEnv version=0x00010002
G4-JNI GetEnv version=0x00010002
G4-JNI GetEnv version=0x00010002
G4-JNI GetEnv version=0x00010002
G4-JNI GetEnv version=0x00010002
G4-JNI GetEnv version=0x00010002
G4-JNI GetEnv version=0x00010002
G4-JNI GetEnv version=0x00010002
G4-JNI GetEnv version=0x00010002
G4-JNI GetEnv version=0x00010002
G4-JNI GetEnv version=0x00010002
G4-JNI GetEnv version=0x00010002
G4-JNI GetEnv version=0x00010002
G4-JNI GetEnv version=0x00010002
G4-JNI GetEnv version=0x00010002
G4-JNI GetEnv version=0x00010002
G4-JNI GetEnv version=0x00010002
G4-JNI GetEnv version=0x00010002
G4-JNI GetEnv version=0x00010002
G4-JNI GetEnv version=0x00010002
G4-JNI GetEnv version=0x00010002
G4-JNI GetEnv version=0x00010002
G4-JNI GetEnv version=0x00010002
G4-JNI GetEnv version=0x00010002
G4-JNI GetEnv version=0x00010002
G4-JNI GetEnv version=0x00010002
G4-JNI GetEnv version=0x00010002
G4-JNI GetEnv version=0x00010002
G4-JNI GetEnv version=0x00010002
G4-JNI GetEnv version=0x00010002
G4-JNI GetEnv version=0x00010002
G4-JNI GetEnv version=0x00010002
G4-JNI GetEnv version=0x00010002
G4-JNI GetEnv version=0x00010002
G4-JNI GetEnv version=0x00010002
G4-JNI GetEnv version=0x00010002
G4-JNI GetEnv version=0x00010002
G4-JNI GetEnv version=0x00010002
G4-JNI GetEnv version=0x00010002
G4-JNI GetEnv version=0x00010002
G4-JNI GetEnv version=0x00010002
G4-JNI GetEnv version=0x00010002
G4-JNI GetEnv version=0x00010002
G4-JNI GetEnv version=0x00010002
G4-JNI GetEnv version=0x00010002
G4-JNI GetEnv version=0x00010002
G4-JNI GetEnv version=0x00010002
G4-JNI GetEnv version=0x00010002
G4-JNI GetEnv version=0x00010002
G4-JNI GetEnv version=0x00010002
G4-JNI GetEnv version=0x00010002
G4-JNI GetEnv version=0x00010002
G4-JNI GetEnv version=0x00010002
G4-JNI GetEnv version=0x00010002
G4-JNI GetEnv version=0x00010002
G4-JNI GetEnv version=0x00010002
G4-JNI GetEnv version=0x00010002
G4-JNI GetEnv version=0x00010002
G4-JNI GetEnv version=0x00010002
G4-JNI GetEnv version=0x00010002
G4-JNI GetEnv version=0x00010002
G4-JNI GetEnv version=0x00010002
G4-JNI GetEnv version=0x00010002
G4-JNI GetEnv version=0x00010002
G4-JNI GetEnv version=0x00010002
G4-JNI GetEnv version=0x00010002
G4-JNI GetEnv version=0x00010002
G4-JNI GetEnv version=0x00010002
G4-JNI GetEnv version=0x00010002
G4-JNI GetEnv version=0x00010002
G4-JNI GetEnv version=0x00010002
G4-JNI GetEnv version=0x00010002
G4-JNI GetEnv version=0x00010002
G4-JNI GetEnv version=0x00010002
G4-JNI GetEnv version=0x00010002
G4-JNI GetEnv version=0x00010002
G4-JNI GetEnv version=0x00010002
G4-JNI GetEnv version=0x00010002
G4-JNI GetEnv version=0x00010002
G4-JNI GetEnv version=0x00010002
G4-JNI GetEnv version=0x00010002
G4-JNI GetEnv version=0x00010002
G4-JNI GetEnv version=0x00010002
G4-JNI GetEnv version=0x00010002
G4-JNI GetEnv version=0x00010002
G4-JNI GetEnv version=0x00010002
G4-JNI GetEnv version=0x00010002
G4-JNI GetEnv version=0x00010002
G4-JNI GetEnv version=0x00010002
G4-JNI GetEnv version=0x00010002
G4-JNI GetEnv version=0x00010002
G4-JNI GetEnv version=0x00010002
G4-JNI GetEnv version=0x00010002
G4-JNI GetEnv version=0x00010002
G4-JNI GetEnv version=0x00010002
G4-JNI GetEnv version=0x00010002
G4-JNI GetEnv version=0x00010002
G4-JNI GetEnv version=0x00010002
G4-JNI GetEnv version=0x00010002
G4-JNI GetEnv version=0x00010002
G4-JNI GetEnv version=0x00010002
G4-JNI GetEnv version=0x00010002
G4-JNI GetEnv version=0x00010002
G4-JNI GetEnv version=0x00010002
G4-JNI GetEnv version=0x00010002
G4-JNI GetEnv version=0x00010002
G4-JNI GetEnv version=0x00010002
G4-JNI GetEnv version=0x00010002
G4-JNI GetEnv version=0x00010002
G4-JNI GetEnv version=0x00010002
G4-JNI GetEnv version=0x00010002
G4-JNI GetEnv version=0x00010002
G4-JNI GetEnv version=0x00010002
G4-JNI GetEnv version=0x00010002
G4-JNI GetEnv version=0x00010002
G4-JNI GetEnv version=0x00010002
G4-JNI GetEnv version=0x00010002
G4-JNI GetEnv version=0x00010002
G4-JNI GetEnv version=0x00010002
G4-JNI GetEnv version=0x00010002
G4-JNI GetEnv version=0x00010002
G4-JNI GetEnv version=0x00010002
G4-JNI GetEnv version=0x00010002
G4-JNI GetEnv version=0x00010002
G4-JNI GetEnv version=0x00010002
G4-JNI GetEnv version=0x00010002
G4-JNI GetEnv version=0x00010002
G4-JNI GetEnv version=0x00010002
G4-JNI GetEnv version=0x00010002
G4-JNI GetEnv version=0x00010002
G4-JNI GetEnv version=0x00010002
G4-JNI GetEnv version=0x00010002
G4-JNI GetEnv version=0x00010002
G4-JNI GetEnv version=0x00010002
G4-JNI GetEnv version=0x00010002
G4-JNI GetEnv version=0x00010002
G4-JNI GetEnv version=0x00010002
G4-JNI GetEnv version=0x00010002
G4-JNI GetEnv version=0x00010002
G4-JNI GetEnv version=0x00010002
G4-JNI GetEnv version=0x00010002
G4-JNI GetEnv version=0x00010002
G4-JNI GetEnv version=0x00010002
G4-JNI GetEnv version=0x00010002
G4-JNI GetEnv version=0x00010002
G4-JNI GetEnv version=0x00010002
G4-JNI GetEnv version=0x00010002
G4-JNI GetEnv version=0x00010002
G4-JNI GetEnv version=0x00010002
G4-JNI GetEnv version=0x00010002
G4-JNI GetEnv version=0x00010002
G4-JNI GetEnv version=0x00010002
G4-JNI GetEnv version=0x00010002
G4-JNI GetEnv version=0x00010002
G4-JNI GetEnv version=0x00010002
G4-JNI GetEnv version=0x00010002
G4-JNI GetEnv version=0x00010002
G4-JNI GetEnv version=0x00010002
android[6] Sound/SoundManager/error: FMOD result of SoundManager::createSound: An error occured that wasn't supposed to.  Contact support. 

android[5] Sound/SoundManager/warn: SoundManager::createSound - 'effects/collisions/scrape': failure.

G4-JNI GetEnv version=0x00010002
G4-JNI GetEnv version=0x00010002
G4-JNI GetEnv version=0x00010002
G4-JNI GetEnv version=0x00010002
G4-JNI GetEnv version=0x00010002
G4-JNI GetEnv version=0x00010002
G6-RAW buttons=0x00000002
android[2] trace: ....................(KK) MogaController :: Inside NativeOnMotionEvent

android[2] trace: (KK) MogaController :: Inside NativeOnMotionEvent ....................

G6-MOGA motion frame=1994 axes=8301,0,0,0,0,0
android[2] trace: MoGaConTrOlLeR :: ....................(KK) MogaController :: Inside nativeOnKeyEvent 

android[2] trace: ....................(KK) MogaController :: Inside nativeOnKeyEvent 96

android[2] trace: MoGaConTrOlLeR :: ....................(KK) Key Event Key A AAAA .....................

android[2] trace: MoGaConTrOlLeR :: ....................(KK) Key Event Key Down .....................

android[2] trace: MoGaConTrOlLeR :: ....................(KK) Listener Key Press .....................

android[2] trace: MoGaConTrOlLeR :: ....................(KK) AndroidKeyCode :: MogaKeyCode (Start of func) .....................

android[2] trace: MoGaConTrOlLeR :: ....................(KK) AndroidKeyCode :: MogaKeyCode Key Press A .....................

android[2] trace: MoGaConTrOlLeR :: ....................(KK) AndroidKeyCode :: MogaKeyCode Key Press A(Drift) Racing True.....................

android[2] trace: MoGaConTrOlLeR :: (KK) MogaController :: Inside nativeOnKeyEvent ....................

G6-MOGA key frame=1994 code=96 state=down
android[2] trace: MoGaConTrOlLeR :: ....................(KK) BaseDrivingControlScheme :: OnEvent .....................

android[2] trace: MoGaConTrOlLeR :: ....................(KK) BaseDrivingControlScheme :: onKeyPress Drift.....................

G4-JNI GetEnv version=0x00010002
android[2] trace: ....................(KK) MogaController :: Inside NativeOnMotionEvent

android[2] trace: (KK) MogaController :: Inside NativeOnMotionEvent ....................

G4-JNI GetEnv version=0x00010002
android[2] trace: ....................(KK) MogaController :: Inside NativeOnMotionEvent

android[2] trace: (KK) MogaController :: Inside NativeOnMotionEvent ....................

G4-JNI GetEnv version=0x00010002
android[2] trace: ....................(KK) MogaController :: Inside NativeOnMotionEvent

android[2] trace: (KK) MogaController :: Inside NativeOnMotionEvent ....................

G4-JNI GetEnv version=0x00010002
G4-JNI GetEnv version=0x00010002
G4-JNI GetEnv version=0x00010002
G4-JNI GetEnv version=0x00010002
G4-JNI GetEnv version=0x00010002
G4-JNI GetEnv version=0x00010002
G4-JNI GetEnv version=0x00010002
G4-JNI GetEnv version=0x00010002
G4-JNI GetEnv version=0x00010002
G4-JNI GetEnv version=0x00010002
G4-JNI GetEnv version=0x00010002
G4-JNI GetEnv version=0x00010002
G4-JNI GetEnv version=0x00010002
G4-JNI GetEnv version=0x00010002
G4-JNI GetEnv version=0x00010002
G4-JNI GetEnv version=0x00010002
G4-JNI GetEnv version=0x00010002
G4-JNI GetEnv version=0x00010002
G4-JNI GetEnv version=0x00010002
G4-JNI GetEnv version=0x00010002
G4-JNI GetEnv version=0x00010002
G4-JNI GetEnv version=0x00010002
G4-JNI GetEnv version=0x00010002
G4-JNI GetEnv version=0x00010002
G4-JNI GetEnv version=0x00010002
G4-JNI GetEnv version=0x00010002
G4-JNI GetEnv version=0x00010002
G4-JNI GetEnv version=0x00010002
G4-JNI GetEnv version=0x00010002
G4-JNI GetEnv version=0x00010002
G4-JNI GetEnv version=0x00010002
G4-JNI GetEnv version=0x00010002
G4-JNI GetEnv version=0x00010002
G4-JNI GetEnv version=0x00010002
G4-JNI GetEnv version=0x00010002
G4-JNI GetEnv version=0x00010002
G4-JNI GetEnv version=0x00010002
G4-JNI GetEnv version=0x00010002
G4-JNI GetEnv version=0x00010002
G4-JNI GetEnv version=0x00010002
G4-JNI GetEnv version=0x00010002
G4-JNI GetEnv version=0x00010002
G4-JNI GetEnv version=0x00010002
G4-JNI GetEnv version=0x00010002
G4-JNI GetEnv version=0x00010002
G4-JNI GetEnv version=0x00010002
G4-JNI GetEnv version=0x00010002
G4-JNI GetEnv version=0x00010002
G4-JNI GetEnv version=0x00010002
G4-JNI GetEnv version=0x00010002
G4-JNI GetEnv version=0x00010002
G4-JNI GetEnv version=0x00010002
G4-JNI GetEnv version=0x00010002
G4-JNI GetEnv version=0x00010002
G4-JNI GetEnv version=0x00010002
G4-JNI GetEnv version=0x00010002
G4-JNI GetEnv version=0x00010002
G4-JNI GetEnv version=0x00010002
G4-JNI GetEnv version=0x00010002
G4-JNI GetEnv version=0x00010002
G4-JNI GetEnv version=0x00010002
G4-JNI GetEnv version=0x00010002
G4-JNI GetEnv version=0x00010002
G4-JNI GetEnv version=0x00010002
G4-JNI GetEnv version=0x00010002
G4-JNI GetEnv version=0x00010002
G4-JNI GetEnv version=0x00010002
G4-JNI GetEnv version=0x00010002
android[2] trace: ....................(KK) MogaController :: Inside NativeOnMotionEvent

android[2] trace: (KK) MogaController :: Inside NativeOnMotionEvent ....................

G6-MOGA motion frame=2020 axes=30437,0,0,0,0,0
G4-JNI GetEnv version=0x00010002
G4-JNI GetEnv version=0x00010002
G4-JNI GetEnv version=0x00010002
G4-JNI GetEnv version=0x00010002
G4-JNI GetEnv version=0x00010002
G4-JNI GetEnv version=0x00010002
G4-JNI GetEnv version=0x00010002
G4-JNI GetEnv version=0x00010002
G6-RAW buttons=0x00000000
android[2] trace: ....................(KK) MogaController :: Inside NativeOnMotionEvent

android[2] trace: (KK) MogaController :: Inside NativeOnMotionEvent ....................

android[2] trace: MoGaConTrOlLeR :: ....................(KK) MogaController :: Inside nativeOnKeyEvent 

android[2] trace: ....................(KK) MogaController :: Inside nativeOnKeyEvent 96

android[2] trace: MoGaConTrOlLeR :: ....................(KK) Key Event Key A AAAA .....................

android[2] trace: MoGaConTrOlLeR :: ....................(KK) Key Event Key up .....................

android[2] trace: MoGaConTrOlLeR :: ....................(KK) Listener Key Release .....................

android[2] trace: MoGaConTrOlLeR :: ....................(KK) AndroidKeyCode :: MogaKeyCode (Start of func) .....................

android[2] trace: MoGaConTrOlLeR :: ....................(KK) AndroidKeyCode :: MogaKeyCode Key Press A .....................

android[2] trace: MoGaConTrOlLeR :: ....................(KK) AndroidKeyCode :: MogaKeyCode Key Press A(Drift) Racing True.....................

android[2] trace: MoGaConTrOlLeR :: (KK) MogaController :: Inside nativeOnKeyEvent ....................

G6-MOGA key frame=2021 code=96 state=up
android[2] trace: MoGaConTrOlLeR :: ....................(KK) BaseDrivingControlScheme :: OnEvent .....................

android[2] trace: MoGaConTrOlLeR :: ....................(KK) BaseDrivingControlScheme :: OnKeyRelease Drift.....................

G4-JNI GetEnv version=0x00010002
G4-JNI GetEnv version=0x00010002
G4-JNI GetEnv version=0x00010002
G4-JNI GetEnv version=0x00010002
G4-JNI GetEnv version=0x00010002
android[2] trace: ....................(KK) MogaController :: Inside NativeOnMotionEvent

android[2] trace: (KK) MogaController :: Inside NativeOnMotionEvent ....................

G4-JNI GetEnv version=0x00010002
G4-JNI GetEnv version=0x00010002
G4-JNI GetEnv version=0x00010002
G4-JNI GetEnv version=0x00010002
G4-JNI GetEnv version=0x00010002
android[2] trace: ....................(KK) MogaController :: Inside NativeOnMotionEvent

android[2] trace: (KK) MogaController :: Inside NativeOnMotionEvent ....................

G4-JNI GetEnv version=0x00010002
android[2] trace: ....................(KK) MogaController :: Inside NativeOnMotionEvent

android[2] trace: (KK) MogaController :: Inside NativeOnMotionEvent ....................

G4-JNI GetEnv version=0x00010002
G4-JNI GetEnv version=0x00010002
android[2] trace: ....................(KK) MogaController :: Inside NativeOnMotionEvent

android[2] trace: (KK) MogaController :: Inside NativeOnMotionEvent ....................

G4-JNI GetEnv version=0x00010002
android[2] trace: ....................(KK) MogaController :: Inside NativeOnMotionEvent

android[2] trace: (KK) MogaController :: Inside NativeOnMotionEvent ....................

G4-JNI GetEnv version=0x00010002
G4-JNI GetEnv version=0x00010002
G4-JNI GetEnv version=0x00010002
G4-JNI GetEnv version=0x00010002
android[2] trace: ....................(KK) MogaController :: Inside NativeOnMotionEvent

android[2] trace: (KK) MogaController :: Inside NativeOnMotionEvent ....................

G6-MOGA motion frame=2035 axes=27233,0,0,0,0,0
G4-JNI GetEnv version=0x00010002
android[2] trace: ....................(KK) MogaController :: Inside NativeOnMotionEvent

android[2] trace: (KK) MogaController :: Inside NativeOnMotionEvent ....................

G4-JNI GetEnv version=0x00010002
android[2] trace: ....................(KK) MogaController :: Inside NativeOnMotionEvent

android[2] trace: (KK) MogaController :: Inside NativeOnMotionEvent ....................

G4-JNI GetEnv version=0x00010002
android[2] trace: ....................(KK) MogaController :: Inside NativeOnMotionEvent

android[2] trace: (KK) MogaController :: Inside NativeOnMotionEvent ....................

G4-JNI GetEnv version=0x00010002
G4-JNI GetEnv version=0x00010002
G4-JNI GetEnv version=0x00010002
G4-JNI GetEnv version=0x00010002
G4-JNI GetEnv version=0x00010002
G4-JNI GetEnv version=0x00010002
G4-JNI GetEnv version=0x00010002
G4-JNI GetEnv version=0x00010002
G4-JNI GetEnv version=0x00010002
G4-JNI GetEnv version=0x00010002
G4-JNI GetEnv version=0x00010002
G4-JNI GetEnv version=0x00010002
G4-JNI GetEnv version=0x00010002
G4-JNI GetEnv version=0x00010002
G4-JNI GetEnv version=0x00010002
G4-JNI GetEnv version=0x00010002
android[2] trace: ....................(KK) MogaController :: Inside NativeOnMotionEvent

android[2] trace: (KK) MogaController :: Inside NativeOnMotionEvent ....................

G6-MOGA motion frame=2054 axes=7937,0,0,0,0,0
G4-JNI GetEnv version=0x00010002
android[2] trace: ....................(KK) MogaController :: Inside NativeOnMotionEvent

android[2] trace: (KK) MogaController :: Inside NativeOnMotionEvent ....................

G4-JNI GetEnv version=0x00010002
android[2] trace: ....................(KK) MogaController :: Inside NativeOnMotionEvent

android[2] trace: (KK) MogaController :: Inside NativeOnMotionEvent ....................

G4-JNI GetEnv version=0x00010002
android[2] trace: ....................(KK) MogaController :: Inside NativeOnMotionEvent

android[2] trace: (KK) MogaController :: Inside NativeOnMotionEvent ....................

G4-JNI GetEnv version=0x00010002
android[2] trace: ....................(KK) MogaController :: Inside NativeOnMotionEvent

android[2] trace: (KK) MogaController :: Inside NativeOnMotionEvent ....................

G4-JNI GetEnv version=0x00010002
G4-JNI GetEnv version=0x00010002
G4-JNI GetEnv version=0x00010002
G4-JNI GetEnv version=0x00010002
G4-JNI GetEnv version=0x00010002
G4-JNI GetEnv version=0x00010002
G4-JNI GetEnv version=0x00010002
G4-JNI GetEnv version=0x00010002
G4-JNI GetEnv version=0x00010002
G4-JNI GetEnv version=0x00010002
android[2] trace: ....................(KK) MogaController :: Inside NativeOnMotionEvent

android[2] trace: (KK) MogaController :: Inside NativeOnMotionEvent ....................

G4-JNI GetEnv version=0x00010002
android[2] trace: ....................(KK) MogaController :: Inside NativeOnMotionEvent

android[2] trace: (KK) MogaController :: Inside NativeOnMotionEvent ....................

G6-MOGA motion frame=2069 axes=27379,0,0,0,0,0
G4-JNI GetEnv version=0x00010002
android[2] trace: ....................(KK) MogaController :: Inside NativeOnMotionEvent

android[2] trace: (KK) MogaController :: Inside NativeOnMotionEvent ....................

G4-JNI GetEnv version=0x00010002
android[2] trace: ....................(KK) MogaController :: Inside NativeOnMotionEvent

android[2] trace: (KK) MogaController :: Inside NativeOnMotionEvent ....................

G4-JNI GetEnv version=0x00010002
android[2] trace: ....................(KK) MogaController :: Inside NativeOnMotionEvent

android[2] trace: (KK) MogaController :: Inside NativeOnMotionEvent ....................

G4-JNI GetEnv version=0x00010002
android[2] trace: ....................(KK) MogaController :: Inside NativeOnMotionEvent

android[2] trace: (KK) MogaController :: Inside NativeOnMotionEvent ....................

G4-JNI GetEnv version=0x00010002
G4-JNI GetEnv version=0x00010002
G4-JNI GetEnv version=0x00010002
G4-JNI GetEnv version=0x00010002
G4-JNI GetEnv version=0x00010002
G4-JNI GetEnv version=0x00010002
G4-JNI GetEnv version=0x00010002
G4-JNI GetEnv version=0x00010002
G4-JNI GetEnv version=0x00010002
G4-JNI GetEnv version=0x00010002
G4-JNI GetEnv version=0x00010002
G4-JNI GetEnv version=0x00010002
G4-JNI GetEnv version=0x00010002
G4-JNI GetEnv version=0x00010002
G4-JNI GetEnv version=0x00010002
G4-JNI GetEnv version=0x00010002
G4-JNI GetEnv version=0x00010002
G4-JNI GetEnv version=0x00010002
G4-JNI GetEnv version=0x00010002
G4-JNI GetEnv version=0x00010002
G4-JNI GetEnv version=0x00010002
G4-JNI GetEnv version=0x00010002
G4-JNI GetEnv version=0x00010002
G4-JNI GetEnv version=0x00010002
G4-JNI GetEnv version=0x00010002
G4-JNI GetEnv version=0x00010002
G4-JNI GetEnv version=0x00010002
G7-FRAME enter=2100
G4-JNI GetEnv version=0x00010002
G5-GL STATE frame=2100 framebuffer=0 status=0x8cd5 errors=0
G7-FRAME leave=2100
android[2] trace: ....................(KK) MogaController :: Inside NativeOnMotionEvent

android[2] trace: (KK) MogaController :: Inside NativeOnMotionEvent ....................

G6-MOGA motion frame=2101 axes=0,0,0,0,0,0
G4-JNI GetEnv version=0x00010002
G4-JNI GetEnv version=0x00010002
G4-JNI GetEnv version=0x00010002
G4-JNI GetEnv version=0x00010002
G4-JNI GetEnv version=0x00010002
G4-JNI GetEnv version=0x00010002
G4-JNI GetEnv version=0x00010002
G4-JNI GetEnv version=0x00010002
G4-JNI GetEnv version=0x00010002
G4-JNI GetEnv version=0x00010002
G4-JNI GetEnv version=0x00010002
G4-JNI GetEnv version=0x00010002
G4-JNI GetEnv version=0x00010002
G4-JNI GetEnv version=0x00010002
G4-JNI GetEnv version=0x00010002
G4-JNI GetEnv version=0x00010002
G4-JNI GetEnv version=0x00010002
G4-JNI GetEnv version=0x00010002
G4-JNI GetEnv version=0x00010002
G4-JNI GetEnv version=0x00010002
G4-JNI GetEnv version=0x00010002
G4-JNI GetEnv version=0x00010002
G4-JNI GetEnv version=0x00010002
G4-JNI GetEnv version=0x00010002
G4-JNI GetEnv version=0x00010002
G6-RAW buttons=0x00000800
android[2] trace: ....................(KK) MogaController :: Inside NativeOnMotionEvent

android[2] trace: (KK) MogaController :: Inside NativeOnMotionEvent ....................

G6-MOGA motion frame=2126 axes=32767,0,0,0,0,0
G6-MOGA dpad-as-stick frame=2126 code=22 state=down
G4-JNI GetEnv version=0x00010002
G4-JNI GetEnv version=0x00010002
G4-JNI GetEnv version=0x00010002
G4-JNI GetEnv version=0x00010002
G4-JNI GetEnv version=0x00010002
G4-JNI GetEnv version=0x00010002
G4-JNI GetEnv version=0x00010002
G4-JNI GetEnv version=0x00010002
G4-JNI GetEnv version=0x00010002
G4-JNI GetEnv version=0x00010002
G4-JNI GetEnv version=0x00010002
G4-JNI GetEnv version=0x00010002
G4-JNI GetEnv version=0x00010002
G4-JNI GetEnv version=0x00010002
G4-JNI GetEnv version=0x00010002
G4-JNI GetEnv version=0x00010002
G4-JNI GetEnv version=0x00010002
G4-JNI GetEnv version=0x00010002
G4-JNI GetEnv version=0x00010002
G4-JNI GetEnv version=0x00010002
G4-JNI GetEnv version=0x00010002
G4-JNI GetEnv version=0x00010002
G4-JNI GetEnv version=0x00010002
G6-RAW buttons=0x00000000
android[2] trace: ....................(KK) MogaController :: Inside NativeOnMotionEvent

android[2] trace: (KK) MogaController :: Inside NativeOnMotionEvent ....................

G6-MOGA motion frame=2149 axes=0,0,0,0,0,0
G6-MOGA dpad-as-stick frame=2149 code=22 state=up
G4-JNI GetEnv version=0x00010002
G4-JNI GetEnv version=0x00010002
G4-JNI GetEnv version=0x00010002
G4-JNI GetEnv version=0x00010002
G4-JNI GetEnv version=0x00010002
G4-JNI GetEnv version=0x00010002
G4-JNI GetEnv version=0x00010002
G4-JNI GetEnv version=0x00010002
G4-JNI GetEnv version=0x00010002
G4-JNI GetEnv version=0x00010002
G4-JNI GetEnv version=0x00010002
G4-JNI GetEnv version=0x00010002
G4-JNI GetEnv version=0x00010002
G4-JNI GetEnv version=0x00010002
G4-JNI GetEnv version=0x00010002
G4-JNI GetEnv version=0x00010002
G4-JNI GetEnv version=0x00010002
G4-JNI GetEnv version=0x00010002
G4-JNI GetEnv version=0x00010002
G4-JNI GetEnv version=0x00010002
G4-JNI GetEnv version=0x00010002
G4-JNI GetEnv version=0x00010002
G4-JNI GetEnv version=0x00010002
G4-JNI GetEnv version=0x00010002
G4-JNI GetEnv version=0x00010002
G4-JNI GetEnv version=0x00010002
G4-JNI GetEnv version=0x00010002
G4-JNI GetEnv version=0x00010002
G4-JNI GetEnv version=0x00010002
G6-RAW buttons=0x00000800
android[2] trace: ....................(KK) MogaController :: Inside NativeOnMotionEvent

android[2] trace: (KK) MogaController :: Inside NativeOnMotionEvent ....................

G6-MOGA motion frame=2178 axes=32767,0,0,0,0,0
G6-MOGA dpad-as-stick frame=2178 code=22 state=down
G4-JNI GetEnv version=0x00010002
G4-JNI GetEnv version=0x00010002
G4-JNI GetEnv version=0x00010002
G4-JNI GetEnv version=0x00010002
G4-JNI GetEnv version=0x00010002
G4-JNI GetEnv version=0x00010002
G4-JNI GetEnv version=0x00010002
G4-JNI GetEnv version=0x00010002
G4-JNI GetEnv version=0x00010002
G4-JNI GetEnv version=0x00010002
G4-JNI GetEnv version=0x00010002
G4-JNI GetEnv version=0x00010002
G4-JNI GetEnv version=0x00010002
G4-JNI GetEnv version=0x00010002
G4-JNI GetEnv version=0x00010002
G4-JNI GetEnv version=0x00010002
G6-RAW buttons=0x00000000
android[2] trace: ....................(KK) MogaController :: Inside NativeOnMotionEvent

android[2] trace: (KK) MogaController :: Inside NativeOnMotionEvent ....................

G6-MOGA motion frame=2194 axes=0,0,0,0,0,0
G6-MOGA dpad-as-stick frame=2194 code=22 state=up
G4-JNI GetEnv version=0x00010002
G4-JNI GetEnv version=0x00010002
G4-JNI GetEnv version=0x00010002
G4-JNI GetEnv version=0x00010002
G4-JNI GetEnv version=0x00010002
G4-JNI GetEnv version=0x00010002
G4-JNI GetEnv version=0x00010002
G4-JNI GetEnv version=0x00010002
G4-JNI GetEnv version=0x00010002
G4-JNI GetEnv version=0x00010002
G4-JNI GetEnv version=0x00010002
G4-JNI GetEnv version=0x00010002
G4-JNI GetEnv version=0x00010002
G4-JNI GetEnv version=0x00010002
G4-JNI GetEnv version=0x00010002
G4-JNI GetEnv version=0x00010002
G4-JNI GetEnv version=0x00010002
G4-JNI GetEnv version=0x00010002
G4-JNI GetEnv version=0x00010002
G4-JNI GetEnv version=0x00010002
G4-JNI GetEnv version=0x00010002
G4-JNI GetEnv version=0x00010002
G4-JNI GetEnv version=0x00010002
G4-JNI GetEnv version=0x00010002
G4-JNI GetEnv version=0x00010002
G4-JNI GetEnv version=0x00010002
G4-JNI GetEnv version=0x00010002
G4-JNI GetEnv version=0x00010002
G4-JNI GetEnv version=0x00010002
G4-JNI GetEnv version=0x00010002
G4-JNI GetEnv version=0x00010002
G4-JNI GetEnv version=0x00010002
G4-JNI GetEnv version=0x00010002
G4-JNI GetEnv version=0x00010002
G4-JNI GetEnv version=0x00010002
G4-JNI GetEnv version=0x00010002
G4-JNI GetEnv version=0x00010002
G4-JNI GetEnv version=0x00010002
G4-JNI GetEnv version=0x00010002
G4-JNI GetEnv version=0x00010002
G4-JNI GetEnv version=0x00010002
G4-JNI GetEnv version=0x00010002
G4-JNI GetEnv version=0x00010002
G4-JNI GetEnv version=0x00010002
G4-JNI GetEnv version=0x00010002
G4-JNI GetEnv version=0x00010002
G4-JNI GetEnv version=0x00010002
G4-JNI GetEnv version=0x00010002
android[6] Sound/SoundManager/error: FMOD result of SoundManager::createSound: An error occured that wasn't supposed to.  Contact support. 

android[5] Sound/SoundManager/warn: SoundManager::createSound - 'effects/collisions/work_barrier': failure.

G4-JNI GetEnv version=0x00010002
G4-JNI GetEnv version=0x00010002
android[6] Sound/SoundManager/error: FMOD result of SoundManager::createSound: An error occured that wasn't supposed to.  Contact support. 

android[5] Sound/SoundManager/warn: SoundManager::createSound - 'effects/collisions/work_barrier': failure.

G4-JNI GetEnv version=0x00010002
G4-JNI GetEnv version=0x00010002
G4-JNI GetEnv version=0x00010002
G4-JNI GetEnv version=0x00010002
G4-JNI GetEnv version=0x00010002
G4-JNI GetEnv version=0x00010002
G4-JNI GetEnv version=0x00010002
G4-JNI GetEnv version=0x00010002
G4-JNI GetEnv version=0x00010002
android[6] Sound/SoundManager/error: FMOD result of SoundManager::createSound: An error occured that wasn't supposed to.  Contact support. 

android[5] Sound/SoundManager/warn: SoundManager::createSound - 'effects/collisions/work_barrier': failure.

G4-JNI GetEnv version=0x00010002
G4-JNI GetEnv version=0x00010002
G4-JNI GetEnv version=0x00010002
G4-JNI GetEnv version=0x00010002
G4-JNI GetEnv version=0x00010002
G4-JNI GetEnv version=0x00010002
G4-JNI GetEnv version=0x00010002
G4-JNI GetEnv version=0x00010002
G4-JNI GetEnv version=0x00010002
G4-JNI GetEnv version=0x00010002
G4-JNI GetEnv version=0x00010002
G4-JNI GetEnv version=0x00010002
G4-JNI GetEnv version=0x00010002
G4-JNI GetEnv version=0x00010002
G4-JNI GetEnv version=0x00010002
G4-JNI GetEnv version=0x00010002
android[6] Sound/SoundManager/error: FMOD result of SoundManager::createSound: An error occured that wasn't supposed to.  Contact support. 

android[5] Sound/SoundManager/warn: SoundManager::createSound - 'effects/collisions/work_barrier': failure.

G4-JNI GetEnv version=0x00010002
G4-JNI GetEnv version=0x00010002
G4-JNI GetEnv version=0x00010002
G4-JNI GetEnv version=0x00010002
G4-JNI GetEnv version=0x00010002
G4-JNI GetEnv version=0x00010002
G4-JNI GetEnv version=0x00010002
G4-JNI GetEnv version=0x00010002
G4-JNI GetEnv version=0x00010002
G4-JNI GetEnv version=0x00010002
G4-JNI GetEnv version=0x00010002
G4-JNI GetEnv version=0x00010002
G4-JNI GetEnv version=0x00010002
G4-JNI GetEnv version=0x00010002
G4-JNI GetEnv version=0x00010002
G4-JNI GetEnv version=0x00010002
G4-JNI GetEnv version=0x00010002
G4-JNI GetEnv version=0x00010002
G4-JNI GetEnv version=0x00010002
G4-JNI GetEnv version=0x00010002
G4-JNI GetEnv version=0x00010002
G4-JNI GetEnv version=0x00010002
G4-JNI GetEnv version=0x00010002
G4-JNI GetEnv version=0x00010002
G4-JNI GetEnv version=0x00010002
G4-JNI GetEnv version=0x00010002
G4-JNI GetEnv version=0x00010002
G4-JNI GetEnv version=0x00010002
G4-JNI GetEnv version=0x00010002
G4-JNI GetEnv version=0x00010002
G4-JNI GetEnv version=0x00010002
G4-JNI GetEnv version=0x00010002
G4-JNI GetEnv version=0x00010002
G4-JNI GetEnv version=0x00010002
G4-JNI GetEnv version=0x00010002
G4-JNI GetEnv version=0x00010002
G4-JNI GetEnv version=0x00010002
G4-JNI GetEnv version=0x00010002
G4-JNI GetEnv version=0x00010002
G4-JNI GetEnv version=0x00010002
G4-JNI GetEnv version=0x00010002
G4-JNI GetEnv version=0x00010002
G4-JNI GetEnv version=0x00010002
G4-JNI GetEnv version=0x00010002
G4-JNI GetEnv version=0x00010002
G4-JNI GetEnv version=0x00010002
G4-JNI GetEnv version=0x00010002
G4-JNI GetEnv version=0x00010002
G4-JNI GetEnv version=0x00010002
G4-JNI GetEnv version=0x00010002
G4-JNI GetEnv version=0x00010002
G4-JNI GetEnv version=0x00010002
G4-JNI GetEnv version=0x00010002
G4-JNI GetEnv version=0x00010002
G4-JNI GetEnv version=0x00010002
G4-JNI GetEnv version=0x00010002
G4-JNI GetEnv version=0x00010002
G4-JNI GetEnv version=0x00010002
G4-JNI GetEnv version=0x00010002
G4-JNI GetEnv version=0x00010002
G4-JNI GetEnv version=0x00010002
G4-JNI GetEnv version=0x00010002
G4-JNI GetEnv version=0x00010002
G4-JNI GetEnv version=0x00010002
G4-JNI GetEnv version=0x00010002
G4-JNI GetEnv version=0x00010002
G4-JNI GetEnv version=0x00010002
G4-JNI GetEnv version=0x00010002
G4-JNI GetEnv version=0x00010002
G4-JNI GetEnv version=0x00010002
G6-RAW buttons=0x00000020
android[2] trace: MoGaConTrOlLeR :: ....................(KK) MogaController :: Inside nativeOnKeyEvent 

android[2] trace: ....................(KK) MogaController :: Inside nativeOnKeyEvent 103

android[2] trace: MoGaConTrOlLeR :: ....................(KK) Key Event Key R1 1111 .....................

android[2] trace: MoGaConTrOlLeR :: ....................(KK) Key Event Key Down .....................

android[2] trace: MoGaConTrOlLeR :: ....................(KK) Listener Key Press .....................

android[2] trace: MoGaConTrOlLeR :: ....................(KK) AndroidKeyCode :: MogaKeyCode (Start of func) .....................

android[2] trace: MoGaConTrOlLeR :: ....................(KK) AndroidKeyCode :: MogaKeyCode Key Press R1 .....................

android[2] trace: MoGaConTrOlLeR :: ....................(KK) AndroidKeyCode :: MogaKeyCode Key Press R1(Nitro) Racing True.....................

android[2] trace: MoGaConTrOlLeR :: (KK) MogaController :: Inside nativeOnKeyEvent ....................

G6-MOGA key frame=2339 code=103 state=down
android[2] trace: MoGaConTrOlLeR :: ....................(KK) BaseDrivingControlScheme :: OnEvent .....................

android[2] trace: MoGaConTrOlLeR :: ....................(KK) BaseDrivingControlScheme :: onKeyPress Nitro.....................

G4-JNI GetEnv version=0x00010002
G4-JNI GetEnv version=0x00010002
G4-JNI GetEnv version=0x00010002
G4-JNI GetEnv version=0x00010002
G4-JNI GetEnv version=0x00010002
G4-JNI GetEnv version=0x00010002
G4-JNI GetEnv version=0x00010002
G4-JNI GetEnv version=0x00010002
G4-JNI GetEnv version=0x00010002
G4-JNI GetEnv version=0x00010002
G4-JNI GetEnv version=0x00010002
G4-JNI GetEnv version=0x00010002
G4-JNI GetEnv version=0x00010002
G4-JNI GetEnv version=0x00010002
G4-JNI GetEnv version=0x00010002
G4-JNI GetEnv version=0x00010002
G4-JNI GetEnv version=0x00010002
G4-JNI GetEnv version=0x00010002
G4-JNI GetEnv version=0x00010002
G4-JNI GetEnv version=0x00010002
G4-JNI GetEnv version=0x00010002
G4-JNI GetEnv version=0x00010002
G6-RAW buttons=0x00000000
android[2] trace: MoGaConTrOlLeR :: ....................(KK) MogaController :: Inside nativeOnKeyEvent 

android[2] trace: ....................(KK) MogaController :: Inside nativeOnKeyEvent 103

android[2] trace: MoGaConTrOlLeR :: ....................(KK) Key Event Key R1 1111 .....................

android[2] trace: MoGaConTrOlLeR :: ....................(KK) Key Event Key up .....................

android[2] trace: MoGaConTrOlLeR :: ....................(KK) Listener Key Release .....................

android[2] trace: MoGaConTrOlLeR :: ....................(KK) AndroidKeyCode :: MogaKeyCode (Start of func) .....................

android[2] trace: MoGaConTrOlLeR :: ....................(KK) AndroidKeyCode :: MogaKeyCode Key Press R1 .....................

android[2] trace: MoGaConTrOlLeR :: ....................(KK) AndroidKeyCode :: MogaKeyCode Key Press R1(Nitro) Racing True.....................

android[2] trace: MoGaConTrOlLeR :: (KK) MogaController :: Inside nativeOnKeyEvent ....................

G6-MOGA key frame=2361 code=103 state=up
android[2] trace: MoGaConTrOlLeR :: ....................(KK) BaseDrivingControlScheme :: OnEvent .....................

android[2] trace: MoGaConTrOlLeR :: ....................(KK) BaseDrivingControlScheme :: OnKeyRelease Nothing :( .....................

G4-JNI GetEnv version=0x00010002
G4-JNI GetEnv version=0x00010002
G4-JNI GetEnv version=0x00010002
G4-JNI GetEnv version=0x00010002
G4-JNI GetEnv version=0x00010002
G4-JNI GetEnv version=0x00010002
G4-JNI GetEnv version=0x00010002
G4-JNI GetEnv version=0x00010002
G4-JNI GetEnv version=0x00010002
G4-JNI GetEnv version=0x00010002
G4-JNI GetEnv version=0x00010002
G4-JNI GetEnv version=0x00010002
G4-JNI GetEnv version=0x00010002
G4-JNI GetEnv version=0x00010002
G4-JNI GetEnv version=0x00010002
G4-JNI GetEnv version=0x00010002
G4-JNI GetEnv version=0x00010002
G4-JNI GetEnv version=0x00010002
G4-JNI GetEnv version=0x00010002
G4-JNI GetEnv version=0x00010002
G4-JNI GetEnv version=0x00010002
G4-JNI GetEnv version=0x00010002
G4-JNI GetEnv version=0x00010002
G4-JNI GetEnv version=0x00010002
G4-JNI GetEnv version=0x00010002
G4-JNI GetEnv version=0x00010002
G6-RAW buttons=0x00000400
android[2] trace: ....................(KK) MogaController :: Inside NativeOnMotionEvent

android[2] trace: (KK) MogaController :: Inside NativeOnMotionEvent ....................

G6-MOGA motion frame=2387 axes=-32767,0,0,0,0,0
G6-MOGA dpad-as-stick frame=2387 code=21 state=down
G4-JNI GetEnv version=0x00010002
G4-JNI GetEnv version=0x00010002
G4-JNI GetEnv version=0x00010002
G4-JNI GetEnv version=0x00010002
G4-JNI GetEnv version=0x00010002
G6-RAW buttons=0x00000000
android[2] trace: ....................(KK) MogaController :: Inside NativeOnMotionEvent

android[2] trace: (KK) MogaController :: Inside NativeOnMotionEvent ....................

G6-MOGA dpad-as-stick frame=2392 code=21 state=up
G4-JNI GetEnv version=0x00010002
G4-JNI GetEnv version=0x00010002
G4-JNI GetEnv version=0x00010002
G4-JNI GetEnv version=0x00010002
G4-JNI GetEnv version=0x00010002
G4-JNI GetEnv version=0x00010002
G4-JNI GetEnv version=0x00010002
G4-JNI GetEnv version=0x00010002
G7-FRAME enter=2400
G4-JNI GetEnv version=0x00010002
G5-GL STATE frame=2400 framebuffer=0 status=0x8cd5 errors=0
G7-FRAME leave=2400
G4-JNI GetEnv version=0x00010002
G4-JNI GetEnv version=0x00010002
G4-JNI GetEnv version=0x00010002
G4-JNI GetEnv version=0x00010002
G4-JNI GetEnv version=0x00010002
G4-JNI GetEnv version=0x00010002
G4-JNI GetEnv version=0x00010002
G4-JNI GetEnv version=0x00010002
G4-JNI GetEnv version=0x00010002
G4-JNI GetEnv version=0x00010002
G4-JNI GetEnv version=0x00010002
G4-JNI GetEnv version=0x00010002
G4-JNI GetEnv version=0x00010002
G4-JNI GetEnv version=0x00010002
G4-JNI GetEnv version=0x00010002
G4-JNI GetEnv version=0x00010002
G4-JNI GetEnv version=0x00010002
G4-JNI GetEnv version=0x00010002
G4-JNI GetEnv version=0x00010002
G4-JNI GetEnv version=0x00010002
G4-JNI GetEnv version=0x00010002
G4-JNI GetEnv version=0x00010002
G4-JNI GetEnv version=0x00010002
G4-JNI GetEnv version=0x00010002
G4-JNI GetEnv version=0x00010002
G4-JNI GetEnv version=0x00010002
G4-JNI GetEnv version=0x00010002
G4-JNI GetEnv version=0x00010002
G4-JNI GetEnv version=0x00010002
G4-JNI GetEnv version=0x00010002
G4-JNI GetEnv version=0x00010002
G4-JNI GetEnv version=0x00010002
G4-JNI GetEnv version=0x00010002
G4-JNI GetEnv version=0x00010002
G4-JNI GetEnv version=0x00010002
G4-JNI GetEnv version=0x00010002
G4-JNI GetEnv version=0x00010002
G4-JNI GetEnv version=0x00010002
G4-JNI GetEnv version=0x00010002
G4-JNI GetEnv version=0x00010002
G4-JNI GetEnv version=0x00010002
G4-JNI GetEnv version=0x00010002
G4-JNI GetEnv version=0x00010002
G4-JNI GetEnv version=0x00010002
G4-JNI GetEnv version=0x00010002
G4-JNI GetEnv version=0x00010002
G4-JNI GetEnv version=0x00010002
G4-JNI GetEnv version=0x00010002
G4-JNI GetEnv version=0x00010002
G4-JNI GetEnv version=0x00010002
G4-JNI GetEnv version=0x00010002
G4-JNI GetEnv version=0x00010002
G4-JNI GetEnv version=0x00010002
G4-JNI GetEnv version=0x00010002
G4-JNI GetEnv version=0x00010002
G4-JNI GetEnv version=0x00010002
G4-JNI GetEnv version=0x00010002
G4-JNI GetEnv version=0x00010002
G4-JNI GetEnv version=0x00010002
G4-JNI GetEnv version=0x00010002
G4-JNI GetEnv version=0x00010002
G4-JNI GetEnv version=0x00010002
G4-JNI GetEnv version=0x00010002
G4-JNI GetEnv version=0x00010002
G4-JNI GetEnv version=0x00010002
G4-JNI GetEnv version=0x00010002
G4-JNI GetEnv version=0x00010002
G6-RAW buttons=0x00000800
android[2] trace: ....................(KK) MogaController :: Inside NativeOnMotionEvent

android[2] trace: (KK) MogaController :: Inside NativeOnMotionEvent ....................

G6-MOGA motion frame=2468 axes=32767,0,0,0,0,0
G6-MOGA dpad-as-stick frame=2468 code=22 state=down
G4-JNI GetEnv version=0x00010002
G4-JNI GetEnv version=0x00010002
G6-RAW buttons=0x00000000
android[2] trace: ....................(KK) MogaController :: Inside NativeOnMotionEvent

android[2] trace: (KK) MogaController :: Inside NativeOnMotionEvent ....................

G6-MOGA dpad-as-stick frame=2470 code=22 state=up
G4-JNI GetEnv version=0x00010002
G4-JNI GetEnv version=0x00010002
G4-JNI GetEnv version=0x00010002
G4-JNI GetEnv version=0x00010002
G4-JNI GetEnv version=0x00010002
G4-JNI GetEnv version=0x00010002
G4-JNI GetEnv version=0x00010002
G4-JNI GetEnv version=0x00010002
G4-JNI GetEnv version=0x00010002
G4-JNI GetEnv version=0x00010002
G4-JNI GetEnv version=0x00010002
G4-JNI GetEnv version=0x00010002
G4-JNI GetEnv version=0x00010002
G4-JNI GetEnv version=0x00010002
G4-JNI GetEnv version=0x00010002
G4-JNI GetEnv version=0x00010002
G4-JNI GetEnv version=0x00010002
G4-JNI GetEnv version=0x00010002
G4-JNI GetEnv version=0x00010002
G4-JNI GetEnv version=0x00010002
G4-JNI GetEnv version=0x00010002
G4-JNI GetEnv version=0x00010002
G4-JNI GetEnv version=0x00010002
G4-JNI GetEnv version=0x00010002
G4-JNI GetEnv version=0x00010002
G4-JNI GetEnv version=0x00010002
G4-JNI GetEnv version=0x00010002
G4-JNI GetEnv version=0x00010002
G4-JNI GetEnv version=0x00010002
G4-JNI GetEnv version=0x00010002
G4-JNI GetEnv version=0x00010002
G4-JNI GetEnv version=0x00010002
G4-JNI GetEnv version=0x00010002
G4-JNI GetEnv version=0x00010002
G4-JNI GetEnv version=0x00010002
G4-JNI GetEnv version=0x00010002
G4-JNI GetEnv version=0x00010002
G4-JNI GetEnv version=0x00010002
G4-JNI GetEnv version=0x00010002
G4-JNI GetEnv version=0x00010002
G4-JNI GetEnv version=0x00010002
G4-JNI GetEnv version=0x00010002
G4-JNI GetEnv version=0x00010002
G4-JNI GetEnv version=0x00010002
G4-JNI GetEnv version=0x00010002
G4-JNI GetEnv version=0x00010002
G4-JNI GetEnv version=0x00010002
G4-JNI GetEnv version=0x00010002
G4-JNI GetEnv version=0x00010002
G4-JNI GetEnv version=0x00010002
G4-JNI GetEnv version=0x00010002
G4-JNI GetEnv version=0x00010002
G4-JNI GetEnv version=0x00010002
G4-JNI GetEnv version=0x00010002
G4-JNI GetEnv version=0x00010002
G4-JNI GetEnv version=0x00010002
G4-JNI GetEnv version=0x00010002
G4-JNI GetEnv version=0x00010002
G4-JNI GetEnv version=0x00010002
G4-JNI GetEnv version=0x00010002
G4-JNI GetEnv version=0x00010002
G4-JNI GetEnv version=0x00010002
G4-JNI GetEnv version=0x00010002
G4-JNI GetEnv version=0x00010002
G4-JNI GetEnv version=0x00010002
G4-JNI GetEnv version=0x00010002
G4-JNI GetEnv version=0x00010002
G4-JNI GetEnv version=0x00010002
G4-JNI GetEnv version=0x00010002
G4-JNI GetEnv version=0x00010002
G4-JNI GetEnv version=0x00010002
G4-JNI GetEnv version=0x00010002
G4-JNI GetEnv version=0x00010002
G4-JNI GetEnv version=0x00010002
G4-JNI GetEnv version=0x00010002
G4-JNI GetEnv version=0x00010002
G4-JNI GetEnv version=0x00010002
G4-JNI GetEnv version=0x00010002
G4-JNI GetEnv version=0x00010002
G4-JNI GetEnv version=0x00010002
G4-JNI GetEnv version=0x00010002
G4-JNI GetEnv version=0x00010002
G4-JNI GetEnv version=0x00010002
G4-JNI GetEnv version=0x00010002
G4-JNI GetEnv version=0x00010002
G4-JNI GetEnv version=0x00010002
G4-JNI GetEnv version=0x00010002
G4-JNI GetEnv version=0x00010002
G4-JNI GetEnv version=0x00010002
G4-JNI GetEnv version=0x00010002
G4-JNI GetEnv version=0x00010002
G4-JNI GetEnv version=0x00010002
G4-JNI GetEnv version=0x00010002
G4-JNI GetEnv version=0x00010002
G4-JNI GetEnv version=0x00010002
G4-JNI GetEnv version=0x00010002
G4-JNI GetEnv version=0x00010002
G4-JNI GetEnv version=0x00010002
G6-RAW buttons=0x00000400
android[2] trace: ....................(KK) MogaController :: Inside NativeOnMotionEvent

android[2] trace: (KK) MogaController :: Inside NativeOnMotionEvent ....................

G6-MOGA motion frame=2560 axes=-32767,0,0,0,0,0
G6-MOGA dpad-as-stick frame=2560 code=21 state=down
G4-JNI GetEnv version=0x00010002
G4-JNI GetEnv version=0x00010002
G4-JNI GetEnv version=0x00010002
G4-JNI GetEnv version=0x00010002
G4-JNI GetEnv version=0x00010002
G4-JNI GetEnv version=0x00010002
G4-JNI GetEnv version=0x00010002
G4-JNI GetEnv version=0x00010002
G4-JNI GetEnv version=0x00010002
G4-JNI GetEnv version=0x00010002
G4-JNI GetEnv version=0x00010002
G4-JNI GetEnv version=0x00010002
G4-JNI GetEnv version=0x00010002
G4-JNI GetEnv version=0x00010002
G4-JNI GetEnv version=0x00010002
G4-JNI GetEnv version=0x00010002
G4-JNI GetEnv version=0x00010002
G4-JNI GetEnv version=0x00010002
G4-JNI GetEnv version=0x00010002
G4-JNI GetEnv version=0x00010002
G4-JNI GetEnv version=0x00010002
G6-RAW buttons=0x00000000
android[2] trace: ....................(KK) MogaController :: Inside NativeOnMotionEvent

android[2] trace: (KK) MogaController :: Inside NativeOnMotionEvent ....................

G6-MOGA motion frame=2581 axes=0,0,0,0,0,0
G6-MOGA dpad-as-stick frame=2581 code=21 state=up
G4-JNI GetEnv version=0x00010002
G4-JNI GetEnv version=0x00010002
G4-JNI GetEnv version=0x00010002
G4-JNI GetEnv version=0x00010002
G4-JNI GetEnv version=0x00010002
G4-JNI GetEnv version=0x00010002
G4-JNI GetEnv version=0x00010002
G4-JNI GetEnv version=0x00010002
G4-JNI GetEnv version=0x00010002
G4-JNI GetEnv version=0x00010002
G4-JNI GetEnv version=0x00010002
G4-JNI GetEnv version=0x00010002
G4-JNI GetEnv version=0x00010002
G4-JNI GetEnv version=0x00010002
G4-JNI GetEnv version=0x00010002
G4-JNI GetEnv version=0x00010002
G4-JNI GetEnv version=0x00010002
G4-JNI GetEnv version=0x00010002
G4-JNI GetEnv version=0x00010002
G4-JNI GetEnv version=0x00010002
G4-JNI GetEnv version=0x00010002
G4-JNI GetEnv version=0x00010002
G4-JNI GetEnv version=0x00010002
G4-JNI GetEnv version=0x00010002
G4-JNI GetEnv version=0x00010002
G4-JNI GetEnv version=0x00010002
G4-JNI GetEnv version=0x00010002
G4-JNI GetEnv version=0x00010002
G4-JNI GetEnv version=0x00010002
G4-JNI GetEnv version=0x00010002
G4-JNI GetEnv version=0x00010002
G4-JNI GetEnv version=0x00010002
G4-JNI GetEnv version=0x00010002
G4-JNI GetEnv version=0x00010002
G4-JNI GetEnv version=0x00010002
G4-JNI GetEnv version=0x00010002
G4-JNI GetEnv version=0x00010002
G4-JNI GetEnv version=0x00010002
G4-JNI GetEnv version=0x00010002
G4-JNI GetEnv version=0x00010002
G4-JNI GetEnv version=0x00010002
G4-JNI GetEnv version=0x00010002
G4-JNI GetEnv version=0x00010002
G4-JNI GetEnv version=0x00010002
G4-JNI GetEnv version=0x00010002
G4-JNI GetEnv version=0x00010002
G4-JNI GetEnv version=0x00010002
G4-JNI GetEnv version=0x00010002
G4-JNI GetEnv version=0x00010002
G4-JNI GetEnv version=0x00010002
G4-JNI GetEnv version=0x00010002
G6-RAW buttons=0x00000400
android[2] trace: ....................(KK) MogaController :: Inside NativeOnMotionEvent

android[2] trace: (KK) MogaController :: Inside NativeOnMotionEvent ....................

G6-MOGA motion frame=2632 axes=-32767,0,0,0,0,0
G6-MOGA dpad-as-stick frame=2632 code=21 state=down
G4-JNI GetEnv version=0x00010002
G4-JNI GetEnv version=0x00010002
G4-JNI GetEnv version=0x00010002
G4-JNI GetEnv version=0x00010002
G4-JNI GetEnv version=0x00010002
G4-JNI GetEnv version=0x00010002
G4-JNI GetEnv version=0x00010002
G4-JNI GetEnv version=0x00010002
G4-JNI GetEnv version=0x00010002
G4-JNI GetEnv version=0x00010002
G4-JNI GetEnv version=0x00010002
G4-JNI GetEnv version=0x00010002
G4-JNI GetEnv version=0x00010002
G4-JNI GetEnv version=0x00010002
G4-JNI GetEnv version=0x00010002
G4-JNI GetEnv version=0x00010002
G4-JNI GetEnv version=0x00010002
G4-JNI GetEnv version=0x00010002
G4-JNI GetEnv version=0x00010002
G4-JNI GetEnv version=0x00010002
G4-JNI GetEnv version=0x00010002
G4-JNI GetEnv version=0x00010002
G4-JNI GetEnv version=0x00010002
G4-JNI GetEnv version=0x00010002
G4-JNI GetEnv version=0x00010002
G4-JNI GetEnv version=0x00010002
G4-JNI GetEnv version=0x00010002
G4-JNI GetEnv version=0x00010002
G4-JNI GetEnv version=0x00010002
G4-JNI GetEnv version=0x00010002
G4-JNI GetEnv version=0x00010002
G4-JNI GetEnv version=0x00010002
G4-JNI GetEnv version=0x00010002
G4-JNI GetEnv version=0x00010002
G4-JNI GetEnv version=0x00010002
G4-JNI GetEnv version=0x00010002
G4-JNI GetEnv version=0x00010002
G4-JNI GetEnv version=0x00010002
G4-JNI GetEnv version=0x00010002
G4-JNI GetEnv version=0x00010002
G4-JNI GetEnv version=0x00010002
G4-JNI GetEnv version=0x00010002
G4-JNI GetEnv version=0x00010002
G4-JNI GetEnv version=0x00010002
G4-JNI GetEnv version=0x00010002
G4-JNI GetEnv version=0x00010002
G4-JNI GetEnv version=0x00010002
G4-JNI GetEnv version=0x00010002
G4-JNI GetEnv version=0x00010002
G4-JNI GetEnv version=0x00010002
G4-JNI GetEnv version=0x00010002
G4-JNI GetEnv version=0x00010002
G4-JNI GetEnv version=0x00010002
G4-JNI GetEnv version=0x00010002
G4-JNI GetEnv version=0x00010002
G4-JNI GetEnv version=0x00010002
G4-JNI GetEnv version=0x00010002
G4-JNI GetEnv version=0x00010002
G4-JNI GetEnv version=0x00010002
G4-JNI GetEnv version=0x00010002
G4-JNI GetEnv version=0x00010002
G4-JNI GetEnv version=0x00010002
G4-JNI GetEnv version=0x00010002
G4-JNI GetEnv version=0x00010002
G4-JNI GetEnv version=0x00010002
G4-JNI GetEnv version=0x00010002
G4-JNI GetEnv version=0x00010002
G4-JNI GetEnv version=0x00010002
G7-FRAME enter=2700
G4-JNI GetEnv version=0x00010002
G5-GL STATE frame=2700 framebuffer=0 status=0x8cd5 errors=0
G7-FRAME leave=2700
G4-JNI GetEnv version=0x00010002
G4-JNI GetEnv version=0x00010002
G4-JNI GetEnv version=0x00010002
G4-JNI GetEnv version=0x00010002
G4-JNI GetEnv version=0x00010002
G4-JNI GetEnv version=0x00010002
G4-JNI GetEnv version=0x00010002
G4-JNI GetEnv version=0x00010002
G4-JNI GetEnv version=0x00010002
G4-JNI GetEnv version=0x00010002
G4-JNI GetEnv version=0x00010002
G4-JNI GetEnv version=0x00010002
G4-JNI GetEnv version=0x00010002
G4-JNI GetEnv version=0x00010002
G4-JNI GetEnv version=0x00010002
G4-JNI GetEnv version=0x00010002
G4-JNI GetEnv version=0x00010002
G4-JNI GetEnv version=0x00010002
G4-JNI GetEnv version=0x00010002
G4-JNI GetEnv version=0x00010002
G4-JNI GetEnv version=0x00010002
G4-JNI GetEnv version=0x00010002
G4-JNI GetEnv version=0x00010002
G4-JNI GetEnv version=0x00010002
G4-JNI GetEnv version=0x00010002
G4-JNI GetEnv version=0x00010002
G4-JNI GetEnv version=0x00010002
G4-JNI GetEnv version=0x00010002
G4-JNI GetEnv version=0x00010002
G4-JNI GetEnv version=0x00010002
G4-JNI GetEnv version=0x00010002
G4-JNI GetEnv version=0x00010002
G4-JNI GetEnv version=0x00010002
G4-JNI GetEnv version=0x00010002
G4-JNI GetEnv version=0x00010002
G4-JNI GetEnv version=0x00010002
G4-JNI GetEnv version=0x00010002
G4-JNI GetEnv version=0x00010002
G4-JNI GetEnv version=0x00010002
G4-JNI GetEnv version=0x00010002
G4-JNI GetEnv version=0x00010002
G4-JNI GetEnv version=0x00010002
G4-JNI GetEnv version=0x00010002
G4-JNI GetEnv version=0x00010002
G4-JNI GetEnv version=0x00010002
G4-JNI GetEnv version=0x00010002
G4-JNI GetEnv version=0x00010002
G4-JNI GetEnv version=0x00010002
G6-RAW buttons=0x00000000
android[2] trace: ....................(KK) MogaController :: Inside NativeOnMotionEvent

android[2] trace: (KK) MogaController :: Inside NativeOnMotionEvent ....................

G6-MOGA motion frame=2749 axes=0,0,0,0,0,0
G6-MOGA dpad-as-stick frame=2749 code=21 state=up
G4-JNI GetEnv version=0x00010002
G4-JNI GetEnv version=0x00010002
G4-JNI GetEnv version=0x00010002
G4-JNI GetEnv version=0x00010002
G4-JNI GetEnv version=0x00010002
G4-JNI GetEnv version=0x00010002
G4-JNI GetEnv version=0x00010002
G4-JNI GetEnv version=0x00010002
G4-JNI GetEnv version=0x00010002
G4-JNI GetEnv version=0x00010002
G4-JNI GetEnv version=0x00010002
G4-JNI GetEnv version=0x00010002
G4-JNI GetEnv version=0x00010002
G4-JNI GetEnv version=0x00010002
G4-JNI GetEnv version=0x00010002
G4-JNI GetEnv version=0x00010002
G4-JNI GetEnv version=0x00010002
G4-JNI GetEnv version=0x00010002
G4-JNI GetEnv version=0x00010002
G4-JNI GetEnv version=0x00010002
G4-JNI GetEnv version=0x00010002
G4-JNI GetEnv version=0x00010002
G4-JNI GetEnv version=0x00010002
G4-JNI GetEnv version=0x00010002
G4-JNI GetEnv version=0x00010002
G4-JNI GetEnv version=0x00010002
G6-RAW buttons=0x00000400
android[2] trace: ....................(KK) MogaController :: Inside NativeOnMotionEvent

android[2] trace: (KK) MogaController :: Inside NativeOnMotionEvent ....................

G6-MOGA motion frame=2775 axes=-32767,0,0,0,0,0
G6-MOGA dpad-as-stick frame=2775 code=21 state=down
G4-JNI GetEnv version=0x00010002
G4-JNI GetEnv version=0x00010002
G4-JNI GetEnv version=0x00010002
G4-JNI GetEnv version=0x00010002
G4-JNI GetEnv version=0x00010002
G4-JNI GetEnv version=0x00010002
G4-JNI GetEnv version=0x00010002
G4-JNI GetEnv version=0x00010002
G4-JNI GetEnv version=0x00010002
G4-JNI GetEnv version=0x00010002
G4-JNI GetEnv version=0x00010002
G4-JNI GetEnv version=0x00010002
G4-JNI GetEnv version=0x00010002
G4-JNI GetEnv version=0x00010002
G4-JNI GetEnv version=0x00010002
G6-RAW buttons=0x00000000
android[2] trace: ....................(KK) MogaController :: Inside NativeOnMotionEvent

android[2] trace: (KK) MogaController :: Inside NativeOnMotionEvent ....................

G6-MOGA motion frame=2790 axes=0,0,0,0,0,0
G6-MOGA dpad-as-stick frame=2790 code=21 state=up
G4-JNI GetEnv version=0x00010002
G4-JNI GetEnv version=0x00010002
G4-JNI GetEnv version=0x00010002
G4-JNI GetEnv version=0x00010002
G4-JNI GetEnv version=0x00010002
G4-JNI GetEnv version=0x00010002
G4-JNI GetEnv version=0x00010002
G4-JNI GetEnv version=0x00010002
G4-JNI GetEnv version=0x00010002
G4-JNI GetEnv version=0x00010002
G4-JNI GetEnv version=0x00010002
G4-JNI GetEnv version=0x00010002
G4-JNI GetEnv version=0x00010002
G4-JNI GetEnv version=0x00010002
G4-JNI GetEnv version=0x00010002
G4-JNI GetEnv version=0x00010002
G4-JNI GetEnv version=0x00010002
G4-JNI GetEnv version=0x00010002
G4-JNI GetEnv version=0x00010002
G4-JNI GetEnv version=0x00010002
G4-JNI GetEnv version=0x00010002
G4-JNI GetEnv version=0x00010002
G4-JNI GetEnv version=0x00010002
G4-JNI GetEnv version=0x00010002
G4-JNI GetEnv version=0x00010002
G4-JNI GetEnv version=0x00010002
G4-JNI GetEnv version=0x00010002
G4-JNI GetEnv version=0x00010002
G4-JNI GetEnv version=0x00010002
G4-JNI GetEnv version=0x00010002
G4-JNI GetEnv version=0x00010002
G4-JNI GetEnv version=0x00010002
G4-JNI GetEnv version=0x00010002
G4-JNI GetEnv version=0x00010002
G4-JNI GetEnv version=0x00010002
G4-JNI GetEnv version=0x00010002
G4-JNI GetEnv version=0x00010002
G4-JNI GetEnv version=0x00010002
G4-JNI GetEnv version=0x00010002
G4-JNI GetEnv version=0x00010002
G4-JNI GetEnv version=0x00010002
G4-JNI GetEnv version=0x00010002
G4-JNI GetEnv version=0x00010002
G4-JNI GetEnv version=0x00010002
G6-RAW buttons=0x00000400
android[2] trace: ....................(KK) MogaController :: Inside NativeOnMotionEvent

android[2] trace: (KK) MogaController :: Inside NativeOnMotionEvent ....................

G6-MOGA motion frame=2834 axes=-32767,0,0,0,0,0
G6-MOGA dpad-as-stick frame=2834 code=21 state=down
G4-JNI GetEnv version=0x00010002
G4-JNI GetEnv version=0x00010002
G4-JNI GetEnv version=0x00010002
G4-JNI GetEnv version=0x00010002
G4-JNI GetEnv version=0x00010002
G4-JNI GetEnv version=0x00010002
G4-JNI GetEnv version=0x00010002
G4-JNI GetEnv version=0x00010002
G4-JNI GetEnv version=0x00010002
G4-JNI GetEnv version=0x00010002
G4-JNI GetEnv version=0x00010002
G4-JNI GetEnv version=0x00010002
G4-JNI GetEnv version=0x00010002
G4-JNI GetEnv version=0x00010002
G4-JNI GetEnv version=0x00010002
G4-JNI GetEnv version=0x00010002
G4-JNI GetEnv version=0x00010002
G4-JNI GetEnv version=0x00010002
G4-JNI GetEnv version=0x00010002
G4-JNI GetEnv version=0x00010002
G4-JNI GetEnv version=0x00010002
G4-JNI GetEnv version=0x00010002
G4-JNI GetEnv version=0x00010002
G6-RAW buttons=0x00000000
android[2] trace: ....................(KK) MogaController :: Inside NativeOnMotionEvent

android[2] trace: (KK) MogaController :: Inside NativeOnMotionEvent ....................

G6-MOGA motion frame=2857 axes=0,0,0,0,0,0
G6-MOGA dpad-as-stick frame=2857 code=21 state=up
G4-JNI GetEnv version=0x00010002
G4-JNI GetEnv version=0x00010002
G4-JNI GetEnv version=0x00010002
G4-JNI GetEnv version=0x00010002
G4-JNI GetEnv version=0x00010002
G4-JNI GetEnv version=0x00010002
G4-JNI GetEnv version=0x00010002
G4-JNI GetEnv version=0x00010002
G4-JNI GetEnv version=0x00010002
G4-JNI GetEnv version=0x00010002
G4-JNI GetEnv version=0x00010002
G4-JNI GetEnv version=0x00010002
G4-JNI GetEnv version=0x00010002
G4-JNI GetEnv version=0x00010002
G4-JNI GetEnv version=0x00010002
G4-JNI GetEnv version=0x00010002
G4-JNI GetEnv version=0x00010002
G4-JNI GetEnv version=0x00010002
G4-JNI GetEnv version=0x00010002
G4-JNI GetEnv version=0x00010002
G4-JNI GetEnv version=0x00010002
G4-JNI GetEnv version=0x00010002
G4-JNI GetEnv version=0x00010002
G4-JNI GetEnv version=0x00010002
G4-JNI GetEnv version=0x00010002
G4-JNI GetEnv version=0x00010002
G4-JNI GetEnv version=0x00010002
G4-JNI GetEnv version=0x00010002
G4-JNI GetEnv version=0x00010002
G4-JNI GetEnv version=0x00010002
G4-JNI GetEnv version=0x00010002
G4-JNI GetEnv version=0x00010002
G4-JNI GetEnv version=0x00010002
G4-JNI GetEnv version=0x00010002
G4-JNI GetEnv version=0x00010002
G4-JNI GetEnv version=0x00010002
G4-JNI GetEnv version=0x00010002
G4-JNI GetEnv version=0x00010002
G4-JNI GetEnv version=0x00010002
G4-JNI GetEnv version=0x00010002
G4-JNI GetEnv version=0x00010002
G4-JNI GetEnv version=0x00010002
G4-JNI GetEnv version=0x00010002
G4-JNI GetEnv version=0x00010002
G4-JNI GetEnv version=0x00010002
G4-JNI GetEnv version=0x00010002
G4-JNI GetEnv version=0x00010002
G4-JNI GetEnv version=0x00010002
G4-JNI GetEnv version=0x00010002
G4-JNI GetEnv version=0x00010002
G4-JNI GetEnv version=0x00010002
G4-JNI GetEnv version=0x00010002
G4-JNI GetEnv version=0x00010002
G4-JNI GetEnv version=0x00010002
G4-JNI GetEnv version=0x00010002
G4-JNI GetEnv version=0x00010002
G4-JNI GetEnv version=0x00010002
G4-JNI GetEnv version=0x00010002
G4-JNI GetEnv version=0x00010002
G4-JNI GetEnv version=0x00010002
G4-JNI GetEnv version=0x00010002
G4-JNI GetEnv version=0x00010002
G4-JNI GetEnv version=0x00010002
G4-JNI GetEnv version=0x00010002
G4-JNI GetEnv version=0x00010002
G4-JNI GetEnv version=0x00010002
G4-JNI GetEnv version=0x00010002
G4-JNI GetEnv version=0x00010002
G4-JNI GetEnv version=0x00010002
G4-JNI GetEnv version=0x00010002
G4-JNI GetEnv version=0x00010002
G4-JNI GetEnv version=0x00010002
G4-JNI GetEnv version=0x00010002
G4-JNI GetEnv version=0x00010002
G4-JNI GetEnv version=0x00010002
G4-JNI GetEnv version=0x00010002
G4-JNI GetEnv version=0x00010002
G4-JNI GetEnv version=0x00010002
G4-JNI GetEnv version=0x00010002
G4-JNI GetEnv version=0x00010002
G4-JNI GetEnv version=0x00010002
G4-JNI GetEnv version=0x00010002
G4-JNI GetEnv version=0x00010002
G4-JNI GetEnv version=0x00010002
G4-JNI GetEnv version=0x00010002
G4-JNI GetEnv version=0x00010002
G4-JNI GetEnv version=0x00010002
G4-JNI GetEnv version=0x00010002
G4-JNI GetEnv version=0x00010002
G4-JNI GetEnv version=0x00010002
G4-JNI GetEnv version=0x00010002
G4-JNI GetEnv version=0x00010002
G4-JNI GetEnv version=0x00010002
G4-JNI GetEnv version=0x00010002
G4-JNI GetEnv version=0x00010002
G4-JNI GetEnv version=0x00010002
G4-JNI GetEnv version=0x00010002
G4-JNI GetEnv version=0x00010002
G4-JNI GetEnv version=0x00010002
G4-JNI GetEnv version=0x00010002
G4-JNI GetEnv version=0x00010002
G4-JNI GetEnv version=0x00010002
G4-JNI GetEnv version=0x00010002
G4-JNI GetEnv version=0x00010002
G4-JNI GetEnv version=0x00010002
G4-JNI GetEnv version=0x00010002
G4-JNI GetEnv version=0x00010002
G4-JNI GetEnv version=0x00010002
G6-RAW buttons=0x00000400
android[2] trace: ....................(KK) MogaController :: Inside NativeOnMotionEvent

android[2] trace: (KK) MogaController :: Inside NativeOnMotionEvent ....................

G6-MOGA motion frame=2965 axes=-32767,0,0,0,0,0
G6-MOGA dpad-as-stick frame=2965 code=21 state=down
G4-JNI GetEnv version=0x00010002
G4-JNI GetEnv version=0x00010002
G4-JNI GetEnv version=0x00010002
G4-JNI GetEnv version=0x00010002
G4-JNI GetEnv version=0x00010002
G4-JNI GetEnv version=0x00010002
G4-JNI GetEnv version=0x00010002
G4-JNI GetEnv version=0x00010002
G4-JNI GetEnv version=0x00010002
G4-JNI GetEnv version=0x00010002
G4-JNI GetEnv version=0x00010002
G4-JNI GetEnv version=0x00010002
G4-JNI GetEnv version=0x00010002
G4-JNI GetEnv version=0x00010002
G4-JNI GetEnv version=0x00010002
G4-JNI GetEnv version=0x00010002
G4-JNI GetEnv version=0x00010002
G4-JNI GetEnv version=0x00010002
G4-JNI GetEnv version=0x00010002
G4-JNI GetEnv version=0x00010002
G4-JNI GetEnv version=0x00010002
G4-JNI GetEnv version=0x00010002
G4-JNI GetEnv version=0x00010002
G4-JNI GetEnv version=0x00010002
G4-JNI GetEnv version=0x00010002
G4-JNI GetEnv version=0x00010002
G6-RAW buttons=0x00000000
android[2] trace: ....................(KK) MogaController :: Inside NativeOnMotionEvent

android[2] trace: (KK) MogaController :: Inside NativeOnMotionEvent ....................

G6-MOGA motion frame=2991 axes=0,0,0,0,0,0
G6-MOGA dpad-as-stick frame=2991 code=21 state=up
G4-JNI GetEnv version=0x00010002
G4-JNI GetEnv version=0x00010002
G4-JNI GetEnv version=0x00010002
G4-JNI GetEnv version=0x00010002
G4-JNI GetEnv version=0x00010002
G4-JNI GetEnv version=0x00010002
G4-JNI GetEnv version=0x00010002
G4-JNI GetEnv version=0x00010002
G4-JNI GetEnv version=0x00010002
G7-FRAME enter=3000
G4-JNI GetEnv version=0x00010002
G5-GL STATE frame=3000 framebuffer=0 status=0x8cd5 errors=0
G7-FRAME leave=3000
G4-JNI GetEnv version=0x00010002
G4-JNI GetEnv version=0x00010002
G4-JNI GetEnv version=0x00010002
G4-JNI GetEnv version=0x00010002
G4-JNI GetEnv version=0x00010002
G4-JNI GetEnv version=0x00010002
G4-JNI GetEnv version=0x00010002
G4-JNI GetEnv version=0x00010002
G4-JNI GetEnv version=0x00010002
G4-JNI GetEnv version=0x00010002
G4-JNI GetEnv version=0x00010002
G4-JNI GetEnv version=0x00010002
G4-JNI GetEnv version=0x00010002
G4-JNI GetEnv version=0x00010002
G4-JNI GetEnv version=0x00010002
G4-JNI GetEnv version=0x00010002
G4-JNI GetEnv version=0x00010002
G4-JNI GetEnv version=0x00010002
G4-JNI GetEnv version=0x00010002
G4-JNI GetEnv version=0x00010002
G4-JNI GetEnv version=0x00010002
G4-JNI GetEnv version=0x00010002
G4-JNI GetEnv version=0x00010002
G4-JNI GetEnv version=0x00010002
G4-JNI GetEnv version=0x00010002
G4-JNI GetEnv version=0x00010002
G4-JNI GetEnv version=0x00010002
G4-JNI GetEnv version=0x00010002
G4-JNI GetEnv version=0x00010002
G4-JNI GetEnv version=0x00010002
G4-JNI GetEnv version=0x00010002
G4-JNI GetEnv version=0x00010002
G4-JNI GetEnv version=0x00010002
G4-JNI GetEnv version=0x00010002
G4-JNI GetEnv version=0x00010002
G4-JNI GetEnv version=0x00010002
G4-JNI GetEnv version=0x00010002
G4-JNI GetEnv version=0x00010002
G4-JNI GetEnv version=0x00010002
G4-JNI GetEnv version=0x00010002
G4-JNI GetEnv version=0x00010002
G4-JNI GetEnv version=0x00010002
G4-JNI GetEnv version=0x00010002
G4-JNI GetEnv version=0x00010002
G4-JNI GetEnv version=0x00010002
G4-JNI GetEnv version=0x00010002
G4-JNI GetEnv version=0x00010002
G4-JNI GetEnv version=0x00010002
G4-JNI GetEnv version=0x00010002
G4-JNI GetEnv version=0x00010002
G4-JNI GetEnv version=0x00010002
G4-JNI GetEnv version=0x00010002
G4-JNI GetEnv version=0x00010002
G4-JNI GetEnv version=0x00010002
G4-JNI GetEnv version=0x00010002
G4-JNI GetEnv version=0x00010002
G4-JNI GetEnv version=0x00010002
G4-JNI GetEnv version=0x00010002
G4-JNI GetEnv version=0x00010002
G4-JNI GetEnv version=0x00010002
G4-JNI GetEnv version=0x00010002
G4-JNI GetEnv version=0x00010002
G4-JNI GetEnv version=0x00010002
G4-JNI GetEnv version=0x00010002
G4-JNI GetEnv version=0x00010002
G4-JNI GetEnv version=0x00010002
G4-JNI GetEnv version=0x00010002
G4-JNI GetEnv version=0x00010002
G4-JNI GetEnv version=0x00010002
G4-JNI GetEnv version=0x00010002
G4-JNI GetEnv version=0x00010002
G4-JNI GetEnv version=0x00010002
G4-JNI GetEnv version=0x00010002
G4-JNI GetEnv version=0x00010002
G4-JNI GetEnv version=0x00010002
G4-JNI GetEnv version=0x00010002
G4-JNI GetEnv version=0x00010002
G4-JNI GetEnv version=0x00010002
G4-JNI GetEnv version=0x00010002
G4-JNI GetEnv version=0x00010002
G4-JNI GetEnv version=0x00010002
G4-JNI GetEnv version=0x00010002
G4-JNI GetEnv version=0x00010002
G4-JNI GetEnv version=0x00010002
G4-JNI GetEnv version=0x00010002
G4-JNI GetEnv version=0x00010002
G4-JNI GetEnv version=0x00010002
G4-JNI GetEnv version=0x00010002
G4-JNI GetEnv version=0x00010002
G4-JNI GetEnv version=0x00010002
G4-JNI GetEnv version=0x00010002
G4-JNI GetEnv version=0x00010002
G4-JNI GetEnv version=0x00010002
G4-JNI GetEnv version=0x00010002
G4-JNI GetEnv version=0x00010002
G4-JNI GetEnv version=0x00010002
G4-JNI GetEnv version=0x00010002
G4-JNI GetEnv version=0x00010002
G4-JNI GetEnv version=0x00010002
G4-JNI GetEnv version=0x00010002
G4-JNI GetEnv version=0x00010002
G4-JNI GetEnv version=0x00010002
G4-JNI GetEnv version=0x00010002
G4-JNI GetEnv version=0x00010002
G4-JNI GetEnv version=0x00010002
G4-JNI GetEnv version=0x00010002
G4-JNI GetEnv version=0x00010002
G4-JNI GetEnv version=0x00010002
G4-JNI GetEnv version=0x00010002
G4-JNI GetEnv version=0x00010002
G4-JNI GetEnv version=0x00010002
G6-RAW buttons=0x00000400
android[2] trace: ....................(KK) MogaController :: Inside NativeOnMotionEvent

android[2] trace: (KK) MogaController :: Inside NativeOnMotionEvent ....................

G6-MOGA motion frame=3112 axes=-32767,0,0,0,0,0
G6-MOGA dpad-as-stick frame=3112 code=21 state=down
G4-JNI GetEnv version=0x00010002
G4-JNI GetEnv version=0x00010002
G4-JNI GetEnv version=0x00010002
G4-JNI GetEnv version=0x00010002
G4-JNI GetEnv version=0x00010002
G4-JNI GetEnv version=0x00010002
G4-JNI GetEnv version=0x00010002
G4-JNI GetEnv version=0x00010002
G4-JNI GetEnv version=0x00010002
G4-JNI GetEnv version=0x00010002
G6-RAW buttons=0x00000402
android[2] trace: MoGaConTrOlLeR :: ....................(KK) MogaController :: Inside nativeOnKeyEvent 

android[2] trace: ....................(KK) MogaController :: Inside nativeOnKeyEvent 96

android[2] trace: MoGaConTrOlLeR :: ....................(KK) Key Event Key A AAAA .....................

android[2] trace: MoGaConTrOlLeR :: ....................(KK) Key Event Key Down .....................

android[2] trace: MoGaConTrOlLeR :: ....................(KK) Listener Key Press .....................

android[2] trace: MoGaConTrOlLeR :: ....................(KK) AndroidKeyCode :: MogaKeyCode (Start of func) .....................

android[2] trace: MoGaConTrOlLeR :: ....................(KK) AndroidKeyCode :: MogaKeyCode Key Press A .....................

android[2] trace: MoGaConTrOlLeR :: ....................(KK) AndroidKeyCode :: MogaKeyCode Key Press A(Drift) Racing True.....................

android[2] trace: MoGaConTrOlLeR :: (KK) MogaController :: Inside nativeOnKeyEvent ....................

G6-MOGA key frame=3122 code=96 state=down
android[2] trace: MoGaConTrOlLeR :: ....................(KK) BaseDrivingControlScheme :: OnEvent .....................

android[2] trace: MoGaConTrOlLeR :: ....................(KK) BaseDrivingControlScheme :: onKeyPress Drift.....................

G4-JNI GetEnv version=0x00010002
G4-JNI GetEnv version=0x00010002
G4-JNI GetEnv version=0x00010002
G4-JNI GetEnv version=0x00010002
G4-JNI GetEnv version=0x00010002
G4-JNI GetEnv version=0x00010002
G4-JNI GetEnv version=0x00010002
G6-RAW buttons=0x00000400
android[2] trace: MoGaConTrOlLeR :: ....................(KK) MogaController :: Inside nativeOnKeyEvent 

android[2] trace: ....................(KK) MogaController :: Inside nativeOnKeyEvent 96

android[2] trace: MoGaConTrOlLeR :: ....................(KK) Key Event Key A AAAA .....................

android[2] trace: MoGaConTrOlLeR :: ....................(KK) Key Event Key up .....................

android[2] trace: MoGaConTrOlLeR :: ....................(KK) Listener Key Release .....................

android[2] trace: MoGaConTrOlLeR :: ....................(KK) AndroidKeyCode :: MogaKeyCode (Start of func) .....................

android[2] trace: MoGaConTrOlLeR :: ....................(KK) AndroidKeyCode :: MogaKeyCode Key Press A .....................

android[2] trace: MoGaConTrOlLeR :: ....................(KK) AndroidKeyCode :: MogaKeyCode Key Press A(Drift) Racing True.....................

android[2] trace: MoGaConTrOlLeR :: (KK) MogaController :: Inside nativeOnKeyEvent ....................

G6-MOGA key frame=3129 code=96 state=up
android[2] trace: MoGaConTrOlLeR :: ....................(KK) BaseDrivingControlScheme :: OnEvent .....................

android[2] trace: MoGaConTrOlLeR :: ....................(KK) BaseDrivingControlScheme :: OnKeyRelease Drift.....................

G4-JNI GetEnv version=0x00010002
G4-JNI GetEnv version=0x00010002
G4-JNI GetEnv version=0x00010002
G4-JNI GetEnv version=0x00010002
G4-JNI GetEnv version=0x00010002
G4-JNI GetEnv version=0x00010002
G4-JNI GetEnv version=0x00010002
G4-JNI GetEnv version=0x00010002
G4-JNI GetEnv version=0x00010002
G4-JNI GetEnv version=0x00010002
G4-JNI GetEnv version=0x00010002
G4-JNI GetEnv version=0x00010002
G4-JNI GetEnv version=0x00010002
G4-JNI GetEnv version=0x00010002
G4-JNI GetEnv version=0x00010002
G4-JNI GetEnv version=0x00010002
G6-RAW buttons=0x00000000
android[2] trace: ....................(KK) MogaController :: Inside NativeOnMotionEvent

android[2] trace: (KK) MogaController :: Inside NativeOnMotionEvent ....................

G6-MOGA motion frame=3145 axes=0,0,0,0,0,0
G6-MOGA dpad-as-stick frame=3145 code=21 state=up
G4-JNI GetEnv version=0x00010002
G4-JNI GetEnv version=0x00010002
G4-JNI GetEnv version=0x00010002
G4-JNI GetEnv version=0x00010002
G4-JNI GetEnv version=0x00010002
G4-JNI GetEnv version=0x00010002
G4-JNI GetEnv version=0x00010002
G4-JNI GetEnv version=0x00010002
G4-JNI GetEnv version=0x00010002
G4-JNI GetEnv version=0x00010002
G4-JNI GetEnv version=0x00010002
G4-JNI GetEnv version=0x00010002
G4-JNI GetEnv version=0x00010002
G4-JNI GetEnv version=0x00010002
G4-JNI GetEnv version=0x00010002
G4-JNI GetEnv version=0x00010002
G4-JNI GetEnv version=0x00010002
G4-JNI GetEnv version=0x00010002
G4-JNI GetEnv version=0x00010002
G4-JNI GetEnv version=0x00010002
G4-JNI GetEnv version=0x00010002
G4-JNI GetEnv version=0x00010002
G4-JNI GetEnv version=0x00010002
G4-JNI GetEnv version=0x00010002
G4-JNI GetEnv version=0x00010002
G4-JNI GetEnv version=0x00010002
G4-JNI GetEnv version=0x00010002
G4-JNI GetEnv version=0x00010002
G4-JNI GetEnv version=0x00010002
G4-JNI GetEnv version=0x00010002
G4-JNI GetEnv version=0x00010002
G4-JNI GetEnv version=0x00010002
G4-JNI GetEnv version=0x00010002
G4-JNI GetEnv version=0x00010002
G4-JNI GetEnv version=0x00010002
G4-JNI GetEnv version=0x00010002
G4-JNI GetEnv version=0x00010002
G4-JNI GetEnv version=0x00010002
G4-JNI GetEnv version=0x00010002
G4-JNI GetEnv version=0x00010002
G4-JNI GetEnv version=0x00010002
G4-JNI GetEnv version=0x00010002
G4-JNI GetEnv version=0x00010002
G4-JNI GetEnv version=0x00010002
G4-JNI GetEnv version=0x00010002
G4-JNI GetEnv version=0x00010002
G4-JNI GetEnv version=0x00010002
G4-JNI GetEnv version=0x00010002
G4-JNI GetEnv version=0x00010002
G4-JNI GetEnv version=0x00010002
G4-JNI GetEnv version=0x00010002
G4-JNI GetEnv version=0x00010002
G4-JNI GetEnv version=0x00010002
G4-JNI GetEnv version=0x00010002
G4-JNI GetEnv version=0x00010002
G4-JNI GetEnv version=0x00010002
G4-JNI GetEnv version=0x00010002
G4-JNI GetEnv version=0x00010002
G4-JNI GetEnv version=0x00010002
G6-RAW buttons=0x00000400
android[2] trace: ....................(KK) MogaController :: Inside NativeOnMotionEvent

android[2] trace: (KK) MogaController :: Inside NativeOnMotionEvent ....................

G6-MOGA motion frame=3204 axes=-32767,0,0,0,0,0
G6-MOGA dpad-as-stick frame=3204 code=21 state=down
G4-JNI GetEnv version=0x00010002
G4-JNI GetEnv version=0x00010002
G4-JNI GetEnv version=0x00010002
G4-JNI GetEnv version=0x00010002
G4-JNI GetEnv version=0x00010002
G4-JNI GetEnv version=0x00010002
G4-JNI GetEnv version=0x00010002
G4-JNI GetEnv version=0x00010002
G4-JNI GetEnv version=0x00010002
G4-JNI GetEnv version=0x00010002
G4-JNI GetEnv version=0x00010002
G4-JNI GetEnv version=0x00010002
G4-JNI GetEnv version=0x00010002
G4-JNI GetEnv version=0x00010002
G4-JNI GetEnv version=0x00010002
G4-JNI GetEnv version=0x00010002
G4-JNI GetEnv version=0x00010002
G4-JNI GetEnv version=0x00010002
G4-JNI GetEnv version=0x00010002
G4-JNI GetEnv version=0x00010002
G4-JNI GetEnv version=0x00010002
G4-JNI GetEnv version=0x00010002
G4-JNI GetEnv version=0x00010002
G4-JNI GetEnv version=0x00010002
G6-RAW buttons=0x00000000
android[2] trace: ....................(KK) MogaController :: Inside NativeOnMotionEvent

android[2] trace: (KK) MogaController :: Inside NativeOnMotionEvent ....................

G6-MOGA motion frame=3228 axes=0,0,0,0,0,0
G6-MOGA dpad-as-stick frame=3228 code=21 state=up
G4-JNI GetEnv version=0x00010002
G4-JNI GetEnv version=0x00010002
G4-JNI GetEnv version=0x00010002
G4-JNI GetEnv version=0x00010002
G4-JNI GetEnv version=0x00010002
G4-JNI GetEnv version=0x00010002
G4-JNI GetEnv version=0x00010002
G4-JNI GetEnv version=0x00010002
G4-JNI GetEnv version=0x00010002
G4-JNI GetEnv version=0x00010002
G4-JNI GetEnv version=0x00010002
G4-JNI GetEnv version=0x00010002
G4-JNI GetEnv version=0x00010002
G4-JNI GetEnv version=0x00010002
G4-JNI GetEnv version=0x00010002
G4-JNI GetEnv version=0x00010002
G4-JNI GetEnv version=0x00010002
G4-JNI GetEnv version=0x00010002
G6-RAW buttons=0x00000800
android[2] trace: ....................(KK) MogaController :: Inside NativeOnMotionEvent

android[2] trace: (KK) MogaController :: Inside NativeOnMotionEvent ....................

G6-MOGA motion frame=3246 axes=32767,0,0,0,0,0
G6-MOGA dpad-as-stick frame=3246 code=22 state=down
G4-JNI GetEnv version=0x00010002
G4-JNI GetEnv version=0x00010002
G4-JNI GetEnv version=0x00010002
G4-JNI GetEnv version=0x00010002
G4-JNI GetEnv version=0x00010002
G4-JNI GetEnv version=0x00010002
G4-JNI GetEnv version=0x00010002
G4-JNI GetEnv version=0x00010002
G4-JNI GetEnv version=0x00010002
G4-JNI GetEnv version=0x00010002
G4-JNI GetEnv version=0x00010002
G4-JNI GetEnv version=0x00010002
G4-JNI GetEnv version=0x00010002
G4-JNI GetEnv version=0x00010002
G4-JNI GetEnv version=0x00010002
G4-JNI GetEnv version=0x00010002
G4-JNI GetEnv version=0x00010002
G4-JNI GetEnv version=0x00010002
G4-JNI GetEnv version=0x00010002
G4-JNI GetEnv version=0x00010002
G4-JNI GetEnv version=0x00010002
G4-JNI GetEnv version=0x00010002
G4-JNI GetEnv version=0x00010002
G4-JNI GetEnv version=0x00010002
G4-JNI GetEnv version=0x00010002
G4-JNI GetEnv version=0x00010002
G4-JNI GetEnv version=0x00010002
G4-JNI GetEnv version=0x00010002
G4-JNI GetEnv version=0x00010002
G4-JNI GetEnv version=0x00010002
G4-JNI GetEnv version=0x00010002
G4-JNI GetEnv version=0x00010002
G4-JNI GetEnv version=0x00010002
G4-JNI GetEnv version=0x00010002
G4-JNI GetEnv version=0x00010002
G4-JNI GetEnv version=0x00010002
G4-JNI GetEnv version=0x00010002
G6-RAW buttons=0x00000000
android[2] trace: ....................(KK) MogaController :: Inside NativeOnMotionEvent

android[2] trace: (KK) MogaController :: Inside NativeOnMotionEvent ....................

G6-MOGA motion frame=3283 axes=0,0,0,0,0,0
G6-MOGA dpad-as-stick frame=3283 code=22 state=up
G4-JNI GetEnv version=0x00010002
G4-JNI GetEnv version=0x00010002
G4-JNI GetEnv version=0x00010002
G4-JNI GetEnv version=0x00010002
G4-JNI GetEnv version=0x00010002
G4-JNI GetEnv version=0x00010002
G4-JNI GetEnv version=0x00010002
G4-JNI GetEnv version=0x00010002
G4-JNI GetEnv version=0x00010002
G4-JNI GetEnv version=0x00010002
G4-JNI GetEnv version=0x00010002
G4-JNI GetEnv version=0x00010002
G4-JNI GetEnv version=0x00010002
G4-JNI GetEnv version=0x00010002
G4-JNI GetEnv version=0x00010002
G4-JNI GetEnv version=0x00010002
G4-JNI GetEnv version=0x00010002
G7-FRAME enter=3300
G4-JNI GetEnv version=0x00010002
G5-GL STATE frame=3300 framebuffer=0 status=0x8cd5 errors=0
G7-FRAME leave=3300
G4-JNI GetEnv version=0x00010002
G4-JNI GetEnv version=0x00010002
G4-JNI GetEnv version=0x00010002
G4-JNI GetEnv version=0x00010002
G4-JNI GetEnv version=0x00010002
G4-JNI GetEnv version=0x00010002
G6-RAW buttons=0x00000020
android[2] trace: MoGaConTrOlLeR :: ....................(KK) MogaController :: Inside nativeOnKeyEvent 

android[2] trace: ....................(KK) MogaController :: Inside nativeOnKeyEvent 103

android[2] trace: MoGaConTrOlLeR :: ....................(KK) Key Event Key R1 1111 .....................

android[2] trace: MoGaConTrOlLeR :: ....................(KK) Key Event Key Down .....................

android[2] trace: MoGaConTrOlLeR :: ....................(KK) Listener Key Press .....................

android[2] trace: MoGaConTrOlLeR :: ....................(KK) AndroidKeyCode :: MogaKeyCode (Start of func) .....................

android[2] trace: MoGaConTrOlLeR :: ....................(KK) AndroidKeyCode :: MogaKeyCode Key Press R1 .....................

android[2] trace: MoGaConTrOlLeR :: ....................(KK) AndroidKeyCode :: MogaKeyCode Key Press R1(Nitro) Racing True.....................

android[2] trace: MoGaConTrOlLeR :: (KK) MogaController :: Inside nativeOnKeyEvent ....................

G6-MOGA key frame=3307 code=103 state=down
android[2] trace: MoGaConTrOlLeR :: ....................(KK) BaseDrivingControlScheme :: OnEvent .....................

android[2] trace: MoGaConTrOlLeR :: ....................(KK) BaseDrivingControlScheme :: onKeyPress Nitro.....................

G4-JNI GetEnv version=0x00010002
G4-JNI GetEnv version=0x00010002
G4-JNI GetEnv version=0x00010002
G4-JNI GetEnv version=0x00010002
G4-JNI GetEnv version=0x00010002
G4-JNI GetEnv version=0x00010002
G4-JNI GetEnv version=0x00010002
G4-JNI GetEnv version=0x00010002
G4-JNI GetEnv version=0x00010002
G6-RAW buttons=0x00000800
android[2] trace: ....................(KK) MogaController :: Inside NativeOnMotionEvent

android[2] trace: (KK) MogaController :: Inside NativeOnMotionEvent ....................

G6-MOGA motion frame=3316 axes=32767,0,0,0,0,0
android[2] trace: MoGaConTrOlLeR :: ....................(KK) MogaController :: Inside nativeOnKeyEvent 

android[2] trace: ....................(KK) MogaController :: Inside nativeOnKeyEvent 103

android[2] trace: MoGaConTrOlLeR :: ....................(KK) Key Event Key R1 1111 .....................

android[2] trace: MoGaConTrOlLeR :: ....................(KK) Key Event Key up .....................

android[2] trace: MoGaConTrOlLeR :: ....................(KK) Listener Key Release .....................

android[2] trace: MoGaConTrOlLeR :: ....................(KK) AndroidKeyCode :: MogaKeyCode (Start of func) .....................

android[2] trace: MoGaConTrOlLeR :: ....................(KK) AndroidKeyCode :: MogaKeyCode Key Press R1 .....................

android[2] trace: MoGaConTrOlLeR :: ....................(KK) AndroidKeyCode :: MogaKeyCode Key Press R1(Nitro) Racing True.....................

android[2] trace: MoGaConTrOlLeR :: (KK) MogaController :: Inside nativeOnKeyEvent ....................

G6-MOGA key frame=3316 code=103 state=up
G6-MOGA dpad-as-stick frame=3316 code=22 state=down
android[2] trace: MoGaConTrOlLeR :: ....................(KK) BaseDrivingControlScheme :: OnEvent .....................

android[2] trace: MoGaConTrOlLeR :: ....................(KK) BaseDrivingControlScheme :: OnKeyRelease Nothing :( .....................

G4-JNI GetEnv version=0x00010002
G4-JNI GetEnv version=0x00010002
G4-JNI GetEnv version=0x00010002
G4-JNI GetEnv version=0x00010002
G4-JNI GetEnv version=0x00010002
G4-JNI GetEnv version=0x00010002
G4-JNI GetEnv version=0x00010002
G4-JNI GetEnv version=0x00010002
G4-JNI GetEnv version=0x00010002
G4-JNI GetEnv version=0x00010002
G4-JNI GetEnv version=0x00010002
G4-JNI GetEnv version=0x00010002
G4-JNI GetEnv version=0x00010002
G6-RAW buttons=0x00000000
android[2] trace: ....................(KK) MogaController :: Inside NativeOnMotionEvent

android[2] trace: (KK) MogaController :: Inside NativeOnMotionEvent ....................

G6-MOGA dpad-as-stick frame=3329 code=22 state=up
G4-JNI GetEnv version=0x00010002
G4-JNI GetEnv version=0x00010002
G4-JNI GetEnv version=0x00010002
G4-JNI GetEnv version=0x00010002
G4-JNI GetEnv version=0x00010002
G4-JNI GetEnv version=0x00010002
G4-JNI GetEnv version=0x00010002
G4-JNI GetEnv version=0x00010002
G4-JNI GetEnv version=0x00010002
G4-JNI GetEnv version=0x00010002
G4-JNI GetEnv version=0x00010002
G4-JNI GetEnv version=0x00010002
G4-JNI GetEnv version=0x00010002
G6-RAW buttons=0x00000800
android[2] trace: ....................(KK) MogaController :: Inside NativeOnMotionEvent

android[2] trace: (KK) MogaController :: Inside NativeOnMotionEvent ....................

G6-MOGA motion frame=3342 axes=32767,0,0,0,0,0
G6-MOGA dpad-as-stick frame=3342 code=22 state=down
G4-JNI GetEnv version=0x00010002
G4-JNI GetEnv version=0x00010002
G4-JNI GetEnv version=0x00010002
G4-JNI GetEnv version=0x00010002
G4-JNI GetEnv version=0x00010002
G4-JNI GetEnv version=0x00010002
G4-JNI GetEnv version=0x00010002
G4-JNI GetEnv version=0x00010002
G4-JNI GetEnv version=0x00010002
G4-JNI GetEnv version=0x00010002
G4-JNI GetEnv version=0x00010002
G4-JNI GetEnv version=0x00010002
G4-JNI GetEnv version=0x00010002
G4-JNI GetEnv version=0x00010002
G4-JNI GetEnv version=0x00010002
G4-JNI GetEnv version=0x00010002
G4-JNI GetEnv version=0x00010002
G4-JNI GetEnv version=0x00010002
G4-JNI GetEnv version=0x00010002
G4-JNI GetEnv version=0x00010002
G4-JNI GetEnv version=0x00010002
G4-JNI GetEnv version=0x00010002
G4-JNI GetEnv version=0x00010002
G4-JNI GetEnv version=0x00010002
G4-JNI GetEnv version=0x00010002
G4-JNI GetEnv version=0x00010002
G4-JNI GetEnv version=0x00010002
G4-JNI GetEnv version=0x00010002
G4-JNI GetEnv version=0x00010002
G4-JNI GetEnv version=0x00010002
G6-RAW buttons=0x00000000
android[2] trace: ....................(KK) MogaController :: Inside NativeOnMotionEvent

android[2] trace: (KK) MogaController :: Inside NativeOnMotionEvent ....................

G6-MOGA motion frame=3372 axes=0,0,0,0,0,0
G6-MOGA dpad-as-stick frame=3372 code=22 state=up
G4-JNI GetEnv version=0x00010002
G4-JNI GetEnv version=0x00010002
G4-JNI GetEnv version=0x00010002
G4-JNI GetEnv version=0x00010002
G4-JNI GetEnv version=0x00010002
G4-JNI GetEnv version=0x00010002
G4-JNI GetEnv version=0x00010002
G4-JNI GetEnv version=0x00010002
G4-JNI GetEnv version=0x00010002
G4-JNI GetEnv version=0x00010002
G4-JNI GetEnv version=0x00010002
G4-JNI GetEnv version=0x00010002
G6-RAW buttons=0x00000400
android[2] trace: ....................(KK) MogaController :: Inside NativeOnMotionEvent

android[2] trace: (KK) MogaController :: Inside NativeOnMotionEvent ....................

G6-MOGA dpad-as-stick frame=3384 code=21 state=down
G4-JNI GetEnv version=0x00010002
G4-JNI GetEnv version=0x00010002
G4-JNI GetEnv version=0x00010002
G4-JNI GetEnv version=0x00010002
G4-JNI GetEnv version=0x00010002
G4-JNI GetEnv version=0x00010002
G4-JNI GetEnv version=0x00010002
G4-JNI GetEnv version=0x00010002
G4-JNI GetEnv version=0x00010002
G6-RAW buttons=0x00000000
android[2] trace: ....................(KK) MogaController :: Inside NativeOnMotionEvent

android[2] trace: (KK) MogaController :: Inside NativeOnMotionEvent ....................

G6-MOGA motion frame=3393 axes=0,0,0,0,0,0
G6-MOGA dpad-as-stick frame=3393 code=21 state=up
G4-JNI GetEnv version=0x00010002
G4-JNI GetEnv version=0x00010002
G4-JNI GetEnv version=0x00010002
G4-JNI GetEnv version=0x00010002
G4-JNI GetEnv version=0x00010002
G4-JNI GetEnv version=0x00010002
G4-JNI GetEnv version=0x00010002
G4-JNI GetEnv version=0x00010002
G4-JNI GetEnv version=0x00010002
G4-JNI GetEnv version=0x00010002
G4-JNI GetEnv version=0x00010002
G4-JNI GetEnv version=0x00010002
G4-JNI GetEnv version=0x00010002
G4-JNI GetEnv version=0x00010002
G4-JNI GetEnv version=0x00010002
G4-JNI GetEnv version=0x00010002
G4-JNI GetEnv version=0x00010002
G4-JNI GetEnv version=0x00010002
G4-JNI GetEnv version=0x00010002
G4-JNI GetEnv version=0x00010002
G4-JNI GetEnv version=0x00010002
G4-JNI GetEnv version=0x00010002
G4-JNI GetEnv version=0x00010002
G4-JNI GetEnv version=0x00010002
G4-JNI GetEnv version=0x00010002
G4-JNI GetEnv version=0x00010002
G4-JNI GetEnv version=0x00010002
G4-JNI GetEnv version=0x00010002
G4-JNI GetEnv version=0x00010002
G4-JNI GetEnv version=0x00010002
G4-JNI GetEnv version=0x00010002
G4-JNI GetEnv version=0x00010002
G4-JNI GetEnv version=0x00010002
G4-JNI GetEnv version=0x00010002
G4-JNI GetEnv version=0x00010002
G4-JNI GetEnv version=0x00010002
G4-JNI GetEnv version=0x00010002
G4-JNI GetEnv version=0x00010002
G4-JNI GetEnv version=0x00010002
G4-JNI GetEnv version=0x00010002
G4-JNI GetEnv version=0x00010002
G4-JNI GetEnv version=0x00010002
G4-JNI GetEnv version=0x00010002
G4-JNI GetEnv version=0x00010002
G4-JNI GetEnv version=0x00010002
G4-JNI GetEnv version=0x00010002
G4-JNI GetEnv version=0x00010002
G4-JNI GetEnv version=0x00010002
G4-JNI GetEnv version=0x00010002
G4-JNI GetEnv version=0x00010002
G4-JNI GetEnv version=0x00010002
G4-JNI GetEnv version=0x00010002
G4-JNI GetEnv version=0x00010002
G4-JNI GetEnv version=0x00010002
G4-JNI GetEnv version=0x00010002
G4-JNI GetEnv version=0x00010002
G4-JNI GetEnv version=0x00010002
G4-JNI GetEnv version=0x00010002
G4-JNI GetEnv version=0x00010002
G4-JNI GetEnv version=0x00010002
G4-JNI GetEnv version=0x00010002
G4-JNI GetEnv version=0x00010002
G4-JNI GetEnv version=0x00010002
G4-JNI GetEnv version=0x00010002
G4-JNI GetEnv version=0x00010002
G4-JNI GetEnv version=0x00010002
G4-JNI GetEnv version=0x00010002
G4-JNI GetEnv version=0x00010002
G4-JNI GetEnv version=0x00010002
G4-JNI GetEnv version=0x00010002
G4-JNI GetEnv version=0x00010002
G4-JNI GetEnv version=0x00010002
G4-JNI GetEnv version=0x00010002
G4-JNI GetEnv version=0x00010002
G4-JNI GetEnv version=0x00010002
G4-JNI GetEnv version=0x00010002
G4-JNI GetEnv version=0x00010002
G4-JNI GetEnv version=0x00010002
G4-JNI GetEnv version=0x00010002
G4-JNI GetEnv version=0x00010002
G4-JNI GetEnv version=0x00010002
G4-JNI GetEnv version=0x00010002
G4-JNI GetEnv version=0x00010002
G4-JNI GetEnv version=0x00010002
G4-JNI GetEnv version=0x00010002
G4-JNI GetEnv version=0x00010002
G4-JNI GetEnv version=0x00010002
G4-JNI GetEnv version=0x00010002
G4-JNI GetEnv version=0x00010002
G4-JNI GetEnv version=0x00010002
G4-JNI GetEnv version=0x00010002
G4-JNI GetEnv version=0x00010002
G4-JNI GetEnv version=0x00010002
G4-JNI GetEnv version=0x00010002
G4-JNI GetEnv version=0x00010002
G4-JNI GetEnv version=0x00010002
G4-JNI GetEnv version=0x00010002
G4-JNI GetEnv version=0x00010002
G4-JNI GetEnv version=0x00010002
G4-JNI GetEnv version=0x00010002
G4-JNI GetEnv version=0x00010002
G4-JNI GetEnv version=0x00010002
G4-JNI GetEnv version=0x00010002
G4-JNI GetEnv version=0x00010002
G4-JNI GetEnv version=0x00010002
G4-JNI GetEnv version=0x00010002
android[2] trace: ....................(KK) MogaController :: Inside NativeOnMotionEvent

android[2] trace: (KK) MogaController :: Inside NativeOnMotionEvent ....................

G6-MOGA motion frame=3499 axes=3568,0,0,0,0,0
G4-JNI GetEnv version=0x00010002
G4-JNI GetEnv version=0x00010002
android[2] trace: ....................(KK) MogaController :: Inside NativeOnMotionEvent

android[2] trace: (KK) MogaController :: Inside NativeOnMotionEvent ....................

G4-JNI GetEnv version=0x00010002
G4-JNI GetEnv version=0x00010002
G4-JNI GetEnv version=0x00010002
G4-JNI GetEnv version=0x00010002
G4-JNI GetEnv version=0x00010002
G4-JNI GetEnv version=0x00010002
G4-JNI GetEnv version=0x00010002
G4-JNI GetEnv version=0x00010002
G4-JNI GetEnv version=0x00010002
G4-JNI GetEnv version=0x00010002
G4-JNI GetEnv version=0x00010002
G4-JNI GetEnv version=0x00010002
G4-JNI GetEnv version=0x00010002
G6-RAW buttons=0x00000800
android[2] trace: ....................(KK) MogaController :: Inside NativeOnMotionEvent

android[2] trace: (KK) MogaController :: Inside NativeOnMotionEvent ....................

G6-MOGA motion frame=3514 axes=32767,0,0,0,0,0
G6-MOGA dpad-as-stick frame=3514 code=22 state=down
G4-JNI GetEnv version=0x00010002
G4-JNI GetEnv version=0x00010002
G4-JNI GetEnv version=0x00010002
G4-JNI GetEnv version=0x00010002
G4-JNI GetEnv version=0x00010002
G4-JNI GetEnv version=0x00010002
G4-JNI GetEnv version=0x00010002
G4-JNI GetEnv version=0x00010002
G4-JNI GetEnv version=0x00010002
G4-JNI GetEnv version=0x00010002
G4-JNI GetEnv version=0x00010002
G4-JNI GetEnv version=0x00010002
G4-JNI GetEnv version=0x00010002
G4-JNI GetEnv version=0x00010002
G4-JNI GetEnv version=0x00010002
G4-JNI GetEnv version=0x00010002
G4-JNI GetEnv version=0x00010002
G4-JNI GetEnv version=0x00010002
G4-JNI GetEnv version=0x00010002
G4-JNI GetEnv version=0x00010002
G4-JNI GetEnv version=0x00010002
G4-JNI GetEnv version=0x00010002
G4-JNI GetEnv version=0x00010002
G4-JNI GetEnv version=0x00010002
G4-JNI GetEnv version=0x00010002
G4-JNI GetEnv version=0x00010002
G4-JNI GetEnv version=0x00010002
G4-JNI GetEnv version=0x00010002
G4-JNI GetEnv version=0x00010002
G4-JNI GetEnv version=0x00010002
G4-JNI GetEnv version=0x00010002
G4-JNI GetEnv version=0x00010002
G4-JNI GetEnv version=0x00010002
G4-JNI GetEnv version=0x00010002
G4-JNI GetEnv version=0x00010002
G4-JNI GetEnv version=0x00010002
G4-JNI GetEnv version=0x00010002
G4-JNI GetEnv version=0x00010002
G4-JNI GetEnv version=0x00010002
G4-JNI GetEnv version=0x00010002
G4-JNI GetEnv version=0x00010002
G4-JNI GetEnv version=0x00010002
G4-JNI GetEnv version=0x00010002
G4-JNI GetEnv version=0x00010002
G4-JNI GetEnv version=0x00010002
G4-JNI GetEnv version=0x00010002
G4-JNI GetEnv version=0x00010002
G4-JNI GetEnv version=0x00010002
G4-JNI GetEnv version=0x00010002
G4-JNI GetEnv version=0x00010002
G4-JNI GetEnv version=0x00010002
G4-JNI GetEnv version=0x00010002
G4-JNI GetEnv version=0x00010002
G4-JNI GetEnv version=0x00010002
G4-JNI GetEnv version=0x00010002
G6-RAW buttons=0x00000000
android[2] trace: ....................(KK) MogaController :: Inside NativeOnMotionEvent

android[2] trace: (KK) MogaController :: Inside NativeOnMotionEvent ....................

G6-MOGA motion frame=3569 axes=0,0,0,0,0,0
G6-MOGA dpad-as-stick frame=3569 code=22 state=up
G4-JNI GetEnv version=0x00010002
G4-JNI GetEnv version=0x00010002
G4-JNI GetEnv version=0x00010002
G4-JNI GetEnv version=0x00010002
G4-JNI GetEnv version=0x00010002
G4-JNI GetEnv version=0x00010002
G4-JNI GetEnv version=0x00010002
G4-JNI GetEnv version=0x00010002
G4-JNI GetEnv version=0x00010002
G4-JNI GetEnv version=0x00010002
G6-RAW buttons=0x00000800
android[2] trace: ....................(KK) MogaController :: Inside NativeOnMotionEvent

android[2] trace: (KK) MogaController :: Inside NativeOnMotionEvent ....................

G6-MOGA dpad-as-stick frame=3579 code=22 state=down
G4-JNI GetEnv version=0x00010002
G4-JNI GetEnv version=0x00010002
G4-JNI GetEnv version=0x00010002
G4-JNI GetEnv version=0x00010002
G4-JNI GetEnv version=0x00010002
G4-JNI GetEnv version=0x00010002
G4-JNI GetEnv version=0x00010002
G4-JNI GetEnv version=0x00010002
G4-JNI GetEnv version=0x00010002
G4-JNI GetEnv version=0x00010002
G4-JNI GetEnv version=0x00010002
G4-JNI GetEnv version=0x00010002
G6-RAW buttons=0x00000000
android[2] trace: ....................(KK) MogaController :: Inside NativeOnMotionEvent

android[2] trace: (KK) MogaController :: Inside NativeOnMotionEvent ....................

G6-MOGA motion frame=3591 axes=0,0,0,0,0,0
G6-MOGA dpad-as-stick frame=3591 code=22 state=up
G4-JNI GetEnv version=0x00010002
G4-JNI GetEnv version=0x00010002
G4-JNI GetEnv version=0x00010002
G4-JNI GetEnv version=0x00010002
G4-JNI GetEnv version=0x00010002
G4-JNI GetEnv version=0x00010002
G4-JNI GetEnv version=0x00010002
G4-JNI GetEnv version=0x00010002
G4-JNI GetEnv version=0x00010002
G7-FRAME enter=3600
G4-JNI GetEnv version=0x00010002
G5-GL STATE frame=3600 framebuffer=0 status=0x8cd5 errors=0
G7-FRAME leave=3600
G6-RAW buttons=0x00000800
android[2] trace: ....................(KK) MogaController :: Inside NativeOnMotionEvent

android[2] trace: (KK) MogaController :: Inside NativeOnMotionEvent ....................

G6-MOGA dpad-as-stick frame=3601 code=22 state=down
G4-JNI GetEnv version=0x00010002
G4-JNI GetEnv version=0x00010002
G4-JNI GetEnv version=0x00010002
G4-JNI GetEnv version=0x00010002
G4-JNI GetEnv version=0x00010002
G4-JNI GetEnv version=0x00010002
G4-JNI GetEnv version=0x00010002
G4-JNI GetEnv version=0x00010002
G4-JNI GetEnv version=0x00010002
G6-RAW buttons=0x00000000
android[2] trace: ....................(KK) MogaController :: Inside NativeOnMotionEvent

android[2] trace: (KK) MogaController :: Inside NativeOnMotionEvent ....................

G6-MOGA motion frame=3610 axes=0,0,0,0,0,0
G6-MOGA dpad-as-stick frame=3610 code=22 state=up
G4-JNI GetEnv version=0x00010002
G4-JNI GetEnv version=0x00010002
G4-JNI GetEnv version=0x00010002
G4-JNI GetEnv version=0x00010002
G4-JNI GetEnv version=0x00010002
G4-JNI GetEnv version=0x00010002
G4-JNI GetEnv version=0x00010002
G4-JNI GetEnv version=0x00010002
G4-JNI GetEnv version=0x00010002
G4-JNI GetEnv version=0x00010002
G4-JNI GetEnv version=0x00010002
G4-JNI GetEnv version=0x00010002
G4-JNI GetEnv version=0x00010002
G4-JNI GetEnv version=0x00010002
G4-JNI GetEnv version=0x00010002
G4-JNI GetEnv version=0x00010002
G4-JNI GetEnv version=0x00010002
G4-JNI GetEnv version=0x00010002
G4-JNI GetEnv version=0x00010002
G4-JNI GetEnv version=0x00010002
G4-JNI GetEnv version=0x00010002
G4-JNI GetEnv version=0x00010002
G4-JNI GetEnv version=0x00010002
G4-JNI GetEnv version=0x00010002
G4-JNI GetEnv version=0x00010002
G6-RAW buttons=0x00000400
android[2] trace: ....................(KK) MogaController :: Inside NativeOnMotionEvent

android[2] trace: (KK) MogaController :: Inside NativeOnMotionEvent ....................

G6-MOGA motion frame=3635 axes=-32767,0,0,0,0,0
G6-MOGA dpad-as-stick frame=3635 code=21 state=down
G4-JNI GetEnv version=0x00010002
G4-JNI GetEnv version=0x00010002
G4-JNI GetEnv version=0x00010002
G4-JNI GetEnv version=0x00010002
G4-JNI GetEnv version=0x00010002
G4-JNI GetEnv version=0x00010002
G4-JNI GetEnv version=0x00010002
G4-JNI GetEnv version=0x00010002
G4-JNI GetEnv version=0x00010002
G4-JNI GetEnv version=0x00010002
G4-JNI GetEnv version=0x00010002
G6-RAW buttons=0x00000000
android[2] trace: ....................(KK) MogaController :: Inside NativeOnMotionEvent

android[2] trace: (KK) MogaController :: Inside NativeOnMotionEvent ....................

G6-MOGA dpad-as-stick frame=3646 code=21 state=up
G4-JNI GetEnv version=0x00010002
G4-JNI GetEnv version=0x00010002
G4-JNI GetEnv version=0x00010002
G4-JNI GetEnv version=0x00010002
G4-JNI GetEnv version=0x00010002
G4-JNI GetEnv version=0x00010002
G4-JNI GetEnv version=0x00010002
G4-JNI GetEnv version=0x00010002
G4-JNI GetEnv version=0x00010002
G4-JNI GetEnv version=0x00010002
G4-JNI GetEnv version=0x00010002
G4-JNI GetEnv version=0x00010002
G4-JNI GetEnv version=0x00010002
G4-JNI GetEnv version=0x00010002
G4-JNI GetEnv version=0x00010002
G4-JNI GetEnv version=0x00010002
G4-JNI GetEnv version=0x00010002
G4-JNI GetEnv version=0x00010002
G4-JNI GetEnv version=0x00010002
G4-JNI GetEnv version=0x00010002
G4-JNI GetEnv version=0x00010002
G4-JNI GetEnv version=0x00010002
G4-JNI GetEnv version=0x00010002
G4-JNI GetEnv version=0x00010002
G4-JNI GetEnv version=0x00010002
G4-JNI GetEnv version=0x00010002
G4-JNI GetEnv version=0x00010002
G4-JNI GetEnv version=0x00010002
G4-JNI GetEnv version=0x00010002
G4-JNI GetEnv version=0x00010002
G4-JNI GetEnv version=0x00010002
G4-JNI GetEnv version=0x00010002
G4-JNI GetEnv version=0x00010002
G4-JNI GetEnv version=0x00010002
G4-JNI GetEnv version=0x00010002
G4-JNI GetEnv version=0x00010002
G4-JNI GetEnv version=0x00010002
G4-JNI GetEnv version=0x00010002
G4-JNI GetEnv version=0x00010002
G4-JNI GetEnv version=0x00010002
G4-JNI GetEnv version=0x00010002
G4-JNI GetEnv version=0x00010002
G4-JNI GetEnv version=0x00010002
G4-JNI GetEnv version=0x00010002
G4-JNI GetEnv version=0x00010002
G4-JNI GetEnv version=0x00010002
G4-JNI GetEnv version=0x00010002
G4-JNI GetEnv version=0x00010002
G4-JNI GetEnv version=0x00010002
G4-JNI GetEnv version=0x00010002
G4-JNI GetEnv version=0x00010002
G4-JNI GetEnv version=0x00010002
G4-JNI GetEnv version=0x00010002
G4-JNI GetEnv version=0x00010002
G4-JNI GetEnv version=0x00010002
G4-JNI GetEnv version=0x00010002
G4-JNI GetEnv version=0x00010002
G4-JNI GetEnv version=0x00010002
G4-JNI GetEnv version=0x00010002
G4-JNI GetEnv version=0x00010002
G4-JNI GetEnv version=0x00010002
G4-JNI GetEnv version=0x00010002
G4-JNI GetEnv version=0x00010002
G4-JNI GetEnv version=0x00010002
G4-JNI GetEnv version=0x00010002
G4-JNI GetEnv version=0x00010002
G4-JNI GetEnv version=0x00010002
G4-JNI GetEnv version=0x00010002
G4-JNI GetEnv version=0x00010002
G4-JNI GetEnv version=0x00010002
G4-JNI GetEnv version=0x00010002
G4-JNI GetEnv version=0x00010002
G4-JNI GetEnv version=0x00010002
G4-JNI GetEnv version=0x00010002
G4-JNI GetEnv version=0x00010002
G4-JNI GetEnv version=0x00010002
G4-JNI GetEnv version=0x00010002
G4-JNI GetEnv version=0x00010002
G4-JNI GetEnv version=0x00010002
G4-JNI GetEnv version=0x00010002
G4-JNI GetEnv version=0x00010002
G4-JNI GetEnv version=0x00010002
G4-JNI GetEnv version=0x00010002
G4-JNI GetEnv version=0x00010002
G4-JNI GetEnv version=0x00010002
G4-JNI GetEnv version=0x00010002
G4-JNI GetEnv version=0x00010002
G4-JNI GetEnv version=0x00010002
G4-JNI GetEnv version=0x00010002
android[2] trace: ....................(KK) MogaController :: Inside NativeOnMotionEvent

android[2] trace: (KK) MogaController :: Inside NativeOnMotionEvent ....................

G6-MOGA motion frame=3735 axes=-9394,0,0,0,0,0
G4-JNI GetEnv version=0x00010002
android[2] trace: ....................(KK) MogaController :: Inside NativeOnMotionEvent

android[2] trace: (KK) MogaController :: Inside NativeOnMotionEvent ....................

G4-JNI GetEnv version=0x00010002
android[2] trace: ....................(KK) MogaController :: Inside NativeOnMotionEvent

android[2] trace: (KK) MogaController :: Inside NativeOnMotionEvent ....................

G4-JNI GetEnv version=0x00010002
android[2] trace: ....................(KK) MogaController :: Inside NativeOnMotionEvent

android[2] trace: (KK) MogaController :: Inside NativeOnMotionEvent ....................

G4-JNI GetEnv version=0x00010002
G4-JNI GetEnv version=0x00010002
G4-JNI GetEnv version=0x00010002
G4-JNI GetEnv version=0x00010002
G4-JNI GetEnv version=0x00010002
android[6] error: UpdateSpawning failed to get current track position.

android[6] error: UpdateSpawning failed to get current track position.

G4-JNI GetEnv version=0x00010002
android[6] error: UpdateSpawning failed to get current track position.

android[6] error: UpdateSpawning failed to get current track position.

android[6] error: CheckIfBrakingNeeded: Could not find track position

android[6] error: CheckIfBrakingNeeded: Could not find track position

android[2] trace: MoGaConTrOlLeR :: ....................(KK) BaseDrivingControlScheme :: OnEvent .....................

G4-JNI GetEnv version=0x00010002
G4-JNI GetEnv version=0x00010002
G4-JNI GetEnv version=0x00010002
G4-JNI GetEnv version=0x00010002
G4-JNI GetEnv version=0x00010002
android[6] error: UpdateSpawning failed to get current track position.

android[6] error: UpdateSpawning failed to get current track position.

G4-JNI GetEnv version=0x00010002
android[6] error: UpdateSpawning failed to get current track position.

android[6] error: UpdateSpawning failed to get current track position.

android[6] error: CalculateRequiredBraking: Could not find track position

android[6] error: CalculateRequiredBraking: Could not find track position

android[6] error: CalculateRequiredBraking: Could not find track position

android[6] error: CalculateRequiredBraking: Could not find track position

android[6] error: CalculateRequiredBraking: Could not find track position

G4-JNI GetEnv version=0x00010002
android[6] error: UpdateSpawning failed to get current track position.

android[6] error: UpdateSpawning failed to get current track position.

G4-JNI GetEnv version=0x00010002
android[6] error: UpdateSpawning failed to get current track position.

android[6] error: UpdateSpawning failed to get current track position.

G4-JNI GetEnv version=0x00010002
android[6] error: UpdateSpawning failed to get current track position.

android[6] error: UpdateSpawning failed to get current track position.

android[6] error: CalculateRequiredBraking: Could not find track position

android[6] error: CalculateRequiredBraking: Could not find track position

android[6] error: CalculateRequiredBraking: Could not find track position

android[6] error: CalculateRequiredBraking: Could not find track position

android[6] error: CalculateRequiredBraking: Could not find track position

G4-JNI GetEnv version=0x00010002
android[6] error: UpdateSpawning failed to get current track position.

android[6] error: UpdateSpawning failed to get current track position.

G4-JNI GetEnv version=0x00010002
android[2] trace: ....................(KK) MogaController :: Inside NativeOnMotionEvent

android[2] trace: (KK) MogaController :: Inside NativeOnMotionEvent ....................

G6-MOGA motion frame=3751 axes=-31239,0,0,0,0,0
android[6] error: UpdateSpawning failed to get current track position.

android[6] error: UpdateSpawning failed to get current track position.

android[6] error: CalculateRequiredBraking: Could not find track position

android[6] error: CalculateRequiredBraking: Could not find track position

android[6] error: CalculateRequiredBraking: Could not find track position

android[6] error: CalculateRequiredBraking: Could not find track position

android[6] error: CalculateRequiredBraking: Could not find track position

G4-JNI GetEnv version=0x00010002
android[2] trace: ....................(KK) MogaController :: Inside NativeOnMotionEvent

android[2] trace: (KK) MogaController :: Inside NativeOnMotionEvent ....................

android[6] error: UpdateSpawning failed to get current track position.

android[6] error: UpdateSpawning failed to get current track position.

G4-JNI GetEnv version=0x00010002
android[2] trace: ....................(KK) MogaController :: Inside NativeOnMotionEvent

android[2] trace: (KK) MogaController :: Inside NativeOnMotionEvent ....................

android[6] error: UpdateSpawning failed to get current track position.

android[6] error: UpdateSpawning failed to get current track position.

android[6] error: CalculateRequiredBraking: Could not find track position

android[6] error: CalculateRequiredBraking: Could not find track position

android[6] error: CalculateRequiredBraking: Could not find track position

android[6] error: CalculateRequiredBraking: Could not find track position

android[6] error: CalculateRequiredBraking: Could not find track position

G4-JNI GetEnv version=0x00010002
android[2] trace: ....................(KK) MogaController :: Inside NativeOnMotionEvent

android[2] trace: (KK) MogaController :: Inside NativeOnMotionEvent ....................

android[6] error: UpdateSpawning failed to get current track position.

android[6] error: UpdateSpawning failed to get current track position.

G4-JNI GetEnv version=0x00010002
android[6] error: UpdateSpawning failed to get current track position.

android[6] error: UpdateSpawning failed to get current track position.

android[6] error: CalculateRequiredBraking: Could not find track position

android[6] error: CalculateRequiredBraking: Could not find track position

android[6] error: CalculateRequiredBraking: Could not find track position

android[6] error: CalculateRequiredBraking: Could not find track position

android[6] error: CalculateRequiredBraking: Could not find track position

G4-JNI GetEnv version=0x00010002
android[6] error: UpdateSpawning failed to get current track position.

android[6] error: UpdateSpawning failed to get current track position.

G4-JNI GetEnv version=0x00010002
android[6] error: UpdateSpawning failed to get current track position.

android[6] error: UpdateSpawning failed to get current track position.

android[6] error: CalculateRequiredBraking: Could not find track position

android[6] error: CalculateRequiredBraking: Could not find track position

android[6] error: CalculateRequiredBraking: Could not find track position

android[6] error: CalculateRequiredBraking: Could not find track position

android[6] error: CalculateRequiredBraking: Could not find track position

G4-JNI GetEnv version=0x00010002
android[6] error: UpdateSpawning failed to get current track position.

android[6] error: UpdateSpawning failed to get current track position.

G4-JNI GetEnv version=0x00010002
android[6] error: UpdateSpawning failed to get current track position.

android[6] error: UpdateSpawning failed to get current track position.

android[6] error: CalculateRequiredBraking: Could not find track position

android[6] error: CalculateRequiredBraking: Could not find track position

android[6] error: CalculateRequiredBraking: Could not find track position

android[6] error: CalculateRequiredBraking: Could not find track position

android[6] error: CalculateRequiredBraking: Could not find track position

G4-JNI GetEnv version=0x00010002
android[6] error: UpdateSpawning failed to get current track position.

android[6] error: UpdateSpawning failed to get current track position.

G4-JNI GetEnv version=0x00010002
android[6] error: UpdateSpawning failed to get current track position.

android[6] error: UpdateSpawning failed to get current track position.

android[6] error: CalculateRequiredBraking: Could not find track position

android[6] error: CalculateRequiredBraking: Could not find track position

android[6] error: CalculateRequiredBraking: Could not find track position

android[6] error: CalculateRequiredBraking: Could not find track position

android[6] error: CalculateRequiredBraking: Could not find track position

G4-JNI GetEnv version=0x00010002
android[6] error: UpdateSpawning failed to get current track position.

android[6] error: UpdateSpawning failed to get current track position.

G4-JNI GetEnv version=0x00010002
android[6] error: UpdateSpawning failed to get current track position.

android[6] error: UpdateSpawning failed to get current track position.

android[6] error: CalculateRequiredBraking: Could not find track position

android[6] error: CalculateRequiredBraking: Could not find track position

android[6] error: CalculateRequiredBraking: Could not find track position

android[6] error: CalculateRequiredBraking: Could not find track position

android[6] error: CalculateRequiredBraking: Could not find track position

G4-JNI GetEnv version=0x00010002
android[6] error: UpdateSpawning failed to get current track position.

android[6] error: UpdateSpawning failed to get current track position.

G4-JNI GetEnv version=0x00010002
android[6] error: UpdateSpawning failed to get current track position.

android[6] error: UpdateSpawning failed to get current track position.

android[6] error: CalculateRequiredBraking: Could not find track position

android[6] error: CalculateRequiredBraking: Could not find track position

android[6] error: CalculateRequiredBraking: Could not find track position

android[6] error: CalculateRequiredBraking: Could not find track position

android[6] error: CalculateRequiredBraking: Could not find track position

G4-JNI GetEnv version=0x00010002
android[6] error: UpdateSpawning failed to get current track position.

android[6] error: UpdateSpawning failed to get current track position.

G4-JNI GetEnv version=0x00010002
android[6] error: UpdateSpawning failed to get current track position.

android[6] error: UpdateSpawning failed to get current track position.

android[6] error: CalculateRequiredBraking: Could not find track position

android[6] error: CalculateRequiredBraking: Could not find track position

android[6] error: CalculateRequiredBraking: Could not find track position

android[6] error: CalculateRequiredBraking: Could not find track position

android[6] error: CalculateRequiredBraking: Could not find track position

G4-JNI GetEnv version=0x00010002
android[6] error: UpdateSpawning failed to get current track position.

android[6] error: UpdateSpawning failed to get current track position.

G4-JNI GetEnv version=0x00010002
android[6] error: UpdateSpawning failed to get current track position.

android[6] error: UpdateSpawning failed to get current track position.

android[6] error: CalculateRequiredBraking: Could not find track position

android[6] error: CalculateRequiredBraking: Could not find track position

android[6] error: CalculateRequiredBraking: Could not find track position

android[6] error: CalculateRequiredBraking: Could not find track position

android[6] error: CalculateRequiredBraking: Could not find track position

G4-JNI GetEnv version=0x00010002
android[6] error: UpdateSpawning failed to get current track position.

android[6] error: UpdateSpawning failed to get current track position.

G4-JNI GetEnv version=0x00010002
android[6] error: UpdateSpawning failed to get current track position.

android[6] error: UpdateSpawning failed to get current track position.

G4-JNI GetEnv version=0x00010002
android[6] error: UpdateSpawning failed to get current track position.

android[6] error: UpdateSpawning failed to get current track position.

android[6] error: CalculateRequiredBraking: Could not find track position

android[6] error: CalculateRequiredBraking: Could not find track position

android[6] error: CalculateRequiredBraking: Could not find track position

android[6] error: CalculateRequiredBraking: Could not find track position

android[6] error: CalculateRequiredBraking: Could not find track position

G4-JNI GetEnv version=0x00010002
android[6] error: UpdateSpawning failed to get current track position.

android[6] error: UpdateSpawning failed to get current track position.

G4-JNI GetEnv version=0x00010002
android[6] error: UpdateSpawning failed to get current track position.

android[6] error: UpdateSpawning failed to get current track position.

android[6] error: CalculateRequiredBraking: Could not find track position

android[6] error: CalculateRequiredBraking: Could not find track position

android[6] error: CalculateRequiredBraking: Could not find track position

android[6] error: CalculateRequiredBraking: Could not find track position

android[6] error: CalculateRequiredBraking: Could not find track position

G4-JNI GetEnv version=0x00010002
android[6] error: UpdateSpawning failed to get current track position.

android[6] error: UpdateSpawning failed to get current track position.

G4-JNI GetEnv version=0x00010002
android[6] error: UpdateSpawning failed to get current track position.

android[6] error: UpdateSpawning failed to get current track position.

android[6] error: CalculateRequiredBraking: Could not find track position

android[6] error: CalculateRequiredBraking: Could not find track position

android[6] error: CalculateRequiredBraking: Could not find track position

android[6] error: CalculateRequiredBraking: Could not find track position

android[6] error: CalculateRequiredBraking: Could not find track position

G4-JNI GetEnv version=0x00010002
android[6] error: UpdateSpawning failed to get current track position.

android[6] error: UpdateSpawning failed to get current track position.

G4-JNI GetEnv version=0x00010002
android[6] error: UpdateSpawning failed to get current track position.

android[6] error: UpdateSpawning failed to get current track position.

android[6] error: CalculateRequiredBraking: Could not find track position

android[6] error: CalculateRequiredBraking: Could not find track position

android[6] error: CalculateRequiredBraking: Could not find track position

android[6] error: CalculateRequiredBraking: Could not find track position

android[6] error: CalculateRequiredBraking: Could not find track position

G4-JNI GetEnv version=0x00010002
android[6] error: UpdateSpawning failed to get current track position.

android[6] error: UpdateSpawning failed to get current track position.

G4-JNI GetEnv version=0x00010002
android[6] error: UpdateSpawning failed to get current track position.

android[6] error: UpdateSpawning failed to get current track position.

android[6] error: CalculateRequiredBraking: Could not find track position

android[6] error: CalculateRequiredBraking: Could not find track position

android[6] error: CalculateRequiredBraking: Could not find track position

android[6] error: CalculateRequiredBraking: Could not find track position

android[6] error: CalculateRequiredBraking: Could not find track position

G4-JNI GetEnv version=0x00010002
android[6] error: UpdateSpawning failed to get current track position.

android[6] error: UpdateSpawning failed to get current track position.

G4-JNI GetEnv version=0x00010002
android[6] error: UpdateSpawning failed to get current track position.

android[6] error: UpdateSpawning failed to get current track position.

android[6] error: CalculateRequiredBraking: Could not find track position

android[6] error: CalculateRequiredBraking: Could not find track position

android[6] error: CalculateRequiredBraking: Could not find track position

android[6] error: CalculateRequiredBraking: Could not find track position

android[6] error: CalculateRequiredBraking: Could not find track position

G4-JNI GetEnv version=0x00010002
android[6] error: UpdateSpawning failed to get current track position.

android[6] error: UpdateSpawning failed to get current track position.

G4-JNI GetEnv version=0x00010002
android[6] error: UpdateSpawning failed to get current track position.

android[6] error: UpdateSpawning failed to get current track position.

android[6] error: CalculateRequiredBraking: Could not find track position

android[6] error: CalculateRequiredBraking: Could not find track position

android[6] error: CalculateRequiredBraking: Could not find track position

android[6] error: CalculateRequiredBraking: Could not find track position

android[6] error: CalculateRequiredBraking: Could not find track position

G4-JNI GetEnv version=0x00010002
android[6] error: UpdateSpawning failed to get current track position.

android[6] error: UpdateSpawning failed to get current track position.

G4-JNI GetEnv version=0x00010002
android[6] error: UpdateSpawning failed to get current track position.

android[6] error: UpdateSpawning failed to get current track position.

android[6] error: CalculateRequiredBraking: Could not find track position

android[6] error: CalculateRequiredBraking: Could not find track position

android[6] error: CalculateRequiredBraking: Could not find track position

android[6] error: CalculateRequiredBraking: Could not find track position

android[6] error: CalculateRequiredBraking: Could not find track position

G4-JNI GetEnv version=0x00010002
android[6] error: UpdateSpawning failed to get current track position.

android[6] error: UpdateSpawning failed to get current track position.

G4-JNI GetEnv version=0x00010002
android[6] error: UpdateSpawning failed to get current track position.

android[6] error: UpdateSpawning failed to get current track position.

android[6] error: CalculateRequiredBraking: Could not find track position

android[6] error: CalculateRequiredBraking: Could not find track position

android[6] error: CalculateRequiredBraking: Could not find track position

android[6] error: CalculateRequiredBraking: Could not find track position

android[6] error: CalculateRequiredBraking: Could not find track position

G4-JNI GetEnv version=0x00010002
android[6] error: UpdateSpawning failed to get current track position.

android[6] error: UpdateSpawning failed to get current track position.

G4-JNI GetEnv version=0x00010002
android[6] error: UpdateSpawning failed to get current track position.

android[6] error: UpdateSpawning failed to get current track position.

android[6] error: CalculateRequiredBraking: Could not find track position

android[6] error: CalculateRequiredBraking: Could not find track position

android[6] error: CalculateRequiredBraking: Could not find track position

android[6] error: CalculateRequiredBraking: Could not find track position

android[6] error: CalculateRequiredBraking: Could not find track position

G4-JNI GetEnv version=0x00010002
android[6] error: UpdateSpawning failed to get current track position.

android[6] error: UpdateSpawning failed to get current track position.

G4-JNI GetEnv version=0x00010002
android[6] error: UpdateSpawning failed to get current track position.

android[6] error: UpdateSpawning failed to get current track position.

G4-JNI GetEnv version=0x00010002
android[6] error: UpdateSpawning failed to get current track position.

android[6] error: UpdateSpawning failed to get current track position.

android[6] error: CalculateRequiredBraking: Could not find track position

android[6] error: CalculateRequiredBraking: Could not find track position

android[6] error: CalculateRequiredBraking: Could not find track position

android[6] error: CalculateRequiredBraking: Could not find track position

android[6] error: CalculateRequiredBraking: Could not find track position

G4-JNI GetEnv version=0x00010002
android[6] error: UpdateSpawning failed to get current track position.

android[6] error: UpdateSpawning failed to get current track position.

android[6] error: CalculateRequiredBraking: Could not find track position

android[6] error: CalculateRequiredBraking: Could not find track position

android[6] error: CalculateRequiredBraking: Could not find track position

android[6] error: CalculateRequiredBraking: Could not find track position

android[6] error: CalculateRequiredBraking: Could not find track position

G4-JNI GetEnv version=0x00010002
android[6] error: UpdateSpawning failed to get current track position.

android[6] error: UpdateSpawning failed to get current track position.

G4-JNI GetEnv version=0x00010002
android[6] error: UpdateSpawning failed to get current track position.

android[6] error: UpdateSpawning failed to get current track position.

G4-JNI GetEnv version=0x00010002
android[6] error: UpdateSpawning failed to get current track position.

android[6] error: UpdateSpawning failed to get current track position.

android[6] error: CalculateRequiredBraking: Could not find track position

android[6] error: CalculateRequiredBraking: Could not find track position

android[6] error: CalculateRequiredBraking: Could not find track position

android[6] error: CalculateRequiredBraking: Could not find track position

android[6] error: CalculateRequiredBraking: Could not find track position

G4-JNI GetEnv version=0x00010002
android[6] error: UpdateSpawning failed to get current track position.

android[6] error: UpdateSpawning failed to get current track position.

G4-JNI GetEnv version=0x00010002
android[6] error: UpdateSpawning failed to get current track position.

android[6] error: UpdateSpawning failed to get current track position.

android[6] error: CalculateRequiredBraking: Could not find track position

android[6] error: CalculateRequiredBraking: Could not find track position

android[6] error: CalculateRequiredBraking: Could not find track position

android[6] error: CalculateRequiredBraking: Could not find track position

android[6] error: CalculateRequiredBraking: Could not find track position

G4-JNI GetEnv version=0x00010002
android[6] error: UpdateSpawning failed to get current track position.

android[6] error: UpdateSpawning failed to get current track position.

G4-JNI GetEnv version=0x00010002
android[6] error: UpdateSpawning failed to get current track position.

android[6] error: UpdateSpawning failed to get current track position.

android[6] error: CalculateRequiredBraking: Could not find track position

android[6] error: CalculateRequiredBraking: Could not find track position

android[6] error: CalculateRequiredBraking: Could not find track position

android[6] error: CalculateRequiredBraking: Could not find track position

android[6] error: CalculateRequiredBraking: Could not find track position

G4-JNI GetEnv version=0x00010002
android[6] error: UpdateSpawning failed to get current track position.

android[6] error: UpdateSpawning failed to get current track position.

G4-JNI GetEnv version=0x00010002
android[6] error: UpdateSpawning failed to get current track position.

android[6] error: UpdateSpawning failed to get current track position.

android[6] error: CalculateRequiredBraking: Could not find track position

android[6] error: CalculateRequiredBraking: Could not find track position

android[6] error: CalculateRequiredBraking: Could not find track position

android[6] error: CalculateRequiredBraking: Could not find track position

android[6] error: CalculateRequiredBraking: Could not find track position

G4-JNI GetEnv version=0x00010002
android[6] error: UpdateSpawning failed to get current track position.

android[6] error: UpdateSpawning failed to get current track position.

G4-JNI GetEnv version=0x00010002
android[6] error: UpdateSpawning failed to get current track position.

android[6] error: UpdateSpawning failed to get current track position.

android[6] error: CalculateRequiredBraking: Could not find track position

android[6] error: CalculateRequiredBraking: Could not find track position

android[6] error: CalculateRequiredBraking: Could not find track position

android[6] error: CalculateRequiredBraking: Could not find track position

android[6] error: CalculateRequiredBraking: Could not find track position

G4-JNI GetEnv version=0x00010002
android[6] error: UpdateSpawning failed to get current track position.

android[6] error: UpdateSpawning failed to get current track position.

G4-JNI GetEnv version=0x00010002
android[6] error: UpdateSpawning failed to get current track position.

android[6] error: UpdateSpawning failed to get current track position.

android[6] error: CalculateRequiredBraking: Could not find track position

android[6] error: CalculateRequiredBraking: Could not find track position

android[6] error: CalculateRequiredBraking: Could not find track position

android[6] error: CalculateRequiredBraking: Could not find track position

android[6] error: CalculateRequiredBraking: Could not find track position

G4-JNI GetEnv version=0x00010002
android[6] error: UpdateSpawning failed to get current track position.

android[6] error: UpdateSpawning failed to get current track position.

G4-JNI GetEnv version=0x00010002
android[6] error: UpdateSpawning failed to get current track position.

android[6] error: UpdateSpawning failed to get current track position.

android[6] error: CalculateRequiredBraking: Could not find track position

android[6] error: CalculateRequiredBraking: Could not find track position

android[6] error: CalculateRequiredBraking: Could not find track position

android[6] error: CalculateRequiredBraking: Could not find track position

android[6] error: CalculateRequiredBraking: Could not find track position

G4-JNI GetEnv version=0x00010002
android[6] error: UpdateSpawning failed to get current track position.

android[6] error: UpdateSpawning failed to get current track position.

G4-JNI GetEnv version=0x00010002
android[6] error: UpdateSpawning failed to get current track position.

android[6] error: UpdateSpawning failed to get current track position.

android[6] error: CalculateRequiredBraking: Could not find track position

android[6] error: CalculateRequiredBraking: Could not find track position

android[6] error: CalculateRequiredBraking: Could not find track position

android[6] error: CalculateRequiredBraking: Could not find track position

android[6] error: CalculateRequiredBraking: Could not find track position

G4-JNI GetEnv version=0x00010002
android[6] error: UpdateSpawning failed to get current track position.

android[6] error: UpdateSpawning failed to get current track position.

G4-JNI GetEnv version=0x00010002
android[6] error: UpdateSpawning failed to get current track position.

android[6] error: UpdateSpawning failed to get current track position.

android[6] error: CalculateRequiredBraking: Could not find track position

android[6] error: CalculateRequiredBraking: Could not find track position

android[6] error: CalculateRequiredBraking: Could not find track position

android[6] error: CalculateRequiredBraking: Could not find track position

android[6] error: CalculateRequiredBraking: Could not find track position

G4-JNI GetEnv version=0x00010002
android[6] error: UpdateSpawning failed to get current track position.

android[6] error: UpdateSpawning failed to get current track position.

G4-JNI GetEnv version=0x00010002
android[6] error: UpdateSpawning failed to get current track position.

android[6] error: UpdateSpawning failed to get current track position.

G4-JNI GetEnv version=0x00010002
android[6] error: UpdateSpawning failed to get current track position.

android[6] error: UpdateSpawning failed to get current track position.

android[6] error: CalculateRequiredBraking: Could not find track position

android[6] error: CalculateRequiredBraking: Could not find track position

android[6] error: CalculateRequiredBraking: Could not find track position

android[6] error: CalculateRequiredBraking: Could not find track position

android[6] error: CalculateRequiredBraking: Could not find track position

G4-JNI GetEnv version=0x00010002
android[6] error: UpdateSpawning failed to get current track position.

android[6] error: UpdateSpawning failed to get current track position.

G4-JNI GetEnv version=0x00010002
android[6] error: UpdateSpawning failed to get current track position.

android[6] error: UpdateSpawning failed to get current track position.

android[6] error: CalculateRequiredBraking: Could not find track position

android[6] error: CalculateRequiredBraking: Could not find track position

android[6] error: CalculateRequiredBraking: Could not find track position

android[6] error: CalculateRequiredBraking: Could not find track position

android[6] error: CalculateRequiredBraking: Could not find track position

G4-JNI GetEnv version=0x00010002
android[6] error: UpdateSpawning failed to get current track position.

android[6] error: UpdateSpawning failed to get current track position.

G4-JNI GetEnv version=0x00010002
android[6] error: UpdateSpawning failed to get current track position.

android[6] error: UpdateSpawning failed to get current track position.

android[6] error: CalculateRequiredBraking: Could not find track position

android[6] error: CalculateRequiredBraking: Could not find track position

android[6] error: CalculateRequiredBraking: Could not find track position

android[6] error: CalculateRequiredBraking: Could not find track position

android[6] error: CalculateRequiredBraking: Could not find track position

G4-JNI GetEnv version=0x00010002
android[6] error: UpdateSpawning failed to get current track position.

android[6] error: UpdateSpawning failed to get current track position.

G4-JNI GetEnv version=0x00010002
android[6] error: UpdateSpawning failed to get current track position.

android[6] error: UpdateSpawning failed to get current track position.

android[6] error: CalculateRequiredBraking: Could not find track position

android[6] error: CalculateRequiredBraking: Could not find track position

android[6] error: CalculateRequiredBraking: Could not find track position

android[6] error: CalculateRequiredBraking: Could not find track position

android[6] error: CalculateRequiredBraking: Could not find track position

G4-JNI GetEnv version=0x00010002
android[6] error: UpdateSpawning failed to get current track position.

android[6] error: UpdateSpawning failed to get current track position.

G4-JNI GetEnv version=0x00010002
android[6] error: UpdateSpawning failed to get current track position.

android[6] error: UpdateSpawning failed to get current track position.

android[6] error: CalculateRequiredBraking: Could not find track position

android[6] error: CalculateRequiredBraking: Could not find track position

android[6] error: CalculateRequiredBraking: Could not find track position

android[6] error: CalculateRequiredBraking: Could not find track position

android[6] error: CalculateRequiredBraking: Could not find track position

G4-JNI GetEnv version=0x00010002
android[6] error: UpdateSpawning failed to get current track position.

android[6] error: UpdateSpawning failed to get current track position.

G4-JNI GetEnv version=0x00010002
android[6] error: UpdateSpawning failed to get current track position.

android[6] error: UpdateSpawning failed to get current track position.

android[6] error: CalculateRequiredBraking: Could not find track position

android[6] error: CalculateRequiredBraking: Could not find track position

android[6] error: CalculateRequiredBraking: Could not find track position

android[6] error: CalculateRequiredBraking: Could not find track position

android[6] error: CalculateRequiredBraking: Could not find track position

G4-JNI GetEnv version=0x00010002
android[6] error: UpdateSpawning failed to get current track position.

android[6] error: UpdateSpawning failed to get current track position.

G4-JNI GetEnv version=0x00010002
android[6] error: UpdateSpawning failed to get current track position.

android[6] error: UpdateSpawning failed to get current track position.

android[6] error: CalculateRequiredBraking: Could not find track position

android[6] error: CalculateRequiredBraking: Could not find track position

android[6] error: CalculateRequiredBraking: Could not find track position

android[6] error: CalculateRequiredBraking: Could not find track position

android[6] error: CalculateRequiredBraking: Could not find track position

G4-JNI GetEnv version=0x00010002
android[6] error: UpdateSpawning failed to get current track position.

android[6] error: UpdateSpawning failed to get current track position.

G4-JNI GetEnv version=0x00010002
android[6] error: UpdateSpawning failed to get current track position.

android[6] error: UpdateSpawning failed to get current track position.

android[6] error: CalculateRequiredBraking: Could not find track position

android[6] error: CalculateRequiredBraking: Could not find track position

android[6] error: CalculateRequiredBraking: Could not find track position

android[6] error: CalculateRequiredBraking: Could not find track position

android[6] error: CalculateRequiredBraking: Could not find track position

G4-JNI GetEnv version=0x00010002
android[6] error: UpdateSpawning failed to get current track position.

android[6] error: UpdateSpawning failed to get current track position.

G4-JNI GetEnv version=0x00010002
android[6] error: UpdateSpawning failed to get current track position.

android[6] error: UpdateSpawning failed to get current track position.

android[6] error: CalculateRequiredBraking: Could not find track position

android[6] error: CalculateRequiredBraking: Could not find track position

android[6] error: CalculateRequiredBraking: Could not find track position

android[6] error: CalculateRequiredBraking: Could not find track position

android[6] error: CalculateRequiredBraking: Could not find track position

G4-JNI GetEnv version=0x00010002
android[6] error: UpdateSpawning failed to get current track position.

android[6] error: UpdateSpawning failed to get current track position.

G4-JNI GetEnv version=0x00010002
android[6] error: UpdateSpawning failed to get current track position.

android[6] error: UpdateSpawning failed to get current track position.

android[6] error: CalculateRequiredBraking: Could not find track position

android[6] error: CalculateRequiredBraking: Could not find track position

android[6] error: CalculateRequiredBraking: Could not find track position

android[6] error: CalculateRequiredBraking: Could not find track position

android[6] error: CalculateRequiredBraking: Could not find track position

G4-JNI GetEnv version=0x00010002
android[6] error: UpdateSpawning failed to get current track position.

android[6] error: UpdateSpawning failed to get current track position.

G4-JNI GetEnv version=0x00010002
android[6] error: UpdateSpawning failed to get current track position.

android[6] error: UpdateSpawning failed to get current track position.

android[6] error: CalculateRequiredBraking: Could not find track position

android[6] error: CalculateRequiredBraking: Could not find track position

android[6] error: CalculateRequiredBraking: Could not find track position

android[6] error: CalculateRequiredBraking: Could not find track position

android[6] error: CalculateRequiredBraking: Could not find track position

G4-JNI GetEnv version=0x00010002
android[6] error: UpdateSpawning failed to get current track position.

android[6] error: UpdateSpawning failed to get current track position.

G4-JNI GetEnv version=0x00010002
android[6] error: UpdateSpawning failed to get current track position.

android[6] error: UpdateSpawning failed to get current track position.

G4-JNI GetEnv version=0x00010002
android[6] error: UpdateSpawning failed to get current track position.

android[6] error: UpdateSpawning failed to get current track position.

android[6] error: CalculateRequiredBraking: Could not find track position

android[6] error: CalculateRequiredBraking: Could not find track position

android[6] error: CalculateRequiredBraking: Could not find track position

android[6] error: CalculateRequiredBraking: Could not find track position

android[6] error: CalculateRequiredBraking: Could not find track position

G4-JNI GetEnv version=0x00010002
android[6] error: UpdateSpawning failed to get current track position.

android[6] error: UpdateSpawning failed to get current track position.

G4-JNI GetEnv version=0x00010002
G6-RAW buttons=0x00002000
android[2] trace: MoGaConTrOlLeR :: ....................(KK) MogaController :: Inside nativeOnKeyEvent 

android[2] trace: ....................(KK) MogaController :: Inside nativeOnKeyEvent 108

android[2] trace: MoGaConTrOlLeR :: ....................(KK) Key Event Key Start TTTT .....................

android[2] trace: MoGaConTrOlLeR :: ....................(KK) Key Event Key Down .....................

android[2] trace: MoGaConTrOlLeR :: ....................(KK) Listener Key Press .....................

android[2] trace: MoGaConTrOlLeR :: ....................(KK) AndroidKeyCode :: MogaKeyCode (Start of func) .....................

android[2] trace: MoGaConTrOlLeR :: ....................(KK) AndroidKeyCode :: MogaKeyCode Key Press Start(KeyB) .....................

android[2] trace: MoGaConTrOlLeR :: (KK) MogaController :: Inside nativeOnKeyEvent ....................

G6-MOGA key frame=3841 code=108 state=down
G6-TOUCH cursor=on frame=3841 position=320,240
android[5] layouts/warning: LayoutEntity not in cache, reloading: paused

android[5] layouts/warning: LayoutEntity not in cache, reloading: paused_options_bg

android[5] layouts/warning: LayoutEntity not in cache, reloading: btn_pause_large1

android[5] layouts/warning: LayoutEntity not in cache, reloading: btn_pause_idle

android[5] layouts/warning: LayoutEntity not in cache, reloading: btn_pause_active

android[5] layouts/warning: LayoutEntity not in cache, reloading: btn_musicskip

android[2] trace: LayoutScreen::LayoutScreen OptionsSettingsScreen != 0

android[5] layouts/warning: SetAnimation: Animation fade not found in node /[NoID]/[NoID]

G4-JNI GetEnv version=0x00010002
android[2] trace: ShowMogaHighlight start

android[2] trace: ShowMogaHighlight 1

android[2] trace: ShowMogaHighlight end

G4-JNI GetEnv version=0x00010002
G4-JNI GetEnv version=0x00010002
G4-JNI GetEnv version=0x00010002
G4-JNI GetEnv version=0x00010002
G4-JNI GetEnv version=0x00010002
G4-JNI GetEnv version=0x00010002
G4-JNI GetEnv version=0x00010002
G4-JNI GetEnv version=0x00010002
G4-JNI GetEnv version=0x00010002
G4-JNI GetEnv version=0x00010002
G4-JNI GetEnv version=0x00010002
G4-JNI GetEnv version=0x00010002
G4-JNI GetEnv version=0x00010002
G4-JNI GetEnv version=0x00010002
G4-JNI GetEnv version=0x00010002
G4-JNI GetEnv version=0x00010002
G4-JNI GetEnv version=0x00010002
G4-JNI GetEnv version=0x00010002
G4-JNI GetEnv version=0x00010002
G4-JNI GetEnv version=0x00010002
G4-JNI GetEnv version=0x00010002
G4-JNI GetEnv version=0x00010002
G4-JNI GetEnv version=0x00010002
G4-JNI GetEnv version=0x00010002
G4-JNI GetEnv version=0x00010002
G4-JNI GetEnv version=0x00010002
G4-JNI GetEnv version=0x00010002
G4-JNI GetEnv version=0x00010002
G4-JNI GetEnv version=0x00010002
G4-JNI GetEnv version=0x00010002
G4-JNI GetEnv version=0x00010002
G4-JNI GetEnv version=0x00010002
G4-JNI GetEnv version=0x00010002
G4-JNI GetEnv version=0x00010002
G4-JNI GetEnv version=0x00010002
G4-JNI GetEnv version=0x00010002
G4-JNI GetEnv version=0x00010002
G4-JNI GetEnv version=0x00010002
G4-JNI GetEnv version=0x00010002
G4-JNI GetEnv version=0x00010002
G4-JNI GetEnv version=0x00010002
G4-JNI GetEnv version=0x00010002
G4-JNI GetEnv version=0x00010002
G4-JNI GetEnv version=0x00010002
G4-JNI GetEnv version=0x00010002
G4-JNI GetEnv version=0x00010002
G4-JNI GetEnv version=0x00010002
G4-JNI GetEnv version=0x00010002
G4-JNI GetEnv version=0x00010002
G4-JNI GetEnv version=0x00010002
G6-RAW buttons=0x00000000
android[2] trace: MoGaConTrOlLeR :: ....................(KK) MogaController :: Inside nativeOnKeyEvent 

android[2] trace: ....................(KK) MogaController :: Inside nativeOnKeyEvent 108

android[2] trace: MoGaConTrOlLeR :: ....................(KK) Key Event Key Start TTTT .....................

android[2] trace: MoGaConTrOlLeR :: ....................(KK) Key Event Key up .....................

android[2] trace: MoGaConTrOlLeR :: ....................(KK) Listener Key Release .....................

android[2] trace: MoGaConTrOlLeR :: ....................(KK) AndroidKeyCode :: MogaKeyCode (Start of func) .....................

android[2] trace: MoGaConTrOlLeR :: ....................(KK) AndroidKeyCode :: MogaKeyCode Key Press Start(KeyB) .....................

android[2] trace: MoGaConTrOlLeR :: (KK) MogaController :: Inside nativeOnKeyEvent ....................

G6-MOGA key frame=3852 code=108 state=up
G4-JNI GetEnv version=0x00010002
G4-JNI GetEnv version=0x00010002
G4-JNI GetEnv version=0x00010002
G4-JNI GetEnv version=0x00010002
G4-JNI GetEnv version=0x00010002
G4-JNI GetEnv version=0x00010002
G4-JNI GetEnv version=0x00010002
G4-JNI GetEnv version=0x00010002
G4-JNI GetEnv version=0x00010002
G4-JNI GetEnv version=0x00010002
G4-JNI GetEnv version=0x00010002
G4-JNI GetEnv version=0x00010002
G4-JNI GetEnv version=0x00010002
G4-JNI GetEnv version=0x00010002
G4-JNI GetEnv version=0x00010002
G4-JNI GetEnv version=0x00010002
G4-JNI GetEnv version=0x00010002
G4-JNI GetEnv version=0x00010002
G4-JNI GetEnv version=0x00010002
G4-JNI GetEnv version=0x00010002
G4-JNI GetEnv version=0x00010002
G4-JNI GetEnv version=0x00010002
G4-JNI GetEnv version=0x00010002
G4-JNI GetEnv version=0x00010002
G4-JNI GetEnv version=0x00010002
G4-JNI GetEnv version=0x00010002
G4-JNI GetEnv version=0x00010002
G4-JNI GetEnv version=0x00010002
G4-JNI GetEnv version=0x00010002
G4-JNI GetEnv version=0x00010002
G4-JNI GetEnv version=0x00010002
G4-JNI GetEnv version=0x00010002
G4-JNI GetEnv version=0x00010002
G4-JNI GetEnv version=0x00010002
G4-JNI GetEnv version=0x00010002
G4-JNI GetEnv version=0x00010002
G4-JNI GetEnv version=0x00010002
G4-JNI GetEnv version=0x00010002
G4-JNI GetEnv version=0x00010002
G4-JNI GetEnv version=0x00010002
G4-JNI GetEnv version=0x00010002
G4-JNI GetEnv version=0x00010002
G4-JNI GetEnv version=0x00010002
G4-JNI GetEnv version=0x00010002
G4-JNI GetEnv version=0x00010002
G4-JNI GetEnv version=0x00010002
G4-JNI GetEnv version=0x00010002
G4-JNI GetEnv version=0x00010002
G7-FRAME enter=3900
G4-JNI GetEnv version=0x00010002
G5-GL STATE frame=3900 framebuffer=0 status=0x8cd5 errors=0
G7-FRAME leave=3900
G4-JNI GetEnv version=0x00010002
G4-JNI GetEnv version=0x00010002
G4-JNI GetEnv version=0x00010002
G4-JNI GetEnv version=0x00010002
G4-JNI GetEnv version=0x00010002
G4-JNI GetEnv version=0x00010002
G4-JNI GetEnv version=0x00010002
G4-JNI GetEnv version=0x00010002
G4-JNI GetEnv version=0x00010002
G4-JNI GetEnv version=0x00010002
G4-JNI GetEnv version=0x00010002
G4-JNI GetEnv version=0x00010002
G4-JNI GetEnv version=0x00010002
G4-JNI GetEnv version=0x00010002
G4-JNI GetEnv version=0x00010002
G4-JNI GetEnv version=0x00010002
G4-JNI GetEnv version=0x00010002
G4-JNI GetEnv version=0x00010002
G4-JNI GetEnv version=0x00010002
G4-JNI GetEnv version=0x00010002
G4-JNI GetEnv version=0x00010002
G4-JNI GetEnv version=0x00010002
G4-JNI GetEnv version=0x00010002
G4-JNI GetEnv version=0x00010002
G4-JNI GetEnv version=0x00010002
G4-JNI GetEnv version=0x00010002
G4-JNI GetEnv version=0x00010002
G4-JNI GetEnv version=0x00010002
G4-JNI GetEnv version=0x00010002
G4-JNI GetEnv version=0x00010002
G4-JNI GetEnv version=0x00010002
G4-JNI GetEnv version=0x00010002
G4-JNI GetEnv version=0x00010002
G4-JNI GetEnv version=0x00010002
G4-JNI GetEnv version=0x00010002
G4-JNI GetEnv version=0x00010002
G4-JNI GetEnv version=0x00010002
G4-JNI GetEnv version=0x00010002
G4-JNI GetEnv version=0x00010002
G4-JNI GetEnv version=0x00010002
G4-JNI GetEnv version=0x00010002
G4-JNI GetEnv version=0x00010002
G4-JNI GetEnv version=0x00010002
G4-JNI GetEnv version=0x00010002
G4-JNI GetEnv version=0x00010002
G4-JNI GetEnv version=0x00010002
G4-JNI GetEnv version=0x00010002
G4-JNI GetEnv version=0x00010002
G4-JNI GetEnv version=0x00010002
G4-JNI GetEnv version=0x00010002
G4-JNI GetEnv version=0x00010002
G4-JNI GetEnv version=0x00010002
G4-JNI GetEnv version=0x00010002
G4-JNI GetEnv version=0x00010002
G4-JNI GetEnv version=0x00010002
G4-JNI GetEnv version=0x00010002
G4-JNI GetEnv version=0x00010002
G4-JNI GetEnv version=0x00010002
G4-JNI GetEnv version=0x00010002
G4-JNI GetEnv version=0x00010002
G4-JNI GetEnv version=0x00010002
G4-JNI GetEnv version=0x00010002
G4-JNI GetEnv version=0x00010002
G4-JNI GetEnv version=0x00010002
G4-JNI GetEnv version=0x00010002
G4-JNI GetEnv version=0x00010002
G4-JNI GetEnv version=0x00010002
G4-JNI GetEnv version=0x00010002
G4-JNI GetEnv version=0x00010002
G4-JNI GetEnv version=0x00010002
G4-JNI GetEnv version=0x00010002
G4-JNI GetEnv version=0x00010002
G4-JNI GetEnv version=0x00010002
G4-JNI GetEnv version=0x00010002
G4-JNI GetEnv version=0x00010002
G4-JNI GetEnv version=0x00010002
G4-JNI GetEnv version=0x00010002
G4-JNI GetEnv version=0x00010002
G4-JNI GetEnv version=0x00010002
G4-JNI GetEnv version=0x00010002
G4-JNI GetEnv version=0x00010002
G4-JNI GetEnv version=0x00010002
G4-JNI GetEnv version=0x00010002
G4-JNI GetEnv version=0x00010002
G4-JNI GetEnv version=0x00010002
G4-JNI GetEnv version=0x00010002
G4-JNI GetEnv version=0x00010002
G4-JNI GetEnv version=0x00010002
G4-JNI GetEnv version=0x00010002
G4-JNI GetEnv version=0x00010002
G4-JNI GetEnv version=0x00010002
G4-JNI GetEnv version=0x00010002
G4-JNI GetEnv version=0x00010002
G4-JNI GetEnv version=0x00010002
G4-JNI GetEnv version=0x00010002
G4-JNI GetEnv version=0x00010002
G4-JNI GetEnv version=0x00010002
G4-JNI GetEnv version=0x00010002
G4-JNI GetEnv version=0x00010002
G4-JNI GetEnv version=0x00010002
G6-RAW buttons=0x00003000
android[2] trace: MoGaConTrOlLeR :: ....................(KK) MogaController :: Inside nativeOnKeyEvent 

android[2] trace: ....................(KK) MogaController :: Inside nativeOnKeyEvent 109

android[2] trace: MoGaConTrOlLeR :: ....................(KK) Key Event Key Select TTTT .....................

android[2] trace: MoGaConTrOlLeR :: ....................(KK) Key Event Key Down .....................

android[2] trace: MoGaConTrOlLeR :: ....................(KK) Listener Key Press .....................

android[2] trace: MoGaConTrOlLeR :: ....................(KK) AndroidKeyCode :: MogaKeyCode (Start of func) .....................

android[2] trace: MoGaConTrOlLeR :: ....................(KK) AndroidKeyCode :: MogaKeyCode Key Press Select .....................

android[2] trace: MoGaConTrOlLeR :: (KK) MogaController :: Inside nativeOnKeyEvent ....................

G6-MOGA key frame=4001 code=109 state=down
android[2] trace: MoGaConTrOlLeR :: ....................(KK) MogaController :: Inside nativeOnKeyEvent 

android[2] trace: ....................(KK) MogaController :: Inside nativeOnKeyEvent 108

android[2] trace: MoGaConTrOlLeR :: ....................(KK) Key Event Key Start TTTT .....................

android[2] trace: MoGaConTrOlLeR :: ....................(KK) Key Event Key Down .....................

android[2] trace: MoGaConTrOlLeR :: ....................(KK) Listener Key Press .....................

android[2] trace: MoGaConTrOlLeR :: ....................(KK) AndroidKeyCode :: MogaKeyCode (Start of func) .....................

android[2] trace: MoGaConTrOlLeR :: ....................(KK) AndroidKeyCode :: MogaKeyCode Key Press Start(KeyB) .....................

android[2] trace: MoGaConTrOlLeR :: (KK) MogaController :: Inside nativeOnKeyEvent ....................

G6-MOGA key frame=4001 code=108 state=down
G6-TOUCH cursor=off frame=4001 position=320,240
G4-JNI GetEnv version=0x00010002
G6-INPUT exit chord received frame=4001
G7-LOOP PASS frames=4002 elapsed_ms=73315 fps=54.59
G7-LOOP PASS teardown=process-exit (guest destroy skipped)
G7 PROCESS EXIT PASS guest teardown deferred
exit_code=0
/opt/system/Tools/PortMaster/funcs.txt: line 136:  3015 Killed                  $ESUDO pkill -9 -f gptokeyb
/opt/system/Tools/PortMaster/funcs.txt: line 136:  3025 Killed                  $ESUDO pkill -9 -f gptokeyb2
