=== NFS Most Wanted R36S consolidated gameplay test ===
Thu Sep  4 09:25:20 PM IST 2025
Linux darkosre-r36 4.4.189 #62 SMP Sat Dec 13 08:49:45 CST 2025 aarch64 GNU/Linux
CFW_NAME=dArkOSRE
DEVICE_ARCH=aarch64
DEVICE_HAS_ARMHF=Y
mapper=/roms/ports/nfsmw-maptest/nfsmw_mapper: ELF 32-bit LSB pie executable, ARM, EABI5 version 1 (SYSV), dynamically linked, interpreter /lib/ld-linux-armhf.so.3, BuildID[sha1]=9cbca24f2a617867fe5e32a27d57c5785b443937, with debug_info, not stripped
GL: forcing the Mali blob from /usr/lib/arm-linux-gnueabihf/libmali-bifrost-g31-rxp0-gbm.so
=== G2 MAP REGRESSION ===
mapping[0]=/roms/ports/nfsmw-maptest/android-libs/libc++_shared.so
module=/roms/ports/nfsmw-maptest/android-libs/libc++_shared.so soname=libc++_shared.so mapped=581632 bytes bias=0xf6d36000
  needed=libc.so
  needed=libdl.so
  rel=3122 plt_rel=1087 relative_fastpath=1168
mapping[1]=/roms/ports/nfsmw-maptest/android-libs/libfmodex.so
module=/roms/ports/nfsmw-maptest/android-libs/libfmodex.so soname=libfmodex.so mapped=1097728 bytes bias=0xf6b5c000
  needed=libc.so
  needed=libstdc++.so
  needed=libm.so
  needed=libdl.so
  needed=liblog.so
  rel=1184 plt_rel=462 relative_fastpath=1178
mapping[2]=/roms/ports/nfsmw-maptest/android-libs/libfmodevent.so
module=/roms/ports/nfsmw-maptest/android-libs/libfmodevent.so soname=libfmodevent.so mapped=356352 bytes bias=0xf6cdf000
  needed=libc.so
  needed=libstdc++.so
  needed=libm.so
  needed=libdl.so
  needed=liblog.so
  needed=libfmodex.so
  rel=932 plt_rel=269 relative_fastpath=754
mapping[3]=/roms/ports/nfsmw-maptest/android-libs/libNimble.so
module=/roms/ports/nfsmw-maptest/android-libs/libNimble.so soname=libNimble.so mapped=20480 bytes bias=0xf7082000
  needed=libstdc++.so
  needed=libm.so
  needed=libdl.so
  needed=libc.so
  rel=8 plt_rel=30 relative_fastpath=3
mapping[4]=/roms/ports/nfsmw-maptest/android-libs/libapp.so
module=/roms/ports/nfsmw-maptest/android-libs/libapp.so soname=libapp.so mapped=11624448 bytes bias=0xf5573000
  needed=libc++_shared.so
  needed=libfmodex.so
  needed=libfmodevent.so
  needed=libGLESv2.so
  needed=libEGL.so
  needed=liblog.so
  needed=libjnigraphics.so
  needed=libNimble.so
  needed=libc.so
  needed=libm.so
  needed=libdl.so
  rel=48533 plt_rel=515 relative_fastpath=45699
G2 PASS: mapped 5 ARM32 modules without guest execution
=== G3 PROVIDER CENSUS (NO GUEST EXECUTION) ===
Target host libraries opened (8): libc.so.6 libm.so.6 libdl.so.2 libpthread.so.0 libEGL.so.1 libEGL.so libGLESv2.so.2 libGLESv2.so
Provider census: imports=982 guest=254 softfp=61 compat=195 host-candidate=471 unbridged=0 missing=1 weak=0
Unbridged Bionic/Android APIs (0 unique):
No target provider found (1 unique):
  __dso_handle
G3-CENSUS PASS: target provider data captured; full relocation remains gated on ABI bridges
=== G5/G6/G8 HOST PREFLIGHTS ===
G5-HOST GLES vendor=ARM renderer=Mali-G31 version=OpenGL ES 3.2 v1.r13p0-01rel0.8747d14aec16ec21ac2b2da252c4ec5f drawable=640x480
G5-HOST PASS SDL=KMSDRM GLES2 frames=3
G6-HOST PASS controller=GO-Super Gamepad joysticks=1
G8-HOST PASS driver=alsa format=44100Hz/2ch queued=4096 bytes
HOST-PREFLIGHT PASS graphics=1 controller=1 audio=1
=== G3 ARM REL RELOCATION PHASE A ===
G3-REL libc++_shared.so total=4209 relative=1168 abs32=1767 glob=187 jump=1087 unresolved=0 first=none
G3-REL libfmodex.so total=1646 relative=1178 abs32=4 glob=2 jump=462 unresolved=0 first=none
G3-REL libfmodevent.so total=1201 relative=754 abs32=178 glob=0 jump=269 unresolved=0 first=none
G3-REL libNimble.so total=38 relative=3 abs32=0 glob=5 jump=30 unresolved=0 first=none
G3-REL libapp.so total=49048 relative=45699 abs32=2799 glob=35 jump=515 unresolved=0 first=none
G3-REL providers guest=3043 softfp=59 host=454 alias=183 blocked=0 missing=0
G3 FULL RELOCATION PASS processed=56142 unresolved=0; host providers retained
=== G4 BIONIC SIGNAL/JUMP SELFTEST ===
G4-SIGNAL PASS: sigaction, sigprocmask and siglongjmp
=== G4 DEPENDENCY-ORDERED CONSTRUCTORS ===
G4-CTOR enter module=libc++_shared.so kind=DT_INIT_ARRAY index=0 address=0xf6d6d019
G4-CTOR leave module=libc++_shared.so kind=DT_INIT_ARRAY index=0
G4-CTOR enter module=libfmodex.so kind=DT_INIT_ARRAY index=0 address=0xf6b8390c
G4-CTOR leave module=libfmodex.so kind=DT_INIT_ARRAY index=0
G4-CTOR enter module=libfmodex.so kind=DT_INIT_ARRAY index=1 address=0xf6b84fec
G4-CTOR leave module=libfmodex.so kind=DT_INIT_ARRAY index=1
G4-CTOR enter module=libfmodex.so kind=DT_INIT_ARRAY index=2 address=0xf6ba0e34
G4-CTOR leave module=libfmodex.so kind=DT_INIT_ARRAY index=2
G4-CTOR enter module=libfmodex.so kind=DT_INIT_ARRAY index=3 address=0xf6ba4108
G4-CTOR leave module=libfmodex.so kind=DT_INIT_ARRAY index=3
G4-CTOR enter module=libfmodex.so kind=DT_INIT_ARRAY index=4 address=0xf6ba5014
G4-CTOR leave module=libfmodex.so kind=DT_INIT_ARRAY index=4
G4-CTOR enter module=libfmodex.so kind=DT_INIT_ARRAY index=5 address=0xf6ba65a4
G4-CTOR leave module=libfmodex.so kind=DT_INIT_ARRAY index=5
G4-CTOR enter module=libfmodex.so kind=DT_INIT_ARRAY index=6 address=0xf6ba7078
G4-CTOR leave module=libfmodex.so kind=DT_INIT_ARRAY index=6
G4-CTOR enter module=libfmodex.so kind=DT_INIT_ARRAY index=7 address=0xf6bab78c
G4-CTOR leave module=libfmodex.so kind=DT_INIT_ARRAY index=7
G4-CTOR enter module=libfmodex.so kind=DT_INIT_ARRAY index=8 address=0xf6bb2cfc
G4-CTOR leave module=libfmodex.so kind=DT_INIT_ARRAY index=8
G4-CTOR enter module=libfmodex.so kind=DT_INIT_ARRAY index=9 address=0xf6bb6a3c
G4-CTOR leave module=libfmodex.so kind=DT_INIT_ARRAY index=9
G4-CTOR enter module=libfmodex.so kind=DT_INIT_ARRAY index=10 address=0xf6bb93d4
G4-CTOR leave module=libfmodex.so kind=DT_INIT_ARRAY index=10
G4-CTOR enter module=libfmodex.so kind=DT_INIT_ARRAY index=11 address=0xf6bc2910
G4-CTOR leave module=libfmodex.so kind=DT_INIT_ARRAY index=11
G4-CTOR enter module=libfmodex.so kind=DT_INIT_ARRAY index=12 address=0xf6bc35ac
G4-CTOR leave module=libfmodex.so kind=DT_INIT_ARRAY index=12
G4-CTOR enter module=libfmodex.so kind=DT_INIT_ARRAY index=13 address=0xf6bc4cb8
G4-CTOR leave module=libfmodex.so kind=DT_INIT_ARRAY index=13
G4-CTOR enter module=libfmodex.so kind=DT_INIT_ARRAY index=14 address=0xf6bc5514
G4-CTOR leave module=libfmodex.so kind=DT_INIT_ARRAY index=14
G4-CTOR enter module=libfmodex.so kind=DT_INIT_ARRAY index=15 address=0xf6bc86d4
G4-CTOR leave module=libfmodex.so kind=DT_INIT_ARRAY index=15
G4-CTOR enter module=libfmodex.so kind=DT_INIT_ARRAY index=16 address=0xf6bc9528
G4-CTOR leave module=libfmodex.so kind=DT_INIT_ARRAY index=16
G4-CTOR enter module=libfmodex.so kind=DT_INIT_ARRAY index=17 address=0xf6bc98d8
G4-CTOR leave module=libfmodex.so kind=DT_INIT_ARRAY index=17
G4-CTOR enter module=libfmodex.so kind=DT_INIT_ARRAY index=18 address=0xf6bcc2bc
G4-CTOR leave module=libfmodex.so kind=DT_INIT_ARRAY index=18
G4-CTOR enter module=libfmodex.so kind=DT_INIT_ARRAY index=19 address=0xf6bcfe14
G4-CTOR leave module=libfmodex.so kind=DT_INIT_ARRAY index=19
G4-CTOR enter module=libfmodex.so kind=DT_INIT_ARRAY index=20 address=0xf6bd0c5c
G4-CTOR leave module=libfmodex.so kind=DT_INIT_ARRAY index=20
G4-CTOR enter module=libfmodex.so kind=DT_INIT_ARRAY index=21 address=0xf6bd1c24
G4-CTOR leave module=libfmodex.so kind=DT_INIT_ARRAY index=21
G4-CTOR enter module=libfmodex.so kind=DT_INIT_ARRAY index=22 address=0xf6bd47d8
G4-CTOR leave module=libfmodex.so kind=DT_INIT_ARRAY index=22
G4-CTOR enter module=libfmodex.so kind=DT_INIT_ARRAY index=23 address=0xf6bd5870
G4-CTOR leave module=libfmodex.so kind=DT_INIT_ARRAY index=23
G4-CTOR enter module=libfmodex.so kind=DT_INIT_ARRAY index=24 address=0xf6bd6108
G4-CTOR leave module=libfmodex.so kind=DT_INIT_ARRAY index=24
G4-CTOR enter module=libfmodex.so kind=DT_INIT_ARRAY index=25 address=0xf6bd86e8
G4-CTOR leave module=libfmodex.so kind=DT_INIT_ARRAY index=25
G4-CTOR enter module=libfmodex.so kind=DT_INIT_ARRAY index=26 address=0xf6bd9bc0
G4-CTOR leave module=libfmodex.so kind=DT_INIT_ARRAY index=26
G4-CTOR enter module=libfmodex.so kind=DT_INIT_ARRAY index=27 address=0xf6bda330
G4-CTOR leave module=libfmodex.so kind=DT_INIT_ARRAY index=27
G4-CTOR enter module=libfmodex.so kind=DT_INIT_ARRAY index=28 address=0xf6bdadb8
G4-CTOR leave module=libfmodex.so kind=DT_INIT_ARRAY index=28
G4-CTOR enter module=libfmodex.so kind=DT_INIT_ARRAY index=29 address=0xf6bdb8bc
G4-CTOR leave module=libfmodex.so kind=DT_INIT_ARRAY index=29
G4-CTOR enter module=libfmodex.so kind=DT_INIT_ARRAY index=30 address=0xf6bdd5ec
G4-CTOR leave module=libfmodex.so kind=DT_INIT_ARRAY index=30
G4-CTOR enter module=libfmodex.so kind=DT_INIT_ARRAY index=31 address=0xf6bddff0
G4-CTOR leave module=libfmodex.so kind=DT_INIT_ARRAY index=31
G4-CTOR enter module=libfmodex.so kind=DT_INIT_ARRAY index=32 address=0xf6bdeeb4
G4-CTOR leave module=libfmodex.so kind=DT_INIT_ARRAY index=32
G4-CTOR enter module=libfmodex.so kind=DT_INIT_ARRAY index=33 address=0xf6bdf2bc
G4-CTOR leave module=libfmodex.so kind=DT_INIT_ARRAY index=33
G4-CTOR enter module=libfmodex.so kind=DT_INIT_ARRAY index=34 address=0xf6bdf830
G4-CTOR leave module=libfmodex.so kind=DT_INIT_ARRAY index=34
G4-CTOR enter module=libfmodex.so kind=DT_INIT_ARRAY index=35 address=0xf6be2124
G4-CTOR leave module=libfmodex.so kind=DT_INIT_ARRAY index=35
G4-CTOR enter module=libfmodex.so kind=DT_INIT_ARRAY index=36 address=0xf6beacfc
G4-CTOR leave module=libfmodex.so kind=DT_INIT_ARRAY index=36
G4-CTOR enter module=libfmodex.so kind=DT_INIT_ARRAY index=37 address=0xf6bed288
G4-CTOR leave module=libfmodex.so kind=DT_INIT_ARRAY index=37
G4-CTOR enter module=libfmodex.so kind=DT_INIT_ARRAY index=38 address=0xf6c01878
G4-CTOR leave module=libfmodex.so kind=DT_INIT_ARRAY index=38
G4-CTOR enter module=libfmodex.so kind=DT_INIT_ARRAY index=39 address=0xf6c01c6c
G4-CTOR leave module=libfmodex.so kind=DT_INIT_ARRAY index=39
G4-CTOR enter module=libfmodex.so kind=DT_INIT_ARRAY index=40 address=0xf6c0307c
G4-CTOR leave module=libfmodex.so kind=DT_INIT_ARRAY index=40
G4-CTOR enter module=libfmodex.so kind=DT_INIT_ARRAY index=41 address=0xf6c038f0
G4-CTOR leave module=libfmodex.so kind=DT_INIT_ARRAY index=41
G4-CTOR enter module=libfmodevent.so kind=DT_INIT_ARRAY index=0 address=0xf6d2a740
G4-CTOR leave module=libfmodevent.so kind=DT_INIT_ARRAY index=0
G4-CTOR enter module=libapp.so kind=DT_INIT_ARRAY index=0 address=0xf55e7098
G4-CTOR leave module=libapp.so kind=DT_INIT_ARRAY index=0
G4-CTOR enter module=libapp.so kind=DT_INIT_ARRAY index=1 address=0xf55e6148
G4-CTOR leave module=libapp.so kind=DT_INIT_ARRAY index=1
G4-CTOR enter module=libapp.so kind=DT_INIT_ARRAY index=2 address=0xf55db44c
G4-CTOR leave module=libapp.so kind=DT_INIT_ARRAY index=2
G4-CTOR enter module=libapp.so kind=DT_INIT_ARRAY index=3 address=0xf55db508
G4-CTOR leave module=libapp.so kind=DT_INIT_ARRAY index=3
G4-CTOR enter module=libapp.so kind=DT_INIT_ARRAY index=4 address=0xf55db5f0
G4-CTOR leave module=libapp.so kind=DT_INIT_ARRAY index=4
G4-CTOR enter module=libapp.so kind=DT_INIT_ARRAY index=5 address=0xf55db6d8
G4-CTOR leave module=libapp.so kind=DT_INIT_ARRAY index=5
G4-CTOR enter module=libapp.so kind=DT_INIT_ARRAY index=6 address=0xf55db7c0
G4-CTOR leave module=libapp.so kind=DT_INIT_ARRAY index=6
G4-CTOR enter module=libapp.so kind=DT_INIT_ARRAY index=7 address=0xf55db8a8
G4-CTOR leave module=libapp.so kind=DT_INIT_ARRAY index=7
G4-CTOR enter module=libapp.so kind=DT_INIT_ARRAY index=8 address=0xf55db968
G4-CTOR leave module=libapp.so kind=DT_INIT_ARRAY index=8
G4-CTOR enter module=libapp.so kind=DT_INIT_ARRAY index=9 address=0xf55dbac8
G4-CTOR leave module=libapp.so kind=DT_INIT_ARRAY index=9
G4-CTOR enter module=libapp.so kind=DT_INIT_ARRAY index=10 address=0xf55dbb4c
G4-CTOR leave module=libapp.so kind=DT_INIT_ARRAY index=10
G4-CTOR enter module=libapp.so kind=DT_INIT_ARRAY index=11 address=0xf55dbbe0
G4-CTOR leave module=libapp.so kind=DT_INIT_ARRAY index=11
G4-CTOR enter module=libapp.so kind=DT_INIT_ARRAY index=12 address=0xf55dbbfc
G4-CTOR leave module=libapp.so kind=DT_INIT_ARRAY index=12
G4-CTOR enter module=libapp.so kind=DT_INIT_ARRAY index=13 address=0xf55dbcf0
G4-CTOR leave module=libapp.so kind=DT_INIT_ARRAY index=13
G4-CTOR enter module=libapp.so kind=DT_INIT_ARRAY index=14 address=0xf55dbd7c
G4-CTOR leave module=libapp.so kind=DT_INIT_ARRAY index=14
G4-CTOR enter module=libapp.so kind=DT_INIT_ARRAY index=15 address=0xf55dbe18
G4-CTOR leave module=libapp.so kind=DT_INIT_ARRAY index=15
G4-CTOR enter module=libapp.so kind=DT_INIT_ARRAY index=16 address=0xf55dbf00
G4-CTOR leave module=libapp.so kind=DT_INIT_ARRAY index=16
G4-CTOR enter module=libapp.so kind=DT_INIT_ARRAY index=17 address=0xf55dbf38
G4-CTOR leave module=libapp.so kind=DT_INIT_ARRAY index=17
G4-CTOR enter module=libapp.so kind=DT_INIT_ARRAY index=18 address=0xf55dc020
G4-CTOR leave module=libapp.so kind=DT_INIT_ARRAY index=18
G4-CTOR enter module=libapp.so kind=DT_INIT_ARRAY index=19 address=0xf55dc114
G4-CTOR leave module=libapp.so kind=DT_INIT_ARRAY index=19
G4-CTOR enter module=libapp.so kind=DT_INIT_ARRAY index=20 address=0xf55dc4c8
G4-CTOR leave module=libapp.so kind=DT_INIT_ARRAY index=20
G4-CTOR enter module=libapp.so kind=DT_INIT_ARRAY index=21 address=0xf55dc5c4
G4-CTOR leave module=libapp.so kind=DT_INIT_ARRAY index=21
G4-CTOR enter module=libapp.so kind=DT_INIT_ARRAY index=22 address=0xf55dc5fc
G4-CTOR leave module=libapp.so kind=DT_INIT_ARRAY index=22
G4-CTOR enter module=libapp.so kind=DT_INIT_ARRAY index=23 address=0xf55dc7ac
G4-CTOR leave module=libapp.so kind=DT_INIT_ARRAY index=23
G4-CTOR enter module=libapp.so kind=DT_INIT_ARRAY index=24 address=0xf55dc828
G4-CTOR leave module=libapp.so kind=DT_INIT_ARRAY index=24
G4-CTOR enter module=libapp.so kind=DT_INIT_ARRAY index=25 address=0xf55dc88c
G4-CTOR leave module=libapp.so kind=DT_INIT_ARRAY index=25
G4-CTOR enter module=libapp.so kind=DT_INIT_ARRAY index=26 address=0xf55dc8a8
G4-CTOR leave module=libapp.so kind=DT_INIT_ARRAY index=26
G4-CTOR enter module=libapp.so kind=DT_INIT_ARRAY index=27 address=0xf55dc9a8
G4-CTOR leave module=libapp.so kind=DT_INIT_ARRAY index=27
G4-CTOR enter module=libapp.so kind=DT_INIT_ARRAY index=28 address=0xf55dc9c4
G4-CTOR leave module=libapp.so kind=DT_INIT_ARRAY index=28
G4-CTOR enter module=libapp.so kind=DT_INIT_ARRAY index=29 address=0xf55dca94
G4-CTOR leave module=libapp.so kind=DT_INIT_ARRAY index=29
G4-CTOR enter module=libapp.so kind=DT_INIT_ARRAY index=30 address=0xf55dcab0
G4-CTOR leave module=libapp.so kind=DT_INIT_ARRAY index=30
G4-CTOR enter module=libapp.so kind=DT_INIT_ARRAY index=31 address=0xf55dcacc
G4-CTOR leave module=libapp.so kind=DT_INIT_ARRAY index=31
G4-CTOR enter module=libapp.so kind=DT_INIT_ARRAY index=32 address=0xf55dcb2c
G4-CTOR leave module=libapp.so kind=DT_INIT_ARRAY index=32
G4-CTOR enter module=libapp.so kind=DT_INIT_ARRAY index=33 address=0xf55dcc78
G4-CTOR leave module=libapp.so kind=DT_INIT_ARRAY index=33
G4-CTOR enter module=libapp.so kind=DT_INIT_ARRAY index=34 address=0xf55dcedc
G4-CTOR leave module=libapp.so kind=DT_INIT_ARRAY index=34
G4-CTOR enter module=libapp.so kind=DT_INIT_ARRAY index=35 address=0xf55dd140
G4-CTOR leave module=libapp.so kind=DT_INIT_ARRAY index=35
G4-CTOR enter module=libapp.so kind=DT_INIT_ARRAY index=36 address=0xf55dd3a4
G4-CTOR leave module=libapp.so kind=DT_INIT_ARRAY index=36
G4-CTOR enter module=libapp.so kind=DT_INIT_ARRAY index=37 address=0xf55dd658
G4-CTOR leave module=libapp.so kind=DT_INIT_ARRAY index=37
G4-CTOR enter module=libapp.so kind=DT_INIT_ARRAY index=38 address=0xf55ddbbc
G4-CTOR leave module=libapp.so kind=DT_INIT_ARRAY index=38
G4-CTOR enter module=libapp.so kind=DT_INIT_ARRAY index=39 address=0xf55ddc48
G4-CTOR leave module=libapp.so kind=DT_INIT_ARRAY index=39
G4-CTOR enter module=libapp.so kind=DT_INIT_ARRAY index=40 address=0xf55ddc78
G4-CTOR leave module=libapp.so kind=DT_INIT_ARRAY index=40
G4-CTOR enter module=libapp.so kind=DT_INIT_ARRAY index=41 address=0xf55ddcdc
G4-CTOR leave module=libapp.so kind=DT_INIT_ARRAY index=41
G4-CTOR enter module=libapp.so kind=DT_INIT_ARRAY index=42 address=0xf55ddd68
G4-CTOR leave module=libapp.so kind=DT_INIT_ARRAY index=42
G4-CTOR enter module=libapp.so kind=DT_INIT_ARRAY index=43 address=0xf55ddd84
G4-CTOR leave module=libapp.so kind=DT_INIT_ARRAY index=43
G4-CTOR enter module=libapp.so kind=DT_INIT_ARRAY index=44 address=0xf55dde10
G4-CTOR leave module=libapp.so kind=DT_INIT_ARRAY index=44
G4-CTOR enter module=libapp.so kind=DT_INIT_ARRAY index=45 address=0xf55dde48
G4-CTOR leave module=libapp.so kind=DT_INIT_ARRAY index=45
G4-CTOR enter module=libapp.so kind=DT_INIT_ARRAY index=46 address=0xf55dded4
G4-CTOR leave module=libapp.so kind=DT_INIT_ARRAY index=46
G4-CTOR enter module=libapp.so kind=DT_INIT_ARRAY index=47 address=0xf55ddf60
G4-CTOR leave module=libapp.so kind=DT_INIT_ARRAY index=47
G4-CTOR enter module=libapp.so kind=DT_INIT_ARRAY index=48 address=0xf55de048
G4-CTOR leave module=libapp.so kind=DT_INIT_ARRAY index=48
G4-CTOR enter module=libapp.so kind=DT_INIT_ARRAY index=49 address=0xf55de0b8
G4-CTOR leave module=libapp.so kind=DT_INIT_ARRAY index=49
G4-CTOR enter module=libapp.so kind=DT_INIT_ARRAY index=50 address=0xf55de134
G4-CTOR leave module=libapp.so kind=DT_INIT_ARRAY index=50
G4-CTOR enter module=libapp.so kind=DT_INIT_ARRAY index=51 address=0xf55de450
G4-CTOR leave module=libapp.so kind=DT_INIT_ARRAY index=51
G4-CTOR enter module=libapp.so kind=DT_INIT_ARRAY index=52 address=0xf55de91c
G4-CTOR leave module=libapp.so kind=DT_INIT_ARRAY index=52
G4-CTOR enter module=libapp.so kind=DT_INIT_ARRAY index=53 address=0xf55dea1c
G4-CTOR leave module=libapp.so kind=DT_INIT_ARRAY index=53
G4-CTOR enter module=libapp.so kind=DT_INIT_ARRAY index=54 address=0xf55dec18
G4-CTOR leave module=libapp.so kind=DT_INIT_ARRAY index=54
G4-CTOR enter module=libapp.so kind=DT_INIT_ARRAY index=55 address=0xf55dee34
G4-CTOR leave module=libapp.so kind=DT_INIT_ARRAY index=55
G4-CTOR enter module=libapp.so kind=DT_INIT_ARRAY index=56 address=0xf55defe4
G4-CTOR leave module=libapp.so kind=DT_INIT_ARRAY index=56
G4-CTOR enter module=libapp.so kind=DT_INIT_ARRAY index=57 address=0xf55df148
G4-CTOR leave module=libapp.so kind=DT_INIT_ARRAY index=57
G4-CTOR enter module=libapp.so kind=DT_INIT_ARRAY index=58 address=0xf55df2e8
G4-CTOR leave module=libapp.so kind=DT_INIT_ARRAY index=58
G4-CTOR enter module=libapp.so kind=DT_INIT_ARRAY index=59 address=0xf55df488
G4-CTOR leave module=libapp.so kind=DT_INIT_ARRAY index=59
G4-CTOR enter module=libapp.so kind=DT_INIT_ARRAY index=60 address=0xf55df620
G4-CTOR leave module=libapp.so kind=DT_INIT_ARRAY index=60
G4-CTOR enter module=libapp.so kind=DT_INIT_ARRAY index=61 address=0xf55df7cc
G4-CTOR leave module=libapp.so kind=DT_INIT_ARRAY index=61
G4-CTOR enter module=libapp.so kind=DT_INIT_ARRAY index=62 address=0xf55df91c
G4-CTOR leave module=libapp.so kind=DT_INIT_ARRAY index=62
G4-CTOR enter module=libapp.so kind=DT_INIT_ARRAY index=63 address=0xf55dfa00
G4-CTOR leave module=libapp.so kind=DT_INIT_ARRAY index=63
G4-CTOR enter module=libapp.so kind=DT_INIT_ARRAY index=64 address=0xf55dfb00
G4-CTOR leave module=libapp.so kind=DT_INIT_ARRAY index=64
G4-CTOR enter module=libapp.so kind=DT_INIT_ARRAY index=65 address=0xf55e0000
G4-CTOR leave module=libapp.so kind=DT_INIT_ARRAY index=65
G4-CTOR enter module=libapp.so kind=DT_INIT_ARRAY index=66 address=0xf55e0028
G4-CTOR leave module=libapp.so kind=DT_INIT_ARRAY index=66
G4-CTOR enter module=libapp.so kind=DT_INIT_ARRAY index=67 address=0xf55e006c
G4-CTOR leave module=libapp.so kind=DT_INIT_ARRAY index=67
G4-CTOR enter module=libapp.so kind=DT_INIT_ARRAY index=68 address=0xf55e0180
G4-CTOR leave module=libapp.so kind=DT_INIT_ARRAY index=68
G4-CTOR enter module=libapp.so kind=DT_INIT_ARRAY index=69 address=0xf55e0264
G4-CTOR leave module=libapp.so kind=DT_INIT_ARRAY index=69
G4-CTOR enter module=libapp.so kind=DT_INIT_ARRAY index=70 address=0xf55e02f4
G4-CTOR leave module=libapp.so kind=DT_INIT_ARRAY index=70
G4-CTOR enter module=libapp.so kind=DT_INIT_ARRAY index=71 address=0xf55e03ec
G4-CTOR leave module=libapp.so kind=DT_INIT_ARRAY index=71
G4-CTOR enter module=libapp.so kind=DT_INIT_ARRAY index=72 address=0xf55e059c
G4-CTOR leave module=libapp.so kind=DT_INIT_ARRAY index=72
G4-CTOR enter module=libapp.so kind=DT_INIT_ARRAY index=73 address=0xf55e0684
G4-CTOR leave module=libapp.so kind=DT_INIT_ARRAY index=73
G4-CTOR enter module=libapp.so kind=DT_INIT_ARRAY index=74 address=0xf55e072c
G4-CTOR leave module=libapp.so kind=DT_INIT_ARRAY index=74
G4-CTOR enter module=libapp.so kind=DT_INIT_ARRAY index=75 address=0xf55e0764
G4-CTOR leave module=libapp.so kind=DT_INIT_ARRAY index=75
G4-CTOR enter module=libapp.so kind=DT_INIT_ARRAY index=76 address=0xf55e084c
G4-CTOR leave module=libapp.so kind=DT_INIT_ARRAY index=76
G4-CTOR enter module=libapp.so kind=DT_INIT_ARRAY index=77 address=0xf55e0944
G4-CTOR leave module=libapp.so kind=DT_INIT_ARRAY index=77
G4-CTOR enter module=libapp.so kind=DT_INIT_ARRAY index=78 address=0xf55e0bb4
G4-CTOR leave module=libapp.so kind=DT_INIT_ARRAY index=78
G4-CTOR enter module=libapp.so kind=DT_INIT_ARRAY index=79 address=0xf55e0c14
G4-CTOR leave module=libapp.so kind=DT_INIT_ARRAY index=79
G4-CTOR enter module=libapp.so kind=DT_INIT_ARRAY index=80 address=0xf55e0cfc
G4-CTOR leave module=libapp.so kind=DT_INIT_ARRAY index=80
G4-CTOR enter module=libapp.so kind=DT_INIT_ARRAY index=81 address=0xf55e0e7c
G4-CTOR leave module=libapp.so kind=DT_INIT_ARRAY index=81
G4-CTOR enter module=libapp.so kind=DT_INIT_ARRAY index=82 address=0xf55e0f78
G4-CTOR leave module=libapp.so kind=DT_INIT_ARRAY index=82
G4-CTOR enter module=libapp.so kind=DT_INIT_ARRAY index=83 address=0xf55e0fb8
G4-CTOR leave module=libapp.so kind=DT_INIT_ARRAY index=83
G4-CTOR enter module=libapp.so kind=DT_INIT_ARRAY index=84 address=0xf55e111c
G4-CTOR leave module=libapp.so kind=DT_INIT_ARRAY index=84
G4-CTOR enter module=libapp.so kind=DT_INIT_ARRAY index=85 address=0xf55e1154
G4-CTOR leave module=libapp.so kind=DT_INIT_ARRAY index=85
G4-CTOR enter module=libapp.so kind=DT_INIT_ARRAY index=86 address=0xf55e124c
G4-CTOR leave module=libapp.so kind=DT_INIT_ARRAY index=86
G4-CTOR enter module=libapp.so kind=DT_INIT_ARRAY index=87 address=0xf55e12f0
G4-CTOR leave module=libapp.so kind=DT_INIT_ARRAY index=87
G4-CTOR enter module=libapp.so kind=DT_INIT_ARRAY index=88 address=0xf55e1320
G4-CTOR leave module=libapp.so kind=DT_INIT_ARRAY index=88
G4-CTOR enter module=libapp.so kind=DT_INIT_ARRAY index=89 address=0xf55e13f0
G4-CTOR leave module=libapp.so kind=DT_INIT_ARRAY index=89
G4-CTOR enter module=libapp.so kind=DT_INIT_ARRAY index=90 address=0xf55e14c0
G4-CTOR leave module=libapp.so kind=DT_INIT_ARRAY index=90
G4-CTOR enter module=libapp.so kind=DT_INIT_ARRAY index=91 address=0xf55e15f8
G4-CTOR leave module=libapp.so kind=DT_INIT_ARRAY index=91
G4-CTOR enter module=libapp.so kind=DT_INIT_ARRAY index=92 address=0xf55e1664
G4-CTOR leave module=libapp.so kind=DT_INIT_ARRAY index=92
G4-CTOR enter module=libapp.so kind=DT_INIT_ARRAY index=93 address=0xf55e1764
G4-CTOR leave module=libapp.so kind=DT_INIT_ARRAY index=93
G4-CTOR enter module=libapp.so kind=DT_INIT_ARRAY index=94 address=0xf55e17b0
G4-CTOR leave module=libapp.so kind=DT_INIT_ARRAY index=94
G4-CTOR enter module=libapp.so kind=DT_INIT_ARRAY index=95 address=0xf55e17e8
G4-CTOR leave module=libapp.so kind=DT_INIT_ARRAY index=95
G4-CTOR enter module=libapp.so kind=DT_INIT_ARRAY index=96 address=0xf55e1858
G4-CTOR leave module=libapp.so kind=DT_INIT_ARRAY index=96
G4-CTOR enter module=libapp.so kind=DT_INIT_ARRAY index=97 address=0xf55e19a4
G4-CTOR leave module=libapp.so kind=DT_INIT_ARRAY index=97
G4-CTOR enter module=libapp.so kind=DT_INIT_ARRAY index=98 address=0xf55e19ec
G4-CTOR leave module=libapp.so kind=DT_INIT_ARRAY index=98
G4-CTOR enter module=libapp.so kind=DT_INIT_ARRAY index=99 address=0xf55e1a14
G4-CTOR leave module=libapp.so kind=DT_INIT_ARRAY index=99
G4-CTOR enter module=libapp.so kind=DT_INIT_ARRAY index=100 address=0xf55e1a3c
G4-CTOR leave module=libapp.so kind=DT_INIT_ARRAY index=100
G4-CTOR enter module=libapp.so kind=DT_INIT_ARRAY index=101 address=0xf55e1a64
G4-CTOR leave module=libapp.so kind=DT_INIT_ARRAY index=101
G4-CTOR enter module=libapp.so kind=DT_INIT_ARRAY index=102 address=0xf55e1ad4
G4-CTOR leave module=libapp.so kind=DT_INIT_ARRAY index=102
G4-CTOR enter module=libapp.so kind=DT_INIT_ARRAY index=103 address=0xf55e1afc
G4-CTOR leave module=libapp.so kind=DT_INIT_ARRAY index=103
G4-CTOR enter module=libapp.so kind=DT_INIT_ARRAY index=104 address=0xf55e1f0c
G4-CTOR leave module=libapp.so kind=DT_INIT_ARRAY index=104
G4-CTOR enter module=libapp.so kind=DT_INIT_ARRAY index=105 address=0xf55e1fc0
G4-CTOR leave module=libapp.so kind=DT_INIT_ARRAY index=105
G4-CTOR enter module=libapp.so kind=DT_INIT_ARRAY index=106 address=0xf55e1fe8
G4-CTOR leave module=libapp.so kind=DT_INIT_ARRAY index=106
G4-CTOR enter module=libapp.so kind=DT_INIT_ARRAY index=107 address=0xf55e2010
G4-CTOR leave module=libapp.so kind=DT_INIT_ARRAY index=107
G4-CTOR enter module=libapp.so kind=DT_INIT_ARRAY index=108 address=0xf55e206c
G4-CTOR leave module=libapp.so kind=DT_INIT_ARRAY index=108
G4-CTOR enter module=libapp.so kind=DT_INIT_ARRAY index=109 address=0xf55e20fc
G4-CTOR leave module=libapp.so kind=DT_INIT_ARRAY index=109
G4-CTOR enter module=libapp.so kind=DT_INIT_ARRAY index=110 address=0xf55e21e4
G4-CTOR leave module=libapp.so kind=DT_INIT_ARRAY index=110
G4-CTOR enter module=libapp.so kind=DT_INIT_ARRAY index=111 address=0xf55e2270
G4-CTOR leave module=libapp.so kind=DT_INIT_ARRAY index=111
G4-CTOR enter module=libapp.so kind=DT_INIT_ARRAY index=112 address=0xf55e2298
G4-CTOR leave module=libapp.so kind=DT_INIT_ARRAY index=112
G4-CTOR enter module=libapp.so kind=DT_INIT_ARRAY index=113 address=0xf55e22f4
G4-CTOR leave module=libapp.so kind=DT_INIT_ARRAY index=113
G4-CTOR enter module=libapp.so kind=DT_INIT_ARRAY index=114 address=0xf55e2364
G4-CTOR leave module=libapp.so kind=DT_INIT_ARRAY index=114
G4-CTOR enter module=libapp.so kind=DT_INIT_ARRAY index=115 address=0xf55e238c
G4-CTOR leave module=libapp.so kind=DT_INIT_ARRAY index=115
G4-CTOR enter module=libapp.so kind=DT_INIT_ARRAY index=116 address=0xf55e23b4
G4-CTOR leave module=libapp.so kind=DT_INIT_ARRAY index=116
G4-CTOR enter module=libapp.so kind=DT_INIT_ARRAY index=117 address=0xf55e23dc
G4-CTOR leave module=libapp.so kind=DT_INIT_ARRAY index=117
G4-CTOR enter module=libapp.so kind=DT_INIT_ARRAY index=118 address=0xf55e2404
G4-CTOR leave module=libapp.so kind=DT_INIT_ARRAY index=118
G4-CTOR enter module=libapp.so kind=DT_INIT_ARRAY index=119 address=0xf55e24b0
G4-CTOR leave module=libapp.so kind=DT_INIT_ARRAY index=119
G4-CTOR enter module=libapp.so kind=DT_INIT_ARRAY index=120 address=0xf55e27dc
G4-CTOR leave module=libapp.so kind=DT_INIT_ARRAY index=120
G4-CTOR enter module=libapp.so kind=DT_INIT_ARRAY index=121 address=0xf55e2900
G4-CTOR leave module=libapp.so kind=DT_INIT_ARRAY index=121
G4-CTOR enter module=libapp.so kind=DT_INIT_ARRAY index=122 address=0xf55e2928
G4-CTOR leave module=libapp.so kind=DT_INIT_ARRAY index=122
G4-CTOR enter module=libapp.so kind=DT_INIT_ARRAY index=123 address=0xf55e2950
G4-CTOR leave module=libapp.so kind=DT_INIT_ARRAY index=123
G4-CTOR enter module=libapp.so kind=DT_INIT_ARRAY index=124 address=0xf55e2978
G4-CTOR leave module=libapp.so kind=DT_INIT_ARRAY index=124
G4-CTOR enter module=libapp.so kind=DT_INIT_ARRAY index=125 address=0xf55e29d4
G4-CTOR leave module=libapp.so kind=DT_INIT_ARRAY index=125
G4-CTOR enter module=libapp.so kind=DT_INIT_ARRAY index=126 address=0xf55e29fc
G4-CTOR leave module=libapp.so kind=DT_INIT_ARRAY index=126
G4-CTOR enter module=libapp.so kind=DT_INIT_ARRAY index=127 address=0xf55e2a24
G4-CTOR leave module=libapp.so kind=DT_INIT_ARRAY index=127
G4-CTOR enter module=libapp.so kind=DT_INIT_ARRAY index=128 address=0xf55e2dd0
G4-CTOR leave module=libapp.so kind=DT_INIT_ARRAY index=128
G4-CTOR enter module=libapp.so kind=DT_INIT_ARRAY index=129 address=0xf55e3054
G4-CTOR leave module=libapp.so kind=DT_INIT_ARRAY index=129
G4-CTOR enter module=libapp.so kind=DT_INIT_ARRAY index=130 address=0xf55e3154
G4-CTOR leave module=libapp.so kind=DT_INIT_ARRAY index=130
G4-CTOR enter module=libapp.so kind=DT_INIT_ARRAY index=131 address=0xf55e31e8
G4-CTOR leave module=libapp.so kind=DT_INIT_ARRAY index=131
G4-CTOR enter module=libapp.so kind=DT_INIT_ARRAY index=132 address=0xf55e33a8
G4-CTOR leave module=libapp.so kind=DT_INIT_ARRAY index=132
G4-CTOR enter module=libapp.so kind=DT_INIT_ARRAY index=133 address=0xf55e3550
G4-CTOR leave module=libapp.so kind=DT_INIT_ARRAY index=133
G4-CTOR enter module=libapp.so kind=DT_INIT_ARRAY index=134 address=0xf55e3578
G4-CTOR leave module=libapp.so kind=DT_INIT_ARRAY index=134
G4-CTOR enter module=libapp.so kind=DT_INIT_ARRAY index=135 address=0xf55e35d4
G4-CTOR leave module=libapp.so kind=DT_INIT_ARRAY index=135
G4-CTOR enter module=libapp.so kind=DT_INIT_ARRAY index=136 address=0xf55e35fc
G4-CTOR leave module=libapp.so kind=DT_INIT_ARRAY index=136
G4-CTOR enter module=libapp.so kind=DT_INIT_ARRAY index=137 address=0xf55e3890
G4-CTOR leave module=libapp.so kind=DT_INIT_ARRAY index=137
G4-CTOR enter module=libapp.so kind=DT_INIT_ARRAY index=138 address=0xf55e39cc
G4-CTOR leave module=libapp.so kind=DT_INIT_ARRAY index=138
G4-CTOR enter module=libapp.so kind=DT_INIT_ARRAY index=139 address=0xf55e3c48
G4-CTOR leave module=libapp.so kind=DT_INIT_ARRAY index=139
G4-CTOR enter module=libapp.so kind=DT_INIT_ARRAY index=140 address=0xf55e3ec4
G4-CTOR leave module=libapp.so kind=DT_INIT_ARRAY index=140
G4-CTOR enter module=libapp.so kind=DT_INIT_ARRAY index=141 address=0xf55e42e4
G4-CTOR leave module=libapp.so kind=DT_INIT_ARRAY index=141
G4-CTOR enter module=libapp.so kind=DT_INIT_ARRAY index=142 address=0xf55e46ec
G4-CTOR leave module=libapp.so kind=DT_INIT_ARRAY index=142
G4-CTOR enter module=libapp.so kind=DT_INIT_ARRAY index=143 address=0xf55e4758
G4-CTOR leave module=libapp.so kind=DT_INIT_ARRAY index=143
G4-CTOR enter module=libapp.so kind=DT_INIT_ARRAY index=144 address=0xf55e47cc
G4-CTOR leave module=libapp.so kind=DT_INIT_ARRAY index=144
G4-CTOR enter module=libapp.so kind=DT_INIT_ARRAY index=145 address=0xf55e48c4
G4-CTOR leave module=libapp.so kind=DT_INIT_ARRAY index=145
G4-CTOR enter module=libapp.so kind=DT_INIT_ARRAY index=146 address=0xf55e49ac
G4-CTOR leave module=libapp.so kind=DT_INIT_ARRAY index=146
G4-CTOR enter module=libapp.so kind=DT_INIT_ARRAY index=147 address=0xf55e4aa4
G4-CTOR leave module=libapp.so kind=DT_INIT_ARRAY index=147
G4-CTOR enter module=libapp.so kind=DT_INIT_ARRAY index=148 address=0xf55e4b8c
G4-CTOR leave module=libapp.so kind=DT_INIT_ARRAY index=148
G4-CTOR enter module=libapp.so kind=DT_INIT_ARRAY index=149 address=0xf55e4ce0
G4-CTOR leave module=libapp.so kind=DT_INIT_ARRAY index=149
G4-CTOR enter module=libapp.so kind=DT_INIT_ARRAY index=150 address=0xf55e4d14
G4-CTOR leave module=libapp.so kind=DT_INIT_ARRAY index=150
G4-CTOR enter module=libapp.so kind=DT_INIT_ARRAY index=151 address=0xf55e4d44
G4-CTOR leave module=libapp.so kind=DT_INIT_ARRAY index=151
G4-CTOR enter module=libapp.so kind=DT_INIT_ARRAY index=152 address=0xf55e4d84
G4-CTOR leave module=libapp.so kind=DT_INIT_ARRAY index=152
G4-CTOR enter module=libapp.so kind=DT_INIT_ARRAY index=153 address=0xf55e4e78
G4-CTOR leave module=libapp.so kind=DT_INIT_ARRAY index=153
G4-CTOR enter module=libapp.so kind=DT_INIT_ARRAY index=154 address=0xf55e4f5c
G4-CTOR leave module=libapp.so kind=DT_INIT_ARRAY index=154
G4-CTOR enter module=libapp.so kind=DT_INIT_ARRAY index=155 address=0xf55e5044
G4-CTOR leave module=libapp.so kind=DT_INIT_ARRAY index=155
G4-CTOR enter module=libapp.so kind=DT_INIT_ARRAY index=156 address=0xf55e508c
G4-CTOR leave module=libapp.so kind=DT_INIT_ARRAY index=156
G4-CTOR enter module=libapp.so kind=DT_INIT_ARRAY index=157 address=0xf55e5134
G4-CTOR leave module=libapp.so kind=DT_INIT_ARRAY index=157
G4-CTOR enter module=libapp.so kind=DT_INIT_ARRAY index=158 address=0xf55e517c
G4-CTOR leave module=libapp.so kind=DT_INIT_ARRAY index=158
G4-CTOR enter module=libapp.so kind=DT_INIT_ARRAY index=159 address=0xf55e51c4
G4-CTOR leave module=libapp.so kind=DT_INIT_ARRAY index=159
G4-CTOR enter module=libapp.so kind=DT_INIT_ARRAY index=160 address=0xf55e53a4
G4-CTOR leave module=libapp.so kind=DT_INIT_ARRAY index=160
G4-CTOR enter module=libapp.so kind=DT_INIT_ARRAY index=161 address=0xf55e54dc
G4-CTOR leave module=libapp.so kind=DT_INIT_ARRAY index=161
G4-CTOR enter module=libapp.so kind=DT_INIT_ARRAY index=162 address=0xf55e5540
G4-CTOR leave module=libapp.so kind=DT_INIT_ARRAY index=162
G4-CTOR enter module=libapp.so kind=DT_INIT_ARRAY index=163 address=0xf55e59b4
G4-CTOR leave module=libapp.so kind=DT_INIT_ARRAY index=163
G4-CTOR enter module=libapp.so kind=DT_INIT_ARRAY index=164 address=0xf55e5a10
G4-CTOR leave module=libapp.so kind=DT_INIT_ARRAY index=164
G4-CTOR enter module=libapp.so kind=DT_INIT_ARRAY index=165 address=0xf55e5e84
G4-CTOR leave module=libapp.so kind=DT_INIT_ARRAY index=165
G4-CTOR enter module=libapp.so kind=DT_INIT_ARRAY index=166 address=0xf55e5ef8
G4-CTOR leave module=libapp.so kind=DT_INIT_ARRAY index=166
G4-CTOR enter module=libapp.so kind=DT_INIT_ARRAY index=167 address=0xf55e5f6c
G4-CTOR leave module=libapp.so kind=DT_INIT_ARRAY index=167
G4-CTOR enter module=libapp.so kind=DT_INIT_ARRAY index=168 address=0xf55e5fe0
G4-CTOR leave module=libapp.so kind=DT_INIT_ARRAY index=168
G4-CTOR enter module=libapp.so kind=DT_INIT_ARRAY index=169 address=0xf55e6060
G4-CTOR leave module=libapp.so kind=DT_INIT_ARRAY index=169
G4-CTOR enter module=libapp.so kind=DT_INIT_ARRAY index=170 address=0xf5ba0a70
G4-CTOR leave module=libapp.so kind=DT_INIT_ARRAY index=170
G4-CTOR enter module=libapp.so kind=DT_INIT_ARRAY index=171 address=0xf55e6264
G4-CTOR leave module=libapp.so kind=DT_INIT_ARRAY index=171
G4-CTOR enter module=libapp.so kind=DT_INIT_ARRAY index=172 address=0xf55e6268
G4-CTOR leave module=libapp.so kind=DT_INIT_ARRAY index=172
G4-CTOR enter module=libapp.so kind=DT_INIT_ARRAY index=173 address=0xf55e62ec
G4-CTOR leave module=libapp.so kind=DT_INIT_ARRAY index=173
G4-CTOR enter module=libapp.so kind=DT_INIT_ARRAY index=174 address=0xf55e63bc
G4-CTOR leave module=libapp.so kind=DT_INIT_ARRAY index=174
G4-CTOR enter module=libapp.so kind=DT_INIT_ARRAY index=175 address=0xf55e67d4
G4-CTOR leave module=libapp.so kind=DT_INIT_ARRAY index=175
G4-CTOR enter module=libapp.so kind=DT_INIT_ARRAY index=176 address=0xf55e680c
G4-CTOR leave module=libapp.so kind=DT_INIT_ARRAY index=176
G4-CTOR enter module=libapp.so kind=DT_INIT_ARRAY index=177 address=0xf55e6a8c
G4-CTOR leave module=libapp.so kind=DT_INIT_ARRAY index=177
G4-CTOR enter module=libapp.so kind=DT_INIT_ARRAY index=178 address=0xf55e6d0c
G4-CTOR leave module=libapp.so kind=DT_INIT_ARRAY index=178
G4-CTOR enter module=libapp.so kind=DT_INIT_ARRAY index=179 address=0xf55e6dec
G4-CTOR leave module=libapp.so kind=DT_INIT_ARRAY index=179
G4-CTOR enter module=libapp.so kind=DT_INIT_ARRAY index=180 address=0xf55e6e94
G4-CTOR leave module=libapp.so kind=DT_INIT_ARRAY index=180
G4-CTOR enter module=libapp.so kind=DT_INIT_ARRAY index=181 address=0xf55e6ed4
G4-CTOR leave module=libapp.so kind=DT_INIT_ARRAY index=181
G4-CTOR enter module=libapp.so kind=DT_INIT_ARRAY index=182 address=0xf55e70fc
G4-CTOR leave module=libapp.so kind=DT_INIT_ARRAY index=182
G4-CTOR enter module=libapp.so kind=DT_INIT_ARRAY index=183 address=0xf55e7100
G4-CTOR leave module=libapp.so kind=DT_INIT_ARRAY index=183
G4-CTOR enter module=libapp.so kind=DT_INIT_ARRAY index=184 address=0xf55e7220
G4-CTOR leave module=libapp.so kind=DT_INIT_ARRAY index=184
G4-CTOR enter module=libapp.so kind=DT_INIT_ARRAY index=185 address=0xf55e729c
G4-CTOR leave module=libapp.so kind=DT_INIT_ARRAY index=185
G4-CTOR enter module=libapp.so kind=DT_INIT_ARRAY index=186 address=0xf55e733c
G4-CTOR leave module=libapp.so kind=DT_INIT_ARRAY index=186
G4-CTOR enter module=libapp.so kind=DT_INIT_ARRAY index=187 address=0xf55e7631
G4-CTOR leave module=libapp.so kind=DT_INIT_ARRAY index=187
G4-CTOR enter module=libapp.so kind=DT_INIT_ARRAY index=188 address=0xf55e77b1
G4-CTOR leave module=libapp.so kind=DT_INIT_ARRAY index=188
G4-CTOR PASS initializers=233
G4-OBB PASS path=/roms/ports/nfsmw-maptest/main.1003128.com.ea.games.nfs13_row.obb entries=2411
G5-RUNTIME PASS persistent GLES drawable=640x480
G6-RUNTIME PASS controller=GO-Super Gamepad
G6-RUNTIME raw-buttons=17 go-super-fallback=1
G4-BITMAP create width=32 height=16 stride=128
G4-BITMAP PASS RGBA=32x16 stride=128 fallback-font=1
=== G4 libNimble JNI_OnLoad ===
G4-JNI GetEnv version=0x00010006
G4-JNI FindClass name=com/ea/nimble/bridge/BaseNativeCallback
G4-JNI FindClass name=java/lang/Class
G4-JNI FindClass name=java/lang/ClassLoader
G4-JNI GetMethodID name=getClassLoader signature=()Ljava/lang/ClassLoader; id=0xaaee7df8
G4-JNI GetMethodID name=loadClass signature=(Ljava/lang/String;)Ljava/lang/Class; id=0xaaee7efc
G4-JNI leave libNimble JNI_OnLoad version=0x00010006
=== G4 libapp JNI_OnLoad ===
G4-JNI GetEnv version=0x00010002
G4-JNI leave libapp JNI_OnLoad version=0x00010002
=== G4 nativeOnCreate ===
G4-JNI GetMethodID name=forEach signature=(Ljava/lang/String;)[Ljava/lang/String; id=0xaaee8000
G4-JNI GetMethodID name=getAssetSize signature=(Ljava/lang/String;)I id=0xaaee8104
G4-JNI GetMethodID name=getObbFullPath signature=()Ljava/lang/String; id=0xaaee8208
G4-JNI GetStaticMethodID name=isAnyMusicPlaying signature=()Z id=0xaaee830c
G4-JNI GetMethodID name=useAssetsFileSystem signature=()Z id=0xaaee8410
G4-JNI GetMethodID name=isObbAssets signature=()Z id=0xaaee8514
G4-JNI GetMethodID name=isFullApkAssets signature=()Z id=0xaaee8618
G4-JNI GetEnv version=0x00010002
G4-JNI FindClass name=java/io/File
G4-JNI GetMethodID name=getAbsolutePath signature=()Ljava/lang/String; id=0xaaee871c
G4-JNI FindClass name=android/os/Environment
G4-JNI GetStaticMethodID name=getExternalStorageDirectory signature=()Ljava/io/File; id=0xaaee8820
G4-JNI GetMethodID name=getFilesDir signature=()Ljava/io/File; id=0xaaee8924
G4-JNI GetMethodID name=getPackageName signature=()Ljava/lang/String; id=0xaaee8a28
G4-JNI GetMethodID name=getPerformanceScore signature=()F id=0xaaee8b2c
G9-PERFORMANCE requested-score=20
G4-JNI GetMethodID name=getTotalMemory signature=()I id=0xaaee8c30
G4-JNI FindClass name=android/util/DisplayMetrics
G4-JNI GetMethodID name=getDisplayMetrics signature=()Landroid/util/DisplayMetrics; id=0xaaee8d34
G4-JNI GetFieldID name=density signature=F
G4-JNI GetFieldID name=densityDpi signature=I
G4-JNI GetFieldID name=widthPixels signature=I
G4-JNI GetFieldID name=heightPixels signature=I
G4-JNI FindClass name=com/ea/ironmonkey/GameActivityMain
G4-JNI GetStaticMethodID name=GetDeviceName signature=()Ljava/lang/String; id=0xaaee8e38
G4-JNI GetStaticMethodID name=GetDeviceLocale signature=()Ljava/lang/String; id=0xaaee8f3c
G4-JNI FindClass name=com/ea/ironmonkey/GameActivityMain
G4-JNI GetStaticMethodID name=GetDefaultLanguage signature=()Ljava/lang/String; id=0xaaee9040
G4-JNI FindClass name=com/ea/ironmonkey/GameActivityMain
G4-JNI GetStaticMethodID name=GetApplicationVersion signature=()Ljava/lang/String; id=0xaaee9144
G4-JNI GetStaticMethodID name=getOsVersion signature=()Ljava/lang/String; id=0xaaee9248
android[4] info: InternalStorageDirectory = ./files

android[4] info: ExternalStorageDirectory = ./Android/data/com.ea.games.nfs13_row

android[4] info: DeviceName = R36S

android[4] info: DefaultLanguage = en

android[4] info: ApplicationVersion = 1.3.128

android[4] info: ScreenDensity = 1

android[4] info: ScreenDensityDPI = 160

android[4] info: ScreenWidthPixels = 640

android[4] info: ScreenHeightPixels = 480

android[4] info: ContentScale (derived) = 1

android[4] info: PerformanceScore = 20

android[4] info: TotalMemoryMb = 768

android[4] info: OsVersion = 4.4.4

android[4] info: Tier = Higest

G4-JNI GetStaticMethodID name=isAmazon signature=()Z id=0xaaee934c
G4-JNI GetEnv version=0x00010002
G4-JNI GetEnv version=0x00010002
G4-JNI GetEnv version=0x00010002
G4-JNI GetMethodID name=getRunLoop signature=()Lcom/ea/ironmonkey/RunLoop; id=0xaaee9450
G4-JNI GetEnv version=0x00010002
G4-JNI GetMethodID name=start signature=()V id=0xaaee9554
android[4] info: Tier = Higest

G4-JNI GetEnv version=0x00010002
G4-JNI FindClass name=android/app/NativeActivity
G4-JNI FindClass name=java/lang/ClassLoader
G4-JNI UNKNOWN table call guest-return=0xf57d7ef4
G4-JNI GetStaticMethodID name=getInstance signature=(Landroid/content/Context;)Lcom/bda/controller/Controller; id=0xaaee9658
G4-JNI GetMethodID name=init signature=()Z id=0xaaee975c
G4-JNI GetMethodID name=exit signature=()V id=0xaaee9860
G4-JNI GetMethodID name=getAxisValue signature=(I)F id=0xaaee9964
G4-JNI GetMethodID name=getInfo signature=(I)I id=0xaaee9a68
G4-JNI GetMethodID name=getKeyCode signature=(I)I id=0xaaee9b6c
G4-JNI GetMethodID name=getState signature=(I)I id=0xaaee9c70
G4-JNI GetMethodID name=onPause signature=()V id=0xaaee9d74
G4-JNI GetMethodID name=onResume signature=()V id=0xaaee9e78
G4-JNI GetMethodID name=setListener signature=(Lcom/bda/controller/ControllerListener;Landroid/os/Handler;)V id=0xaaee9f7c
G4-JNI FindClass name=android/app/NativeActivity
G4-JNI FindClass name=java/lang/ClassLoader
G4-JNI UNKNOWN table call guest-return=0xf57d8ccc
G4-JNI GetMethodID name=getAction signature=()I id=0xaaeea080
G4-JNI GetMethodID name=getControllerId signature=()I id=0xaaeea184
G4-JNI GetMethodID name=getEventTime signature=()J id=0xaaeea288
G4-JNI GetMethodID name=getKeyCode signature=()I id=0xaaeea38c
G4-JNI FindClass name=android/app/NativeActivity
G4-JNI FindClass name=java/lang/ClassLoader
G4-JNI UNKNOWN table call guest-return=0xf57da784
G4-JNI GetMethodID name=findPointerIndex signature=(I)I id=0xaaeea490
G4-JNI GetMethodID name=getAxisValue signature=(II)F id=0xaaeea594
G4-JNI GetMethodID name=getPointerCount signature=()I id=0xaaeea698
G4-JNI GetMethodID name=getPointerId signature=(I)I id=0xaaeea79c
G4-JNI GetMethodID name=getRawX signature=()F id=0xaaeea8a0
G4-JNI GetMethodID name=getRawY signature=()F id=0xaaeea9a4
G4-JNI GetMethodID name=getX signature=()F id=0xaaeeaaa8
G4-JNI GetMethodID name=getX signature=(I)F id=0xaaeeabac
G4-JNI GetMethodID name=getXPrecision signature=()F id=0xaaeeacb0
G4-JNI GetMethodID name=getY signature=()F id=0xaaeeadb4
G4-JNI GetMethodID name=getY signature=(I)F id=0xaaeeaeb8
G4-JNI GetMethodID name=getYPrecision signature=()F id=0xaaeeafbc
G4-JNI FindClass name=android/app/NativeActivity
G4-JNI FindClass name=java/lang/ClassLoader
G4-JNI UNKNOWN table call guest-return=0xf57dae10
G4-JNI GetMethodID name=getState signature=()I id=0xaaeeb0c0
G4-JNI GetFieldID name=mIsBound signature=Z
G4-JNI FindClass name=android/content/Intent
G4-JNI GetMethodID name=<init> signature=(Ljava/lang/String;)V id=0xaaeeb1c4
G4-JNI GetMethodID name=setPackage signature=(Ljava/lang/String;)Landroid/content/Intent; id=0xaaeeb2c8
G4-JNI GetFieldID name=mContext signature=Landroid/content/Context;
G4-JNI GetFieldID name=mServiceConnection signature=Lcom/bda/controller/Controller$ServiceConnection;
G4-JNI FindClass name=android/content/Context
G4-JNI GetMethodID name=startService signature=(Landroid/content/Intent;)Landroid/content/ComponentName; id=0xaaeeb3cc
G4-JNI GetMethodID name=bindService signature=(Landroid/content/Intent;Landroid/content/ServiceConnection;I)Z id=0xaaeeb4d0
G4-JNI FindClass name=android/app/NativeActivity
G4-JNI FindClass name=java/lang/ClassLoader
G4-JNI UNKNOWN table call guest-return=0xf57d9f1c
G4-JNI GetMethodID name=<init> signature=()V id=0xaaeeb5d4
G4-JNI PASS JNI_OnLoad/nativeOnCreate methods=56
=== G5 GAME SURFACE ===
G4-JNI GetEnv version=0x00010002
G4-JNI FindClass name=android/view/ViewRoot
G4-JNI GetMethodID name=setProcessPositionEvents signature=(Z)V id=0xaaeeb6d8
G4-JNI GetMethodID name=GetViewRoot signature=()Landroid/view/ViewParent; id=0xaaeeb7dc
android[4] ResourceManager: ContextLost() 

android[4] ResourceManager: mIAssetV.empty()? 1 mTextureV.empty()? 1

G5-SURFACE PASS lifecycle returned
android[2] trace: ....................(KK) MogaController :: Inside nativeOnStateEvent

android[2] trace: (KK) MogaController :: Inside nativeOnStateEvent ....................

android[2] trace: ....................(KK) MogaController :: Inside nativeOnStateEvent

android[2] trace: (KK) MogaController :: Inside nativeOnStateEvent ....................

android[2] trace: ....................(KK) MogaController :: Inside nativeOnStateEvent

android[2] trace: (KK) MogaController :: Inside nativeOnStateEvent ....................

G6-MOGA connected product=MOGA-Pro
=== G6/G7 GAME LOOP (Back+Start exits) ===
android[2] trace: ....................(KK) MogaController :: Inside NativeOnMotionEvent

android[2] trace: (KK) MogaController :: Inside NativeOnMotionEvent ....................

G6-MOGA motion frame=0 axes=0,0,0,0,0,0
G7-FRAME enter=0
android[4] info: OpenGL-ES extensions: GL_ARM_rgba8 GL_ARM_mali_shader_binary GL_OES_depth24 GL_OES_depth_texture GL_OES_depth_texture_cube_map
android[4] info:  GL_OES_packed_depth_stencil GL_OES_rgb8_rgba8 GL_EXT_read_format_bgra GL_OES_compressed_paletted_texture GL_OES_compressed_ET
android[4] info: C1_RGB8_texture GL_OES_standard_derivatives GL_OES_EGL_image GL_OES_EGL_image_external GL_OES_EGL_image_external_essl3 GL_OES_
android[4] info: EGL_sync GL_OES_texture_npot GL_OES_vertex_half_float GL_OES_required_internalformat GL_OES_vertex_array_object GL_OES_mapbuff
android[4] info: er GL_EXT_texture_format_BGRA8888 GL_EXT_texture_rg GL_EXT_texture_type_2_10_10_10_REV GL_OES_fbo_render_mipmap GL_OES_element
android[4] info: _index_uint GL_EXT_shadow_samplers GL_OES_texture_compression_astc GL_KHR_texture_compression_astc_ldr GL_KHR_texture_compress
android[4] info: ion_astc_hdr GL_KHR_texture_compression_astc_sliced_3d GL_EXT_texture_compression_astc_decode_mode GL_EXT_texture_compression_
android[4] info: astc_decode_mode_rgb9e5 GL_KHR_debug GL_EXT_occlusion_query_boolean GL_EXT_disjoint_timer_query GL_EXT_blend_minmax GL_EXT_dis
android[4] info: card_framebuffer GL_OES_get_program_binary GL_OES_texture_3D GL_EXT_texture_storage GL_EXT_multisampled_render_to_texture GL_O
android[4] info: ES_surfaceless_context GL_OES_texture_stencil8 GL_EXT_shader_pixel_local_storage GL_ARM_shader_framebuffer_fetch GL_ARM_shader
android[4] info: _framebuffer_fetch_depth_stencil GL_ARM_mali_program_binary GL_EXT_sRGB GL_EXT_sRGB_write_control GL_EXT_texture_sRGB_decode G
android[4] info: L_EXT_texture_sRGB_R8 GL_EXT_texture_sRGB_RG8 GL_KHR_blend_equation_advanced GL_KHR_blend_equation_advanced_coherent GL_OES_te
android[4] info: xture_storage_multisample_2d_array GL_OES_shader_image_atomic GL_EXT_robustness GL_EXT_draw_buffers_indexed GL_OES_draw_buffer
android[4] info: s_indexed GL_EXT_texture_border_clamp GL_OES_texture_border_clamp GL_EXT_texture_cube_map_array GL_OES_texture_cube_map_array 
android[4] info: GL_OES_sample_variables GL_OES_sample_shading GL_OES_shader_multisample_interpolation GL_EXT_shader_io_blocks GL_OES_shader_io
android[4] info: _blocks GL_EXT_tessellation_shader GL_OES_tessellation_shader GL_EXT_primitive_bounding_box GL_OES_primitive_bounding_box GL_E
android[4] info: XT_geometry_shader GL_OES_geometry_shader GL_ANDROID_extension_pack_es31a GL_EXT_gpu_shader5 GL_OES_gpu_shader5 GL_EXT_texture
android[4] info: _buffer GL_OES_texture_buffer GL_EXT_copy_image GL_OES_copy_image GL_EXT_shader_non_constant_global_initializers GL_EXT_color_
android[4] info: buffer_half_float GL_EXT_color_buffer_float GL_EXT_YUV_target GL_OVR_multiview GL_OVR_multiview2 GL_OVR_multiview_multisampled
android[4] info: _render_to_texture GL_KHR_robustness GL_KHR_robust_buffer_access_behavior GL_EXT_draw_elements_base_vertex GL_OES_draw_element
android[4] info: s_base_vertex GL_EXT_buffer_storage 

android[4] info: Renderer: Mali-G31

G4-JNI GetEnv version=0x00010002
G4-JNI GetMethodID name=getGameGLSurfaceView signature=()Lcom/ea/ironmonkey/GameGLSurfaceView; id=0xaaeeb8e0
G4-JNI GetMethodID name=getWidth signature=()I id=0xaaeeb9e4
G4-JNI GetMethodID name=getHeight signature=()I id=0xaaeebae8
android[5] warn: OpenGL Renderer: Mali-G31

android[5] warn: Isis Renderer Capabilities:

android[5] warn: 	Max Texture Size:      8192

android[5] warn: 	FB Max Samples:        0

android[5] warn: 	EXT: FB Discard:       1

android[5] warn: 	EXT: Occlusion Queries 0

android[5] warn: 	EXT: Texture Max Level 0

android[5] warn: 	EXT: Framebuffer Fetch 0

android[5] warn: 	EXT: Depth Texture     1

android[5] warn: 	EXT: VAO               1

android[4] info: Tier = Higest

android[2] trace: PERFORMANCE - level = 4

android[5] warn: Primary view size: 640  480

G4-JNI GetEnv version=0x00010002
G4-JNI GetMethodID name=getAccelerometer signature=()Lcom/ea/ironmonkey/Accelerometer; id=0xaaeebbec
G4-JNI GetMethodID name=setFrequency signature=(F)V id=0xaaeebcf0
G4-JNI GetMethodID name=setBufferSize signature=(I)V id=0xaaeebdf4
G4-JNI GetMethodID name=getSamples signature=(I[I[F)I id=0xaaeebef8
G4-JNI GetEnv version=0x00010002
G4-JNI FindClass name=com/ea/ironmonkey/BitmapGraphics
G4-JNI GetStaticMethodID name=createPaintFromFamilyName signature=(Ljava/lang/String;F)Landroid/graphics/Paint; id=0xaaeebffc
G4-JNI GetMethodID name=getTextSize signature=()F id=0xaaeec100
G4-JNI GetMethodID name=setTextSize signature=(F)V id=0xaaeec204
G4-JNI FindClass name=android/graphics/Paint$FontMetricsInt
G4-JNI GetMethodID name=getFontMetricsInt signature=()Landroid/graphics/Paint$FontMetricsInt; id=0xaaeec308
G4-JNI GetFieldID name=ascent signature=I
G4-JNI GetFieldID name=descent signature=I
G4-JNI GetFieldID name=bottom signature=I
G4-JNI GetFieldID name=top signature=I
G4-JNI GetFieldID name=leading signature=I
G4-JNI GetMethodID name=measureText signature=(Ljava/lang/String;)F id=0xaaeec40c
android[4] EAStdC.Printf: [NimbleWrapper] ICoreAllocator::GetDefaultAllocator() is 0xf604db1c
android[4] EAStdC.Printf: [NimbleWrapper] alloc free check
android[4] EAStdC.Printf: [NimbleWrapper] NimbleWrapper::NimbleWrapper()
android[4] EAStdC.Printf: [NimbleWrapper] NimbleWrapper::Init(), allocator=f604db1c
android[4] EAStdC.Printf: [NimbleWrapper] NimbleWrapper::FinishInitialization()
android[4] EAStdC.Printf: [Graphics] OpenGLES20::OpenGLES20()
android[4] EAStdC.Printf: [Graphics] OpenGLES20Ext::OpenGLES20Ext()
android[4] EAStdC.Printf: [Graphics] OpenGLES20Ext::LoadExtensions()...
android[4] EAStdC.Printf: [Graphics] ...OpenGLES20Ext::LoadExtensions()
android[4] EAStdC.Printf: [NimbleWrapper] NimbleWrapper::InitNimble()
G4-JNI GetEnv version=0x00010006
G4-JNI GetEnv version=0x00010006
G4-JNI GetEnv version=0x00010006
G4-JNI GetMethodID name=<init> signature=(I)V id=0xaaeec510
G4-JNI GetStaticMethodID name=registerReceiver signature=(Ljava/lang/String;Landroid/content/BroadcastReceiver;)V id=0xaaeec614
G4-JNI GetEnv version=0x00010006
G4-JNI GetEnv version=0x00010006
android[4] EAStdC.Printf: [nimble] telemetry enabled=yes
G4-JNI GetEnv version=0x00010006
G4-JNI GetEnv version=0x00010006
G4-JNI GetEnv version=0x00010006
G4-JNI GetStaticMethodID name=getComponent signature=()Lcom/ea/nimble/tracking/ITracking; id=0xaaeec718
G4-JNI GetMethodID name=setEnable signature=(Z)V id=0xaaeec81c
android[4] EAStdC.Printf: [nimble] im::nimble::SaveTelemetryEnabledState(), val=yes
DEBUG: sendTrackingMessage!
G4-JNI GetEnv version=0x00010006
G4-JNI GetMethodID name=getEnable signature=()Z id=0xaaeec920
G4-JNI GetEnv version=0x00010002
G4-JNI GetEnv version=0x00010002
android[2] trace: AddSKU: texture_etc

android[2] trace: Aspect=1333

android[2] trace: AddSKU: 1x

android[2] trace: AddSKU: 2x

G4-JNI GetEnv version=0x00010002
android[2] trace: Mounting SKU: texture_etc to /published

android[2] trace: Mounting SKU: 1x to /published

android[2] trace: Mounting SKU: 2x to /published

android[2] trace: Locale: Language id=en locale id=en

android[2] trace: Locale: Language id=fr locale id=fr

android[2] trace: Locale: Language id=de locale id=de

android[2] trace: Locale: Language id=it locale id=it

android[2] trace: Locale: Language id=ja locale id=ja

android[2] trace: Locale: Language id=es locale id=es

android[2] trace: Locale: Language id=zh-Hans locale id=cn

android[2] trace: Locale: Language id=zh locale id=cn

android[2] trace: Locale: Language id=ko locale id=kr

android[2] trace: Locale: Language id=nl locale id=nl

android[2] trace: Locale: Language id=pt locale id=pt

android[2] trace: Locale: Language id=ru locale id=ru

G4-JNI GetEnv version=0x00010002
G4-JNI GetEnv version=0x00010002
android[4] EAStdC.Printf: [NimbleWrapper] NimbleWrapper::SetLanguage()
android[4] EAStdC.Printf: [NimbleWrapper] SLG3
G4-JNI GetEnv version=0x00010002
G4-JNI GetEnv version=0x00010002
G4-JNI FindClass name=com/ea/ironmonkey/BitmapGraphics
G4-JNI GetStaticMethodID name=createPaintFromFile signature=(Ljava/lang/String;F)Landroid/graphics/Paint; id=0xaaeeca24
G4-JNI FindClass name=android/graphics/Paint$FontMetricsInt
G4-JNI GetEnv version=0x00010002
G4-JNI FindClass name=com/ea/ironmonkey/BitmapGraphics
G4-JNI FindClass name=android/graphics/Paint$FontMetricsInt
G4-JNI GetEnv version=0x00010002
G4-JNI GetEnv version=0x00010002
G4-JNI FindClass name=com/ea/ironmonkey/BitmapGraphics
G4-JNI FindClass name=android/graphics/Paint$FontMetricsInt
G4-JNI GetEnv version=0x00010002
G4-JNI FindClass name=com/ea/ironmonkey/BitmapGraphics
G4-JNI FindClass name=android/graphics/Paint$FontMetricsInt
G4-JNI GetEnv version=0x00010002
G4-JNI GetEnv version=0x00010002
G4-JNI FindClass name=com/ea/ironmonkey/BitmapGraphics
G4-JNI FindClass name=android/graphics/Paint$FontMetricsInt
G4-JNI GetEnv version=0x00010002
G4-JNI FindClass name=com/ea/ironmonkey/BitmapGraphics
G4-JNI FindClass name=android/graphics/Paint$FontMetricsInt
G4-JNI GetEnv version=0x00010002
G4-JNI GetEnv version=0x00010002
G4-JNI FindClass name=com/ea/ironmonkey/BitmapGraphics
G4-JNI FindClass name=android/graphics/Paint$FontMetricsInt
G4-JNI GetEnv version=0x00010002
G4-JNI FindClass name=com/ea/ironmonkey/BitmapGraphics
G4-JNI FindClass name=android/graphics/Paint$FontMetricsInt
G4-JNI GetEnv version=0x00010002
G4-JNI GetEnv version=0x00010002
G4-JNI FindClass name=com/ea/ironmonkey/BitmapGraphics
G4-JNI FindClass name=android/graphics/Paint$FontMetricsInt
G4-JNI GetEnv version=0x00010002
G4-JNI FindClass name=com/ea/ironmonkey/BitmapGraphics
G4-JNI FindClass name=android/graphics/Paint$FontMetricsInt
G4-JNI GetEnv version=0x00010002
G4-JNI GetEnv version=0x00010002
G4-JNI FindClass name=com/ea/ironmonkey/BitmapGraphics
G4-JNI FindClass name=android/graphics/Paint$FontMetricsInt
G4-JNI GetEnv version=0x00010002
G4-JNI FindClass name=com/ea/ironmonkey/BitmapGraphics
G4-JNI FindClass name=android/graphics/Paint$FontMetricsInt
G4-JNI GetEnv version=0x00010002
G4-JNI GetEnv version=0x00010002
G4-JNI FindClass name=com/ea/ironmonkey/BitmapGraphics
G4-JNI FindClass name=android/graphics/Paint$FontMetricsInt
G4-JNI GetEnv version=0x00010002
G4-JNI FindClass name=com/ea/ironmonkey/BitmapGraphics
G4-JNI FindClass name=android/graphics/Paint$FontMetricsInt
G4-JNI GetEnv version=0x00010002
G4-JNI GetEnv version=0x00010002
G4-JNI FindClass name=com/ea/ironmonkey/BitmapGraphics
G4-JNI FindClass name=android/graphics/Paint$FontMetricsInt
G4-JNI GetEnv version=0x00010002
G4-JNI FindClass name=com/ea/ironmonkey/BitmapGraphics
G4-JNI FindClass name=android/graphics/Paint$FontMetricsInt
G4-JNI GetEnv version=0x00010002
G4-JNI GetEnv version=0x00010002
G4-JNI FindClass name=com/ea/ironmonkey/BitmapGraphics
G4-JNI FindClass name=android/graphics/Paint$FontMetricsInt
G4-JNI GetEnv version=0x00010002
G4-JNI FindClass name=com/ea/ironmonkey/BitmapGraphics
G4-JNI FindClass name=android/graphics/Paint$FontMetricsInt
G4-JNI GetEnv version=0x00010002
G4-JNI GetEnv version=0x00010002
G4-JNI FindClass name=com/ea/ironmonkey/BitmapGraphics
G4-JNI FindClass name=android/graphics/Paint$FontMetricsInt
G4-JNI GetEnv version=0x00010002
G4-JNI FindClass name=com/ea/ironmonkey/BitmapGraphics
G4-JNI FindClass name=android/graphics/Paint$FontMetricsInt
G4-JNI GetEnv version=0x00010002
G4-JNI GetEnv version=0x00010002
G4-JNI FindClass name=com/ea/ironmonkey/BitmapGraphics
G4-JNI FindClass name=android/graphics/Paint$FontMetricsInt
G4-JNI GetEnv version=0x00010002
G4-JNI FindClass name=com/ea/ironmonkey/BitmapGraphics
G4-JNI FindClass name=android/graphics/Paint$FontMetricsInt
G4-JNI GetEnv version=0x00010002
G4-JNI GetEnv version=0x00010002
G4-JNI FindClass name=com/ea/ironmonkey/BitmapGraphics
G4-JNI FindClass name=android/graphics/Paint$FontMetricsInt
G4-JNI GetEnv version=0x00010002
G4-JNI FindClass name=com/ea/ironmonkey/BitmapGraphics
G4-JNI FindClass name=android/graphics/Paint$FontMetricsInt
G4-JNI GetEnv version=0x00010002
G4-JNI GetEnv version=0x00010002
G4-JNI FindClass name=com/ea/ironmonkey/BitmapGraphics
G4-JNI FindClass name=android/graphics/Paint$FontMetricsInt
G4-JNI GetEnv version=0x00010002
G4-JNI FindClass name=com/ea/ironmonkey/BitmapGraphics
G4-JNI FindClass name=android/graphics/Paint$FontMetricsInt
G4-JNI GetEnv version=0x00010002
G4-JNI GetEnv version=0x00010002
G4-JNI FindClass name=com/ea/ironmonkey/BitmapGraphics
G4-JNI FindClass name=android/graphics/Paint$FontMetricsInt
G4-JNI GetEnv version=0x00010002
G4-JNI FindClass name=com/ea/ironmonkey/BitmapGraphics
G4-JNI FindClass name=android/graphics/Paint$FontMetricsInt
G4-JNI GetEnv version=0x00010002
G4-JNI GetEnv version=0x00010002
G4-JNI FindClass name=com/ea/ironmonkey/BitmapGraphics
G4-JNI FindClass name=android/graphics/Paint$FontMetricsInt
G4-JNI GetEnv version=0x00010002
G4-JNI FindClass name=com/ea/ironmonkey/BitmapGraphics
G4-JNI FindClass name=android/graphics/Paint$FontMetricsInt
G4-JNI GetEnv version=0x00010002
G4-JNI GetEnv version=0x00010002
G4-JNI FindClass name=com/ea/ironmonkey/BitmapGraphics
G4-JNI FindClass name=android/graphics/Paint$FontMetricsInt
G4-JNI GetEnv version=0x00010002
G4-JNI FindClass name=com/ea/ironmonkey/BitmapGraphics
G4-JNI FindClass name=android/graphics/Paint$FontMetricsInt
G4-JNI GetEnv version=0x00010002
G4-JNI GetEnv version=0x00010002
G4-JNI FindClass name=com/ea/ironmonkey/BitmapGraphics
G4-JNI FindClass name=android/graphics/Paint$FontMetricsInt
G4-JNI GetEnv version=0x00010002
G4-JNI FindClass name=com/ea/ironmonkey/BitmapGraphics
G4-JNI FindClass name=android/graphics/Paint$FontMetricsInt
G4-JNI GetEnv version=0x00010002
G4-JNI GetEnv version=0x00010002
G4-JNI FindClass name=com/ea/ironmonkey/BitmapGraphics
G4-JNI FindClass name=android/graphics/Paint$FontMetricsInt
G4-JNI GetEnv version=0x00010002
G4-JNI FindClass name=com/ea/ironmonkey/BitmapGraphics
G4-JNI FindClass name=android/graphics/Paint$FontMetricsInt
G4-JNI GetEnv version=0x00010002
G4-JNI GetEnv version=0x00010002
G4-JNI FindClass name=com/ea/ironmonkey/BitmapGraphics
G4-JNI FindClass name=android/graphics/Paint$FontMetricsInt
G4-JNI GetEnv version=0x00010002
G4-JNI FindClass name=com/ea/ironmonkey/BitmapGraphics
G4-JNI FindClass name=android/graphics/Paint$FontMetricsInt
G4-JNI GetEnv version=0x00010002
G4-JNI GetEnv version=0x00010002
G4-JNI FindClass name=com/ea/ironmonkey/BitmapGraphics
G4-JNI FindClass name=android/graphics/Paint$FontMetricsInt
G4-JNI GetEnv version=0x00010002
G4-JNI FindClass name=com/ea/ironmonkey/BitmapGraphics
G4-JNI FindClass name=android/graphics/Paint$FontMetricsInt
G4-JNI GetEnv version=0x00010002
G4-JNI GetEnv version=0x00010002
G4-JNI FindClass name=com/ea/ironmonkey/BitmapGraphics
G4-JNI FindClass name=android/graphics/Paint$FontMetricsInt
G4-JNI GetEnv version=0x00010002
G4-JNI FindClass name=com/ea/ironmonkey/BitmapGraphics
G4-JNI FindClass name=android/graphics/Paint$FontMetricsInt
G4-JNI GetEnv version=0x00010002
G4-JNI GetEnv version=0x00010002
G4-JNI FindClass name=com/ea/ironmonkey/BitmapGraphics
G4-JNI FindClass name=android/graphics/Paint$FontMetricsInt
G4-JNI GetEnv version=0x00010002
G4-JNI FindClass name=com/ea/ironmonkey/BitmapGraphics
G4-JNI FindClass name=android/graphics/Paint$FontMetricsInt
G4-JNI GetEnv version=0x00010002
G4-JNI GetEnv version=0x00010002
G4-JNI FindClass name=com/ea/ironmonkey/BitmapGraphics
G4-JNI FindClass name=android/graphics/Paint$FontMetricsInt
G4-JNI GetEnv version=0x00010002
G4-JNI FindClass name=com/ea/ironmonkey/BitmapGraphics
G4-JNI FindClass name=android/graphics/Paint$FontMetricsInt
G4-JNI GetEnv version=0x00010002
G4-JNI GetEnv version=0x00010002
G4-JNI FindClass name=com/ea/ironmonkey/BitmapGraphics
G4-JNI FindClass name=android/graphics/Paint$FontMetricsInt
G4-JNI GetEnv version=0x00010002
G4-JNI FindClass name=com/ea/ironmonkey/BitmapGraphics
G4-JNI FindClass name=android/graphics/Paint$FontMetricsInt
G4-JNI GetEnv version=0x00010002
G4-JNI GetEnv version=0x00010002
G4-JNI FindClass name=com/ea/ironmonkey/BitmapGraphics
G4-JNI FindClass name=android/graphics/Paint$FontMetricsInt
G4-JNI GetEnv version=0x00010002
G4-JNI FindClass name=com/ea/ironmonkey/BitmapGraphics
G4-JNI FindClass name=android/graphics/Paint$FontMetricsInt
G4-JNI GetEnv version=0x00010002
G4-JNI GetEnv version=0x00010002
G4-JNI FindClass name=com/ea/ironmonkey/BitmapGraphics
G4-JNI FindClass name=android/graphics/Paint$FontMetricsInt
G4-JNI GetEnv version=0x00010002
G4-JNI FindClass name=com/ea/ironmonkey/BitmapGraphics
G4-JNI FindClass name=android/graphics/Paint$FontMetricsInt
G4-JNI GetEnv version=0x00010002
G4-JNI GetEnv version=0x00010002
G4-JNI FindClass name=com/ea/ironmonkey/BitmapGraphics
G4-JNI FindClass name=android/graphics/Paint$FontMetricsInt
G4-JNI GetEnv version=0x00010002
G4-JNI FindClass name=com/ea/ironmonkey/BitmapGraphics
G4-JNI FindClass name=android/graphics/Paint$FontMetricsInt
G4-JNI GetEnv version=0x00010002
G4-JNI GetEnv version=0x00010002
G4-JNI FindClass name=com/ea/ironmonkey/BitmapGraphics
G4-JNI FindClass name=android/graphics/Paint$FontMetricsInt
G4-JNI GetEnv version=0x00010002
G4-JNI FindClass name=com/ea/ironmonkey/BitmapGraphics
G4-JNI FindClass name=android/graphics/Paint$FontMetricsInt
G4-JNI GetEnv version=0x00010002
G4-JNI GetEnv version=0x00010002
G4-JNI FindClass name=com/ea/ironmonkey/BitmapGraphics
G4-JNI FindClass name=android/graphics/Paint$FontMetricsInt
G4-JNI GetEnv version=0x00010002
G4-JNI FindClass name=com/ea/ironmonkey/BitmapGraphics
G4-JNI FindClass name=android/graphics/Paint$FontMetricsInt
G4-JNI GetEnv version=0x00010002
G4-JNI FindClass name=com/ea/ironmonkey/BitmapGraphics
G4-JNI FindClass name=android/graphics/Paint$FontMetricsInt
G4-JNI GetEnv version=0x00010002
G4-JNI FindClass name=com/ea/ironmonkey/BitmapGraphics
G4-JNI FindClass name=android/graphics/Paint$FontMetricsInt
G4-JNI GetEnv version=0x00010002
G4-JNI GetEnv version=0x00010002
G4-JNI FindClass name=com/ea/ironmonkey/BitmapGraphics
G4-JNI FindClass name=android/graphics/Paint$FontMetricsInt
G4-JNI GetEnv version=0x00010002
G4-JNI FindClass name=com/ea/ironmonkey/BitmapGraphics
G4-JNI FindClass name=android/graphics/Paint$FontMetricsInt
G4-JNI GetEnv version=0x00010002
G4-JNI GetEnv version=0x00010002
G4-JNI FindClass name=com/ea/ironmonkey/BitmapGraphics
G4-JNI FindClass name=android/graphics/Paint$FontMetricsInt
G4-JNI GetEnv version=0x00010002
G4-JNI FindClass name=com/ea/ironmonkey/BitmapGraphics
G4-JNI FindClass name=android/graphics/Paint$FontMetricsInt
G4-JNI GetEnv version=0x00010002
G4-JNI GetEnv version=0x00010002
G4-JNI FindClass name=com/ea/ironmonkey/BitmapGraphics
G4-JNI FindClass name=android/graphics/Paint$FontMetricsInt
G4-JNI GetEnv version=0x00010002
G4-JNI FindClass name=com/ea/ironmonkey/BitmapGraphics
G4-JNI FindClass name=android/graphics/Paint$FontMetricsInt
G4-JNI GetEnv version=0x00010002
G4-JNI GetEnv version=0x00010002
G4-JNI FindClass name=com/ea/ironmonkey/BitmapGraphics
G4-JNI FindClass name=android/graphics/Paint$FontMetricsInt
G4-JNI GetEnv version=0x00010002
G4-JNI FindClass name=com/ea/ironmonkey/BitmapGraphics
G4-JNI FindClass name=android/graphics/Paint$FontMetricsInt
G4-JNI GetEnv version=0x00010002
G4-JNI GetEnv version=0x00010002
G4-JNI FindClass name=com/ea/ironmonkey/BitmapGraphics
G4-JNI FindClass name=android/graphics/Paint$FontMetricsInt
G4-JNI GetEnv version=0x00010002
G4-JNI FindClass name=com/ea/ironmonkey/BitmapGraphics
G4-JNI FindClass name=android/graphics/Paint$FontMetricsInt
G4-JNI GetEnv version=0x00010002
G4-JNI GetEnv version=0x00010002
G4-JNI FindClass name=com/ea/ironmonkey/BitmapGraphics
G4-JNI FindClass name=android/graphics/Paint$FontMetricsInt
G4-JNI GetEnv version=0x00010002
G4-JNI FindClass name=com/ea/ironmonkey/BitmapGraphics
G4-JNI FindClass name=android/graphics/Paint$FontMetricsInt
G4-JNI GetEnv version=0x00010002
G4-JNI GetEnv version=0x00010002
G4-JNI FindClass name=com/ea/ironmonkey/BitmapGraphics
G4-JNI FindClass name=android/graphics/Paint$FontMetricsInt
G4-JNI GetEnv version=0x00010002
G4-JNI FindClass name=com/ea/ironmonkey/BitmapGraphics
G4-JNI FindClass name=android/graphics/Paint$FontMetricsInt
G4-JNI GetEnv version=0x00010002
G4-JNI GetEnv version=0x00010002
G4-JNI FindClass name=com/ea/ironmonkey/BitmapGraphics
G4-JNI FindClass name=android/graphics/Paint$FontMetricsInt
G4-JNI GetEnv version=0x00010002
G4-JNI FindClass name=com/ea/ironmonkey/BitmapGraphics
G4-JNI FindClass name=android/graphics/Paint$FontMetricsInt
G4-JNI GetEnv version=0x00010002
G4-JNI GetEnv version=0x00010002
G4-JNI UNKNOWN table call guest-return=0xf5ab49a8
G4-JNI GetEnv version=0x00010002
android[2] trace: FlowManager splash.sba sba

android[2] trace: FlowManager splash_1333.sba sba

android[5] layouts/warning: LayoutEntity not in cache, reloading: splash

android[5] layouts/warning: LayoutEntity not in cache, reloading: spinner

android[5] layouts/warning: LayoutEntity not in cache, reloading: btn_screen_continue

android[5] layouts/warning: LayoutEntity not in cache, reloading: rollout_vingette

android[5] layouts/warning: TexturePack image not found for layout Sprite: bars_dividers/rollout_vingette.tif

android[5] layouts/warning: TexturePack image not found for layout Sprite: splash/speed_line_2.tif

android[5] layouts/warning: TexturePack image not found for layout Sprite: splash/speed_line.tif

android[5] layouts/warning: TexturePack image not found for layout Sprite: splash/triangles.tif

android[5] layouts/warning: TexturePack image not found for layout Sprite: splash/fm_logo_blur.tif

android[5] layouts/warning: TexturePack image not found for layout Sprite: splash/fm_logo.tif

android[5] layouts/warning: TexturePack image not found for layout Sprite: splash/nfs_blur_shapes.tif

android[5] layouts/warning: TexturePack image not found for layout Sprite: splash/car.tif

android[5] layouts/warning: TexturePack image not found for layout Sprite: images/messaging_white_flare.tif

android[5] layouts/warning: TexturePack image not found for layout Sprite: splash/most_wanted_logo.tif

android[5] layouts/warning: TexturePack image not found for layout Sprite: splash/ea_logo_blur.tif

android[5] layouts/warning: TexturePack image not found for layout Sprite: splash/ea_logo.tif

android[5] layouts/warning: TexturePack image not found for layout Sprite: icons/spinner_circle_mw.tif

android[5] layouts/warning: TexturePack image not found for layout Sprite: splash/car_splash_iphone.tif

android[2] trace: LayoutScreen::LayoutScreen OptionsSettingsScreen != 0

android[6] layouts/error: Unable to locate layout entity: tip_area

android[5] warn: Lock: Is being locked. Lock count: 1

android[4] ResourceManager: Add texture: /published/texturepacks_ui/splash_1333.sba_0

G4-JNI GetEnv version=0x00010002
android[2] trace: Kindle sound low latency fix

android[4] Sound/SoundManager/info: Sample Rate: 24000, Format: 2, Output Channels: 2, Max Input Channels: 2, Resample Method: 1

G4-JNI GetEnv version=0x00010002
G8-SILENT user-music-override=1
android[4] info: Platform::isAnyMusicPlaying = true

android[4] Sound/SoundManager/info: SoundManager::SuspendMusic

G4-JNI GetEnv version=0x00010002
G4-JNI GetMethodID name=getNotchesBoundingRects signature=()[[I id=0xaaeecb28
G4-JNI GetEnv version=0x00010002
android[2] trace: NFSSoundSubSystem::LoadUISounds() - memory used = 0 MB

android[2] trace: ShowMogaHighlight start

android[2] trace: ShowMogaHighlight 1

android[2] trace: ShowMogaHighlight end

G4-JNI GetEnv version=0x00010002
G4-JNI GetEnv version=0x00010002
G4-JNI FindClass name=com/ea/ironmonkey/BitmapGraphics
G4-JNI GetMethodID name=<init> signature=(II)V id=0xaaeecc2c
G4-BITMAP create width=512 height=512 stride=2048
G4-JNI GetEnv version=0x00010002
G4-JNI GetMethodID name=clear signature=()V id=0xaaeecd30
G4-JNI GetEnv version=0x00010002
G4-JNI GetMethodID name=drawString signature=(Landroid/graphics/Paint;Ljava/lang/String;II)V id=0xaaeece34
G4-JNI GetEnv version=0x00010002
G4-JNI GetEnv version=0x00010002
G4-JNI GetEnv version=0x00010002
G4-JNI GetEnv version=0x00010002
G4-JNI GetEnv version=0x00010002
G4-JNI GetEnv version=0x00010002
G4-JNI GetEnv version=0x00010002
G4-JNI GetEnv version=0x00010002
G4-JNI GetEnv version=0x00010002
G4-JNI GetEnv version=0x00010002
G4-JNI GetEnv version=0x00010002
G4-JNI GetEnv version=0x00010002
G4-JNI GetEnv version=0x00010002
G4-JNI GetEnv version=0x00010002
G4-JNI GetEnv version=0x00010002
G4-JNI GetEnv version=0x00010002
G4-JNI GetEnv version=0x00010002
G4-JNI GetEnv version=0x00010002
G4-JNI GetEnv version=0x00010002
G4-JNI GetEnv version=0x00010002
G4-JNI GetEnv version=0x00010002
G4-JNI GetEnv version=0x00010002
G4-JNI GetEnv version=0x00010002
G4-JNI GetEnv version=0x00010002
G4-JNI GetEnv version=0x00010002
G4-JNI GetEnv version=0x00010002
G4-JNI GetEnv version=0x00010002
G4-JNI GetEnv version=0x00010002
G4-JNI GetEnv version=0x00010002
G4-JNI GetEnv version=0x00010002
G4-JNI GetEnv version=0x00010002
G4-JNI GetEnv version=0x00010002
G4-JNI GetMethodID name=getBitmap signature=()Landroid/graphics/Bitmap; id=0xaaeecf38
G5-GL STATE frame=0 framebuffer=0 status=0x8cd5 errors=0
G7-FRAME leave=0
G7-FRAME enter=1
G5-GL STATE frame=1 framebuffer=0 status=0x8cd5 errors=0
G7-FRAME leave=1
G7-FRAME enter=2
G5-GL STATE frame=2 framebuffer=0 status=0x8cd5 errors=0
G7-FRAME leave=2
G7-FRAME enter=3
G5-GL STATE frame=3 framebuffer=0 status=0x8cd5 errors=0
G7-FRAME leave=3
G7-FRAME enter=4
G5-GL STATE frame=4 framebuffer=0 status=0x8cd5 errors=0
G7-FRAME leave=4
G7-FRAME enter=5
G5-GL STATE frame=5 framebuffer=0 status=0x8cd5 errors=0
G7-FRAME leave=5
G7-FRAME enter=6
G5-GL STATE frame=6 framebuffer=0 status=0x8cd5 errors=0
G7-FRAME leave=6
G7-FRAME enter=7
G5-GL STATE frame=7 framebuffer=0 status=0x8cd5 errors=0
G7-FRAME leave=7
G7-FRAME enter=8
G5-GL STATE frame=8 framebuffer=0 status=0x8cd5 errors=0
G7-FRAME leave=8
G7-FRAME enter=9
G5-GL STATE frame=9 framebuffer=0 status=0x8cd5 errors=0
G7-FRAME leave=9
android[6] Sound/SoundManager/error: FMOD result of SoundManager::createSound: An error occured that wasn't supposed to.  Contact support. 

android[5] Sound/SoundManager/warn: SoundManager::createSound - 'ui/ui/splash_firemonkeys': failure.

android[2] trace: UI play sound: ui/ui/splash_firemonkeys

G4-JNI GetEnv version=0x00010006
G4-JNI GetEnv version=0x00010006
G4-JNI GetEnv version=0x00010006
G4-JNI GetEnv version=0x00010006
G4-JNI GetStaticMethodID name=getComponent signature=()Lcom/ea/nimble/INetwork; id=0xaaeed03c
G4-JNI GetMethodID name=getStatus signature=()Lcom/ea/nimble/Network$Status; id=0xaaeed140
G4-JNI GetMethodID name=ordinal signature=()I id=0xaaeed244
G4-JNI GetEnv version=0x00010002
G4-JNI GetMethodID name=CallGC signature=()V id=0xaaeed348
android[5] flow/FlowNode/warn: Validate node  `/menus/demo_billing_prompt': Screen `Billing' not registered

android[5] flow/FlowNode/warn: Validate node  `/menus/options/main': Node `/menus/demo_billing_prompt' for output `PURCHASE' not valid

android[5] flow/FlowNode/warn: Validate node  `/menus/store/store': Node `/menus/options/main' for output `OPTIONS' not valid

android[5] flow/FlowNode/warn: Validate node  `/menus/profile/profile': Node `/menus/store/store' for output `STORE' not valid

android[5] flow/FlowNode/warn: Validate node  `/menus/garage/garage_grid': Node `/menus/profile/profile' for output `PROFILE' not valid

android[5] flow/FlowNode/warn: Validate node  `/menus/profile/profile_comparison': Node `/menus/garage/garage_grid' for output `GARAGE' not valid

android[5] flow/FlowNode/warn: Validate node  `/menus/map_overworld': Node `/menus/profile/profile_comparison' for output `MOSTWANTEDCOMPARISON' not valid

android[5] flow/FlowNode/warn: Validate node  `/tutorial_check': Node `/menus/map_overworld' for output `MAP' not valid

android[5] flow/FlowNode/warn: Validate node  `/update_check': Node `/tutorial_check' for output `SKIP' not valid

android[5] flow/FlowNode/warn: Validate node  `default': Node `/update_check' for output `DEFAULT' not valid

android[4] ResourceManager: Add texture: /published/texturepacks_ui/mwl_ai_avatars.sba_0

android[2] trace: MusicManager::SetPlaylist(): playlist=Loading fade=true

android[2] trace: MusicManager::PlayNextTrack() try, fade=true, soundManager.IsInitialized()=true, soundManager.IsUserMusicPlaying()=true

android[2] trace: MusicManager::PlayNextTrack(): break, fade=true, soundManager.IsInitialized()=true, soundManager.IsUserMusicPlaying()=true

android[2] trace: Tutorial: m_DrivingTutorialProgress=4/8

android[2] trace: Tutorial: m_FrontEndTutorialProgress=0/5

android[2] trace: Tutorial: Achiv=0

DEBUG: sendTrackingMessage!
G4-JNI GetEnv version=0x00010006
android[4] info: -- Most Wanted List Updated --

android[4] info: 1. You(0 PTS)

android[4] info: -- Most Wanted List Updated --

android[4] info: 1. MSTWNTD(20000 PTS)

android[4] info: 2. FANGD(19000 PTS)

android[4] info: 3. GDZLLR(18000 PTS)

android[4] info: 4. HONEY(17000 PTS)

android[4] info: 5. KRIEG(16000 PTS)

android[4] info: 6. GU1LTY(15000 PTS)

android[4] info: 7. SPIDER(14000 PTS)

android[4] info: 8. GTMC(13000 PTS)

android[4] info: 9. SNWBLND(12000 PTS)

android[4] info: 10. JAPAN4(11000 PTS)

android[4] info: 11. You(0 PTS)

DEBUG: sendTrackingMessage!
G4-JNI GetEnv version=0x00010006
G4-JNI GetEnv version=0x00010002
G7-FRAME enter=300
G5-GL STATE frame=300 framebuffer=0 status=0x8cd5 errors=0
G7-FRAME leave=300
G4-JNI GetEnv version=0x00010002
G4-JNI GetEnv version=0x00010002
G4-JNI GetEnv version=0x00010002
G4-JNI GetEnv version=0x00010002
G4-JNI GetEnv version=0x00010002
G4-JNI GetEnv version=0x00010002
G4-JNI GetEnv version=0x00010002
G4-JNI GetEnv version=0x00010002
G4-JNI GetEnv version=0x00010002
G4-JNI GetEnv version=0x00010002
G4-JNI GetEnv version=0x00010002
G4-JNI GetEnv version=0x00010002
G4-JNI GetEnv version=0x00010002
G4-JNI GetEnv version=0x00010002
G4-JNI GetEnv version=0x00010002
G4-JNI GetEnv version=0x00010002
G4-JNI GetEnv version=0x00010002
G4-JNI GetEnv version=0x00010002
G4-JNI GetEnv version=0x00010002
G4-JNI GetEnv version=0x00010002
G4-JNI GetEnv version=0x00010002
G4-JNI GetEnv version=0x00010002
G4-JNI GetEnv version=0x00010002
G4-JNI GetEnv version=0x00010002
G4-JNI GetEnv version=0x00010002
G4-JNI GetEnv version=0x00010002
G4-JNI GetEnv version=0x00010002
G4-JNI GetEnv version=0x00010002
G4-JNI GetEnv version=0x00010002
G4-JNI GetEnv version=0x00010002
G4-JNI GetEnv version=0x00010002
G4-JNI GetEnv version=0x00010002
G4-JNI GetEnv version=0x00010002
G4-JNI GetEnv version=0x00010002
G4-JNI GetEnv version=0x00010002
G4-JNI GetEnv version=0x00010002
G4-JNI GetEnv version=0x00010002
G4-JNI GetEnv version=0x00010002
G4-JNI GetEnv version=0x00010002
G4-JNI GetEnv version=0x00010002
G4-JNI GetEnv version=0x00010002
G4-JNI GetEnv version=0x00010002
G4-JNI GetEnv version=0x00010002
G4-JNI GetEnv version=0x00010002
G4-JNI GetEnv version=0x00010002
G4-JNI GetEnv version=0x00010002
G4-JNI GetEnv version=0x00010002
G4-JNI GetEnv version=0x00010002
G4-JNI GetEnv version=0x00010002
G4-JNI GetEnv version=0x00010002
G4-JNI GetEnv version=0x00010002
G4-JNI GetEnv version=0x00010002
G4-JNI GetEnv version=0x00010002
G4-JNI GetEnv version=0x00010002
G4-JNI GetEnv version=0x00010002
G4-JNI GetEnv version=0x00010002
G4-JNI GetEnv version=0x00010002
G4-JNI GetEnv version=0x00010002
G4-JNI GetEnv version=0x00010002
G4-JNI GetEnv version=0x00010002
G4-JNI GetEnv version=0x00010002
G4-JNI GetEnv version=0x00010002
android[4] ResourceManager: Add texture: /published/texturepacks_ui/map.sba_0

android[4] ResourceManager: Add texture: /published/texturepacks_ui/map.sba_1

G4-JNI GetEnv version=0x00010002
G4-JNI GetEnv version=0x00010002
G4-JNI GetEnv version=0x00010002
G4-JNI GetEnv version=0x00010002
G4-JNI GetEnv version=0x00010002
G4-JNI GetEnv version=0x00010002
G4-JNI GetEnv version=0x00010002
G4-JNI GetEnv version=0x00010002
G4-JNI GetEnv version=0x00010002
G4-JNI GetEnv version=0x00010002
G4-JNI GetEnv version=0x00010002
G4-JNI GetEnv version=0x00010002
G4-JNI GetEnv version=0x00010002
G4-JNI GetEnv version=0x00010002
G4-JNI GetEnv version=0x00010002
G4-JNI GetEnv version=0x00010002
G4-JNI GetEnv version=0x00010002
G4-JNI GetEnv version=0x00010002
G4-JNI GetEnv version=0x00010002
G4-JNI GetEnv version=0x00010002
G4-JNI GetEnv version=0x00010002
G4-JNI GetEnv version=0x00010002
G4-JNI GetEnv version=0x00010002
G4-JNI GetEnv version=0x00010002
G4-JNI GetEnv version=0x00010002
G4-JNI GetEnv version=0x00010002
G4-JNI GetEnv version=0x00010002
G4-JNI GetEnv version=0x00010002
G4-JNI GetEnv version=0x00010002
G4-JNI GetEnv version=0x00010002
G4-JNI GetEnv version=0x00010002
G4-JNI GetEnv version=0x00010002
G4-JNI GetEnv version=0x00010002
G4-JNI GetEnv version=0x00010002
G4-JNI GetEnv version=0x00010002
G4-JNI GetEnv version=0x00010002
G4-JNI GetEnv version=0x00010002
G4-JNI GetEnv version=0x00010002
G4-JNI GetEnv version=0x00010002
G4-JNI GetEnv version=0x00010002
G4-JNI GetEnv version=0x00010002
G4-JNI GetEnv version=0x00010002
G4-JNI GetEnv version=0x00010002
G4-JNI GetEnv version=0x00010002
G4-JNI GetEnv version=0x00010002
G4-JNI GetEnv version=0x00010002
G4-JNI GetEnv version=0x00010002
G4-JNI GetEnv version=0x00010002
G4-JNI GetEnv version=0x00010002
G4-JNI GetEnv version=0x00010002
G4-JNI GetEnv version=0x00010002
G4-JNI GetEnv version=0x00010002
G4-JNI GetEnv version=0x00010002
G4-JNI GetEnv version=0x00010002
G4-JNI GetEnv version=0x00010002
G4-JNI GetEnv version=0x00010002
G4-JNI GetEnv version=0x00010002
G4-JNI GetEnv version=0x00010002
G4-JNI GetEnv version=0x00010002
G4-JNI GetEnv version=0x00010002
G4-JNI GetEnv version=0x00010002
G4-JNI GetEnv version=0x00010002
G4-JNI GetEnv version=0x00010002
G4-JNI GetEnv version=0x00010002
G4-JNI GetEnv version=0x00010002
G4-JNI GetEnv version=0x00010002
G4-JNI GetEnv version=0x00010002
G4-JNI GetEnv version=0x00010002
G4-JNI GetEnv version=0x00010002
G4-JNI GetEnv version=0x00010002
android[4] ResourceManager: Add texture: /published/texturepacks_ui/menu.sba_0

android[4] ResourceManager: Add texture: /published/texturepacks_ui/menu.sba_1

android[4] ResourceManager: Add texture: /published/texturepacks_ui/menu.sba_2

android[4] ResourceManager: Add texture: /published/texturepacks_ui/masks.sba_0

android[4] ResourceManager: Add asset: /published/textures/cars/texture_brakelight_additive.sba

android[4] ResourceManager: Add asset: /published/textures/cars/texture_headlight_additive.sba

android[4] ResourceManager: Add asset: /published/textures/environments/garage/texture_concrete_floor_1024_alt.sba

android[4] ResourceManager: Add asset: /published/textures/environments/garage/texture_garage_skydome.sba

android[4] ResourceManager: Add asset: /published/textures/environments/garage/texture_concrete_floor_1024.sba

android[5] warn: WARNING: loading model directly: /published/models/cutscenerig/garage.m3g

android[5] serialization_old/warn: Field "useOffset" not found!

android[4] ResourceManager: Add asset: /published/textures/environments/garage/texture_hemispheremap.sba

android[4] ResourceManager: Add asset: /published/textures/environments/garage/texture_hemispheremap_vinyl.sba

android[5] layouts/warning: SetAnimation: Animation load_complete not found in node /[NoID]/[NoID]

G4-JNI GetEnv version=0x00010006
G4-JNI GetEnv version=0x00010002
G4-JNI GetEnv version=0x00010002
G4-JNI GetEnv version=0x00010002
G4-JNI GetEnv version=0x00010002
G4-JNI GetEnv version=0x00010002
G4-JNI GetEnv version=0x00010002
G4-JNI GetEnv version=0x00010002
G4-JNI GetEnv version=0x00010002
G4-JNI GetEnv version=0x00010002
G4-JNI GetEnv version=0x00010002
G4-JNI GetEnv version=0x00010002
G4-JNI GetEnv version=0x00010002
G4-JNI GetEnv version=0x00010002
G4-JNI GetEnv version=0x00010002
G4-JNI GetEnv version=0x00010002
G4-JNI GetEnv version=0x00010002
G7-FRAME enter=600
G5-GL STATE frame=600 framebuffer=0 status=0x8cd5 errors=0
G7-FRAME leave=600
G4-JNI GetEnv version=0x00010006
android[5] layouts/warning: LayoutEntity not in cache, reloading: tutorial_check

android[2] trace: LayoutScreen::LayoutScreen OptionsSettingsScreen != 0

android[2] trace: ShowMogaHighlight start

android[2] trace: ShowMogaHighlight 1

android[2] trace: ShowMogaHighlight end

android[5] warn: Unlock: Is being unlocked. Lock count: 0

android[4] ResourceManager: Remove texture: /published/texturepacks_ui/splash_1333.sba_0

android[2] trace: LayoutScreen::LayoutScreen OptionsSettingsScreen != 0

android[2] trace: ShowMogaHighlight start

android[2] trace: ShowMogaHighlight 1

android[2] trace: ShowMogaHighlight end

android[6] serialization/error: Cannot remove non-existent field PendingUpgrades

android[4] ResourceManager: Remove asset: /published/textures/environments/garage/texture_concrete_floor_1024_alt.sba

android[4] ResourceManager: Remove asset: /published/textures/environments/garage/texture_garage_skydome.sba

android[4] ResourceManager: Remove asset: /published/textures/environments/garage/texture_concrete_floor_1024.sba

android[4] ResourceManager: Remove asset: /published/textures/cars/texture_brakelight_additive.sba

android[4] ResourceManager: Remove asset: /published/textures/cars/texture_headlight_additive.sba

android[5] layouts/warning: LayoutEntity not in cache, reloading: loading_firstplay

android[5] layouts/warning: LayoutEntity not in cache, reloading: spinner

android[5] layouts/warning: LayoutEntity not in cache, reloading: lower_white_bar

android[5] layouts/warning: TexturePack image not found for layout Sprite: hud/results_header.tif

android[5] layouts/warning: TexturePack image not found for layout Sprite: backgrounds/fairhaven_iphone.tif

android[2] trace: LayoutScreen::LayoutScreen OptionsSettingsScreen != 0

android[6] layouts/error: Unable to locate layout entity: tip_area

android[2] trace: FlowManager /published/texturepacks_ui/loading_firstplay.sba sba

android[2] trace: FlowManager /published/texturepacks_ui/loading_firstplay_1333.sba sba

android[4] ResourceManager: Add texture: /published/texturepacks_ui/loading_firstplay_1333.sba_0

android[5] warn: Lock: Is being locked. Lock count: 1

android[4] ResourceManager: Add texture: /published/texturepacks_ui/loading_race.sba_0

android[2] trace: MusicManager::SetPlaylist(): playlist=Loading fade=true

android[4] ResourceManager: Remove texture: /published/texturepacks_ui/masks.sba_0

android[4] ResourceManager: Remove texture: /published/texturepacks_ui/menu.sba_1

android[4] ResourceManager: Remove texture: /published/texturepacks_ui/menu.sba_2

android[4] ResourceManager: Remove texture: /published/texturepacks_ui/menu.sba_0

android[4] ResourceManager: Remove texture: /published/texturepacks_ui/map.sba_1

android[4] ResourceManager: Remove texture: /published/texturepacks_ui/map.sba_0

G4-JNI GetEnv version=0x00010002
android[2] trace: NFSSoundSubSystem::LoadInRaceSounds() - memory used = 0 MB

android[4] ResourceManager: Add texture: /published/texturepacks_flares/coronas.sba_0

android[5] warn: Non-power-of-two texture.  Wrapping set to clamp

android[4] ResourceManager: Add asset: /published/textures/cars/texture_tyre_marks.sba

android[4] ResourceManager: Add asset: /published/textures/cars/shadows/texture_car_shadow.sba

android[4] ResourceManager: Add asset: /published/textures/cars/texture_brakelight_additive.sba

android[4] ResourceManager: Add asset: /published/textures/cars/texture_headlight_additive.sba

android[2] trace: ShowMogaHighlight start

android[2] trace: ShowMogaHighlight 1

android[2] trace: ShowMogaHighlight end

G4-JNI GetEnv version=0x00010002
G4-JNI GetEnv version=0x00010002
G4-JNI GetEnv version=0x00010002
G4-JNI GetEnv version=0x00010002
G4-JNI GetEnv version=0x00010002
G4-JNI GetEnv version=0x00010002
G4-JNI GetEnv version=0x00010002
G4-JNI GetEnv version=0x00010002
G4-JNI GetEnv version=0x00010002
G4-JNI GetEnv version=0x00010002
G4-JNI GetEnv version=0x00010002
G4-JNI GetEnv version=0x00010002
G4-JNI GetEnv version=0x00010002
G4-JNI GetEnv version=0x00010002
G4-JNI GetEnv version=0x00010002
G4-JNI GetEnv version=0x00010002
G4-JNI GetEnv version=0x00010002
G4-JNI GetEnv version=0x00010002
G4-JNI GetEnv version=0x00010002
G4-JNI GetEnv version=0x00010002
G4-JNI GetEnv version=0x00010002
G4-JNI GetEnv version=0x00010002
G4-JNI GetEnv version=0x00010002
G4-JNI GetEnv version=0x00010002
G4-JNI GetEnv version=0x00010002
G4-JNI GetEnv version=0x00010002
G4-JNI GetEnv version=0x00010002
G4-JNI GetEnv version=0x00010002
G4-JNI GetEnv version=0x00010002
G4-JNI GetEnv version=0x00010002
G4-JNI GetEnv version=0x00010002
G4-JNI GetEnv version=0x00010002
G4-JNI GetEnv version=0x00010002
G4-JNI GetEnv version=0x00010002
G4-JNI GetEnv version=0x00010002
G4-JNI GetEnv version=0x00010002
G4-JNI GetEnv version=0x00010002
G4-JNI GetEnv version=0x00010002
G4-JNI GetEnv version=0x00010002
G4-JNI GetEnv version=0x00010002
G4-JNI GetEnv version=0x00010002
G4-JNI GetEnv version=0x00010002
G4-JNI GetEnv version=0x00010002
G4-JNI GetEnv version=0x00010002
G4-JNI GetEnv version=0x00010002
G4-JNI GetEnv version=0x00010002
G4-JNI GetEnv version=0x00010002
android[4] ResourceManager: Add asset: /published/textures/environments/chicago/texture_nfs_chicago2_road.sba

android[4] ResourceManager: Add asset: /published/textures/environments/chicago/texture_nfs_chicago_road_lm04.sba

android[4] ResourceManager: Add asset: /published/textures/environments/chicago/texture_nfs_chicago_road_spec01.sba

G7-FRAME enter=900
G5-GL STATE frame=900 framebuffer=0 status=0x8cd5 errors=0
G7-FRAME leave=900
android[4] ResourceManager: Add asset: /published/textures/environments/chicago/texture_nfs_chicago_road_lm01.sba

android[4] ResourceManager: Add asset: /published/textures/environments/chicago/texture_nfs_chicago2_barrier.sba

android[4] ResourceManager: Add asset: /published/textures/environments/chicago/texture_nfs_chicago2_alpha.sba

android[4] ResourceManager: Add asset: /published/textures/environments/chicago/texture_nfs_chicago2_buildings.sba

android[4] ResourceManager: Add asset: /published/textures/environments/chicago/texture_nfs_chicago2_skydome.sba

android[4] ResourceManager: Add asset: /published/textures/sponsors/texture_nfs_sponsorbillboards_chicago.sba

android[4] ResourceManager: Add asset: /published/textures/environments/chicago/texture_nfs_chicago2_fx.sba

android[4] ResourceManager: Add asset: /published/textures/collidables/texture_collidables_chicago.sba

android[4] ResourceManager: Add asset: /published/textures/collidables/texture_nfs_collidables_lightingeffects.sba

android[4] ResourceManager: Add asset: /published/textures/checkpoints/texture_startendcheckpoint_global.sba

android[4] ResourceManager: Add asset: /published/textures/collidables/texture_collidables_newyork.sba

android[5] warn: Texture pack /published/texturepacks_flares/lensflare_desert_sun.m3g referenced using .m3g extension; should be updated to .sb
android[5] warn: a

android[4] ResourceManager: Add asset: /published/textures/collidables/texture_collidables_colorado.sba

android[5] warn: WARNING: loading model directly: /published/models/cars/roadblock_dodge_charger_srt8_2010/roadblock_dodge_charger_srt8_2010.m3
android[5] warn: g

android[4] ResourceManager: Add asset: /published/textures/cars/cop_dodge_charger_srt8_2010/texture_cop_dodge_charger_srt8_2010_diffuse_00.sba

android[4] ResourceManager: Add asset: /published/textures/cars/cop_common/texture_lightfx_2.sba

android[4] ResourceManager: Add asset: /published/textures/cars/cop_dodge_charger_srt8_2010/texture_cop_dodge_charger_srt8_2010_alpha.sba

android[5] warn: WARNING: loading model directly: /published/models/cars/roadblock_dodge_charger_srt8_2010/roadblock_dodge_charger_srt8_2010.m3
android[5] warn: g

android[5] warn: WARNING: loading model directly: /published/models/cars/roadblock_dodge_charger_srt8_2010/roadblock_dodge_charger_srt8_2010.m3
android[5] warn: g

android[5] warn: WARNING: loading model directly: /published/models/cars/roadblock_dodge_charger_srt8_2010/roadblock_dodge_charger_srt8_2010.m3
android[5] warn: g

android[5] warn: WARNING: loading model directly: /published/models/cars/roadblock_dodge_charger_srt8_2010/roadblock_dodge_charger_srt8_2010.m3
android[5] warn: g

android[5] warn: WARNING: loading model directly: /published/models/cars/roadblock_dodge_charger_srt8_2010/roadblock_dodge_charger_srt8_2010.m3
android[5] warn: g

android[5] warn: WARNING: loading model directly: /published/models/cars/roadblock_dodge_charger_srt8_2010/roadblock_dodge_charger_srt8_2010.m3
android[5] warn: g

android[5] warn: WARNING: loading model directly: /published/models/cars/roadblock_dodge_charger_srt8_2010/roadblock_dodge_charger_srt8_2010.m3
android[5] warn: g

android[6] Sound/SoundManager/error: FMOD result of SoundManager::createSound: An error occured that wasn't supposed to.  Contact support. 

android[5] Sound/SoundManager/warn: SoundManager::createSound - 'effects/environments/ambience_chicago_1': failure.

android[4] ResourceManager: Add asset: /published/textures/cars/cop_dodge_charger_srt8_2010/texture_cop_dodge_charger_srt8_2010_diffuse_reflection_gloss.s
android[4] ResourceManager: ba

android[4] ResourceManager: Add asset: /published/brdf/texture_brdf_gloss.sba

android[4] ResourceManager: Add asset: /published/brdf/texture_sp_gloss.sba

android[4] ResourceManager: Add asset: /published/textures/cars/numberplates/texture_numberplate_need4speed.sba

G4-JNI GetEnv version=0x00010006
android[4] ResourceManager: Add asset: /published/textures/cars/cop_dodge_charger_srt8_2010/texture_cop_dodge_charger_srt8_2010_alpha_reflection.sba

android[4] ResourceManager: Add asset: /published/textures/cars/cop_dodge_charger_srt8_2010/texture_cop_dodge_charger_srt8_2010_alpha_damage.sba

android[4] ResourceManager: Add asset: /published/textures/cars/damage/texture_scratch.sba

android[4] ResourceManager: Add asset: /published/brdf/texture_sp_wheels.sba

android[4] ResourceManager: Add asset: /published/textures/environments/texture_puddlenoisemap.sba

android[4] ResourceManager: Add asset: /published/textures/environments/chicago/texture_nfs_chicago_skyreflection2.sba

android[4] ResourceManager: Add asset: /published/textures/environments/chicago/texture_nfs_chicago_rm01.sba

android[4] ResourceManager: Add asset: /published/textures/environments/chicago/texture_nfs_chicago_rm02.sba

android[5] warn: WARNING: loading model directly: /published/models/cars/dodge_challenger_srt8_392_2011/dodge_challenger_srt8_392_2011.m3g

android[4] ResourceManager: Add asset: /published/textures/cars/dodge_challenger_srt8_392_2011/texture_dodge_challenger_srt8_392_2011_diffuse_00.sba

android[4] ResourceManager: Add asset: /published/textures/cars/dodge_challenger_srt8_392_2011/texture_dodge_challenger_srt8_392_2011_alpha.sba

android[4] ResourceManager: Add asset: /published/textures/cars/texture_light_falloff.sba

android[5] warn: WARNING: loading model directly: /published/models/cars/fx_nitro.m3g

android[4] ResourceManager: Add asset: /published/textures/cars/texture_fx_nitro.sba

android[5] warn: WARNING: loading model directly: /published/models/cars/fx_nitro.m3g

android[5] warn: WARNING: loading model directly: /published/models/cars/fx_nitro.m3g

android[5] warn: WARNING: loading model directly: /published/models/cars/fx_nitro.m3g

android[4] ResourceManager: Add asset: /published/textures/cars/numberplates/texture_numberplate_need4speed_reflection.sba

android[4] ResourceManager: Add asset: /published/textures/cars/dodge_challenger_srt8_392_2011/texture_dodge_challenger_srt8_392_2011_alpha_reflection.sba

android[4] ResourceManager: Add asset: /published/textures/cars/dodge_challenger_srt8_392_2011/texture_dodge_challenger_srt8_392_2011_alpha_damage.sba

android[4] ResourceManager: Add asset: /published/textures/cars/dodge_challenger_srt8_392_2011/texture_dodge_challenger_srt8_392_2011_diffuse_reflection_g
android[4] ResourceManager: loss.sba

android[4] ResourceManager: Add asset: /published/brdf/texture_brdf_gloss_light.sba

android[4] ResourceManager: Add asset: /published/brdf/texture_sp_dodge_challenger_srt8_392_2011_white.sba

android[5] warn: WARNING: loading model directly: /published/models/blacklisttech/spikestrip.m3g

android[4] ResourceManager: Add asset: /published/textures/blacklisttech/texture_generic_light.sba

android[4] ResourceManager: Add asset: /published/textures/blacklisttech/texture_spikestrip.sba

android[5] warn: OnSceneChanged: could not find spike strip locator.

android[5] warn: SetTarget: could not find locator_camera_rearview, using existing rear view camera position.

android[5] warn: WARNING: loading model directly: /published/models/cars/chevrolet_camaro_zl1_2011/chevrolet_camaro_zl1_2011.m3g

android[4] ResourceManager: Add asset: /published/textures/cars/chevrolet_camaro_zl1_2011/texture_chevrolet_camaro_zl1_2011_diffuse_00.sba

android[4] ResourceManager: Add asset: /published/textures/cars/chevrolet_camaro_zl1_2011/texture_chevrolet_camaro_zl1_2011_alpha.sba

android[5] warn: WARNING: loading model directly: /published/models/cars/fx_nitro.m3g

android[5] warn: WARNING: loading model directly: /published/models/cars/fx_nitro.m3g

android[5] warn: WARNING: loading model directly: /published/models/cars/fx_nitro.m3g

android[5] warn: WARNING: loading model directly: /published/models/cars/fx_nitro.m3g

android[4] ResourceManager: Add asset: /published/textures/cars/chevrolet_camaro_zl1_2011/texture_chevrolet_camaro_zl1_2011_alpha_reflection.sba

android[4] ResourceManager: Add asset: /published/textures/cars/chevrolet_camaro_zl1_2011/texture_chevrolet_camaro_zl1_2011_alpha_damage.sba

android[4] ResourceManager: Add asset: /published/textures/cars/chevrolet_camaro_zl1_2011/texture_chevrolet_camaro_zl1_2011_diffuse_02.sba

android[4] ResourceManager: Add asset: /published/textures/cars/chevrolet_camaro_zl1_2011/texture_chevrolet_camaro_zl1_2011_diffuse_reflection_gloss.sba

android[4] ResourceManager: Add asset: /published/brdf/texture_brdf_gloss_mid.sba

android[5] warn: WARNING: loading model directly: /published/models/blacklisttech/spikestrip.m3g

android[5] warn: OnSceneChanged: could not find spike strip locator.

android[5] warn: WARNING: loading model directly: /published/models/cars/bmw_m3_e92_2009/bmw_m3_e92_2009.m3g

android[4] ResourceManager: Add asset: /published/textures/cars/bmw_m3_e92_2009/texture_bmw_m3_e92_2009_diffuse_00.sba

android[4] ResourceManager: Add asset: /published/textures/cars/bmw_m3_e92_2009/texture_bmw_m3_e92_2009_alpha.sba

android[5] warn: WARNING: loading model directly: /published/models/cars/fx_nitro.m3g

android[5] warn: WARNING: loading model directly: /published/models/cars/fx_nitro.m3g

android[5] warn: WARNING: loading model directly: /published/models/cars/fx_nitro.m3g

android[5] warn: WARNING: loading model directly: /published/models/cars/fx_nitro.m3g

android[4] ResourceManager: Add asset: /published/textures/cars/bmw_m3_e92_2009/texture_bmw_m3_e92_2009_alpha_reflection.sba

android[4] ResourceManager: Add asset: /published/textures/cars/bmw_m3_e92_2009/texture_bmw_m3_e92_2009_alpha_damage.sba

G7-FRAME enter=1200
android[4] ResourceManager: Add asset: /published/textures/cars/bmw_m3_e92_2009/texture_bmw_m3_e92_2009_diffuse_03.sba

G5-GL STATE frame=1200 framebuffer=0 status=0x8cd5 errors=0
G7-FRAME leave=1200
android[4] ResourceManager: Add asset: /published/textures/cars/bmw_m3_e92_2009/texture_bmw_m3_e92_2009_diffuse_reflection_gloss.sba

android[4] ResourceManager: Add asset: /published/brdf/texture_brdf_metallic.sba

android[4] ResourceManager: Add asset: /published/brdf/texture_sp_metallic.sba

android[5] warn: WARNING: loading model directly: /published/models/blacklisttech/spikestrip.m3g

android[5] warn: OnSceneChanged: could not find spike strip locator.

android[5] warn: WARNING: loading model directly: /published/models/cars/dodge_challenger_srt8_392_2011/dodge_challenger_srt8_392_2011.m3g

android[5] warn: WARNING: loading model directly: /published/models/cars/fx_nitro.m3g

android[5] warn: WARNING: loading model directly: /published/models/cars/fx_nitro.m3g

android[5] warn: WARNING: loading model directly: /published/models/cars/fx_nitro.m3g

android[5] warn: WARNING: loading model directly: /published/models/cars/fx_nitro.m3g

android[4] ResourceManager: Add asset: /published/textures/cars/dodge_challenger_srt8_392_2011/texture_dodge_challenger_srt8_392_2011_diffuse_03.sba

android[4] ResourceManager: Add asset: /published/textures/cars/dodge_challenger_srt8_392_2011/texture_dodge_challenger_srt8_392_2011_diffuse_reflection_s
android[4] ResourceManager: peedstripe.sba

android[4] ResourceManager: Add asset: /published/brdf/texture_brdf_dodge_challenger_srt8_392_2011_green.sba

android[4] ResourceManager: Add asset: /published/brdf/texture_sp_colouredpearl.sba

android[5] warn: WARNING: loading model directly: /published/models/blacklisttech/spikestrip.m3g

android[5] warn: OnSceneChanged: could not find spike strip locator.

android[5] warn: WARNING: loading model directly: /published/models/cars/bmw_m3_e92_2009/bmw_m3_e92_2009.m3g

android[5] warn: WARNING: loading model directly: /published/models/cars/fx_nitro.m3g

android[5] warn: WARNING: loading model directly: /published/models/cars/fx_nitro.m3g

android[5] warn: WARNING: loading model directly: /published/models/cars/fx_nitro.m3g

android[5] warn: WARNING: loading model directly: /published/models/cars/fx_nitro.m3g

android[4] ResourceManager: Add asset: /published/textures/cars/bmw_m3_e92_2009/texture_bmw_m3_e92_2009_diffuse_01.sba

android[5] warn: WARNING: loading model directly: /published/models/blacklisttech/spikestrip.m3g

android[5] warn: OnSceneChanged: could not find spike strip locator.

android[5] warn: WARNING: loading model directly: /published/models/cars/dodge_challenger_srt8_392_2011/dodge_challenger_srt8_392_2011.m3g

android[5] warn: WARNING: loading model directly: /published/models/cars/fx_nitro.m3g

android[5] warn: WARNING: loading model directly: /published/models/cars/fx_nitro.m3g

android[5] warn: WARNING: loading model directly: /published/models/cars/fx_nitro.m3g

android[5] warn: WARNING: loading model directly: /published/models/cars/fx_nitro.m3g

android[4] ResourceManager: Add asset: /published/textures/cars/dodge_challenger_srt8_392_2011/texture_dodge_challenger_srt8_392_2011_diffuse_02.sba

android[4] ResourceManager: Add asset: /published/brdf/texture_brdf_gloss_dark.sba

android[5] warn: WARNING: loading model directly: /published/models/blacklisttech/spikestrip.m3g

android[5] warn: OnSceneChanged: could not find spike strip locator.

android[6] error: OnCarLoadedcould not load default config default for car prefab traffic_ford_crown_victoria_taxi

android[5] warn: WARNING: loading model directly: /published/models/cars/traffic_ford_crown_victoria_taxi/traffic_ford_crown_victoria_taxi.m3g

android[4] ResourceManager: Add asset: /published/textures/cars/traffic_ford_crown_victoria_taxi/texture_traffic_ford_crown_victoria_taxi_diffuse.sba

android[4] ResourceManager: Add asset: /published/textures/cars/traffic_ford_crown_victoria_taxi/texture_traffic_ford_crown_victoria_taxi_reflection_gloss
android[4] ResourceManager: .sba

android[6] error: OnCarLoadedcould not load default config default for car prefab traffic_cadillac_cts_v_2003

android[5] warn: WARNING: loading model directly: /published/models/cars/traffic_cadillac_cts_v_2003/traffic_cadillac_cts_v_2003.m3g

android[4] ResourceManager: Add asset: /published/textures/cars/traffic_cadillac_cts_v_2003/texture_traffic_cadillac_cts_v_2003_diffuse_00.sba

android[4] ResourceManager: Add asset: /published/textures/cars/traffic_cadillac_cts_v_2003/texture_traffic_cadillac_cts_v_2003_diffuse_reflection_gloss.s
android[4] ResourceManager: ba

android[6] error: OnCarLoadedcould not load default config default for car prefab traffic_audi_a3_2009

android[5] warn: WARNING: loading model directly: /published/models/cars/traffic_audi_a3_2009/traffic_audi_a3_2009.m3g

android[4] ResourceManager: Add asset: /published/textures/cars/traffic_audi_a3_2009/texture_traffic_audi_a3_2009_diffuse.sba

android[4] ResourceManager: Add asset: /published/textures/cars/traffic_audi_a3_2009/texture_traffic_audi_a3_2009_reflection_gloss.sba

android[6] error: OnCarLoadedcould not load default config default for car prefab traffic_dodge_ram1500_2010

android[5] warn: WARNING: loading model directly: /published/models/cars/traffic_dodge_ram1500_2010/traffic_dodge_ram1500_2010.m3g

android[4] ResourceManager: Add asset: /published/textures/cars/traffic_dodge_ram1500_2010/texture_traffic_dodge_ram1500_2010_diffuse_00.sba

G4-JNI GetEnv version=0x00010006
android[4] ResourceManager: Add asset: /published/textures/cars/traffic_dodge_ram1500_2010/texture_traffic_dodge_ram1500_2010_diffuse_reflection_gloss.sba

android[6] error: OnCarLoadedcould not load default config default for car prefab traffic_ford_crown_victoria_taxi

android[5] warn: WARNING: loading model directly: /published/models/cars/traffic_ford_crown_victoria_taxi/traffic_ford_crown_victoria_taxi.m3g

android[6] error: OnCarLoadedcould not load default config default for car prefab traffic_cadillac_cts_v_2003

android[5] warn: WARNING: loading model directly: /published/models/cars/traffic_cadillac_cts_v_2003/traffic_cadillac_cts_v_2003.m3g

android[6] error: OnCarLoadedcould not load default config default for car prefab traffic_audi_a3_2009

android[5] warn: WARNING: loading model directly: /published/models/cars/traffic_audi_a3_2009/traffic_audi_a3_2009.m3g

android[6] error: OnCarLoadedcould not load default config default for car prefab traffic_dodge_ram1500_2010

android[5] warn: WARNING: loading model directly: /published/models/cars/traffic_dodge_ram1500_2010/traffic_dodge_ram1500_2010.m3g

android[5] warn: Failed to find component of type CopDescription in root actor of prefab published/data/pursuit/pursuit_1-I-R.prefabs.sb

android[5] warn: Failed to find component of type CopDescription in root actor of prefab published/data/pursuit/pursuit_1-I-S.prefabs.sb

android[5] warn: Failed to find component of type CopDescription in root actor of prefab published/data/pursuit/pursuit_1-I-SR.prefabs.sb

android[5] warn: Failed to find component of type CopDescription in root actor of prefab published/data/pursuit/pursuit_1-I.prefabs.sb

android[5] warn: Failed to find component of type CopDescription in root actor of prefab published/data/pursuit/pursuit_1-P-R.prefabs.sb

android[5] warn: Failed to find component of type CopDescription in root actor of prefab published/data/pursuit/pursuit_1-P-R_easy.prefabs.sb

android[5] warn: Failed to find component of type CopDescription in root actor of prefab published/data/pursuit/pursuit_1-P-S.prefabs.sb

android[5] warn: Failed to find component of type CopDescription in root actor of prefab published/data/pursuit/pursuit_1-P-SR.prefabs.sb

android[5] warn: Failed to find component of type CopDescription in root actor of prefab published/data/pursuit/pursuit_1-P.prefabs.sb

android[5] warn: Failed to find component of type CopDescription in root actor of prefab published/data/pursuit/pursuit_1-PS-R.prefabs.sb

android[5] warn: Failed to find component of type CopDescription in root actor of prefab published/data/pursuit/pursuit_1-PS-R_easy.prefabs.sb

android[5] warn: Failed to find component of type CopDescription in root actor of prefab published/data/pursuit/pursuit_1-PS.prefabs.sb

android[5] warn: Failed to find component of type CopDescription in root actor of prefab published/data/pursuit/pursuit_1-P_easy.prefabs.sb

android[5] warn: Failed to find component of type CopDescription in root actor of prefab published/data/pursuit/pursuit_1-S-R.prefabs.sb

android[5] warn: Failed to find component of type CopDescription in root actor of prefab published/data/pursuit/pursuit_1-S.prefabs.sb

android[5] warn: Failed to find component of type CopDescription in root actor of prefab published/data/pursuit/pursuit_2-I-S.prefabs.sb

android[5] warn: Failed to find component of type CopDescription in root actor of prefab published/data/pursuit/pursuit_2-I-SR.prefabs.sb

android[5] warn: Failed to find component of type CopDescription in root actor of prefab published/data/pursuit/pursuit_2-P-R.prefabs.sb

android[5] warn: Failed to find component of type CopDescription in root actor of prefab published/data/pursuit/pursuit_2-P-S.prefabs.sb

android[5] warn: Failed to find component of type CopDescription in root actor of prefab published/data/pursuit/pursuit_2-PS-R.prefabs.sb

android[5] warn: Failed to find component of type CopDescription in root actor of prefab published/data/pursuit/pursuit_2-PS-S.prefabs.sb

android[5] warn: Failed to find component of type CopDescription in root actor of prefab published/data/pursuit/pursuit_2-PS-SR.prefabs.sb

android[5] warn: Failed to find component of type CopDescription in root actor of prefab published/data/pursuit/pursuit_2-PS.prefabs.sb

android[5] warn: Failed to find component of type CopDescription in root actor of prefab published/data/pursuit/pursuit_2-PSI-S.prefabs.sb

android[5] warn: Failed to find component of type CopDescription in root actor of prefab published/data/pursuit/pursuit_2-PSI-SR.prefabs.sb

android[5] warn: Failed to find component of type CopDescription in root actor of prefab published/data/pursuit/pursuit_2-S-R_easy.prefabs.sb

android[5] warn: Failed to find component of type CopDescription in root actor of prefab published/data/pursuit/pursuit_2-S-SR_easy.prefabs.sb

android[5] warn: Failed to find component of type CopDescription in root actor of prefab published/data/pursuit/pursuit_2-SI-SR_hard.prefabs.sb

android[5] warn: Failed to find component of type CopDescription in root actor of prefab published/data/pursuit/pursuit_3-I-S.prefabs.sb

android[5] warn: Failed to find component of type CopDescription in root actor of prefab published/data/pursuit/pursuit_3-I-SR.prefabs.sb

android[5] warn: Failed to find component of type CopDescription in root actor of prefab published/data/pursuit/pursuit_3-I-SR_hard.prefabs.sb

android[5] warn: Failed to find component of type CopDescription in root actor of prefab published/data/pursuit/pursuit_3-I-S_hard.prefabs.sb

android[5] warn: Failed to find component of type CopDescription in root actor of prefab published/data/pursuit/pursuit_3-P-R_easy.prefabs.sb

android[5] warn: Failed to find component of type CopDescription in root actor of prefab published/data/pursuit/pursuit_3-PI-R.prefabs.sb

android[5] warn: Failed to find component of type CopDescription in root actor of prefab published/data/pursuit/pursuit_3-PI-S.prefabs.sb

android[5] warn: Failed to find component of type CopDescription in root actor of prefab published/data/pursuit/pursuit_3-PS-R.prefabs.sb

android[5] warn: Failed to find component of type CopDescription in root actor of prefab published/data/pursuit/pursuit_3-PS-R_easy.prefabs.sb

android[5] warn: Failed to find component of type CopDescription in root actor of prefab published/data/pursuit/pursuit_3-PS-SR.prefabs.sb

android[5] warn: Failed to find component of type CopDescription in root actor of prefab published/data/pursuit/pursuit_3-PS.prefabs.sb

android[5] warn: Failed to find component of type CopDescription in root actor of prefab published/data/pursuit/pursuit_3-PSI-S.prefabs.sb

android[5] warn: Failed to find component of type CopDescription in root actor of prefab published/data/pursuit/pursuit_3-PSI-SR.prefabs.sb

android[5] warn: Failed to find component of type CopDescription in root actor of prefab published/data/pursuit/pursuit_3-PSI-SR_hard.prefabs.s
android[5] warn: b

android[5] warn: Failed to find component of type CopDescription in root actor of prefab published/data/pursuit/pursuit_3-S-R_easy.prefabs.sb

android[5] warn: Failed to find component of type CopDescription in root actor of prefab published/data/pursuit/pursuit_3-SI-SR.prefabs.sb

android[5] warn: Failed to find component of type CopDescription in root actor of prefab published/data/pursuit/pursuit_level_openworld.prefabs
android[5] warn: .sb

android[5] warn: Failed to find component of type PursuitRaceDescription in root actor of prefab published/data/pursuit/cop_interceptor_hard.pr
android[5] warn: efabs.sb

android[5] warn: Failed to find component of type PursuitRaceDescription in root actor of prefab published/data/pursuit/cop_interceptor_standar
android[5] warn: d.prefabs.sb

android[5] warn: Failed to find component of type PursuitRaceDescription in root actor of prefab published/data/pursuit/cop_openworld_intercept
android[5] warn: or.prefabs.sb

android[5] warn: Failed to find component of type PursuitRaceDescription in root actor of prefab published/data/pursuit/cop_openworld_patrol.pr
android[5] warn: efabs.sb

android[5] warn: Failed to find component of type PursuitRaceDescription in root actor of prefab published/data/pursuit/cop_openworld_suv.prefa
android[5] warn: bs.sb

android[5] warn: Failed to find component of type PursuitRaceDescription in root actor of prefab published/data/pursuit/cop_patrol_easy.prefabs
android[5] warn: .sb

android[5] warn: Failed to find component of type PursuitRaceDescription in root actor of prefab published/data/pursuit/cop_patrol_standard.pre
android[5] warn: fabs.sb

android[5] warn: Failed to find component of type PursuitRaceDescription in root actor of prefab published/data/pursuit/cop_suv_easy.prefabs.sb

android[5] warn: Failed to find component of type PursuitRaceDescription in root actor of prefab published/data/pursuit/cop_suv_hard.prefabs.sb

android[5] warn: Failed to find component of type PursuitRaceDescription in root actor of prefab published/data/pursuit/cop_suv_standard.prefab
android[5] warn: s.sb

android[5] warn: Database of PursuitRaceDescription prefabs has no entry with ID 

android[6] error: PursuitSubSystem - failed to load pursuit prefab ""

android[5] warn: LoadData: action with no out element.

android[5] warn: WARNING: loading model directly: /published/models/cutscenerig/race.m3g

android[5] warn: WARNING: loading model directly: /published/models/cutscenerig/outro_fail.m3g

android[5] warn: WARNING: loading model directly: /published/models/cutscenerig/outro_complete.m3g

android[4] ResourceManager: Add texture: /published/texturepacks_ui/in_game.sba_0

android[4] ResourceManager: Add asset: /published/textures/environments/chicago/texture_hemispheremap2_vinyl.sba

android[2] trace: NFSSoundSubSystem::LoadCopChatterSounds() - memory used = 0 MB

android[5] layouts/warning: LayoutEntity not in cache, reloading: hud_race

android[5] layouts/warning: LayoutEntity not in cache, reloading: hud_position

android[5] layouts/warning: LayoutEntity not in cache, reloading: hud_container_small_left

android[5] layouts/warning: LayoutEntity not in cache, reloading: hud_container_large_left

android[5] layouts/warning: LayoutEntity not in cache, reloading: hud_timer

android[5] layouts/warning: LayoutEntity not in cache, reloading: hud_container_small_right

android[5] layouts/warning: LayoutEntity not in cache, reloading: hud_container_large_right

android[5] layouts/warning: LayoutEntity not in cache, reloading: hud_common_elements

android[5] layouts/warning: LayoutEntity not in cache, reloading: hud_pause

android[5] layouts/warning: LayoutEntity not in cache, reloading: hud_profileactions

android[5] layouts/warning: LayoutEntity not in cache, reloading: hud_driftindicator

android[5] layouts/warning: LayoutEntity not in cache, reloading: hud_damagepenalty

android[5] layouts/warning: LayoutEntity not in cache, reloading: hud_wrongwayindicator

android[5] layouts/warning: LayoutEntity not in cache, reloading: hud_line

android[5] layouts/warning: LayoutEntity not in cache, reloading: hud_opponent_marker

android[5] layouts/warning: LayoutEntity not in cache, reloading: hud_opponenthealthbar

android[5] layouts/warning: LayoutEntity not in cache, reloading: hud_takedownmessaging

android[5] layouts/warning: LayoutEntity not in cache, reloading: hud_line

android[5] layouts/warning: LayoutEntity not in cache, reloading: hud_achievementnotification

android[5] layouts/warning: LayoutEntity not in cache, reloading: hud_milestone_popup_sp_value

android[5] layouts/warning: LayoutEntity not in cache, reloading: hud_milestone_popup_mainbar

android[5] layouts/warning: LayoutEntity not in cache, reloading: achievement_icon

android[5] layouts/warning: LayoutEntity not in cache, reloading: hud_minimap

android[5] layouts/warning: LayoutEntity not in cache, reloading: hud_speedo

android[5] layouts/warning: LayoutEntity not in cache, reloading: flare_nitro_loop

android[5] layouts/warning: LayoutEntity not in cache, reloading: hud_playerhealthbar

android[5] layouts/warning: LayoutEntity not in cache, reloading: hud_bustedbar

android[5] layouts/warning: LayoutEntity not in cache, reloading: busted_text_flash

android[5] layouts/warning: LayoutEntity not in cache, reloading: busted_light_redadd_loop

android[5] layouts/warning: LayoutEntity not in cache, reloading: busted_light_blueadd_loop

android[5] layouts/warning: LayoutEntity not in cache, reloading: busted_light_redadd_loop

android[5] layouts/warning: LayoutEntity not in cache, reloading: busted_light_blueadd_loop

android[5] layouts/warning: LayoutEntity not in cache, reloading: busted_light_redadd_loop

android[5] layouts/warning: LayoutEntity not in cache, reloading: busted_light_blueadd_loop

android[5] layouts/warning: LayoutEntity not in cache, reloading: hud_nitro

android[5] layouts/warning: LayoutEntity not in cache, reloading: hud_nitro_level

android[5] layouts/warning: LayoutEntity not in cache, reloading: hud_nitro_activewindow

android[5] layouts/warning: LayoutEntity not in cache, reloading: hud_nitro_colour

android[5] layouts/warning: LayoutEntity not in cache, reloading: smoke_nitro_loop

android[5] layouts/warning: LayoutEntity not in cache, reloading: hud_nitro_level2

android[5] layouts/warning: LayoutEntity not in cache, reloading: hud_nitro_colour2

android[5] layouts/warning: LayoutEntity not in cache, reloading: hud_nitro_activewindow

android[5] layouts/warning: LayoutEntity not in cache, reloading: hud_damageindicator_offcar

android[5] layouts/warning: LayoutEntity not in cache, reloading: hud_damage_offcar_bar

android[5] layouts/warning: LayoutEntity not in cache, reloading: damage_critical_loop

android[5] layouts/warning: LayoutEntity not in cache, reloading: hud_damageindicator_incar

android[5] layouts/warning: LayoutEntity not in cache, reloading: hud_damage_incar_bar

android[5] layouts/warning: LayoutEntity not in cache, reloading: damage_critical_loop_incar

android[5] layouts/warning: LayoutEntity not in cache, reloading: hud_driftindicator_incar

android[5] layouts/warning: LayoutEntity not in cache, reloading: drivingtutorial

android[5] layouts/warning: LayoutEntity not in cache, reloading: drivingtutorial_nitro

android[5] layouts/warning: LayoutEntity not in cache, reloading: tutorial_messaging_bg

android[5] layouts/warning: LayoutEntity not in cache, reloading: options_help_art_arrow2

android[5] layouts/warning: LayoutEntity not in cache, reloading: drivingtutorial_nitro_moga

android[5] layouts/warning: LayoutEntity not in cache, reloading: tutorial_messaging_bg

android[5] layouts/warning: LayoutEntity not in cache, reloading: options_help_art_arrow3

android[5] layouts/warning: LayoutEntity not in cache, reloading: drivingtutorial_drift

android[5] layouts/warning: LayoutEntity not in cache, reloading: tutorial_messaging_bg

android[5] layouts/warning: LayoutEntity not in cache, reloading: drivingtutorial_drift_moga

android[5] layouts/warning: LayoutEntity not in cache, reloading: tutorial_messaging_bg

android[5] layouts/warning: LayoutEntity not in cache, reloading: drivingtutorial_brake

android[5] layouts/warning: LayoutEntity not in cache, reloading: tutorial_messaging_bg

android[5] layouts/warning: LayoutEntity not in cache, reloading: drivingtutorial_brake_touch

android[5] layouts/warning: LayoutEntity not in cache, reloading: tutorial_messaging_bg

android[5] layouts/warning: LayoutEntity not in cache, reloading: options_icon_controls2

android[5] layouts/warning: LayoutEntity not in cache, reloading: options_help_bounding_small

android[5] layouts/warning: LayoutEntity not in cache, reloading: drivingtutorial_brake_moga

android[5] layouts/warning: LayoutEntity not in cache, reloading: tutorial_messaging_bg

android[5] layouts/warning: LayoutEntity not in cache, reloading: options_help_art_arrow3

android[5] layouts/warning: LayoutEntity not in cache, reloading: drivingtutorial_steer_touch2

android[5] layouts/warning: LayoutEntity not in cache, reloading: tutorial_messaging_bg

android[5] layouts/warning: LayoutEntity not in cache, reloading: drivingtutorial_steer_moga

android[5] layouts/warning: LayoutEntity not in cache, reloading: tutorial_messaging_bg

android[5] layouts/warning: LayoutEntity not in cache, reloading: drivingtutorial_steer_moga_touch

android[5] layouts/warning: LayoutEntity not in cache, reloading: tutorial_messaging_bg

android[5] layouts/warning: LayoutEntity not in cache, reloading: drivingtutorial_steer_moga_tilt

android[5] layouts/warning: LayoutEntity not in cache, reloading: tutorial_messaging_bg

android[5] layouts/warning: LayoutEntity not in cache, reloading: drivingtutorial_steer_tilt

android[5] layouts/warning: LayoutEntity not in cache, reloading: tutorial_messaging_bg

android[5] layouts/warning: LayoutEntity not in cache, reloading: options_controls_iphone_tilt

android[5] layouts/warning: LayoutEntity not in cache, reloading: options_icon_controls2

android[5] layouts/warning: LayoutEntity not in cache, reloading: options_icon_controls2

android[5] layouts/warning: LayoutEntity not in cache, reloading: drivingtutorial_steer_touch

android[5] layouts/warning: LayoutEntity not in cache, reloading: tutorial_messaging_bg

android[5] layouts/warning: LayoutEntity not in cache, reloading: options_icon_controls2

android[5] layouts/warning: LayoutEntity not in cache, reloading: drivingtutorial_steer_tilt_moga

android[5] layouts/warning: LayoutEntity not in cache, reloading: tutorial_messaging_bg

android[5] layouts/warning: LayoutEntity not in cache, reloading: options_help_art_arrow3

android[5] layouts/warning: LayoutEntity not in cache, reloading: drivingtutorial_drifttip_2line

android[5] layouts/warning: LayoutEntity not in cache, reloading: tutorial_messaging_bg

android[5] layouts/warning: LayoutEntity not in cache, reloading: drivingtutorial_finished

android[5] layouts/warning: LayoutEntity not in cache, reloading: tutorial_messaging_bg

android[5] layouts/warning: LayoutEntity not in cache, reloading: drivingtutorial_xperia_steer_touch

android[5] layouts/warning: LayoutEntity not in cache, reloading: tutorial_messaging_bg

android[5] layouts/warning: LayoutEntity not in cache, reloading: drivingtutorial_xperia_btn_touch_steer

android[5] layouts/warning: LayoutEntity not in cache, reloading: drivingtutorial_xperia_nitro

android[5] layouts/warning: LayoutEntity not in cache, reloading: tutorial_messaging_bg

android[5] layouts/warning: LayoutEntity not in cache, reloading: drivingtutorial_xperia_btn_nitro

android[5] layouts/warning: LayoutEntity not in cache, reloading: drivingtutorial_xperia_drift2

android[5] layouts/warning: LayoutEntity not in cache, reloading: tutorial_messaging_bg

android[5] layouts/warning: LayoutEntity not in cache, reloading: drivingtutorial_xperia_btn_drift2

android[5] layouts/warning: LayoutEntity not in cache, reloading: drivingtutorial_xperia_brake2

android[5] layouts/warning: LayoutEntity not in cache, reloading: tutorial_messaging_bg

android[5] layouts/warning: LayoutEntity not in cache, reloading: drivingtutorial_xperia_btn_brake

android[6] layouts/error: Unable to locate layout entity: _penalty

android[6] layouts/error: Unable to locate layout entity: _wrongwayindicator

android[6] layouts/error: Unable to locate layout entity: _progress_bar

android[5] layouts/warning: TexturePack image not found in LayoutCache: images/minimap_mask.tif

android[5] layouts/warning: TexturePack image not found in LayoutCache: images/minimap_frame.tif

android[6] layouts/error: Unable to locate layout entity: _units

android[5] layouts/warning: SetAnimation: Animation default not found in node /[NoID]

android[5] layouts/warning: SetAnimation: Animation default not found in node /[NoID]

android[5] layouts/warning: TexturePack image not found for layout Sprite: icons/icon_upgrades_none.tif

android[5] layouts/warning: TexturePack image not found for layout Sprite: hud/icon_target.tif

android[5] layouts/warning: LayoutEntity not in cache, reloading: hud_letterbox

android[5] layouts/warning: LayoutEntity not in cache, reloading: btn_musicskip

android[5] layouts/warning: LayoutEntity not in cache, reloading: hud_vingette

android[5] layouts/warning: LayoutEntity not in cache, reloading: hud_flash

android[6] layouts/error: Unable to locate layout entity: hud_activenotification

android[6] layouts/error: Unable to locate layout entity: hud_passivenotification

android[6] layouts/error: Unable to locate layout entity: penalty_time

android[5] layouts/warning: LayoutEntity not in cache, reloading: controlscheme_pointer

android[5] layouts/warning: LayoutEntity not in cache, reloading: btn_brake

android[5] layouts/warning: LayoutEntity not in cache, reloading: swipe_widget

android[5] layouts/warning: LayoutEntity not in cache, reloading: btn_hold

android[5] layouts/warning: LayoutEntity not in cache, reloading: controlscheme_touch_sides

android[5] layouts/warning: LayoutEntity not in cache, reloading: btn_brake

android[5] layouts/warning: LayoutEntity not in cache, reloading: swipe_widget

android[5] layouts/warning: LayoutEntity not in cache, reloading: btn_hold

android[5] layouts/warning: LayoutEntity not in cache, reloading: controlscheme_virtual_wheel

android[5] layouts/warning: LayoutEntity not in cache, reloading: btn_accelerate

android[5] layouts/warning: LayoutEntity not in cache, reloading: btn_brake

android[5] layouts/warning: LayoutEntity not in cache, reloading: swipe_widget

android[5] layouts/warning: LayoutEntity not in cache, reloading: virtual_steering_wheel

android[5] layouts/warning: LayoutEntity not in cache, reloading: controlscheme_simulator

android[5] layouts/warning: LayoutEntity not in cache, reloading: btn_accelerate

android[5] layouts/warning: LayoutEntity not in cache, reloading: btn_brake

android[5] layouts/warning: LayoutEntity not in cache, reloading: swipe_widget

android[5] layouts/warning: LayoutEntity not in cache, reloading: controlscheme_accelerometer

android[5] layouts/warning: LayoutEntity not in cache, reloading: btn_accelerate

android[5] layouts/warning: LayoutEntity not in cache, reloading: btn_brake

android[5] layouts/warning: LayoutEntity not in cache, reloading: swipe_widget

android[6] layouts/error: Attempted to access invalid layout: controlscheme_xperiaplay

android[6] layouts/error: Unable to locate layout entity: rect_steering

android[6] layouts/error: Attempted to access invalid layout: controlscheme_controller

android[2] trace: MoGaConTrOlLeR :: ....................(KK) BaseDrivingControlScheme :: OnEvent .....................

android[2] trace: MoGaConTrOlLeR :: ....................(KK) BaseDrivingControlScheme :: OnEvent .....................

android[2] trace: MoGaConTrOlLeR :: ....................(KK) BaseDrivingControlScheme :: OnEvent .....................

android[6] serialization/error: Cannot remove non-existent field PendingUpgrades

DEBUG: sendTrackingMessage!
G4-JNI GetEnv version=0x00010006
DEBUG: sendTrackingMessage!
G4-JNI GetEnv version=0x00010006
DEBUG: sendTrackingMessage!
G4-JNI GetEnv version=0x00010006
DEBUG: sendTrackingMessage!
G4-JNI GetEnv version=0x00010006
android[4] ResourceManager: Remove asset: /published/textures/collidables/texture_collidables_colorado.sba

android[4] ResourceManager: Remove asset: /published/textures/environments/chicago/texture_nfs_chicago_road_lm01.sba

android[4] ResourceManager: Remove asset: /published/textures/cars/bmw_m3_e92_2009/texture_bmw_m3_e92_2009_diffuse_00.sba

android[4] ResourceManager: Remove asset: /published/textures/cars/chevrolet_camaro_zl1_2011/texture_chevrolet_camaro_zl1_2011_diffuse_00.sba

android[5] layouts/warning: SetAnimation: Animation load_complete not found in node /[NoID]/[NoID]

android[2] trace: MusicManager::SetPlaylist(): playlist=InRace fade=true

android[2] trace: MusicManager::PlayNextTrack() try, fade=true, soundManager.IsInitialized()=true, soundManager.IsUserMusicPlaying()=true

android[2] trace: MusicManager::PlayNextTrack(): break, fade=true, soundManager.IsInitialized()=true, soundManager.IsUserMusicPlaying()=true

android[5] layouts/warning: SetAnimation: Animation NULL not found in node /[NoID]/[NoID]

android[5] layouts/warning: SetAnimation: Animation NULL not found in node /[NoID]/[NoID]/_common

android[5] layouts/warning: SetAnimation: Animation NULL not found in node /[NoID]/[NoID]

android[2] trace: ShowMogaHighlight start

android[2] trace: ShowMogaHighlight 1

android[2] trace: ShowMogaHighlight end

G4-JNI GetEnv version=0x00010002
G4-JNI GetEnv version=0x00010002
G4-JNI GetEnv version=0x00010002
G4-JNI GetEnv version=0x00010002
G4-JNI GetEnv version=0x00010002
G4-JNI GetEnv version=0x00010002
G4-JNI GetEnv version=0x00010002
G4-JNI GetEnv version=0x00010002
G4-JNI GetEnv version=0x00010002
G4-JNI GetEnv version=0x00010002
G4-JNI GetEnv version=0x00010002
G4-JNI GetEnv version=0x00010002
G4-JNI GetEnv version=0x00010002
G4-JNI GetEnv version=0x00010002
G4-JNI GetEnv version=0x00010002
G4-JNI GetEnv version=0x00010002
G4-JNI GetEnv version=0x00010002
G4-JNI GetEnv version=0x00010002
G4-JNI GetEnv version=0x00010002
G4-JNI GetEnv version=0x00010002
G4-JNI GetEnv version=0x00010002
G4-JNI GetEnv version=0x00010002
G4-JNI GetEnv version=0x00010002
G4-JNI GetEnv version=0x00010002
G4-JNI GetEnv version=0x00010002
G4-JNI GetEnv version=0x00010002
G4-JNI GetEnv version=0x00010002
G4-JNI GetEnv version=0x00010002
G4-JNI GetEnv version=0x00010002
G4-JNI GetEnv version=0x00010002
G4-JNI GetEnv version=0x00010002
G4-JNI GetEnv version=0x00010002
G4-JNI GetEnv version=0x00010002
G4-JNI GetEnv version=0x00010002
G4-JNI GetEnv version=0x00010002
G4-JNI GetEnv version=0x00010002
G4-JNI GetEnv version=0x00010002
G4-JNI GetEnv version=0x00010002
G4-JNI GetEnv version=0x00010002
G4-JNI GetEnv version=0x00010002
G4-JNI GetEnv version=0x00010002
G4-JNI GetEnv version=0x00010002
G4-JNI GetEnv version=0x00010002
G4-JNI GetEnv version=0x00010002
G4-JNI GetEnv version=0x00010002
G4-JNI GetEnv version=0x00010002
G4-JNI GetEnv version=0x00010002
G4-JNI GetEnv version=0x00010002
G4-JNI GetEnv version=0x00010002
G4-JNI GetEnv version=0x00010002
G4-JNI GetEnv version=0x00010002
G4-JNI GetEnv version=0x00010002
G4-JNI GetEnv version=0x00010002
G4-JNI GetEnv version=0x00010002
G4-JNI GetEnv version=0x00010002
G4-JNI GetEnv version=0x00010002
G4-JNI GetEnv version=0x00010002
G4-JNI GetEnv version=0x00010002
G4-JNI GetEnv version=0x00010002
G4-JNI GetEnv version=0x00010002
G4-JNI GetEnv version=0x00010002
G4-JNI GetEnv version=0x00010002
G4-JNI GetEnv version=0x00010002
G4-JNI GetEnv version=0x00010002
G4-JNI GetEnv version=0x00010002
G4-JNI GetEnv version=0x00010002
G4-JNI GetEnv version=0x00010002
G4-JNI GetEnv version=0x00010002
G4-JNI GetEnv version=0x00010002
G4-JNI GetEnv version=0x00010002
G4-JNI GetEnv version=0x00010002
G4-JNI GetEnv version=0x00010002
G4-JNI GetEnv version=0x00010002
G4-JNI GetEnv version=0x00010002
G4-JNI GetEnv version=0x00010002
G4-JNI GetEnv version=0x00010002
G4-JNI GetEnv version=0x00010002
G4-JNI GetEnv version=0x00010002
G4-JNI GetEnv version=0x00010002
G4-JNI GetEnv version=0x00010002
G4-JNI GetEnv version=0x00010002
G4-JNI GetEnv version=0x00010002
G4-JNI GetEnv version=0x00010002
G4-JNI GetEnv version=0x00010002
G4-JNI GetEnv version=0x00010002
G4-JNI GetEnv version=0x00010002
G4-JNI GetEnv version=0x00010002
G4-JNI GetEnv version=0x00010002
G4-JNI GetEnv version=0x00010002
G4-JNI GetEnv version=0x00010002
G4-JNI GetEnv version=0x00010002
G4-JNI GetEnv version=0x00010002
G4-JNI GetEnv version=0x00010002
G4-JNI GetEnv version=0x00010002
G4-JNI GetEnv version=0x00010002
G4-JNI GetEnv version=0x00010002
G4-JNI GetEnv version=0x00010002
G4-JNI GetEnv version=0x00010002
G4-JNI GetEnv version=0x00010002
G4-JNI GetEnv version=0x00010002
G4-JNI GetEnv version=0x00010002
G4-JNI GetEnv version=0x00010002
G4-JNI GetEnv version=0x00010002
G4-JNI GetEnv version=0x00010002
G4-JNI GetEnv version=0x00010002
G4-JNI GetEnv version=0x00010002
G4-JNI GetEnv version=0x00010002
android[5] warn: Unlock: Is being unlocked. Lock count: 0

android[2] trace: FlowManager /published/texturepacks_ui/loading_firstplay.sba sba

android[2] trace: FlowManager /published/texturepacks_ui/loading_firstplay_1333.sba sba

android[4] ResourceManager: Remove texture: /published/texturepacks_ui/loading_firstplay_1333.sba_0

android[4] ResourceManager: Remove texture: /published/texturepacks_ui/loading_race.sba_0

G4-JNI GetEnv version=0x00010002
G4-JNI GetEnv version=0x00010002
G4-JNI GetEnv version=0x00010002
G4-JNI GetEnv version=0x00010002
G4-JNI GetEnv version=0x00010002
G4-JNI GetEnv version=0x00010002
G4-JNI GetEnv version=0x00010002
G4-JNI GetEnv version=0x00010002
G4-JNI GetEnv version=0x00010002
G4-JNI GetEnv version=0x00010002
G4-JNI GetEnv version=0x00010002
G4-JNI GetEnv version=0x00010002
G4-JNI GetEnv version=0x00010002
G4-JNI GetEnv version=0x00010002
G4-JNI GetEnv version=0x00010002
G4-JNI GetEnv version=0x00010002
G4-JNI GetEnv version=0x00010002
G4-JNI GetEnv version=0x00010002
G4-JNI GetEnv version=0x00010002
G4-JNI GetEnv version=0x00010002
G4-JNI GetEnv version=0x00010002
G4-JNI GetEnv version=0x00010002
G4-JNI GetEnv version=0x00010002
G4-JNI GetEnv version=0x00010002
G4-JNI GetEnv version=0x00010002
G4-JNI GetEnv version=0x00010002
G4-JNI GetEnv version=0x00010002
G4-JNI GetEnv version=0x00010002
G4-JNI GetEnv version=0x00010002
G4-JNI GetEnv version=0x00010002
G4-JNI GetEnv version=0x00010002
G4-JNI GetEnv version=0x00010002
G4-JNI GetEnv version=0x00010002
G4-JNI GetEnv version=0x00010002
G4-JNI GetEnv version=0x00010002
G4-JNI GetEnv version=0x00010002
G7-FRAME enter=1500
G4-JNI GetEnv version=0x00010002
G5-GL STATE frame=1500 framebuffer=0 status=0x8cd5 errors=0
G7-FRAME leave=1500
G4-JNI GetEnv version=0x00010002
G4-JNI GetEnv version=0x00010002
G4-JNI GetEnv version=0x00010002
G4-JNI GetEnv version=0x00010002
G4-JNI GetEnv version=0x00010002
G4-JNI GetEnv version=0x00010002
G4-JNI GetEnv version=0x00010002
G4-JNI GetEnv version=0x00010002
G4-JNI GetEnv version=0x00010002
G4-JNI GetEnv version=0x00010002
G4-JNI GetEnv version=0x00010002
G4-JNI GetEnv version=0x00010002
G4-JNI GetEnv version=0x00010002
G4-JNI GetEnv version=0x00010002
G4-JNI GetEnv version=0x00010002
G4-JNI GetEnv version=0x00010002
G4-JNI GetEnv version=0x00010002
G4-JNI GetEnv version=0x00010002
G4-JNI GetEnv version=0x00010002
G4-JNI GetEnv version=0x00010002
G4-JNI GetEnv version=0x00010002
G4-JNI GetEnv version=0x00010002
G4-JNI GetEnv version=0x00010002
G4-JNI GetEnv version=0x00010002
G4-JNI GetEnv version=0x00010002
G4-JNI GetEnv version=0x00010002
G4-JNI GetEnv version=0x00010002
G4-JNI GetEnv version=0x00010002
G4-JNI GetEnv version=0x00010002
G4-JNI GetEnv version=0x00010002
G4-JNI GetEnv version=0x00010002
G4-JNI GetEnv version=0x00010002
G4-JNI GetEnv version=0x00010002
G4-JNI GetEnv version=0x00010002
G4-JNI GetEnv version=0x00010002
G4-JNI GetEnv version=0x00010002
G4-JNI GetEnv version=0x00010002
G4-JNI GetEnv version=0x00010002
G4-JNI GetEnv version=0x00010002
G4-JNI GetEnv version=0x00010002
G4-JNI GetEnv version=0x00010002
G4-JNI GetEnv version=0x00010002
G4-JNI GetEnv version=0x00010002
G4-JNI GetEnv version=0x00010002
G4-JNI GetEnv version=0x00010002
G4-JNI GetEnv version=0x00010002
G4-JNI GetEnv version=0x00010002
G4-JNI GetEnv version=0x00010002
G4-JNI GetEnv version=0x00010002
G4-JNI GetEnv version=0x00010002
G4-JNI GetEnv version=0x00010002
G4-JNI GetEnv version=0x00010002
G4-JNI GetEnv version=0x00010002
G4-JNI GetEnv version=0x00010002
G4-JNI GetEnv version=0x00010002
G4-JNI GetEnv version=0x00010002
G4-JNI GetEnv version=0x00010002
G4-JNI GetEnv version=0x00010002
G4-JNI GetEnv version=0x00010002
G4-JNI GetEnv version=0x00010002
G4-JNI GetEnv version=0x00010002
G4-JNI GetEnv version=0x00010002
G4-JNI GetEnv version=0x00010002
G4-JNI GetEnv version=0x00010002
G4-JNI GetEnv version=0x00010002
G4-JNI GetEnv version=0x00010002
G4-JNI GetEnv version=0x00010002
G4-JNI GetEnv version=0x00010002
G4-JNI GetEnv version=0x00010002
G4-JNI GetEnv version=0x00010002
G4-JNI GetEnv version=0x00010002
G4-JNI GetEnv version=0x00010002
G4-JNI GetEnv version=0x00010002
G4-JNI GetEnv version=0x00010002
G4-JNI GetEnv version=0x00010002
G4-JNI GetEnv version=0x00010002
G4-JNI GetEnv version=0x00010002
G4-JNI GetEnv version=0x00010002
G4-JNI GetEnv version=0x00010002
G4-JNI GetEnv version=0x00010002
G4-JNI GetEnv version=0x00010002
G4-JNI GetEnv version=0x00010002
G4-JNI GetEnv version=0x00010002
G4-JNI GetEnv version=0x00010002
G4-JNI GetEnv version=0x00010002
G4-JNI GetEnv version=0x00010002
G4-JNI GetEnv version=0x00010002
G4-JNI GetEnv version=0x00010002
G4-JNI GetEnv version=0x00010002
G4-JNI GetEnv version=0x00010002
G4-JNI GetEnv version=0x00010002
G4-JNI GetEnv version=0x00010002
G4-JNI GetEnv version=0x00010002
G4-JNI GetEnv version=0x00010002
G4-JNI GetEnv version=0x00010002
G4-JNI GetEnv version=0x00010002
G4-JNI GetEnv version=0x00010002
G4-JNI GetEnv version=0x00010002
G4-JNI GetEnv version=0x00010002
G4-JNI GetEnv version=0x00010002
G4-JNI GetEnv version=0x00010002
G4-JNI GetEnv version=0x00010002
G4-JNI GetEnv version=0x00010002
G4-JNI GetEnv version=0x00010002
G4-JNI GetEnv version=0x00010002
G4-JNI GetEnv version=0x00010002
G4-JNI GetEnv version=0x00010002
G4-JNI GetEnv version=0x00010002
G4-JNI GetEnv version=0x00010002
G4-JNI GetEnv version=0x00010002
G4-JNI GetEnv version=0x00010002
G4-JNI GetEnv version=0x00010002
G4-JNI GetEnv version=0x00010002
G4-JNI GetEnv version=0x00010002
G4-JNI GetEnv version=0x00010002
G4-JNI GetEnv version=0x00010002
G4-JNI GetEnv version=0x00010002
G4-JNI GetEnv version=0x00010002
G4-JNI GetEnv version=0x00010002
G4-JNI GetEnv version=0x00010002
G4-JNI GetEnv version=0x00010002
G4-JNI GetEnv version=0x00010002
G4-JNI GetEnv version=0x00010002
G4-JNI GetEnv version=0x00010002
G4-JNI GetEnv version=0x00010002
G4-JNI GetEnv version=0x00010002
G4-JNI GetEnv version=0x00010002
G4-JNI GetEnv version=0x00010002
G4-JNI GetEnv version=0x00010002
G4-JNI GetEnv version=0x00010002
G4-JNI GetEnv version=0x00010002
G4-JNI GetEnv version=0x00010002
G4-JNI GetEnv version=0x00010002
G4-JNI GetEnv version=0x00010002
G4-JNI GetEnv version=0x00010002
G4-JNI GetEnv version=0x00010002
G4-JNI GetEnv version=0x00010002
G4-JNI GetEnv version=0x00010002
G4-JNI GetEnv version=0x00010002
G4-JNI GetEnv version=0x00010002
G4-JNI GetEnv version=0x00010002
G4-JNI GetEnv version=0x00010002
G4-JNI GetEnv version=0x00010002
G4-JNI GetEnv version=0x00010002
G4-JNI GetEnv version=0x00010002
G4-JNI GetEnv version=0x00010002
G4-JNI GetEnv version=0x00010002
G4-JNI GetEnv version=0x00010002
G4-JNI GetEnv version=0x00010002
G4-JNI GetEnv version=0x00010002
G4-JNI GetEnv version=0x00010002
G4-JNI GetEnv version=0x00010002
G4-JNI GetEnv version=0x00010002
G4-JNI GetEnv version=0x00010002
G4-JNI GetEnv version=0x00010002
G4-JNI GetEnv version=0x00010002
G4-JNI GetEnv version=0x00010002
G4-JNI GetEnv version=0x00010002
G4-JNI GetEnv version=0x00010002
G4-JNI GetEnv version=0x00010002
G4-JNI GetEnv version=0x00010002
G4-JNI GetEnv version=0x00010002
G4-JNI GetEnv version=0x00010002
G4-JNI GetEnv version=0x00010002
G4-JNI GetEnv version=0x00010002
G4-JNI GetEnv version=0x00010002
G4-JNI GetEnv version=0x00010002
G4-JNI GetEnv version=0x00010002
G4-JNI GetEnv version=0x00010002
G4-JNI GetEnv version=0x00010002
G4-JNI GetEnv version=0x00010002
G4-JNI GetEnv version=0x00010002
G4-JNI GetEnv version=0x00010002
G4-JNI GetEnv version=0x00010002
G4-JNI GetEnv version=0x00010002
G4-JNI GetEnv version=0x00010002
G4-JNI GetEnv version=0x00010002
G4-JNI GetEnv version=0x00010002
G4-JNI GetEnv version=0x00010002
G4-JNI GetEnv version=0x00010002
G4-JNI GetEnv version=0x00010002
G4-JNI GetEnv version=0x00010002
G4-JNI GetEnv version=0x00010002
G4-JNI GetEnv version=0x00010002
G4-JNI GetEnv version=0x00010002
G4-JNI GetEnv version=0x00010002
G4-JNI GetEnv version=0x00010002
G4-JNI GetEnv version=0x00010002
G4-JNI GetEnv version=0x00010002
G4-JNI GetEnv version=0x00010002
G4-JNI GetEnv version=0x00010002
G4-JNI GetEnv version=0x00010002
G4-JNI GetEnv version=0x00010002
G4-JNI GetEnv version=0x00010002
G4-JNI GetEnv version=0x00010002
G4-JNI GetEnv version=0x00010002
G4-JNI GetEnv version=0x00010002
G4-JNI GetEnv version=0x00010002
G4-JNI GetEnv version=0x00010002
G4-JNI GetEnv version=0x00010002
G4-JNI GetEnv version=0x00010002
G4-JNI GetEnv version=0x00010002
G4-JNI GetEnv version=0x00010002
G4-JNI GetEnv version=0x00010002
G4-JNI GetEnv version=0x00010002
G4-JNI GetEnv version=0x00010002
G4-JNI GetEnv version=0x00010002
G4-JNI GetEnv version=0x00010002
G4-JNI GetEnv version=0x00010002
G4-JNI GetEnv version=0x00010002
G4-JNI GetEnv version=0x00010002
G4-JNI GetEnv version=0x00010002
G4-JNI GetEnv version=0x00010002
G4-JNI GetEnv version=0x00010002
G4-JNI GetEnv version=0x00010002
G4-JNI GetEnv version=0x00010002
G4-JNI GetEnv version=0x00010002
G4-JNI GetEnv version=0x00010002
G4-JNI GetEnv version=0x00010002
G4-JNI GetEnv version=0x00010002
G4-JNI GetEnv version=0x00010002
G4-JNI GetEnv version=0x00010002
G4-JNI GetEnv version=0x00010002
G4-JNI GetEnv version=0x00010002
G4-JNI GetEnv version=0x00010002
G4-JNI GetEnv version=0x00010002
G4-JNI GetEnv version=0x00010002
G4-JNI GetEnv version=0x00010002
G4-JNI GetEnv version=0x00010002
G4-JNI GetEnv version=0x00010002
G4-JNI GetEnv version=0x00010002
G4-JNI GetEnv version=0x00010002
G4-JNI GetEnv version=0x00010002
G4-JNI GetEnv version=0x00010002
G4-JNI GetEnv version=0x00010002
G4-JNI GetEnv version=0x00010002
G4-JNI GetEnv version=0x00010002
G4-JNI GetEnv version=0x00010002
G4-JNI GetEnv version=0x00010002
G4-JNI GetEnv version=0x00010002
G4-JNI GetEnv version=0x00010002
G4-JNI GetEnv version=0x00010002
G4-JNI GetEnv version=0x00010002
G4-JNI GetEnv version=0x00010002
G4-JNI GetEnv version=0x00010002
G4-JNI GetEnv version=0x00010002
G4-JNI GetEnv version=0x00010002
G4-JNI GetEnv version=0x00010002
G4-JNI GetEnv version=0x00010002
G4-JNI GetEnv version=0x00010002
G4-JNI GetEnv version=0x00010002
G4-JNI GetEnv version=0x00010002
G4-JNI GetEnv version=0x00010002
G4-JNI GetEnv version=0x00010002
G4-JNI GetEnv version=0x00010002
G4-JNI GetEnv version=0x00010002
G4-JNI GetEnv version=0x00010002
G4-JNI GetEnv version=0x00010002
G4-JNI GetEnv version=0x00010002
G4-JNI GetEnv version=0x00010002
G4-JNI GetEnv version=0x00010002
G4-JNI GetEnv version=0x00010002
G4-JNI GetEnv version=0x00010002
G4-JNI GetEnv version=0x00010002
G4-JNI GetEnv version=0x00010002
G4-JNI GetEnv version=0x00010002
G4-JNI GetEnv version=0x00010002
G4-JNI GetEnv version=0x00010002
G4-JNI GetEnv version=0x00010002
G4-JNI GetEnv version=0x00010002
G4-JNI GetEnv version=0x00010002
G4-JNI GetEnv version=0x00010002
G4-JNI GetEnv version=0x00010002
G4-JNI GetEnv version=0x00010002
G4-JNI GetEnv version=0x00010002
G4-JNI GetEnv version=0x00010002
G4-JNI GetEnv version=0x00010002
G4-JNI GetEnv version=0x00010002
G4-JNI GetEnv version=0x00010002
G4-JNI GetEnv version=0x00010002
G4-JNI GetEnv version=0x00010002
G4-JNI GetEnv version=0x00010002
G4-JNI GetEnv version=0x00010002
G4-JNI GetEnv version=0x00010002
G4-JNI GetEnv version=0x00010002
G4-JNI GetEnv version=0x00010002
G4-JNI GetEnv version=0x00010002
G4-JNI GetEnv version=0x00010002
G4-JNI GetEnv version=0x00010002
G4-JNI GetEnv version=0x00010002
G4-JNI GetEnv version=0x00010002
G4-JNI GetEnv version=0x00010002
G4-JNI GetEnv version=0x00010002
G4-JNI GetEnv version=0x00010002
G4-JNI GetEnv version=0x00010002
G4-JNI GetEnv version=0x00010002
G4-JNI GetEnv version=0x00010002
G4-JNI GetEnv version=0x00010002
G4-JNI GetEnv version=0x00010002
G4-JNI GetEnv version=0x00010002
android[2] trace: MoGaConTrOlLeR :: ....................(KK) BaseDrivingControlScheme :: OnEvent .....................

G4-JNI GetEnv version=0x00010002
G4-JNI GetEnv version=0x00010002
G4-JNI GetEnv version=0x00010002
G4-JNI GetEnv version=0x00010002
G4-JNI GetEnv version=0x00010002
G4-JNI GetEnv version=0x00010002
G4-JNI GetEnv version=0x00010002
G4-JNI GetEnv version=0x00010002
G4-JNI GetEnv version=0x00010002
G4-JNI GetEnv version=0x00010002
G4-JNI GetEnv version=0x00010002
G4-JNI GetEnv version=0x00010002
G4-JNI GetEnv version=0x00010002
G4-JNI GetEnv version=0x00010002
G4-JNI GetEnv version=0x00010002
G4-JNI GetEnv version=0x00010002
G4-JNI GetEnv version=0x00010002
G4-JNI GetEnv version=0x00010002
G4-JNI GetEnv version=0x00010002
G4-JNI GetEnv version=0x00010002
G4-JNI GetEnv version=0x00010002
G4-JNI GetEnv version=0x00010002
G4-JNI GetEnv version=0x00010002
G4-JNI GetEnv version=0x00010002
G4-JNI GetEnv version=0x00010002
G4-JNI GetEnv version=0x00010002
G4-JNI GetEnv version=0x00010002
G4-JNI GetEnv version=0x00010002
G4-JNI GetEnv version=0x00010002
G4-JNI GetEnv version=0x00010002
G4-JNI GetEnv version=0x00010002
G4-JNI GetEnv version=0x00010002
G4-JNI GetEnv version=0x00010002
G4-JNI GetEnv version=0x00010002
G4-JNI GetEnv version=0x00010002
G4-JNI GetEnv version=0x00010002
G4-JNI GetEnv version=0x00010002
G4-JNI GetEnv version=0x00010002
G4-JNI GetEnv version=0x00010002
G4-JNI GetEnv version=0x00010002
G4-JNI GetEnv version=0x00010002
G7-FRAME enter=1800
G4-JNI GetEnv version=0x00010002
G5-GL STATE frame=1800 framebuffer=0 status=0x8cd5 errors=0
G7-FRAME leave=1800
G4-JNI GetEnv version=0x00010002
G4-JNI GetEnv version=0x00010002
G4-JNI GetEnv version=0x00010002
G4-JNI GetEnv version=0x00010002
G4-JNI GetEnv version=0x00010002
G4-JNI GetEnv version=0x00010002
G4-JNI GetEnv version=0x00010002
G4-JNI GetEnv version=0x00010002
G4-JNI GetEnv version=0x00010002
G4-JNI GetEnv version=0x00010002
G4-JNI GetEnv version=0x00010002
G4-JNI GetEnv version=0x00010002
G4-JNI GetEnv version=0x00010002
G4-JNI GetEnv version=0x00010002
G4-JNI GetEnv version=0x00010002
G4-JNI GetEnv version=0x00010002
G4-JNI GetEnv version=0x00010002
G4-JNI GetEnv version=0x00010002
G4-JNI GetEnv version=0x00010002
G4-JNI GetEnv version=0x00010002
G4-JNI GetEnv version=0x00010002
G4-JNI GetEnv version=0x00010002
G4-JNI GetEnv version=0x00010002
G4-JNI GetEnv version=0x00010002
G4-JNI GetEnv version=0x00010002
G4-JNI GetEnv version=0x00010002
G4-JNI GetEnv version=0x00010002
G4-JNI GetEnv version=0x00010002
G4-JNI GetEnv version=0x00010002
G4-JNI GetEnv version=0x00010002
G4-JNI GetEnv version=0x00010002
G4-JNI GetEnv version=0x00010002
G4-JNI GetEnv version=0x00010002
android[2] trace: MoGaConTrOlLeR :: ....................(KK) BaseDrivingControlScheme :: OnEvent .....................

DEBUG: sendTrackingMessage!
G4-JNI GetEnv version=0x00010006
android[2] trace: MoGaConTrOlLeR :: ....................(KK) BaseDrivingControlScheme :: OnEvent .....................

android[5] layouts/warning: GetAnimationTime: Animation fade not found in node /[NoID]/[NoID]

android[5] layouts/warning: SetAnimation: Animation fade not found in node /[NoID]/[NoID]/_common/driving_tutorial/_brake_xperia/[NoID]

android[5] layouts/warning: SetAnimation: Animation fade not found in node /[NoID]/[NoID]/_common/driving_tutorial/_nitro_xperia/[NoID]

android[5] layouts/warning: SetAnimation: Animation fade not found in node /[NoID]/[NoID]/_common/driving_tutorial/_steer_xperia/[NoID]

android[5] layouts/warning: SetAnimation: Animation fade not found in node /[NoID]/[NoID]/_common/hud_damageindicator_incar/damage_bar/[NoID]

android[5] layouts/warning: SetAnimation: Animation fade not found in node /[NoID]/[NoID]/_common/hud_damageindicator_offcar/damage_bar/[NoID]

android[5] layouts/warning: SetAnimation: Animation fade not found in node /[NoID]/[NoID]/_common/hud_nitro/hud_nitro_level/[NoID]

android[5] layouts/warning: SetAnimation: Animation fade not found in node /[NoID]/[NoID]/_common/[NoID]/[NoID]

android[5] layouts/warning: SetAnimation: Animation fade not found in node /[NoID]/[NoID]/_common/[NoID]/[NoID]

android[5] layouts/warning: SetAnimation: Animation fade not found in node /[NoID]/[NoID]/_common/[NoID]/[NoID]

android[5] layouts/warning: SetAnimation: Animation fade not found in node /[NoID]/[NoID]/_common/[NoID]/[NoID]

android[5] layouts/warning: SetAnimation: Animation fade not found in node /[NoID]/[NoID]/_common/[NoID]/[NoID]

android[5] layouts/warning: SetAnimation: Animation fade not found in node /[NoID]/[NoID]/_common/[NoID]/[NoID]

android[5] layouts/warning: SetAnimation: Animation fade not found in node /[NoID]/[NoID]/_common/[NoID]/[NoID]

android[5] layouts/warning: SetAnimation: Animation fade not found in node /[NoID]/[NoID]/_common/[NoID]/[NoID]

android[5] layouts/warning: SetAnimation: Animation fade not found in node /[NoID]/[NoID]/_common/[NoID]/[NoID]

android[5] layouts/warning: SetAnimation: Animation fade not found in node /[NoID]/[NoID]/_common/hud_speedo/[NoID]

android[2] trace: MoGaConTrOlLeR :: ....................(KK) BaseDrivingControlScheme :: OnEvent .....................

G4-JNI GetEnv version=0x00010002
G4-JNI GetEnv version=0x00010002
G4-JNI GetEnv version=0x00010002
G4-JNI GetEnv version=0x00010002
G4-JNI GetEnv version=0x00010002
G4-JNI GetEnv version=0x00010002
G4-JNI GetEnv version=0x00010002
G4-JNI GetEnv version=0x00010002
G4-JNI GetEnv version=0x00010002
G4-JNI GetEnv version=0x00010002
G4-JNI GetEnv version=0x00010002
G4-JNI GetEnv version=0x00010002
G4-JNI GetEnv version=0x00010002
G4-JNI GetEnv version=0x00010002
G4-JNI GetEnv version=0x00010002
G4-JNI GetEnv version=0x00010002
G4-JNI GetEnv version=0x00010002
G4-JNI GetEnv version=0x00010002
G4-JNI GetEnv version=0x00010002
G4-JNI GetEnv version=0x00010002
G4-JNI GetEnv version=0x00010002
G4-JNI GetEnv version=0x00010002
G4-JNI GetEnv version=0x00010002
G4-JNI GetEnv version=0x00010002
G4-JNI GetEnv version=0x00010002
G4-JNI GetEnv version=0x00010002
G4-JNI GetEnv version=0x00010002
G4-JNI GetEnv version=0x00010002
G4-JNI GetEnv version=0x00010002
G4-JNI GetEnv version=0x00010002
G4-JNI GetEnv version=0x00010002
G4-JNI GetEnv version=0x00010002
G4-JNI GetEnv version=0x00010002
G4-JNI GetEnv version=0x00010002
G4-JNI GetEnv version=0x00010002
G4-JNI GetEnv version=0x00010002
G4-JNI GetEnv version=0x00010002
G4-JNI GetEnv version=0x00010002
G4-JNI GetEnv version=0x00010002
G4-JNI GetEnv version=0x00010002
G4-JNI GetEnv version=0x00010002
G4-JNI GetEnv version=0x00010002
G4-JNI GetEnv version=0x00010002
G4-JNI GetEnv version=0x00010002
G4-JNI GetEnv version=0x00010002
G4-JNI GetEnv version=0x00010002
G4-JNI GetEnv version=0x00010002
G4-JNI GetEnv version=0x00010002
G4-JNI GetEnv version=0x00010002
G4-JNI GetEnv version=0x00010002
G4-JNI GetEnv version=0x00010002
G4-JNI GetEnv version=0x00010002
G4-JNI GetEnv version=0x00010002
G4-JNI GetEnv version=0x00010002
G4-JNI GetEnv version=0x00010002
G4-JNI GetEnv version=0x00010002
G4-JNI GetEnv version=0x00010002
G4-JNI GetEnv version=0x00010002
G4-JNI GetEnv version=0x00010002
G4-JNI GetEnv version=0x00010002
G4-JNI GetEnv version=0x00010002
G4-JNI GetEnv version=0x00010002
G4-JNI GetEnv version=0x00010002
G4-JNI GetEnv version=0x00010002
G4-JNI GetEnv version=0x00010002
G4-JNI GetEnv version=0x00010002
G4-JNI GetEnv version=0x00010002
G4-JNI GetEnv version=0x00010002
G4-JNI GetEnv version=0x00010002
G4-JNI GetEnv version=0x00010002
G4-JNI GetEnv version=0x00010002
G4-JNI GetEnv version=0x00010002
G4-JNI GetEnv version=0x00010002
G4-JNI GetEnv version=0x00010002
G4-JNI GetEnv version=0x00010002
G4-JNI GetEnv version=0x00010002
G4-JNI GetEnv version=0x00010002
G4-JNI GetEnv version=0x00010002
G4-JNI GetEnv version=0x00010002
G4-JNI GetEnv version=0x00010002
G4-JNI GetEnv version=0x00010002
G4-JNI GetEnv version=0x00010002
G4-JNI GetEnv version=0x00010002
G4-JNI GetEnv version=0x00010002
G4-JNI GetEnv version=0x00010002
G4-JNI GetEnv version=0x00010002
G4-JNI GetEnv version=0x00010002
G4-JNI GetEnv version=0x00010002
G4-JNI GetEnv version=0x00010002
G4-JNI GetEnv version=0x00010002
G4-JNI GetEnv version=0x00010002
G4-JNI GetEnv version=0x00010002
G4-JNI GetEnv version=0x00010002
G4-JNI GetEnv version=0x00010002
G4-JNI GetEnv version=0x00010002
G4-JNI GetEnv version=0x00010002
G4-JNI GetEnv version=0x00010002
G4-JNI GetEnv version=0x00010002
G4-JNI GetEnv version=0x00010002
G4-JNI GetEnv version=0x00010002
G4-JNI GetEnv version=0x00010002
G4-JNI GetEnv version=0x00010002
G4-JNI GetEnv version=0x00010002
G4-JNI GetEnv version=0x00010002
G4-JNI GetEnv version=0x00010002
G4-JNI GetEnv version=0x00010002
G4-JNI GetEnv version=0x00010002
G4-JNI GetEnv version=0x00010002
G4-JNI GetEnv version=0x00010002
G4-JNI GetEnv version=0x00010002
G4-JNI GetEnv version=0x00010002
G4-JNI GetEnv version=0x00010002
G4-JNI GetEnv version=0x00010002
G4-JNI GetEnv version=0x00010002
G4-JNI GetEnv version=0x00010002
G4-JNI GetEnv version=0x00010002
G4-JNI GetEnv version=0x00010002
G4-JNI GetEnv version=0x00010002
G4-JNI GetEnv version=0x00010002
G4-JNI GetEnv version=0x00010002
G4-JNI GetEnv version=0x00010002
G4-JNI GetEnv version=0x00010002
G4-JNI GetEnv version=0x00010002
G4-JNI GetEnv version=0x00010002
G4-JNI GetEnv version=0x00010002
G4-JNI GetEnv version=0x00010002
G4-JNI GetEnv version=0x00010002
G4-JNI GetEnv version=0x00010002
G4-JNI GetEnv version=0x00010002
G4-JNI GetEnv version=0x00010002
G4-JNI GetEnv version=0x00010002
G4-JNI GetEnv version=0x00010002
G4-JNI GetEnv version=0x00010002
G4-JNI GetEnv version=0x00010002
G4-JNI GetEnv version=0x00010002
G4-JNI GetEnv version=0x00010002
G4-JNI GetEnv version=0x00010002
G4-JNI GetEnv version=0x00010002
G4-JNI GetEnv version=0x00010002
G4-JNI GetEnv version=0x00010002
G4-JNI GetEnv version=0x00010002
G4-JNI GetEnv version=0x00010002
G4-JNI GetEnv version=0x00010002
G4-JNI GetEnv version=0x00010002
G4-JNI GetEnv version=0x00010002
G4-JNI GetEnv version=0x00010002
G4-JNI GetEnv version=0x00010002
G4-JNI GetEnv version=0x00010002
G4-JNI GetEnv version=0x00010002
G4-JNI GetEnv version=0x00010002
G4-JNI GetEnv version=0x00010002
G4-JNI GetEnv version=0x00010002
G4-JNI GetEnv version=0x00010002
G4-JNI GetEnv version=0x00010002
G4-JNI GetEnv version=0x00010002
G4-JNI GetEnv version=0x00010002
G4-JNI GetEnv version=0x00010002
G4-JNI GetEnv version=0x00010002
G4-JNI GetEnv version=0x00010002
G4-JNI GetEnv version=0x00010002
G4-JNI GetEnv version=0x00010002
G4-JNI GetEnv version=0x00010002
G4-JNI GetEnv version=0x00010002
G4-JNI GetEnv version=0x00010002
G4-JNI GetEnv version=0x00010002
G4-JNI GetEnv version=0x00010002
G4-JNI GetEnv version=0x00010002
G4-JNI GetEnv version=0x00010002
G4-JNI GetEnv version=0x00010002
G4-JNI GetEnv version=0x00010002
G4-JNI GetEnv version=0x00010002
G4-JNI GetEnv version=0x00010002
G4-JNI GetEnv version=0x00010002
G4-JNI GetEnv version=0x00010002
G4-JNI GetEnv version=0x00010002
G4-JNI GetEnv version=0x00010002
G4-JNI GetEnv version=0x00010002
G4-JNI GetEnv version=0x00010002
G4-JNI GetEnv version=0x00010002
G4-JNI GetEnv version=0x00010002
G4-JNI GetEnv version=0x00010002
G4-JNI GetEnv version=0x00010002
G4-JNI GetEnv version=0x00010002
G4-JNI GetEnv version=0x00010002
G4-JNI GetEnv version=0x00010002
G4-JNI GetEnv version=0x00010002
G4-JNI GetEnv version=0x00010002
G4-JNI GetEnv version=0x00010002
G4-JNI GetEnv version=0x00010002
G4-JNI GetEnv version=0x00010002
G4-JNI GetEnv version=0x00010002
G4-JNI GetEnv version=0x00010002
G4-JNI GetEnv version=0x00010002
G4-JNI GetEnv version=0x00010002
G4-JNI GetEnv version=0x00010002
G4-JNI GetEnv version=0x00010002
G4-JNI GetEnv version=0x00010002
G4-JNI GetEnv version=0x00010002
G4-JNI GetEnv version=0x00010002
G4-JNI GetEnv version=0x00010002
G4-JNI GetEnv version=0x00010002
G4-JNI GetEnv version=0x00010002
G4-JNI GetEnv version=0x00010002
G4-JNI GetEnv version=0x00010002
G4-JNI GetEnv version=0x00010002
G4-JNI GetEnv version=0x00010002
G4-JNI GetEnv version=0x00010002
G4-JNI GetEnv version=0x00010002
G4-JNI GetEnv version=0x00010002
G4-JNI GetEnv version=0x00010002
G4-JNI GetEnv version=0x00010002
G4-JNI GetEnv version=0x00010002
G4-JNI GetEnv version=0x00010002
G4-JNI GetEnv version=0x00010002
G4-JNI GetEnv version=0x00010002
G4-JNI GetEnv version=0x00010002
G4-JNI GetEnv version=0x00010002
G4-JNI GetEnv version=0x00010002
G4-JNI GetEnv version=0x00010002
G4-JNI GetEnv version=0x00010002
G4-JNI GetEnv version=0x00010002
G4-JNI GetEnv version=0x00010002
G4-JNI GetEnv version=0x00010002
G4-JNI GetEnv version=0x00010002
G4-JNI GetEnv version=0x00010002
G4-JNI GetEnv version=0x00010002
G4-JNI GetEnv version=0x00010002
G4-JNI GetEnv version=0x00010002
G4-JNI GetEnv version=0x00010002
G4-JNI GetEnv version=0x00010002
G4-JNI GetEnv version=0x00010002
G4-JNI GetEnv version=0x00010002
G4-JNI GetEnv version=0x00010002
G4-JNI GetEnv version=0x00010002
G4-JNI GetEnv version=0x00010002
G4-JNI GetEnv version=0x00010002
G4-JNI GetEnv version=0x00010002
G4-JNI GetEnv version=0x00010002
G4-JNI GetEnv version=0x00010002
G4-JNI GetEnv version=0x00010002
G4-JNI GetEnv version=0x00010002
G4-JNI GetEnv version=0x00010002
G4-JNI GetEnv version=0x00010002
G4-JNI GetEnv version=0x00010002
G4-JNI GetEnv version=0x00010002
G4-JNI GetEnv version=0x00010002
G4-JNI GetEnv version=0x00010002
G4-JNI GetEnv version=0x00010002
G4-JNI GetEnv version=0x00010002
G4-JNI GetEnv version=0x00010002
G4-JNI GetEnv version=0x00010002
G4-JNI GetEnv version=0x00010002
G4-JNI GetEnv version=0x00010002
G4-JNI GetEnv version=0x00010002
G4-JNI GetEnv version=0x00010002
G4-JNI GetEnv version=0x00010002
G4-JNI GetEnv version=0x00010002
G4-JNI GetEnv version=0x00010002
G4-JNI GetEnv version=0x00010002
G4-JNI GetEnv version=0x00010002
G4-JNI GetEnv version=0x00010002
G4-JNI GetEnv version=0x00010002
G4-JNI GetEnv version=0x00010002
G4-JNI GetEnv version=0x00010002
G4-JNI GetEnv version=0x00010002
G4-JNI GetEnv version=0x00010002
G4-JNI GetEnv version=0x00010002
G4-JNI GetEnv version=0x00010002
G4-JNI GetEnv version=0x00010002
G4-JNI GetEnv version=0x00010002
G4-JNI GetEnv version=0x00010002
G4-JNI GetEnv version=0x00010002
G4-JNI GetEnv version=0x00010002
G4-JNI GetEnv version=0x00010002
G4-JNI GetEnv version=0x00010002
G4-JNI GetEnv version=0x00010002
G4-JNI GetEnv version=0x00010002
G4-JNI GetEnv version=0x00010002
G4-JNI GetEnv version=0x00010002
G4-JNI GetEnv version=0x00010002
G4-JNI GetEnv version=0x00010002
G4-JNI GetEnv version=0x00010002
G4-JNI GetEnv version=0x00010002
G4-JNI GetEnv version=0x00010002
G4-JNI GetEnv version=0x00010002
G4-JNI GetEnv version=0x00010002
G4-JNI GetEnv version=0x00010002
G4-JNI GetEnv version=0x00010002
G4-JNI GetEnv version=0x00010002
G4-JNI GetEnv version=0x00010002
G4-JNI GetEnv version=0x00010002
G4-JNI GetEnv version=0x00010002
G4-JNI GetEnv version=0x00010002
G4-JNI GetEnv version=0x00010002
G4-JNI GetEnv version=0x00010002
G4-JNI GetEnv version=0x00010002
G4-JNI GetEnv version=0x00010002
G4-JNI GetEnv version=0x00010002
G4-JNI GetEnv version=0x00010002
G4-JNI GetEnv version=0x00010002
G4-JNI GetEnv version=0x00010002
G4-JNI GetEnv version=0x00010002
G4-JNI GetEnv version=0x00010002
G4-JNI GetEnv version=0x00010002
G4-JNI GetEnv version=0x00010002
G4-JNI GetEnv version=0x00010002
G4-JNI GetEnv version=0x00010002
G4-JNI GetEnv version=0x00010002
G4-JNI GetEnv version=0x00010002
G4-JNI GetEnv version=0x00010002
G4-JNI GetEnv version=0x00010002
G4-JNI GetEnv version=0x00010002
G4-JNI GetEnv version=0x00010002
G4-JNI GetEnv version=0x00010002
G4-JNI GetEnv version=0x00010002
G4-JNI GetEnv version=0x00010002
G4-JNI GetEnv version=0x00010002
G4-JNI GetEnv version=0x00010002
G4-JNI GetEnv version=0x00010002
G4-JNI GetEnv version=0x00010002
G4-JNI GetEnv version=0x00010002
G4-JNI GetEnv version=0x00010002
G4-JNI GetEnv version=0x00010002
G4-JNI GetEnv version=0x00010002
G4-JNI GetEnv version=0x00010002
G4-JNI GetEnv version=0x00010002
G4-JNI GetEnv version=0x00010002
G4-JNI GetEnv version=0x00010002
G4-JNI GetEnv version=0x00010002
G4-JNI GetEnv version=0x00010002
G4-JNI GetEnv version=0x00010002
G4-JNI GetEnv version=0x00010002
G4-JNI GetEnv version=0x00010002
G4-JNI GetEnv version=0x00010002
G4-JNI GetEnv version=0x00010002
G4-JNI GetEnv version=0x00010002
G4-JNI GetEnv version=0x00010002
G4-JNI GetEnv version=0x00010002
G4-JNI GetEnv version=0x00010002
G4-JNI GetEnv version=0x00010002
G4-JNI GetEnv version=0x00010002
G4-JNI GetEnv version=0x00010002
G4-JNI GetEnv version=0x00010002
G4-JNI GetEnv version=0x00010002
G4-JNI GetEnv version=0x00010002
G4-JNI GetEnv version=0x00010002
G4-JNI GetEnv version=0x00010002
G4-JNI GetEnv version=0x00010002
G4-JNI GetEnv version=0x00010002
G4-JNI GetEnv version=0x00010002
G4-JNI GetEnv version=0x00010002
G4-JNI GetEnv version=0x00010002
G4-JNI GetEnv version=0x00010002
G4-JNI GetEnv version=0x00010002
G4-JNI GetEnv version=0x00010002
G4-JNI GetEnv version=0x00010002
G4-JNI GetEnv version=0x00010002
G4-JNI GetEnv version=0x00010002
G4-JNI GetEnv version=0x00010002
G4-JNI GetEnv version=0x00010002
G4-JNI GetEnv version=0x00010002
G4-JNI GetEnv version=0x00010002
G4-JNI GetEnv version=0x00010002
G4-JNI GetEnv version=0x00010002
G4-JNI GetEnv version=0x00010002
G4-JNI GetEnv version=0x00010002
G4-JNI GetEnv version=0x00010002
G4-JNI GetEnv version=0x00010002
G4-JNI GetEnv version=0x00010002
G4-JNI GetEnv version=0x00010002
G4-JNI GetEnv version=0x00010002
G4-JNI GetEnv version=0x00010002
G4-JNI GetEnv version=0x00010002
G4-JNI GetEnv version=0x00010002
G4-JNI GetEnv version=0x00010002
G4-JNI GetEnv version=0x00010002
G4-JNI GetEnv version=0x00010002
G4-JNI GetEnv version=0x00010002
G4-JNI GetEnv version=0x00010002
G4-JNI GetEnv version=0x00010002
android[2] trace: MoGaConTrOlLeR :: ....................(KK) BaseDrivingControlScheme :: OnEvent .....................

G4-JNI GetEnv version=0x00010002
G4-JNI GetEnv version=0x00010002
G4-JNI GetEnv version=0x00010002
G4-JNI GetEnv version=0x00010002
G4-JNI GetEnv version=0x00010002
G4-JNI GetEnv version=0x00010002
G4-JNI GetEnv version=0x00010002
G4-JNI GetEnv version=0x00010002
G4-JNI GetEnv version=0x00010002
G4-JNI GetEnv version=0x00010002
G4-JNI GetEnv version=0x00010002
G4-JNI GetEnv version=0x00010002
G4-JNI GetEnv version=0x00010002
G4-JNI GetEnv version=0x00010002
G4-JNI GetEnv version=0x00010002
G4-JNI GetEnv version=0x00010002
G4-JNI GetEnv version=0x00010002
G4-JNI GetEnv version=0x00010002
G4-JNI GetEnv version=0x00010002
G4-JNI GetEnv version=0x00010002
G4-JNI GetEnv version=0x00010002
G4-JNI GetEnv version=0x00010002
G4-JNI GetEnv version=0x00010002
G4-JNI GetEnv version=0x00010002
G4-JNI GetEnv version=0x00010002
G4-JNI GetEnv version=0x00010002
G4-JNI GetEnv version=0x00010002
G4-JNI GetEnv version=0x00010002
G4-JNI GetEnv version=0x00010002
G4-JNI GetEnv version=0x00010002
G4-JNI GetEnv version=0x00010002
G4-JNI GetEnv version=0x00010002
G4-JNI GetEnv version=0x00010002
G4-JNI GetEnv version=0x00010002
G4-JNI GetEnv version=0x00010002
G4-JNI GetEnv version=0x00010002
G4-JNI GetEnv version=0x00010002
G4-JNI GetEnv version=0x00010002
G4-JNI GetEnv version=0x00010002
G4-JNI GetEnv version=0x00010002
G4-JNI GetEnv version=0x00010002
G4-JNI GetEnv version=0x00010002
G4-JNI GetEnv version=0x00010002
G4-JNI GetEnv version=0x00010002
G4-JNI GetEnv version=0x00010002
G4-JNI GetEnv version=0x00010002
G4-JNI GetEnv version=0x00010002
G4-JNI GetEnv version=0x00010002
G4-JNI GetEnv version=0x00010002
G4-JNI GetEnv version=0x00010002
G4-JNI GetEnv version=0x00010002
G4-JNI GetEnv version=0x00010002
G4-JNI GetEnv version=0x00010002
G4-JNI GetEnv version=0x00010002
G4-JNI GetEnv version=0x00010002
G4-JNI GetEnv version=0x00010002
G4-JNI GetEnv version=0x00010002
G4-JNI GetEnv version=0x00010002
G4-JNI GetEnv version=0x00010002
G4-JNI GetEnv version=0x00010002
G4-JNI GetEnv version=0x00010002
G4-JNI GetEnv version=0x00010002
G4-JNI GetEnv version=0x00010002
G4-JNI GetEnv version=0x00010002
G4-JNI GetEnv version=0x00010002
G4-JNI GetEnv version=0x00010002
G4-JNI GetEnv version=0x00010002
G4-JNI GetEnv version=0x00010002
G4-JNI GetEnv version=0x00010002
G4-JNI GetEnv version=0x00010002
G4-JNI GetEnv version=0x00010002
G4-JNI GetEnv version=0x00010002
G4-JNI GetEnv version=0x00010002
G4-JNI GetEnv version=0x00010002
G4-JNI GetEnv version=0x00010002
G4-JNI GetEnv version=0x00010002
G4-JNI GetEnv version=0x00010002
G4-JNI GetEnv version=0x00010002
G4-JNI GetEnv version=0x00010002
G4-JNI GetEnv version=0x00010002
G4-JNI GetEnv version=0x00010002
G4-JNI GetEnv version=0x00010002
G4-JNI GetEnv version=0x00010002
G4-JNI GetEnv version=0x00010002
G4-JNI GetEnv version=0x00010002
G4-JNI GetEnv version=0x00010002
G4-JNI GetEnv version=0x00010002
G4-JNI GetEnv version=0x00010002
G4-JNI GetEnv version=0x00010002
G4-JNI GetEnv version=0x00010002
G4-JNI GetEnv version=0x00010002
G4-JNI GetEnv version=0x00010002
G4-JNI GetEnv version=0x00010002
G4-JNI GetEnv version=0x00010002
G4-JNI GetEnv version=0x00010002
G4-JNI GetEnv version=0x00010002
G4-JNI GetEnv version=0x00010002
G4-JNI GetEnv version=0x00010002
G4-JNI GetEnv version=0x00010002
G4-JNI GetEnv version=0x00010002
G4-JNI GetEnv version=0x00010002
G4-JNI GetEnv version=0x00010002
G4-JNI GetEnv version=0x00010002
G4-JNI GetEnv version=0x00010002
G4-JNI GetEnv version=0x00010002
G4-JNI GetEnv version=0x00010002
G4-JNI GetEnv version=0x00010002
G4-JNI GetEnv version=0x00010002
G4-JNI GetEnv version=0x00010002
G4-JNI GetEnv version=0x00010002
G4-JNI GetEnv version=0x00010002
G4-JNI GetEnv version=0x00010002
G4-JNI GetEnv version=0x00010002
G4-JNI GetEnv version=0x00010002
G4-JNI GetEnv version=0x00010002
G4-JNI GetEnv version=0x00010002
G4-JNI GetEnv version=0x00010002
G4-JNI GetEnv version=0x00010002
G4-JNI GetEnv version=0x00010002
G4-JNI GetEnv version=0x00010002
G4-JNI GetEnv version=0x00010002
G4-JNI GetEnv version=0x00010002
G4-JNI GetEnv version=0x00010002
G4-JNI GetEnv version=0x00010002
G4-JNI GetEnv version=0x00010002
G4-JNI GetEnv version=0x00010002
G4-JNI GetEnv version=0x00010002
G4-JNI GetEnv version=0x00010002
G4-JNI GetEnv version=0x00010002
G4-JNI GetEnv version=0x00010002
G4-JNI GetEnv version=0x00010002
G4-JNI GetEnv version=0x00010002
G4-JNI GetEnv version=0x00010002
G4-JNI GetEnv version=0x00010002
G4-JNI GetEnv version=0x00010002
G4-JNI GetEnv version=0x00010002
G4-JNI GetEnv version=0x00010002
G4-JNI GetEnv version=0x00010002
G4-JNI GetEnv version=0x00010002
G4-JNI GetEnv version=0x00010002
G4-JNI GetEnv version=0x00010002
G4-JNI GetEnv version=0x00010002
G4-JNI GetEnv version=0x00010002
G4-JNI GetEnv version=0x00010002
G4-JNI GetEnv version=0x00010002
G4-JNI GetEnv version=0x00010002
G4-JNI GetEnv version=0x00010002
G4-JNI GetEnv version=0x00010002
G4-JNI GetEnv version=0x00010002
G4-JNI GetEnv version=0x00010002
G4-JNI GetEnv version=0x00010002
G4-JNI GetEnv version=0x00010002
G4-JNI GetEnv version=0x00010002
G4-JNI GetEnv version=0x00010002
G4-JNI GetEnv version=0x00010002
G4-JNI GetEnv version=0x00010002
G4-JNI GetEnv version=0x00010002
G4-JNI GetEnv version=0x00010002
G4-JNI GetEnv version=0x00010002
G4-JNI GetEnv version=0x00010002
G4-JNI GetEnv version=0x00010002
G4-JNI GetEnv version=0x00010002
G4-JNI GetEnv version=0x00010002
G4-JNI GetEnv version=0x00010002
G4-JNI GetEnv version=0x00010002
G4-JNI GetEnv version=0x00010002
G4-JNI GetEnv version=0x00010002
G4-JNI GetEnv version=0x00010002
G4-JNI GetEnv version=0x00010002
G4-JNI GetEnv version=0x00010002
G4-JNI GetEnv version=0x00010002
G4-JNI GetEnv version=0x00010002
G4-JNI GetEnv version=0x00010002
G4-JNI GetEnv version=0x00010002
G4-JNI GetEnv version=0x00010002
G4-JNI GetEnv version=0x00010002
G4-JNI GetEnv version=0x00010002
G4-JNI GetEnv version=0x00010002
G4-JNI GetEnv version=0x00010002
G4-JNI GetEnv version=0x00010002
G4-JNI GetEnv version=0x00010002
G4-JNI GetEnv version=0x00010002
G4-JNI GetEnv version=0x00010002
G4-JNI GetEnv version=0x00010002
G4-JNI GetEnv version=0x00010002
G4-JNI GetEnv version=0x00010002
G4-JNI GetEnv version=0x00010002
G4-JNI GetEnv version=0x00010002
G4-JNI GetEnv version=0x00010002
G4-JNI GetEnv version=0x00010002
G4-JNI GetEnv version=0x00010002
G4-JNI GetEnv version=0x00010002
G4-JNI GetEnv version=0x00010002
G4-JNI GetEnv version=0x00010002
G4-JNI GetEnv version=0x00010002
G4-JNI GetEnv version=0x00010002
G4-JNI GetEnv version=0x00010002
G4-JNI GetEnv version=0x00010002
G4-JNI GetEnv version=0x00010002
G4-JNI GetEnv version=0x00010002
G4-JNI GetEnv version=0x00010002
G4-JNI GetEnv version=0x00010002
G4-JNI GetEnv version=0x00010002
G4-JNI GetEnv version=0x00010002
G4-JNI GetEnv version=0x00010002
G4-JNI GetEnv version=0x00010002
G4-JNI GetEnv version=0x00010002
G4-JNI GetEnv version=0x00010002
G4-JNI GetEnv version=0x00010002
G4-JNI GetEnv version=0x00010002
G4-JNI GetEnv version=0x00010002
G4-JNI GetEnv version=0x00010002
G4-JNI GetEnv version=0x00010002
G4-JNI GetEnv version=0x00010002
G4-JNI GetEnv version=0x00010002
G4-JNI GetEnv version=0x00010002
G4-JNI GetEnv version=0x00010002
G4-JNI GetEnv version=0x00010002
G4-JNI GetEnv version=0x00010002
G4-JNI GetEnv version=0x00010002
G4-JNI GetEnv version=0x00010002
G4-JNI GetEnv version=0x00010002
G4-JNI GetEnv version=0x00010002
G4-JNI GetEnv version=0x00010002
G4-JNI GetEnv version=0x00010002
G4-JNI GetEnv version=0x00010002
G4-JNI GetEnv version=0x00010002
G4-JNI GetEnv version=0x00010002
G4-JNI GetEnv version=0x00010002
G4-JNI GetEnv version=0x00010002
G4-JNI GetEnv version=0x00010002
G4-JNI GetEnv version=0x00010002
G4-JNI GetEnv version=0x00010002
G4-JNI GetEnv version=0x00010002
G4-JNI GetEnv version=0x00010002
G4-JNI GetEnv version=0x00010002
G4-JNI GetEnv version=0x00010002
G4-JNI GetEnv version=0x00010002
G4-JNI GetEnv version=0x00010002
G4-JNI GetEnv version=0x00010002
G4-JNI GetEnv version=0x00010002
G4-JNI GetEnv version=0x00010002
G4-JNI GetEnv version=0x00010002
G4-JNI GetEnv version=0x00010002
G4-JNI GetEnv version=0x00010002
G4-JNI GetEnv version=0x00010002
G4-JNI GetEnv version=0x00010002
G4-JNI GetEnv version=0x00010002
G4-JNI GetEnv version=0x00010002
G4-JNI GetEnv version=0x00010002
G4-JNI GetEnv version=0x00010002
G4-JNI GetEnv version=0x00010002
G4-JNI GetEnv version=0x00010002
G4-JNI GetEnv version=0x00010002
G4-JNI GetEnv version=0x00010002
G4-JNI GetEnv version=0x00010002
G4-JNI GetEnv version=0x00010002
G4-JNI GetEnv version=0x00010002
G4-JNI GetEnv version=0x00010002
G4-JNI GetEnv version=0x00010002
G4-JNI GetEnv version=0x00010002
G4-JNI GetEnv version=0x00010002
G4-JNI GetEnv version=0x00010002
G4-JNI GetEnv version=0x00010002
G4-JNI GetEnv version=0x00010002
G4-JNI GetEnv version=0x00010002
G4-JNI GetEnv version=0x00010002
G4-JNI GetEnv version=0x00010002
G4-JNI GetEnv version=0x00010002
G4-JNI GetEnv version=0x00010002
G4-JNI GetEnv version=0x00010002
G4-JNI GetEnv version=0x00010002
G4-JNI GetEnv version=0x00010002
G4-JNI GetEnv version=0x00010002
G4-JNI GetEnv version=0x00010002
G4-JNI GetEnv version=0x00010002
G4-JNI GetEnv version=0x00010002
G4-JNI GetEnv version=0x00010002
G4-JNI GetEnv version=0x00010002
G4-JNI GetEnv version=0x00010002
G4-JNI GetEnv version=0x00010002
G4-JNI GetEnv version=0x00010002
G4-JNI GetEnv version=0x00010002
G4-JNI GetEnv version=0x00010002
G4-JNI GetEnv version=0x00010002
G4-JNI GetEnv version=0x00010002
G4-JNI GetEnv version=0x00010002
G4-JNI GetEnv version=0x00010002
G4-JNI GetEnv version=0x00010002
G4-JNI GetEnv version=0x00010002
G4-JNI GetEnv version=0x00010002
G4-JNI GetEnv version=0x00010002
G4-JNI GetEnv version=0x00010002
G4-JNI GetEnv version=0x00010002
G4-JNI GetEnv version=0x00010002
G4-JNI GetEnv version=0x00010002
G4-JNI GetEnv version=0x00010002
G4-JNI GetEnv version=0x00010002
G4-JNI GetEnv version=0x00010002
G4-JNI GetEnv version=0x00010002
G4-JNI GetEnv version=0x00010002
G4-JNI GetEnv version=0x00010002
G4-JNI GetEnv version=0x00010002
G6-RAW buttons=0x00002000
android[2] trace: MoGaConTrOlLeR :: ....................(KK) MogaController :: Inside nativeOnKeyEvent 

android[2] trace: ....................(KK) MogaController :: Inside nativeOnKeyEvent 108

android[2] trace: MoGaConTrOlLeR :: ....................(KK) Key Event Key Start TTTT .....................

android[2] trace: MoGaConTrOlLeR :: ....................(KK) Key Event Key Down .....................

android[2] trace: MoGaConTrOlLeR :: ....................(KK) Listener Key Press .....................

android[2] trace: MoGaConTrOlLeR :: ....................(KK) AndroidKeyCode :: MogaKeyCode (Start of func) .....................

android[2] trace: MoGaConTrOlLeR :: ....................(KK) AndroidKeyCode :: MogaKeyCode Key Press Start(KeyB) .....................

android[2] trace: MoGaConTrOlLeR :: (KK) MogaController :: Inside nativeOnKeyEvent ....................

G6-MOGA key frame=2042 code=108 state=down
G6-TOUCH cursor=on frame=2042 position=320,240
android[5] layouts/warning: LayoutEntity not in cache, reloading: paused

android[5] layouts/warning: LayoutEntity not in cache, reloading: paused_options_bg

android[5] layouts/warning: LayoutEntity not in cache, reloading: btn_pause_large1

android[5] layouts/warning: LayoutEntity not in cache, reloading: btn_pause_idle

android[5] layouts/warning: LayoutEntity not in cache, reloading: btn_pause_active

android[5] layouts/warning: LayoutEntity not in cache, reloading: btn_musicskip

android[2] trace: LayoutScreen::LayoutScreen OptionsSettingsScreen != 0

android[5] layouts/warning: SetAnimation: Animation fade not found in node /[NoID]/[NoID]

G4-JNI GetEnv version=0x00010002
android[2] trace: ShowMogaHighlight start

android[2] trace: ShowMogaHighlight 1

android[2] trace: ShowMogaHighlight end

G4-JNI GetEnv version=0x00010002
G4-JNI GetEnv version=0x00010002
G4-JNI GetEnv version=0x00010002
G4-JNI GetEnv version=0x00010002
G4-JNI GetEnv version=0x00010002
G4-JNI GetEnv version=0x00010002
G4-JNI GetEnv version=0x00010002
G4-JNI GetEnv version=0x00010002
G4-JNI GetEnv version=0x00010002
G4-JNI GetEnv version=0x00010002
G4-JNI GetEnv version=0x00010002
G4-JNI GetEnv version=0x00010002
G4-JNI GetEnv version=0x00010002
G4-JNI GetEnv version=0x00010002
G4-JNI GetEnv version=0x00010002
G4-JNI GetEnv version=0x00010002
G4-JNI GetEnv version=0x00010002
G4-JNI GetEnv version=0x00010002
G4-JNI GetEnv version=0x00010002
G4-JNI GetEnv version=0x00010002
G4-JNI GetEnv version=0x00010002
G4-JNI GetEnv version=0x00010002
G4-JNI GetEnv version=0x00010002
G4-JNI GetEnv version=0x00010002
G4-JNI GetEnv version=0x00010002
G4-JNI GetEnv version=0x00010002
G4-JNI GetEnv version=0x00010002
G4-JNI GetEnv version=0x00010002
G4-JNI GetEnv version=0x00010002
G4-JNI GetEnv version=0x00010002
G4-JNI GetEnv version=0x00010002
G4-JNI GetEnv version=0x00010002
G4-JNI GetEnv version=0x00010002
G4-JNI GetEnv version=0x00010002
G4-JNI GetEnv version=0x00010002
G4-JNI GetEnv version=0x00010002
G4-JNI GetEnv version=0x00010002
G4-JNI GetEnv version=0x00010002
G4-JNI GetEnv version=0x00010002
G4-JNI GetEnv version=0x00010002
G4-JNI GetEnv version=0x00010002
G4-JNI GetEnv version=0x00010002
G4-JNI GetEnv version=0x00010002
G4-JNI GetEnv version=0x00010002
G4-JNI GetEnv version=0x00010002
G4-JNI GetEnv version=0x00010002
G4-JNI GetEnv version=0x00010002
G4-JNI GetEnv version=0x00010002
G4-JNI GetEnv version=0x00010002
G4-JNI GetEnv version=0x00010002
G4-JNI GetEnv version=0x00010002
G4-JNI GetEnv version=0x00010002
G4-JNI GetEnv version=0x00010002
G4-JNI GetEnv version=0x00010002
G4-JNI GetEnv version=0x00010002
G4-JNI GetEnv version=0x00010002
G4-JNI GetEnv version=0x00010002
G4-JNI GetEnv version=0x00010002
G6-RAW buttons=0x00000000
android[2] trace: MoGaConTrOlLeR :: ....................(KK) MogaController :: Inside nativeOnKeyEvent 

android[2] trace: ....................(KK) MogaController :: Inside nativeOnKeyEvent 108

android[2] trace: MoGaConTrOlLeR :: ....................(KK) Key Event Key Start TTTT .....................

android[2] trace: MoGaConTrOlLeR :: ....................(KK) Key Event Key up .....................

android[2] trace: MoGaConTrOlLeR :: ....................(KK) Listener Key Release .....................

android[2] trace: MoGaConTrOlLeR :: ....................(KK) AndroidKeyCode :: MogaKeyCode (Start of func) .....................

android[2] trace: MoGaConTrOlLeR :: ....................(KK) AndroidKeyCode :: MogaKeyCode Key Press Start(KeyB) .....................

android[2] trace: MoGaConTrOlLeR :: (KK) MogaController :: Inside nativeOnKeyEvent ....................

G6-MOGA key frame=2049 code=108 state=up
G4-JNI GetEnv version=0x00010002
G4-JNI GetEnv version=0x00010002
G4-JNI GetEnv version=0x00010002
G4-JNI GetEnv version=0x00010002
G4-JNI GetEnv version=0x00010002
G4-JNI GetEnv version=0x00010002
G4-JNI GetEnv version=0x00010002
G4-JNI GetEnv version=0x00010002
G4-JNI GetEnv version=0x00010002
G4-JNI GetEnv version=0x00010002
G4-JNI GetEnv version=0x00010002
G4-JNI GetEnv version=0x00010002
G4-JNI GetEnv version=0x00010002
G4-JNI GetEnv version=0x00010002
G4-JNI GetEnv version=0x00010002
G4-JNI GetEnv version=0x00010002
G7-FRAME enter=2100
G5-GL STATE frame=2100 framebuffer=0 status=0x8cd5 errors=0
G7-FRAME leave=2100
G6-RAW buttons=0x00002000
android[2] trace: MoGaConTrOlLeR :: ....................(KK) MogaController :: Inside nativeOnKeyEvent 

android[2] trace: ....................(KK) MogaController :: Inside nativeOnKeyEvent 108

android[2] trace: MoGaConTrOlLeR :: ....................(KK) Key Event Key Start TTTT .....................

android[2] trace: MoGaConTrOlLeR :: ....................(KK) Key Event Key Down .....................

android[2] trace: MoGaConTrOlLeR :: ....................(KK) Listener Key Press .....................

android[2] trace: MoGaConTrOlLeR :: ....................(KK) AndroidKeyCode :: MogaKeyCode (Start of func) .....................

android[2] trace: MoGaConTrOlLeR :: ....................(KK) AndroidKeyCode :: MogaKeyCode Key Press Start(KeyB) .....................

android[2] trace: MoGaConTrOlLeR :: (KK) MogaController :: Inside nativeOnKeyEvent ....................

G6-MOGA key frame=2319 code=108 state=down
G6-TOUCH cursor=off frame=2319 position=320,240
G6-RAW buttons=0x00000000
android[2] trace: MoGaConTrOlLeR :: ....................(KK) MogaController :: Inside nativeOnKeyEvent 

android[2] trace: ....................(KK) MogaController :: Inside nativeOnKeyEvent 108

android[2] trace: MoGaConTrOlLeR :: ....................(KK) Key Event Key Start TTTT .....................

android[2] trace: MoGaConTrOlLeR :: ....................(KK) Key Event Key up .....................

android[2] trace: MoGaConTrOlLeR :: ....................(KK) Listener Key Release .....................

android[2] trace: MoGaConTrOlLeR :: ....................(KK) AndroidKeyCode :: MogaKeyCode (Start of func) .....................

android[2] trace: MoGaConTrOlLeR :: ....................(KK) AndroidKeyCode :: MogaKeyCode Key Press Start(KeyB) .....................

android[2] trace: MoGaConTrOlLeR :: (KK) MogaController :: Inside nativeOnKeyEvent ....................

G6-MOGA key frame=2326 code=108 state=up
android[6] Sound/SoundManager/error: FMOD result of SoundManager::createSound: An error occured that wasn't supposed to.  Contact support. 

android[5] Sound/SoundManager/warn: SoundManager::createSound - 'ui/ui/btn_generic': failure.

android[2] trace: UI play sound: ui/ui/btn_generic

android[5] layouts/warning: GetAnimationTime: Animation fade not found in node /[NoID]/[NoID]

android[2] trace: MusicManager::SetPlaylist(): playlist=InRace fade=true

G4-JNI GetEnv version=0x00010002
G4-JNI GetEnv version=0x00010002
G4-JNI GetEnv version=0x00010002
G4-JNI GetEnv version=0x00010002
G4-JNI GetEnv version=0x00010002
G4-JNI GetEnv version=0x00010002
G4-JNI GetEnv version=0x00010002
G4-JNI GetEnv version=0x00010002
G4-JNI GetEnv version=0x00010002
G4-JNI GetEnv version=0x00010002
G4-JNI GetEnv version=0x00010002
G4-JNI GetEnv version=0x00010002
G4-JNI GetEnv version=0x00010002
G4-JNI GetEnv version=0x00010002
G4-JNI GetEnv version=0x00010002
G4-JNI GetEnv version=0x00010002
G4-JNI GetEnv version=0x00010002
G4-JNI GetEnv version=0x00010002
G4-JNI GetEnv version=0x00010002
G4-JNI GetEnv version=0x00010002
G4-JNI GetEnv version=0x00010002
G4-JNI GetEnv version=0x00010002
G4-JNI GetEnv version=0x00010002
G4-JNI GetEnv version=0x00010002
G4-JNI GetEnv version=0x00010002
G4-JNI GetEnv version=0x00010002
G4-JNI GetEnv version=0x00010002
G4-JNI GetEnv version=0x00010002
G4-JNI GetEnv version=0x00010002
G4-JNI GetEnv version=0x00010002
G4-JNI GetEnv version=0x00010002
android[2] trace: ....................(KK) MogaController :: Inside NativeOnMotionEvent

android[2] trace: (KK) MogaController :: Inside NativeOnMotionEvent ....................

G6-MOGA motion frame=2358 axes=32767,0,0,0,0,0
G4-JNI GetEnv version=0x00010002
G4-JNI GetEnv version=0x00010002
G4-JNI GetEnv version=0x00010002
G4-JNI GetEnv version=0x00010002
G4-JNI GetEnv version=0x00010002
G4-JNI GetEnv version=0x00010002
G4-JNI GetEnv version=0x00010002
G4-JNI GetEnv version=0x00010002
G4-JNI GetEnv version=0x00010002
G4-JNI GetEnv version=0x00010002
G4-JNI GetEnv version=0x00010002
G4-JNI GetEnv version=0x00010002
G4-JNI GetEnv version=0x00010002
G4-JNI GetEnv version=0x00010002
G4-JNI GetEnv version=0x00010002
G4-JNI GetEnv version=0x00010002
G4-JNI GetEnv version=0x00010002
G4-JNI GetEnv version=0x00010002
G4-JNI GetEnv version=0x00010002
G4-JNI GetEnv version=0x00010002
G4-JNI GetEnv version=0x00010002
G4-JNI GetEnv version=0x00010002
G4-JNI GetEnv version=0x00010002
G4-JNI GetEnv version=0x00010002
G4-JNI GetEnv version=0x00010002
G4-JNI GetEnv version=0x00010002
G4-JNI GetEnv version=0x00010002
G4-JNI GetEnv version=0x00010002
G4-JNI GetEnv version=0x00010002
G4-JNI GetEnv version=0x00010002
android[6] Sound/SoundManager/error: FMOD result of SoundManager::createSound: An error occured that wasn't supposed to.  Contact support. 

android[5] Sound/SoundManager/warn: SoundManager::createSound - 'effects/collisions/car_light': failure.

G4-JNI GetEnv version=0x00010002
android[6] Sound/SoundManager/error: FMOD result of SoundManager::createSound: An error occured that wasn't supposed to.  Contact support. 

android[5] Sound/SoundManager/warn: SoundManager::createSound - 'effects/collisions/scrape': failure.

G4-JNI GetEnv version=0x00010002
G4-JNI GetEnv version=0x00010002
G4-JNI GetEnv version=0x00010002
G4-JNI GetEnv version=0x00010002
G4-JNI GetEnv version=0x00010002
G4-JNI GetEnv version=0x00010002
G4-JNI GetEnv version=0x00010002
G4-JNI GetEnv version=0x00010002
G4-JNI GetEnv version=0x00010002
G4-JNI GetEnv version=0x00010002
G4-JNI GetEnv version=0x00010002
G7-FRAME enter=2400
G4-JNI GetEnv version=0x00010002
G5-GL STATE frame=2400 framebuffer=0 status=0x8cd5 errors=0
G7-FRAME leave=2400
G4-JNI GetEnv version=0x00010002
G4-JNI GetEnv version=0x00010002
G4-JNI GetEnv version=0x00010002
G4-JNI GetEnv version=0x00010002
G4-JNI GetEnv version=0x00010002
G4-JNI GetEnv version=0x00010002
G4-JNI GetEnv version=0x00010002
G4-JNI GetEnv version=0x00010002
android[2] trace: ....................(KK) MogaController :: Inside NativeOnMotionEvent

android[2] trace: (KK) MogaController :: Inside NativeOnMotionEvent ....................

G6-MOGA motion frame=2409 axes=0,0,0,0,0,0
G4-JNI GetEnv version=0x00010002
G4-JNI GetEnv version=0x00010002
G4-JNI GetEnv version=0x00010002
G4-JNI GetEnv version=0x00010002
G4-JNI GetEnv version=0x00010002
G4-JNI GetEnv version=0x00010002
G4-JNI GetEnv version=0x00010002
android[2] trace: ....................(KK) MogaController :: Inside NativeOnMotionEvent

android[2] trace: (KK) MogaController :: Inside NativeOnMotionEvent ....................

G4-JNI GetEnv version=0x00010002
G4-JNI GetEnv version=0x00010002
G4-JNI GetEnv version=0x00010002
G4-JNI GetEnv version=0x00010002
G4-JNI GetEnv version=0x00010002
G4-JNI GetEnv version=0x00010002
G4-JNI GetEnv version=0x00010002
android[2] trace: ....................(KK) MogaController :: Inside NativeOnMotionEvent

android[2] trace: (KK) MogaController :: Inside NativeOnMotionEvent ....................

G4-JNI GetEnv version=0x00010002
G4-JNI GetEnv version=0x00010002
G4-JNI GetEnv version=0x00010002
G4-JNI GetEnv version=0x00010002
G4-JNI GetEnv version=0x00010002
android[2] trace: ....................(KK) MogaController :: Inside NativeOnMotionEvent

android[2] trace: (KK) MogaController :: Inside NativeOnMotionEvent ....................

G6-MOGA motion frame=2428 axes=32767,0,0,0,0,0
G4-JNI GetEnv version=0x00010002
G4-JNI GetEnv version=0x00010002
G4-JNI GetEnv version=0x00010002
G4-JNI GetEnv version=0x00010002
G4-JNI GetEnv version=0x00010002
G4-JNI GetEnv version=0x00010002
G4-JNI GetEnv version=0x00010002
G4-JNI GetEnv version=0x00010002
G4-JNI GetEnv version=0x00010002
G4-JNI GetEnv version=0x00010002
G4-JNI GetEnv version=0x00010002
G4-JNI GetEnv version=0x00010002
G4-JNI GetEnv version=0x00010002
G4-JNI GetEnv version=0x00010002
G4-JNI GetEnv version=0x00010002
G4-JNI GetEnv version=0x00010002
G4-JNI GetEnv version=0x00010002
G4-JNI GetEnv version=0x00010002
G4-JNI GetEnv version=0x00010002
G4-JNI GetEnv version=0x00010002
G4-JNI GetEnv version=0x00010002
android[2] trace: ....................(KK) MogaController :: Inside NativeOnMotionEvent

android[2] trace: (KK) MogaController :: Inside NativeOnMotionEvent ....................

G6-MOGA motion frame=2449 axes=0,0,0,0,0,0
G4-JNI GetEnv version=0x00010002
G4-JNI GetEnv version=0x00010002
G4-JNI GetEnv version=0x00010002
G4-JNI GetEnv version=0x00010002
G4-JNI GetEnv version=0x00010002
G4-JNI GetEnv version=0x00010002
G4-JNI GetEnv version=0x00010002
G4-JNI GetEnv version=0x00010002
G4-JNI GetEnv version=0x00010002
G4-JNI GetEnv version=0x00010002
G4-JNI GetEnv version=0x00010002
G4-JNI GetEnv version=0x00010002
G4-JNI GetEnv version=0x00010002
G4-JNI GetEnv version=0x00010002
G4-JNI GetEnv version=0x00010002
G4-JNI GetEnv version=0x00010002
G4-JNI GetEnv version=0x00010002
G4-JNI GetEnv version=0x00010002
G4-JNI GetEnv version=0x00010002
G4-JNI GetEnv version=0x00010002
G4-JNI GetEnv version=0x00010002
G4-JNI GetEnv version=0x00010002
G4-JNI GetEnv version=0x00010002
G4-JNI GetEnv version=0x00010002
G4-JNI GetEnv version=0x00010002
G4-JNI GetEnv version=0x00010002
G4-JNI GetEnv version=0x00010002
G4-JNI GetEnv version=0x00010002
G4-JNI GetEnv version=0x00010002
G4-JNI GetEnv version=0x00010002
G4-JNI GetEnv version=0x00010002
G4-JNI GetEnv version=0x00010002
G4-JNI GetEnv version=0x00010002
G4-JNI GetEnv version=0x00010002
G4-JNI GetEnv version=0x00010002
G4-JNI GetEnv version=0x00010002
G4-JNI GetEnv version=0x00010002
G4-JNI GetEnv version=0x00010002
G4-JNI GetEnv version=0x00010002
G4-JNI GetEnv version=0x00010002
android[2] trace: ....................(KK) MogaController :: Inside NativeOnMotionEvent

android[2] trace: (KK) MogaController :: Inside NativeOnMotionEvent ....................

G6-MOGA motion frame=2489 axes=32767,0,0,0,0,0
G4-JNI GetEnv version=0x00010002
G4-JNI GetEnv version=0x00010002
G4-JNI GetEnv version=0x00010002
G4-JNI GetEnv version=0x00010002
G4-JNI GetEnv version=0x00010002
G4-JNI GetEnv version=0x00010002
G4-JNI GetEnv version=0x00010002
G4-JNI GetEnv version=0x00010002
G4-JNI GetEnv version=0x00010002
android[2] trace: ....................(KK) MogaController :: Inside NativeOnMotionEvent

android[2] trace: (KK) MogaController :: Inside NativeOnMotionEvent ....................

G4-JNI GetEnv version=0x00010002
G4-JNI GetEnv version=0x00010002
G4-JNI GetEnv version=0x00010002
G4-JNI GetEnv version=0x00010002
G4-JNI GetEnv version=0x00010002
G4-JNI GetEnv version=0x00010002
G4-JNI GetEnv version=0x00010002
G4-JNI GetEnv version=0x00010002
G4-JNI GetEnv version=0x00010002
G4-JNI GetEnv version=0x00010002
G4-JNI GetEnv version=0x00010002
G4-JNI GetEnv version=0x00010002
android[2] trace: ....................(KK) MogaController :: Inside NativeOnMotionEvent

android[2] trace: (KK) MogaController :: Inside NativeOnMotionEvent ....................

G6-MOGA motion frame=2510 axes=32767,0,0,0,0,0
G4-JNI GetEnv version=0x00010002
G4-JNI GetEnv version=0x00010002
G4-JNI GetEnv version=0x00010002
G4-JNI GetEnv version=0x00010002
G4-JNI GetEnv version=0x00010002
G4-JNI GetEnv version=0x00010002
G4-JNI GetEnv version=0x00010002
G4-JNI GetEnv version=0x00010002
G4-JNI GetEnv version=0x00010002
android[2] trace: ....................(KK) MogaController :: Inside NativeOnMotionEvent

android[2] trace: (KK) MogaController :: Inside NativeOnMotionEvent ....................

G4-JNI GetEnv version=0x00010002
G4-JNI GetEnv version=0x00010002
G4-JNI GetEnv version=0x00010002
android[2] trace: ....................(KK) MogaController :: Inside NativeOnMotionEvent

android[2] trace: (KK) MogaController :: Inside NativeOnMotionEvent ....................

G4-JNI GetEnv version=0x00010002
G4-JNI GetEnv version=0x00010002
G4-JNI GetEnv version=0x00010002
G4-JNI GetEnv version=0x00010002
G4-JNI GetEnv version=0x00010002
G4-JNI GetEnv version=0x00010002
G4-JNI GetEnv version=0x00010002
G4-JNI GetEnv version=0x00010002
android[2] trace: ....................(KK) MogaController :: Inside NativeOnMotionEvent

android[2] trace: (KK) MogaController :: Inside NativeOnMotionEvent ....................

G6-MOGA motion frame=2530 axes=0,0,0,0,0,0
android[6] Sound/SoundManager/error: FMOD result of SoundManager::createSound: An error occured that wasn't supposed to.  Contact support. 

android[5] Sound/SoundManager/warn: SoundManager::createSound - 'effects/collisions/work_barrier': failure.

G4-JNI GetEnv version=0x00010002
G4-JNI GetEnv version=0x00010002
G4-JNI GetEnv version=0x00010002
G4-JNI GetEnv version=0x00010002
G4-JNI GetEnv version=0x00010002
G4-JNI GetEnv version=0x00010002
G4-JNI GetEnv version=0x00010002
G4-JNI GetEnv version=0x00010002
G4-JNI GetEnv version=0x00010002
G4-JNI GetEnv version=0x00010002
android[2] trace: ....................(KK) MogaController :: Inside NativeOnMotionEvent

android[2] trace: (KK) MogaController :: Inside NativeOnMotionEvent ....................

android[6] Sound/SoundManager/error: FMOD result of SoundManager::createSound: An error occured that wasn't supposed to.  Contact support. 

android[5] Sound/SoundManager/warn: SoundManager::createSound - 'effects/collisions/work_barrier': failure.

G4-JNI GetEnv version=0x00010002
G4-JNI GetEnv version=0x00010002
G4-JNI GetEnv version=0x00010002
G4-JNI GetEnv version=0x00010002
G4-JNI GetEnv version=0x00010002
G4-JNI GetEnv version=0x00010002
G4-JNI GetEnv version=0x00010002
G4-JNI GetEnv version=0x00010002
G4-JNI GetEnv version=0x00010002
G4-JNI GetEnv version=0x00010002
G4-JNI GetEnv version=0x00010002
G4-JNI GetEnv version=0x00010002
G4-JNI GetEnv version=0x00010002
G4-JNI GetEnv version=0x00010002
G4-JNI GetEnv version=0x00010002
G4-JNI GetEnv version=0x00010002
android[2] trace: ....................(KK) MogaController :: Inside NativeOnMotionEvent

android[2] trace: (KK) MogaController :: Inside NativeOnMotionEvent ....................

G6-MOGA motion frame=2556 axes=0,0,0,0,0,0
G4-JNI GetEnv version=0x00010002
G4-JNI GetEnv version=0x00010002
G4-JNI GetEnv version=0x00010002
G4-JNI GetEnv version=0x00010002
G4-JNI GetEnv version=0x00010002
G4-JNI GetEnv version=0x00010002
G4-JNI GetEnv version=0x00010002
G4-JNI GetEnv version=0x00010002
G4-JNI GetEnv version=0x00010002
G4-JNI GetEnv version=0x00010002
G4-JNI GetEnv version=0x00010002
G4-JNI GetEnv version=0x00010002
G4-JNI GetEnv version=0x00010002
android[2] trace: ....................(KK) MogaController :: Inside NativeOnMotionEvent

android[2] trace: (KK) MogaController :: Inside NativeOnMotionEvent ....................

G4-JNI GetEnv version=0x00010002
G4-JNI GetEnv version=0x00010002
G4-JNI GetEnv version=0x00010002
G4-JNI GetEnv version=0x00010002
G4-JNI GetEnv version=0x00010002
G4-JNI GetEnv version=0x00010002
G4-JNI GetEnv version=0x00010002
android[2] trace: ....................(KK) MogaController :: Inside NativeOnMotionEvent

android[2] trace: (KK) MogaController :: Inside NativeOnMotionEvent ....................

G6-MOGA motion frame=2576 axes=0,0,0,0,0,0
G4-JNI GetEnv version=0x00010002
android[2] trace: ....................(KK) MogaController :: Inside NativeOnMotionEvent

android[2] trace: (KK) MogaController :: Inside NativeOnMotionEvent ....................

G4-JNI GetEnv version=0x00010002
G4-JNI GetEnv version=0x00010002
G4-JNI GetEnv version=0x00010002
G4-JNI GetEnv version=0x00010002
android[2] trace: ....................(KK) MogaController :: Inside NativeOnMotionEvent

android[2] trace: (KK) MogaController :: Inside NativeOnMotionEvent ....................

G4-JNI GetEnv version=0x00010002
G4-JNI GetEnv version=0x00010002
G4-JNI GetEnv version=0x00010002
G4-JNI GetEnv version=0x00010002
G4-JNI GetEnv version=0x00010002
G4-JNI GetEnv version=0x00010002
android[2] trace: ....................(KK) MogaController :: Inside NativeOnMotionEvent

android[2] trace: (KK) MogaController :: Inside NativeOnMotionEvent ....................

G4-JNI GetEnv version=0x00010002
G4-JNI GetEnv version=0x00010002
G4-JNI GetEnv version=0x00010002
G4-JNI GetEnv version=0x00010002
G4-JNI GetEnv version=0x00010002
G4-JNI GetEnv version=0x00010002
android[2] trace: ....................(KK) MogaController :: Inside NativeOnMotionEvent

android[2] trace: (KK) MogaController :: Inside NativeOnMotionEvent ....................

G6-MOGA motion frame=2593 axes=0,0,0,0,0,0
G4-JNI GetEnv version=0x00010002
G4-JNI GetEnv version=0x00010002
G4-JNI GetEnv version=0x00010002
G4-JNI GetEnv version=0x00010002
G4-JNI GetEnv version=0x00010002
G4-JNI GetEnv version=0x00010002
G4-JNI GetEnv version=0x00010002
G4-JNI GetEnv version=0x00010002
G4-JNI GetEnv version=0x00010002
G4-JNI GetEnv version=0x00010002
G4-JNI GetEnv version=0x00010002
G4-JNI GetEnv version=0x00010002
G4-JNI GetEnv version=0x00010002
G4-JNI GetEnv version=0x00010002
G4-JNI GetEnv version=0x00010002
G4-JNI GetEnv version=0x00010002
G4-JNI GetEnv version=0x00010002
G4-JNI GetEnv version=0x00010002
android[2] trace: ....................(KK) MogaController :: Inside NativeOnMotionEvent

android[2] trace: (KK) MogaController :: Inside NativeOnMotionEvent ....................

G6-MOGA motion frame=2611 axes=32767,0,0,0,0,0
G4-JNI GetEnv version=0x00010002
G4-JNI GetEnv version=0x00010002
G4-JNI GetEnv version=0x00010002
G4-JNI GetEnv version=0x00010002
G4-JNI GetEnv version=0x00010002
G4-JNI GetEnv version=0x00010002
android[2] trace: ....................(KK) MogaController :: Inside NativeOnMotionEvent

android[2] trace: (KK) MogaController :: Inside NativeOnMotionEvent ....................

G4-JNI GetEnv version=0x00010002
G4-JNI GetEnv version=0x00010002
G4-JNI GetEnv version=0x00010002
G4-JNI GetEnv version=0x00010002
G4-JNI GetEnv version=0x00010002
G4-JNI GetEnv version=0x00010002
G4-JNI GetEnv version=0x00010002
G4-JNI GetEnv version=0x00010002
G4-JNI GetEnv version=0x00010002
G4-JNI GetEnv version=0x00010002
G4-JNI GetEnv version=0x00010002
G4-JNI GetEnv version=0x00010002
G4-JNI GetEnv version=0x00010002
G4-JNI GetEnv version=0x00010002
G6-RAW buttons=0x00000020
android[2] trace: MoGaConTrOlLeR :: ....................(KK) MogaController :: Inside nativeOnKeyEvent 

android[2] trace: ....................(KK) MogaController :: Inside nativeOnKeyEvent 103

android[2] trace: MoGaConTrOlLeR :: ....................(KK) Key Event Key R1 1111 .....................

android[2] trace: MoGaConTrOlLeR :: ....................(KK) Key Event Key Down .....................

android[2] trace: MoGaConTrOlLeR :: ....................(KK) Listener Key Press .....................

android[2] trace: MoGaConTrOlLeR :: ....................(KK) AndroidKeyCode :: MogaKeyCode (Start of func) .....................

android[2] trace: MoGaConTrOlLeR :: ....................(KK) AndroidKeyCode :: MogaKeyCode Key Press R1 .....................

android[2] trace: MoGaConTrOlLeR :: ....................(KK) AndroidKeyCode :: MogaKeyCode Key Press R1(Nitro) Racing True.....................

android[2] trace: MoGaConTrOlLeR :: (KK) MogaController :: Inside nativeOnKeyEvent ....................

G6-MOGA key frame=2631 code=103 state=down
android[2] trace: MoGaConTrOlLeR :: ....................(KK) BaseDrivingControlScheme :: OnEvent .....................

android[2] trace: MoGaConTrOlLeR :: ....................(KK) BaseDrivingControlScheme :: onKeyPress Nitro.....................

G4-JNI GetEnv version=0x00010002
G4-JNI GetEnv version=0x00010002
android[2] trace: ....................(KK) MogaController :: Inside NativeOnMotionEvent

android[2] trace: (KK) MogaController :: Inside NativeOnMotionEvent ....................

G6-MOGA motion frame=2633 axes=-32767,0,0,0,0,0
G4-JNI GetEnv version=0x00010002
G4-JNI GetEnv version=0x00010002
G4-JNI GetEnv version=0x00010002
G4-JNI GetEnv version=0x00010002
android[2] trace: ....................(KK) MogaController :: Inside NativeOnMotionEvent

android[2] trace: (KK) MogaController :: Inside NativeOnMotionEvent ....................

G4-JNI GetEnv version=0x00010002
G4-JNI GetEnv version=0x00010002
G4-JNI GetEnv version=0x00010002
G4-JNI GetEnv version=0x00010002
G4-JNI GetEnv version=0x00010002
G4-JNI GetEnv version=0x00010002
G4-JNI GetEnv version=0x00010002
G4-JNI GetEnv version=0x00010002
G4-JNI GetEnv version=0x00010002
G4-JNI GetEnv version=0x00010002
G4-JNI GetEnv version=0x00010002
G4-JNI GetEnv version=0x00010002
G4-JNI GetEnv version=0x00010002
G4-JNI GetEnv version=0x00010002
G4-JNI GetEnv version=0x00010002
G4-JNI GetEnv version=0x00010002
G4-JNI GetEnv version=0x00010002
G4-JNI GetEnv version=0x00010002
G4-JNI GetEnv version=0x00010002
G4-JNI GetEnv version=0x00010002
G4-JNI GetEnv version=0x00010002
G4-JNI GetEnv version=0x00010002
G4-JNI GetEnv version=0x00010002
G4-JNI GetEnv version=0x00010002
G4-JNI GetEnv version=0x00010002
G4-JNI GetEnv version=0x00010002
G4-JNI GetEnv version=0x00010002
G4-JNI GetEnv version=0x00010002
G4-JNI GetEnv version=0x00010002
G4-JNI GetEnv version=0x00010002
G4-JNI GetEnv version=0x00010002
G4-JNI GetEnv version=0x00010002
G4-JNI GetEnv version=0x00010002
G4-JNI GetEnv version=0x00010002
G4-JNI GetEnv version=0x00010002
G4-JNI GetEnv version=0x00010002
android[2] trace: ....................(KK) MogaController :: Inside NativeOnMotionEvent

android[2] trace: (KK) MogaController :: Inside NativeOnMotionEvent ....................

G6-MOGA motion frame=2673 axes=32767,0,0,0,0,0
G4-JNI GetEnv version=0x00010002
G4-JNI GetEnv version=0x00010002
G4-JNI GetEnv version=0x00010002
G4-JNI GetEnv version=0x00010002
G4-JNI GetEnv version=0x00010002
G4-JNI GetEnv version=0x00010002
android[2] trace: ....................(KK) MogaController :: Inside NativeOnMotionEvent

android[2] trace: (KK) MogaController :: Inside NativeOnMotionEvent ....................

G4-JNI GetEnv version=0x00010002
G4-JNI GetEnv version=0x00010002
G4-JNI GetEnv version=0x00010002
G4-JNI GetEnv version=0x00010002
G4-JNI GetEnv version=0x00010002
G4-JNI GetEnv version=0x00010002
G4-JNI GetEnv version=0x00010002
G4-JNI GetEnv version=0x00010002
G4-JNI GetEnv version=0x00010002
android[2] trace: ....................(KK) MogaController :: Inside NativeOnMotionEvent

android[2] trace: (KK) MogaController :: Inside NativeOnMotionEvent ....................

G6-MOGA motion frame=2688 axes=-32767,0,0,0,0,0
G4-JNI GetEnv version=0x00010002
G4-JNI GetEnv version=0x00010002
G4-JNI GetEnv version=0x00010002
G4-JNI GetEnv version=0x00010002
G4-JNI GetEnv version=0x00010002
G4-JNI GetEnv version=0x00010002
android[2] trace: ....................(KK) MogaController :: Inside NativeOnMotionEvent

android[2] trace: (KK) MogaController :: Inside NativeOnMotionEvent ....................

G4-JNI GetEnv version=0x00010002
G4-JNI GetEnv version=0x00010002
G4-JNI GetEnv version=0x00010002
G4-JNI GetEnv version=0x00010002
G4-JNI GetEnv version=0x00010002
G4-JNI GetEnv version=0x00010002
G7-FRAME enter=2700
G4-JNI GetEnv version=0x00010002
G5-GL STATE frame=2700 framebuffer=0 status=0x8cd5 errors=0
G7-FRAME leave=2700
G4-JNI GetEnv version=0x00010002
G4-JNI GetEnv version=0x00010002
G4-JNI GetEnv version=0x00010002
G4-JNI GetEnv version=0x00010002
G4-JNI GetEnv version=0x00010002
G4-JNI GetEnv version=0x00010002
G4-JNI GetEnv version=0x00010002
G4-JNI GetEnv version=0x00010002
G4-JNI GetEnv version=0x00010002
G4-JNI GetEnv version=0x00010002
G4-JNI GetEnv version=0x00010002
G4-JNI GetEnv version=0x00010002
G4-JNI GetEnv version=0x00010002
G4-JNI GetEnv version=0x00010002
G4-JNI GetEnv version=0x00010002
G4-JNI GetEnv version=0x00010002
G4-JNI GetEnv version=0x00010002
G4-JNI GetEnv version=0x00010002
G4-JNI GetEnv version=0x00010002
G4-JNI GetEnv version=0x00010002
G4-JNI GetEnv version=0x00010002
G4-JNI GetEnv version=0x00010002
G4-JNI GetEnv version=0x00010002
G4-JNI GetEnv version=0x00010002
G4-JNI GetEnv version=0x00010002
G4-JNI GetEnv version=0x00010002
G4-JNI GetEnv version=0x00010002
G4-JNI GetEnv version=0x00010002
G4-JNI GetEnv version=0x00010002
G4-JNI GetEnv version=0x00010002
G4-JNI GetEnv version=0x00010002
G4-JNI GetEnv version=0x00010002
G4-JNI GetEnv version=0x00010002
G4-JNI GetEnv version=0x00010002
G4-JNI GetEnv version=0x00010002
G4-JNI GetEnv version=0x00010002
G4-JNI GetEnv version=0x00010002
G4-JNI GetEnv version=0x00010002
G4-JNI GetEnv version=0x00010002
G4-JNI GetEnv version=0x00010002
G4-JNI GetEnv version=0x00010002
G4-JNI GetEnv version=0x00010002
G4-JNI GetEnv version=0x00010002
G4-JNI GetEnv version=0x00010002
G4-JNI GetEnv version=0x00010002
G4-JNI GetEnv version=0x00010002
G4-JNI GetEnv version=0x00010002
G4-JNI GetEnv version=0x00010002
G4-JNI GetEnv version=0x00010002
G6-RAW buttons=0x00000000
android[2] trace: MoGaConTrOlLeR :: ....................(KK) MogaController :: Inside nativeOnKeyEvent 

android[2] trace: ....................(KK) MogaController :: Inside nativeOnKeyEvent 103

android[2] trace: MoGaConTrOlLeR :: ....................(KK) Key Event Key R1 1111 .....................

android[2] trace: MoGaConTrOlLeR :: ....................(KK) Key Event Key up .....................

android[2] trace: MoGaConTrOlLeR :: ....................(KK) Listener Key Release .....................

android[2] trace: MoGaConTrOlLeR :: ....................(KK) AndroidKeyCode :: MogaKeyCode (Start of func) .....................

android[2] trace: MoGaConTrOlLeR :: ....................(KK) AndroidKeyCode :: MogaKeyCode Key Press R1 .....................

android[2] trace: MoGaConTrOlLeR :: ....................(KK) AndroidKeyCode :: MogaKeyCode Key Press R1(Nitro) Racing True.....................

android[2] trace: MoGaConTrOlLeR :: (KK) MogaController :: Inside nativeOnKeyEvent ....................

G6-MOGA key frame=2750 code=103 state=up
android[2] trace: MoGaConTrOlLeR :: ....................(KK) BaseDrivingControlScheme :: OnEvent .....................

android[2] trace: MoGaConTrOlLeR :: ....................(KK) BaseDrivingControlScheme :: OnKeyRelease Nothing :( .....................

G4-JNI GetEnv version=0x00010002
G4-JNI GetEnv version=0x00010002
G4-JNI GetEnv version=0x00010002
G4-JNI GetEnv version=0x00010002
G4-JNI GetEnv version=0x00010002
G4-JNI GetEnv version=0x00010002
G4-JNI GetEnv version=0x00010002
G4-JNI GetEnv version=0x00010002
G4-JNI GetEnv version=0x00010002
G4-JNI GetEnv version=0x00010002
G4-JNI GetEnv version=0x00010002
G4-JNI GetEnv version=0x00010002
G4-JNI GetEnv version=0x00010002
G4-JNI GetEnv version=0x00010002
G4-JNI GetEnv version=0x00010002
G4-JNI GetEnv version=0x00010002
G4-JNI GetEnv version=0x00010002
G4-JNI GetEnv version=0x00010002
G4-JNI GetEnv version=0x00010002
G4-JNI GetEnv version=0x00010002
G4-JNI GetEnv version=0x00010002
G4-JNI GetEnv version=0x00010002
G4-JNI GetEnv version=0x00010002
G4-JNI GetEnv version=0x00010002
G4-JNI GetEnv version=0x00010002
G4-JNI GetEnv version=0x00010002
G4-JNI GetEnv version=0x00010002
G4-JNI GetEnv version=0x00010002
G4-JNI GetEnv version=0x00010002
G4-JNI GetEnv version=0x00010002
G4-JNI GetEnv version=0x00010002
G4-JNI GetEnv version=0x00010002
G4-JNI GetEnv version=0x00010002
G4-JNI GetEnv version=0x00010002
G4-JNI GetEnv version=0x00010002
G4-JNI GetEnv version=0x00010002
G4-JNI GetEnv version=0x00010002
G4-JNI GetEnv version=0x00010002
G4-JNI GetEnv version=0x00010002
G4-JNI GetEnv version=0x00010002
G4-JNI GetEnv version=0x00010002
G4-JNI GetEnv version=0x00010002
G4-JNI GetEnv version=0x00010002
G4-JNI GetEnv version=0x00010002
G4-JNI GetEnv version=0x00010002
G4-JNI GetEnv version=0x00010002
G4-JNI GetEnv version=0x00010002
G4-JNI GetEnv version=0x00010002
G4-JNI GetEnv version=0x00010002
G4-JNI GetEnv version=0x00010002
G4-JNI GetEnv version=0x00010002
android[2] trace: ....................(KK) MogaController :: Inside NativeOnMotionEvent

android[2] trace: (KK) MogaController :: Inside NativeOnMotionEvent ....................

G6-MOGA motion frame=2801 axes=-32767,0,0,0,0,0
G4-JNI GetEnv version=0x00010002
G4-JNI GetEnv version=0x00010002
G4-JNI GetEnv version=0x00010002
G4-JNI GetEnv version=0x00010002
G4-JNI GetEnv version=0x00010002
G6-RAW buttons=0x00000002
android[2] trace: MoGaConTrOlLeR :: ....................(KK) MogaController :: Inside nativeOnKeyEvent 

android[2] trace: ....................(KK) MogaController :: Inside nativeOnKeyEvent 96

android[2] trace: MoGaConTrOlLeR :: ....................(KK) Key Event Key A AAAA .....................

android[2] trace: MoGaConTrOlLeR :: ....................(KK) Key Event Key Down .....................

android[2] trace: MoGaConTrOlLeR :: ....................(KK) Listener Key Press .....................

android[2] trace: MoGaConTrOlLeR :: ....................(KK) AndroidKeyCode :: MogaKeyCode (Start of func) .....................

android[2] trace: MoGaConTrOlLeR :: ....................(KK) AndroidKeyCode :: MogaKeyCode Key Press A .....................

android[2] trace: MoGaConTrOlLeR :: ....................(KK) AndroidKeyCode :: MogaKeyCode Key Press A(Drift) Racing True.....................

android[2] trace: MoGaConTrOlLeR :: (KK) MogaController :: Inside nativeOnKeyEvent ....................

G6-MOGA key frame=2806 code=96 state=down
android[2] trace: MoGaConTrOlLeR :: ....................(KK) BaseDrivingControlScheme :: OnEvent .....................

android[2] trace: MoGaConTrOlLeR :: ....................(KK) BaseDrivingControlScheme :: onKeyPress Drift.....................

G4-JNI GetEnv version=0x00010002
G4-JNI GetEnv version=0x00010002
G4-JNI GetEnv version=0x00010002
G4-JNI GetEnv version=0x00010002
G4-JNI GetEnv version=0x00010002
G4-JNI GetEnv version=0x00010002
G4-JNI GetEnv version=0x00010002
G4-JNI GetEnv version=0x00010002
G6-RAW buttons=0x00000000
android[2] trace: MoGaConTrOlLeR :: ....................(KK) MogaController :: Inside nativeOnKeyEvent 

android[2] trace: ....................(KK) MogaController :: Inside nativeOnKeyEvent 96

android[2] trace: MoGaConTrOlLeR :: ....................(KK) Key Event Key A AAAA .....................

android[2] trace: MoGaConTrOlLeR :: ....................(KK) Key Event Key up .....................

android[2] trace: MoGaConTrOlLeR :: ....................(KK) Listener Key Release .....................

android[2] trace: MoGaConTrOlLeR :: ....................(KK) AndroidKeyCode :: MogaKeyCode (Start of func) .....................

android[2] trace: MoGaConTrOlLeR :: ....................(KK) AndroidKeyCode :: MogaKeyCode Key Press A .....................

android[2] trace: MoGaConTrOlLeR :: ....................(KK) AndroidKeyCode :: MogaKeyCode Key Press A(Drift) Racing True.....................

android[2] trace: MoGaConTrOlLeR :: (KK) MogaController :: Inside nativeOnKeyEvent ....................

G6-MOGA key frame=2814 code=96 state=up
android[2] trace: MoGaConTrOlLeR :: ....................(KK) BaseDrivingControlScheme :: OnEvent .....................

android[2] trace: MoGaConTrOlLeR :: ....................(KK) BaseDrivingControlScheme :: OnKeyRelease Drift.....................

G4-JNI GetEnv version=0x00010002
android[2] trace: ....................(KK) MogaController :: Inside NativeOnMotionEvent

android[2] trace: (KK) MogaController :: Inside NativeOnMotionEvent ....................

G4-JNI GetEnv version=0x00010002
G4-JNI GetEnv version=0x00010002
G4-JNI GetEnv version=0x00010002
G4-JNI GetEnv version=0x00010002
G4-JNI GetEnv version=0x00010002
G4-JNI GetEnv version=0x00010002
G4-JNI GetEnv version=0x00010002
android[2] trace: ....................(KK) MogaController :: Inside NativeOnMotionEvent

android[2] trace: (KK) MogaController :: Inside NativeOnMotionEvent ....................

G6-MOGA motion frame=2822 axes=-32767,0,0,0,0,0
G4-JNI GetEnv version=0x00010002
G4-JNI GetEnv version=0x00010002
G4-JNI GetEnv version=0x00010002
G4-JNI GetEnv version=0x00010002
G4-JNI GetEnv version=0x00010002
G4-JNI GetEnv version=0x00010002
G4-JNI GetEnv version=0x00010002
G4-JNI GetEnv version=0x00010002
G4-JNI GetEnv version=0x00010002
G4-JNI GetEnv version=0x00010002
G4-JNI GetEnv version=0x00010002
android[2] trace: ....................(KK) MogaController :: Inside NativeOnMotionEvent

android[2] trace: (KK) MogaController :: Inside NativeOnMotionEvent ....................

G4-JNI GetEnv version=0x00010002
G4-JNI GetEnv version=0x00010002
G4-JNI GetEnv version=0x00010002
G4-JNI GetEnv version=0x00010002
G4-JNI GetEnv version=0x00010002
G4-JNI GetEnv version=0x00010002
G4-JNI GetEnv version=0x00010002
G4-JNI GetEnv version=0x00010002
G4-JNI GetEnv version=0x00010002
android[2] trace: ....................(KK) MogaController :: Inside NativeOnMotionEvent

android[2] trace: (KK) MogaController :: Inside NativeOnMotionEvent ....................

G6-MOGA motion frame=2842 axes=32767,0,0,0,0,0
G4-JNI GetEnv version=0x00010002
G4-JNI GetEnv version=0x00010002
android[2] trace: ....................(KK) MogaController :: Inside NativeOnMotionEvent

android[2] trace: (KK) MogaController :: Inside NativeOnMotionEvent ....................

G4-JNI GetEnv version=0x00010002
G4-JNI GetEnv version=0x00010002
G4-JNI GetEnv version=0x00010002
G4-JNI GetEnv version=0x00010002
G4-JNI GetEnv version=0x00010002
G4-JNI GetEnv version=0x00010002
G4-JNI GetEnv version=0x00010002
G6-RAW buttons=0x00000002
android[2] trace: MoGaConTrOlLeR :: ....................(KK) MogaController :: Inside nativeOnKeyEvent 

android[2] trace: ....................(KK) MogaController :: Inside nativeOnKeyEvent 96

android[2] trace: MoGaConTrOlLeR :: ....................(KK) Key Event Key A AAAA .....................

android[2] trace: MoGaConTrOlLeR :: ....................(KK) Key Event Key Down .....................

android[2] trace: MoGaConTrOlLeR :: ....................(KK) Listener Key Press .....................

android[2] trace: MoGaConTrOlLeR :: ....................(KK) AndroidKeyCode :: MogaKeyCode (Start of func) .....................

android[2] trace: MoGaConTrOlLeR :: ....................(KK) AndroidKeyCode :: MogaKeyCode Key Press A .....................

android[2] trace: MoGaConTrOlLeR :: ....................(KK) AndroidKeyCode :: MogaKeyCode Key Press A(Drift) Racing True.....................

android[2] trace: MoGaConTrOlLeR :: (KK) MogaController :: Inside nativeOnKeyEvent ....................

G6-MOGA key frame=2851 code=96 state=down
android[2] trace: MoGaConTrOlLeR :: ....................(KK) BaseDrivingControlScheme :: OnEvent .....................

android[2] trace: MoGaConTrOlLeR :: ....................(KK) BaseDrivingControlScheme :: onKeyPress Drift.....................

G4-JNI GetEnv version=0x00010002
android[2] trace: ....................(KK) MogaController :: Inside NativeOnMotionEvent

android[2] trace: (KK) MogaController :: Inside NativeOnMotionEvent ....................

G4-JNI GetEnv version=0x00010002
G4-JNI GetEnv version=0x00010002
G4-JNI GetEnv version=0x00010002
G4-JNI GetEnv version=0x00010002
G4-JNI GetEnv version=0x00010002
G4-JNI GetEnv version=0x00010002
G4-JNI GetEnv version=0x00010002
G4-JNI GetEnv version=0x00010002
G4-JNI GetEnv version=0x00010002
G4-JNI GetEnv version=0x00010002
G4-JNI GetEnv version=0x00010002
G4-JNI GetEnv version=0x00010002
G4-JNI GetEnv version=0x00010002
G4-JNI GetEnv version=0x00010002
G4-JNI GetEnv version=0x00010002
G4-JNI GetEnv version=0x00010002
G4-JNI GetEnv version=0x00010002
G4-JNI GetEnv version=0x00010002
G4-JNI GetEnv version=0x00010002
G4-JNI GetEnv version=0x00010002
G4-JNI GetEnv version=0x00010002
G4-JNI GetEnv version=0x00010002
G4-JNI GetEnv version=0x00010002
G4-JNI GetEnv version=0x00010002
G4-JNI GetEnv version=0x00010002
G4-JNI GetEnv version=0x00010002
G4-JNI GetEnv version=0x00010002
G4-JNI GetEnv version=0x00010002
G4-JNI GetEnv version=0x00010002
G4-JNI GetEnv version=0x00010002
G4-JNI GetEnv version=0x00010002
G4-JNI GetEnv version=0x00010002
G4-JNI GetEnv version=0x00010002
android[2] trace: ....................(KK) MogaController :: Inside NativeOnMotionEvent

android[2] trace: (KK) MogaController :: Inside NativeOnMotionEvent ....................

G6-MOGA motion frame=2863 axes=0,0,0,0,0,0
G4-JNI GetEnv version=0x00010002
G4-JNI GetEnv version=0x00010002
G4-JNI GetEnv version=0x00010002
G4-JNI GetEnv version=0x00010002
G4-JNI GetEnv version=0x00010002
G4-JNI GetEnv version=0x00010002
G4-JNI GetEnv version=0x00010002
G4-JNI GetEnv version=0x00010002
G4-JNI GetEnv version=0x00010002
G4-JNI GetEnv version=0x00010002
G4-JNI GetEnv version=0x00010002
G4-JNI GetEnv version=0x00010002
G4-JNI GetEnv version=0x00010002
G4-JNI GetEnv version=0x00010002
G4-JNI GetEnv version=0x00010002
G4-JNI GetEnv version=0x00010002
android[2] trace: ....................(KK) MogaController :: Inside NativeOnMotionEvent

android[2] trace: (KK) MogaController :: Inside NativeOnMotionEvent ....................

G4-JNI GetEnv version=0x00010002
G4-JNI GetEnv version=0x00010002
G4-JNI GetEnv version=0x00010002
G4-JNI GetEnv version=0x00010002
G4-JNI GetEnv version=0x00010002
G4-JNI GetEnv version=0x00010002
G4-JNI GetEnv version=0x00010002
G4-JNI GetEnv version=0x00010002
G4-JNI GetEnv version=0x00010002
G4-JNI GetEnv version=0x00010002
G4-JNI GetEnv version=0x00010002
G4-JNI GetEnv version=0x00010002
G4-JNI GetEnv version=0x00010002
G4-JNI GetEnv version=0x00010002
G4-JNI GetEnv version=0x00010002
G4-JNI GetEnv version=0x00010002
G4-JNI GetEnv version=0x00010002
G4-JNI GetEnv version=0x00010002
G4-JNI GetEnv version=0x00010002
G4-JNI GetEnv version=0x00010002
G4-JNI GetEnv version=0x00010002
G4-JNI GetEnv version=0x00010002
G4-JNI GetEnv version=0x00010002
G4-JNI GetEnv version=0x00010002
G4-JNI GetEnv version=0x00010002
G4-JNI GetEnv version=0x00010002
G4-JNI GetEnv version=0x00010002
G4-JNI GetEnv version=0x00010002
G4-JNI GetEnv version=0x00010002
android[2] trace: ....................(KK) MogaController :: Inside NativeOnMotionEvent

android[2] trace: (KK) MogaController :: Inside NativeOnMotionEvent ....................

G4-JNI GetEnv version=0x00010002
G4-JNI GetEnv version=0x00010002
G4-JNI GetEnv version=0x00010002
G4-JNI GetEnv version=0x00010002
G4-JNI GetEnv version=0x00010002
G4-JNI GetEnv version=0x00010002
G4-JNI GetEnv version=0x00010002
G4-JNI GetEnv version=0x00010002
G4-JNI GetEnv version=0x00010002
G4-JNI GetEnv version=0x00010002
G4-JNI GetEnv version=0x00010002
G4-JNI GetEnv version=0x00010002
G4-JNI GetEnv version=0x00010002
G4-JNI GetEnv version=0x00010002
G4-JNI GetEnv version=0x00010002
G4-JNI GetEnv version=0x00010002
G4-JNI GetEnv version=0x00010002
G4-JNI GetEnv version=0x00010002
G4-JNI GetEnv version=0x00010002
G4-JNI GetEnv version=0x00010002
G4-JNI GetEnv version=0x00010002
android[2] trace: ....................(KK) MogaController :: Inside NativeOnMotionEvent

android[2] trace: (KK) MogaController :: Inside NativeOnMotionEvent ....................

G4-JNI GetEnv version=0x00010002
G4-JNI GetEnv version=0x00010002
G4-JNI GetEnv version=0x00010002
G4-JNI GetEnv version=0x00010002
G4-JNI GetEnv version=0x00010002
G4-JNI GetEnv version=0x00010002
G4-JNI GetEnv version=0x00010002
G4-JNI GetEnv version=0x00010002
G4-JNI GetEnv version=0x00010002
G4-JNI GetEnv version=0x00010002
G4-JNI GetEnv version=0x00010002
G4-JNI GetEnv version=0x00010002
G4-JNI GetEnv version=0x00010002
G4-JNI GetEnv version=0x00010002
G4-JNI GetEnv version=0x00010002
G4-JNI GetEnv version=0x00010002
android[2] trace: ....................(KK) MogaController :: Inside NativeOnMotionEvent

android[2] trace: (KK) MogaController :: Inside NativeOnMotionEvent ....................

G6-MOGA motion frame=2880 axes=0,0,0,0,0,0
G4-JNI GetEnv version=0x00010002
G4-JNI GetEnv version=0x00010002
G4-JNI GetEnv version=0x00010002
G4-JNI GetEnv version=0x00010002
G4-JNI GetEnv version=0x00010002
G4-JNI GetEnv version=0x00010002
G4-JNI GetEnv version=0x00010002
G4-JNI GetEnv version=0x00010002
G4-JNI GetEnv version=0x00010002
G4-JNI GetEnv version=0x00010002
G4-JNI GetEnv version=0x00010002
G4-JNI GetEnv version=0x00010002
G4-JNI GetEnv version=0x00010002
G4-JNI GetEnv version=0x00010002
G4-JNI GetEnv version=0x00010002
G4-JNI GetEnv version=0x00010002
G4-JNI GetEnv version=0x00010002
G4-JNI GetEnv version=0x00010002
G6-RAW buttons=0x00000000
android[2] trace: MoGaConTrOlLeR :: ....................(KK) MogaController :: Inside nativeOnKeyEvent 

android[2] trace: ....................(KK) MogaController :: Inside nativeOnKeyEvent 96

android[2] trace: MoGaConTrOlLeR :: ....................(KK) Key Event Key A AAAA .....................

android[2] trace: MoGaConTrOlLeR :: ....................(KK) Key Event Key up .....................

android[2] trace: MoGaConTrOlLeR :: ....................(KK) Listener Key Release .....................

android[2] trace: MoGaConTrOlLeR :: ....................(KK) AndroidKeyCode :: MogaKeyCode (Start of func) .....................

android[2] trace: MoGaConTrOlLeR :: ....................(KK) AndroidKeyCode :: MogaKeyCode Key Press A .....................

android[2] trace: MoGaConTrOlLeR :: ....................(KK) AndroidKeyCode :: MogaKeyCode Key Press A(Drift) Racing True.....................

android[2] trace: MoGaConTrOlLeR :: (KK) MogaController :: Inside nativeOnKeyEvent ....................

G6-MOGA key frame=2883 code=96 state=up
android[2] trace: MoGaConTrOlLeR :: ....................(KK) BaseDrivingControlScheme :: OnEvent .....................

android[2] trace: MoGaConTrOlLeR :: ....................(KK) BaseDrivingControlScheme :: OnKeyRelease Drift.....................

G4-JNI GetEnv version=0x00010002
G4-JNI GetEnv version=0x00010002
G4-JNI GetEnv version=0x00010002
G4-JNI GetEnv version=0x00010002
G4-JNI GetEnv version=0x00010002
G4-JNI GetEnv version=0x00010002
G4-JNI GetEnv version=0x00010002
G4-JNI GetEnv version=0x00010002
android[2] trace: ....................(KK) MogaController :: Inside NativeOnMotionEvent

android[2] trace: (KK) MogaController :: Inside NativeOnMotionEvent ....................

G4-JNI GetEnv version=0x00010002
G4-JNI GetEnv version=0x00010002
G4-JNI GetEnv version=0x00010002
G4-JNI GetEnv version=0x00010002
G4-JNI GetEnv version=0x00010002
G4-JNI GetEnv version=0x00010002
G4-JNI GetEnv version=0x00010002
G4-JNI GetEnv version=0x00010002
android[2] trace: ....................(KK) MogaController :: Inside NativeOnMotionEvent

android[2] trace: (KK) MogaController :: Inside NativeOnMotionEvent ....................

G6-MOGA motion frame=2899 axes=0,0,0,0,0,0
G4-JNI GetEnv version=0x00010002
G4-JNI GetEnv version=0x00010002
G4-JNI GetEnv version=0x00010002
G4-JNI GetEnv version=0x00010002
G4-JNI GetEnv version=0x00010002
G4-JNI GetEnv version=0x00010002
G4-JNI GetEnv version=0x00010002
G4-JNI GetEnv version=0x00010002
G4-JNI GetEnv version=0x00010002
G4-JNI GetEnv version=0x00010002
G4-JNI GetEnv version=0x00010002
G4-JNI GetEnv version=0x00010002
G4-JNI GetEnv version=0x00010002
android[2] trace: ....................(KK) MogaController :: Inside NativeOnMotionEvent

android[2] trace: (KK) MogaController :: Inside NativeOnMotionEvent ....................

G4-JNI GetEnv version=0x00010002
G4-JNI GetEnv version=0x00010002
G6-RAW buttons=0x00000002
android[2] trace: MoGaConTrOlLeR :: ....................(KK) MogaController :: Inside nativeOnKeyEvent 

android[2] trace: ....................(KK) MogaController :: Inside nativeOnKeyEvent 96

android[2] trace: MoGaConTrOlLeR :: ....................(KK) Key Event Key A AAAA .....................

android[2] trace: MoGaConTrOlLeR :: ....................(KK) Key Event Key Down .....................

android[2] trace: MoGaConTrOlLeR :: ....................(KK) Listener Key Press .....................

android[2] trace: MoGaConTrOlLeR :: ....................(KK) AndroidKeyCode :: MogaKeyCode (Start of func) .....................

android[2] trace: MoGaConTrOlLeR :: ....................(KK) AndroidKeyCode :: MogaKeyCode Key Press A .....................

android[2] trace: MoGaConTrOlLeR :: ....................(KK) AndroidKeyCode :: MogaKeyCode Key Press A(Drift) Racing True.....................

android[2] trace: MoGaConTrOlLeR :: (KK) MogaController :: Inside nativeOnKeyEvent ....................

G6-MOGA key frame=2914 code=96 state=down
android[2] trace: MoGaConTrOlLeR :: ....................(KK) BaseDrivingControlScheme :: OnEvent .....................

android[2] trace: MoGaConTrOlLeR :: ....................(KK) BaseDrivingControlScheme :: onKeyPress Drift.....................

G4-JNI GetEnv version=0x00010002
G4-JNI GetEnv version=0x00010002
G4-JNI GetEnv version=0x00010002
G4-JNI GetEnv version=0x00010002
G4-JNI GetEnv version=0x00010002
G4-JNI GetEnv version=0x00010002
G4-JNI GetEnv version=0x00010002
G4-JNI GetEnv version=0x00010002
G4-JNI GetEnv version=0x00010002
G4-JNI GetEnv version=0x00010002
G4-JNI GetEnv version=0x00010002
G4-JNI GetEnv version=0x00010002
G4-JNI GetEnv version=0x00010002
G4-JNI GetEnv version=0x00010002
G6-RAW buttons=0x00000000
android[2] trace: MoGaConTrOlLeR :: ....................(KK) MogaController :: Inside nativeOnKeyEvent 

android[2] trace: ....................(KK) MogaController :: Inside nativeOnKeyEvent 96

android[2] trace: MoGaConTrOlLeR :: ....................(KK) Key Event Key A AAAA .....................

android[2] trace: MoGaConTrOlLeR :: ....................(KK) Key Event Key up .....................

android[2] trace: MoGaConTrOlLeR :: ....................(KK) Listener Key Release .....................

android[2] trace: MoGaConTrOlLeR :: ....................(KK) AndroidKeyCode :: MogaKeyCode (Start of func) .....................

android[2] trace: MoGaConTrOlLeR :: ....................(KK) AndroidKeyCode :: MogaKeyCode Key Press A .....................

android[2] trace: MoGaConTrOlLeR :: ....................(KK) AndroidKeyCode :: MogaKeyCode Key Press A(Drift) Racing True.....................

android[2] trace: MoGaConTrOlLeR :: (KK) MogaController :: Inside nativeOnKeyEvent ....................

G6-MOGA key frame=2928 code=96 state=up
android[2] trace: MoGaConTrOlLeR :: ....................(KK) BaseDrivingControlScheme :: OnEvent .....................

android[2] trace: MoGaConTrOlLeR :: ....................(KK) BaseDrivingControlScheme :: OnKeyRelease Drift.....................

G4-JNI GetEnv version=0x00010002
G4-JNI GetEnv version=0x00010002
G4-JNI GetEnv version=0x00010002
G4-JNI GetEnv version=0x00010002
G4-JNI GetEnv version=0x00010002
G4-JNI GetEnv version=0x00010002
G4-JNI GetEnv version=0x00010002
G4-JNI GetEnv version=0x00010002
G4-JNI GetEnv version=0x00010002
G4-JNI GetEnv version=0x00010002
G4-JNI GetEnv version=0x00010002
G4-JNI GetEnv version=0x00010002
G4-JNI GetEnv version=0x00010002
G4-JNI GetEnv version=0x00010002
G4-JNI GetEnv version=0x00010002
G4-JNI GetEnv version=0x00010002
G4-JNI GetEnv version=0x00010002
G4-JNI GetEnv version=0x00010002
G4-JNI GetEnv version=0x00010002
G4-JNI GetEnv version=0x00010002
android[2] trace: ....................(KK) MogaController :: Inside NativeOnMotionEvent

android[2] trace: (KK) MogaController :: Inside NativeOnMotionEvent ....................

G6-MOGA motion frame=2948 axes=0,0,0,0,0,0
G4-JNI GetEnv version=0x00010002
G4-JNI GetEnv version=0x00010002
G4-JNI GetEnv version=0x00010002
G4-JNI GetEnv version=0x00010002
G4-JNI GetEnv version=0x00010002
G4-JNI GetEnv version=0x00010002
G4-JNI GetEnv version=0x00010002
G4-JNI GetEnv version=0x00010002
android[2] trace: ....................(KK) MogaController :: Inside NativeOnMotionEvent

android[2] trace: (KK) MogaController :: Inside NativeOnMotionEvent ....................

G4-JNI GetEnv version=0x00010002
G4-JNI GetEnv version=0x00010002
G4-JNI GetEnv version=0x00010002
G4-JNI GetEnv version=0x00010002
G4-JNI GetEnv version=0x00010002
G4-JNI GetEnv version=0x00010002
android[6] Sound/SoundManager/error: FMOD result of SoundManager::createSound: An error occured that wasn't supposed to.  Contact support. 

android[5] Sound/SoundManager/warn: SoundManager::createSound - 'effects/collisions/scrape': failure.

G4-JNI GetEnv version=0x00010002
G4-JNI GetEnv version=0x00010002
android[2] trace: ....................(KK) MogaController :: Inside NativeOnMotionEvent

android[2] trace: (KK) MogaController :: Inside NativeOnMotionEvent ....................

G6-MOGA motion frame=2964 axes=0,0,0,0,0,0
G4-JNI GetEnv version=0x00010002
G4-JNI GetEnv version=0x00010002
G4-JNI GetEnv version=0x00010002
G4-JNI GetEnv version=0x00010002
G4-JNI GetEnv version=0x00010002
G4-JNI GetEnv version=0x00010002
G4-JNI GetEnv version=0x00010002
G4-JNI GetEnv version=0x00010002
G4-JNI GetEnv version=0x00010002
G4-JNI GetEnv version=0x00010002
G4-JNI GetEnv version=0x00010002
G4-JNI GetEnv version=0x00010002
android[2] trace: ....................(KK) MogaController :: Inside NativeOnMotionEvent

android[2] trace: (KK) MogaController :: Inside NativeOnMotionEvent ....................

G4-JNI GetEnv version=0x00010002
G4-JNI GetEnv version=0x00010002
G4-JNI GetEnv version=0x00010002
G4-JNI GetEnv version=0x00010002
G4-JNI GetEnv version=0x00010002
G4-JNI GetEnv version=0x00010002
G4-JNI GetEnv version=0x00010002
G4-JNI GetEnv version=0x00010002
G4-JNI GetEnv version=0x00010002
G4-JNI GetEnv version=0x00010002
G4-JNI GetEnv version=0x00010002
G4-JNI GetEnv version=0x00010002
G4-JNI GetEnv version=0x00010002
G4-JNI GetEnv version=0x00010002
G4-JNI GetEnv version=0x00010002
G4-JNI GetEnv version=0x00010002
G4-JNI GetEnv version=0x00010002
G4-JNI GetEnv version=0x00010002
G4-JNI GetEnv version=0x00010002
G4-JNI GetEnv version=0x00010002
G4-JNI GetEnv version=0x00010002
G4-JNI GetEnv version=0x00010002
G4-JNI GetEnv version=0x00010002
G4-JNI GetEnv version=0x00010002
G7-FRAME enter=3000
G4-JNI GetEnv version=0x00010002
G5-GL STATE frame=3000 framebuffer=0 status=0x8cd5 errors=0
G7-FRAME leave=3000
android[2] trace: ....................(KK) MogaController :: Inside NativeOnMotionEvent

android[2] trace: (KK) MogaController :: Inside NativeOnMotionEvent ....................

G6-MOGA motion frame=3001 axes=0,0,0,0,0,0
G4-JNI GetEnv version=0x00010002
G4-JNI GetEnv version=0x00010002
G4-JNI GetEnv version=0x00010002
G4-JNI GetEnv version=0x00010002
G4-JNI GetEnv version=0x00010002
G4-JNI GetEnv version=0x00010002
G4-JNI GetEnv version=0x00010002
G4-JNI GetEnv version=0x00010002
G4-JNI GetEnv version=0x00010002
G6-RAW buttons=0x00000002
android[2] trace: MoGaConTrOlLeR :: ....................(KK) MogaController :: Inside nativeOnKeyEvent 

android[2] trace: ....................(KK) MogaController :: Inside nativeOnKeyEvent 96

android[2] trace: MoGaConTrOlLeR :: ....................(KK) Key Event Key A AAAA .....................

android[2] trace: MoGaConTrOlLeR :: ....................(KK) Key Event Key Down .....................

android[2] trace: MoGaConTrOlLeR :: ....................(KK) Listener Key Press .....................

android[2] trace: MoGaConTrOlLeR :: ....................(KK) AndroidKeyCode :: MogaKeyCode (Start of func) .....................

android[2] trace: MoGaConTrOlLeR :: ....................(KK) AndroidKeyCode :: MogaKeyCode Key Press A .....................

android[2] trace: MoGaConTrOlLeR :: ....................(KK) AndroidKeyCode :: MogaKeyCode Key Press A(Drift) Racing True.....................

android[2] trace: MoGaConTrOlLeR :: (KK) MogaController :: Inside nativeOnKeyEvent ....................

G6-MOGA key frame=3010 code=96 state=down
android[2] trace: MoGaConTrOlLeR :: ....................(KK) BaseDrivingControlScheme :: OnEvent .....................

android[2] trace: MoGaConTrOlLeR :: ....................(KK) BaseDrivingControlScheme :: onKeyPress Drift.....................

G4-JNI GetEnv version=0x00010002
android[2] trace: ....................(KK) MogaController :: Inside NativeOnMotionEvent

android[2] trace: (KK) MogaController :: Inside NativeOnMotionEvent ....................

G4-JNI GetEnv version=0x00010002
G4-JNI GetEnv version=0x00010002
G4-JNI GetEnv version=0x00010002
G4-JNI GetEnv version=0x00010002
G6-RAW buttons=0x00000000
android[2] trace: MoGaConTrOlLeR :: ....................(KK) MogaController :: Inside nativeOnKeyEvent 

android[2] trace: ....................(KK) MogaController :: Inside nativeOnKeyEvent 96

android[2] trace: MoGaConTrOlLeR :: ....................(KK) Key Event Key A AAAA .....................

android[2] trace: MoGaConTrOlLeR :: ....................(KK) Key Event Key up .....................

android[2] trace: MoGaConTrOlLeR :: ....................(KK) Listener Key Release .....................

android[2] trace: MoGaConTrOlLeR :: ....................(KK) AndroidKeyCode :: MogaKeyCode (Start of func) .....................

android[2] trace: MoGaConTrOlLeR :: ....................(KK) AndroidKeyCode :: MogaKeyCode Key Press A .....................

android[2] trace: MoGaConTrOlLeR :: ....................(KK) AndroidKeyCode :: MogaKeyCode Key Press A(Drift) Racing True.....................

android[2] trace: MoGaConTrOlLeR :: (KK) MogaController :: Inside nativeOnKeyEvent ....................

G6-MOGA key frame=3015 code=96 state=up
android[2] trace: MoGaConTrOlLeR :: ....................(KK) BaseDrivingControlScheme :: OnEvent .....................

android[2] trace: MoGaConTrOlLeR :: ....................(KK) BaseDrivingControlScheme :: OnKeyRelease Drift.....................

G4-JNI GetEnv version=0x00010002
G6-RAW buttons=0x00000002
android[2] trace: MoGaConTrOlLeR :: ....................(KK) MogaController :: Inside nativeOnKeyEvent 

android[2] trace: ....................(KK) MogaController :: Inside nativeOnKeyEvent 96

android[2] trace: MoGaConTrOlLeR :: ....................(KK) Key Event Key A AAAA .....................

android[2] trace: MoGaConTrOlLeR :: ....................(KK) Key Event Key Down .....................

android[2] trace: MoGaConTrOlLeR :: ....................(KK) Listener Key Press .....................

android[2] trace: MoGaConTrOlLeR :: ....................(KK) AndroidKeyCode :: MogaKeyCode (Start of func) .....................

android[2] trace: MoGaConTrOlLeR :: ....................(KK) AndroidKeyCode :: MogaKeyCode Key Press A .....................

android[2] trace: MoGaConTrOlLeR :: ....................(KK) AndroidKeyCode :: MogaKeyCode Key Press A(Drift) Racing True.....................

android[2] trace: MoGaConTrOlLeR :: (KK) MogaController :: Inside nativeOnKeyEvent ....................

G6-MOGA key frame=3016 code=96 state=down
android[2] trace: MoGaConTrOlLeR :: ....................(KK) BaseDrivingControlScheme :: OnEvent .....................

android[2] trace: MoGaConTrOlLeR :: ....................(KK) BaseDrivingControlScheme :: onKeyPress Drift.....................

G4-JNI GetEnv version=0x00010002
G4-JNI GetEnv version=0x00010002
G4-JNI GetEnv version=0x00010002
G4-JNI GetEnv version=0x00010002
G4-JNI GetEnv version=0x00010002
G4-JNI GetEnv version=0x00010002
G4-JNI GetEnv version=0x00010002
G4-JNI GetEnv version=0x00010002
G4-JNI GetEnv version=0x00010002
G4-JNI GetEnv version=0x00010002
android[2] trace: ....................(KK) MogaController :: Inside NativeOnMotionEvent

android[2] trace: (KK) MogaController :: Inside NativeOnMotionEvent ....................

G6-MOGA motion frame=3026 axes=0,0,0,0,0,0
G4-JNI GetEnv version=0x00010002
G4-JNI GetEnv version=0x00010002
G4-JNI GetEnv version=0x00010002
G4-JNI GetEnv version=0x00010002
G6-RAW buttons=0x00000000
android[2] trace: MoGaConTrOlLeR :: ....................(KK) MogaController :: Inside nativeOnKeyEvent 

android[2] trace: ....................(KK) MogaController :: Inside nativeOnKeyEvent 96

android[2] trace: MoGaConTrOlLeR :: ....................(KK) Key Event Key A AAAA .....................

android[2] trace: MoGaConTrOlLeR :: ....................(KK) Key Event Key up .....................

android[2] trace: MoGaConTrOlLeR :: ....................(KK) Listener Key Release .....................

android[2] trace: MoGaConTrOlLeR :: ....................(KK) AndroidKeyCode :: MogaKeyCode (Start of func) .....................

android[2] trace: MoGaConTrOlLeR :: ....................(KK) AndroidKeyCode :: MogaKeyCode Key Press A .....................

android[2] trace: MoGaConTrOlLeR :: ....................(KK) AndroidKeyCode :: MogaKeyCode Key Press A(Drift) Racing True.....................

android[2] trace: MoGaConTrOlLeR :: (KK) MogaController :: Inside nativeOnKeyEvent ....................

G6-MOGA key frame=3030 code=96 state=up
android[2] trace: MoGaConTrOlLeR :: ....................(KK) BaseDrivingControlScheme :: OnEvent .....................

android[2] trace: MoGaConTrOlLeR :: ....................(KK) BaseDrivingControlScheme :: OnKeyRelease Drift.....................

G4-JNI GetEnv version=0x00010002
G4-JNI GetEnv version=0x00010002
G4-JNI GetEnv version=0x00010002
G4-JNI GetEnv version=0x00010002
G4-JNI GetEnv version=0x00010002
G4-JNI GetEnv version=0x00010002
G4-JNI GetEnv version=0x00010002
G4-JNI GetEnv version=0x00010002
G4-JNI GetEnv version=0x00010002
G4-JNI GetEnv version=0x00010002
G4-JNI GetEnv version=0x00010002
G4-JNI GetEnv version=0x00010002
android[2] trace: ....................(KK) MogaController :: Inside NativeOnMotionEvent

android[2] trace: (KK) MogaController :: Inside NativeOnMotionEvent ....................

G6-MOGA motion frame=3042 axes=-32767,0,0,0,0,0
G4-JNI GetEnv version=0x00010002
G4-JNI GetEnv version=0x00010002
G4-JNI GetEnv version=0x00010002
G4-JNI GetEnv version=0x00010002
G4-JNI GetEnv version=0x00010002
G4-JNI GetEnv version=0x00010002
G4-JNI GetEnv version=0x00010002
android[2] trace: ....................(KK) MogaController :: Inside NativeOnMotionEvent

android[2] trace: (KK) MogaController :: Inside NativeOnMotionEvent ....................

G4-JNI GetEnv version=0x00010002
G4-JNI GetEnv version=0x00010002
G4-JNI GetEnv version=0x00010002
G4-JNI GetEnv version=0x00010002
G4-JNI GetEnv version=0x00010002
G4-JNI GetEnv version=0x00010002
G4-JNI GetEnv version=0x00010002
G4-JNI GetEnv version=0x00010002
android[2] trace: ....................(KK) MogaController :: Inside NativeOnMotionEvent

android[2] trace: (KK) MogaController :: Inside NativeOnMotionEvent ....................

G6-MOGA motion frame=3057 axes=-32767,0,0,0,0,0
G4-JNI GetEnv version=0x00010002
G4-JNI GetEnv version=0x00010002
G4-JNI GetEnv version=0x00010002
G4-JNI GetEnv version=0x00010002
G4-JNI GetEnv version=0x00010002
android[2] trace: ....................(KK) MogaController :: Inside NativeOnMotionEvent

android[2] trace: (KK) MogaController :: Inside NativeOnMotionEvent ....................

G4-JNI GetEnv version=0x00010002
G4-JNI GetEnv version=0x00010002
G4-JNI GetEnv version=0x00010002
G4-JNI GetEnv version=0x00010002
G4-JNI GetEnv version=0x00010002
G4-JNI GetEnv version=0x00010002
G4-JNI GetEnv version=0x00010002
G4-JNI GetEnv version=0x00010002
G4-JNI GetEnv version=0x00010002
G4-JNI GetEnv version=0x00010002
G4-JNI GetEnv version=0x00010002
G4-JNI GetEnv version=0x00010002
G6-RAW buttons=0x00000020
android[2] trace: MoGaConTrOlLeR :: ....................(KK) MogaController :: Inside nativeOnKeyEvent 

android[2] trace: ....................(KK) MogaController :: Inside nativeOnKeyEvent 103

android[2] trace: MoGaConTrOlLeR :: ....................(KK) Key Event Key R1 1111 .....................

android[2] trace: MoGaConTrOlLeR :: ....................(KK) Key Event Key Down .....................

android[2] trace: MoGaConTrOlLeR :: ....................(KK) Listener Key Press .....................

android[2] trace: MoGaConTrOlLeR :: ....................(KK) AndroidKeyCode :: MogaKeyCode (Start of func) .....................

android[2] trace: MoGaConTrOlLeR :: ....................(KK) AndroidKeyCode :: MogaKeyCode Key Press R1 .....................

android[2] trace: MoGaConTrOlLeR :: ....................(KK) AndroidKeyCode :: MogaKeyCode Key Press R1(Nitro) Racing True.....................

android[2] trace: MoGaConTrOlLeR :: (KK) MogaController :: Inside nativeOnKeyEvent ....................

G6-MOGA key frame=3074 code=103 state=down
android[2] trace: MoGaConTrOlLeR :: ....................(KK) BaseDrivingControlScheme :: OnEvent .....................

android[2] trace: MoGaConTrOlLeR :: ....................(KK) BaseDrivingControlScheme :: onKeyPress Nitro.....................

G4-JNI GetEnv version=0x00010002
G4-JNI GetEnv version=0x00010002
G4-JNI GetEnv version=0x00010002
G4-JNI GetEnv version=0x00010002
G4-JNI GetEnv version=0x00010002
G4-JNI GetEnv version=0x00010002
G4-JNI GetEnv version=0x00010002
G4-JNI GetEnv version=0x00010002
G4-JNI GetEnv version=0x00010002
G4-JNI GetEnv version=0x00010002
G4-JNI GetEnv version=0x00010002
android[2] trace: ....................(KK) MogaController :: Inside NativeOnMotionEvent

android[2] trace: (KK) MogaController :: Inside NativeOnMotionEvent ....................

G6-MOGA motion frame=3085 axes=-32767,0,0,0,0,0
G4-JNI GetEnv version=0x00010002
G4-JNI GetEnv version=0x00010002
G4-JNI GetEnv version=0x00010002
G4-JNI GetEnv version=0x00010002
G4-JNI GetEnv version=0x00010002
G4-JNI GetEnv version=0x00010002
G4-JNI GetEnv version=0x00010002
android[2] trace: ....................(KK) MogaController :: Inside NativeOnMotionEvent

android[2] trace: (KK) MogaController :: Inside NativeOnMotionEvent ....................

G4-JNI GetEnv version=0x00010002
G4-JNI GetEnv version=0x00010002
G4-JNI GetEnv version=0x00010002
G4-JNI GetEnv version=0x00010002
G4-JNI GetEnv version=0x00010002
G4-JNI GetEnv version=0x00010002
G4-JNI GetEnv version=0x00010002
G4-JNI GetEnv version=0x00010002
G4-JNI GetEnv version=0x00010002
G4-JNI GetEnv version=0x00010002
android[2] trace: ....................(KK) MogaController :: Inside NativeOnMotionEvent

android[2] trace: (KK) MogaController :: Inside NativeOnMotionEvent ....................

G6-MOGA motion frame=3102 axes=32767,0,0,0,0,0
G4-JNI GetEnv version=0x00010002
G4-JNI GetEnv version=0x00010002
G4-JNI GetEnv version=0x00010002
G4-JNI GetEnv version=0x00010002
G4-JNI GetEnv version=0x00010002
G4-JNI GetEnv version=0x00010002
G4-JNI GetEnv version=0x00010002
G4-JNI GetEnv version=0x00010002
android[2] trace: ....................(KK) MogaController :: Inside NativeOnMotionEvent

android[2] trace: (KK) MogaController :: Inside NativeOnMotionEvent ....................

G4-JNI GetEnv version=0x00010002
G4-JNI GetEnv version=0x00010002
G4-JNI GetEnv version=0x00010002
G4-JNI GetEnv version=0x00010002
G4-JNI GetEnv version=0x00010002
G4-JNI GetEnv version=0x00010002
G4-JNI GetEnv version=0x00010002
G4-JNI GetEnv version=0x00010002
G4-JNI GetEnv version=0x00010002
G4-JNI GetEnv version=0x00010002
G4-JNI GetEnv version=0x00010002
G4-JNI GetEnv version=0x00010002
G4-JNI GetEnv version=0x00010002
G4-JNI GetEnv version=0x00010002
G4-JNI GetEnv version=0x00010002
G4-JNI GetEnv version=0x00010002
G4-JNI GetEnv version=0x00010002
G4-JNI GetEnv version=0x00010002
G4-JNI GetEnv version=0x00010002
G4-JNI GetEnv version=0x00010002
G4-JNI GetEnv version=0x00010002
G4-JNI GetEnv version=0x00010002
G4-JNI GetEnv version=0x00010002
G4-JNI GetEnv version=0x00010002
G4-JNI GetEnv version=0x00010002
G4-JNI GetEnv version=0x00010002
G4-JNI GetEnv version=0x00010002
G4-JNI GetEnv version=0x00010002
android[2] trace: ....................(KK) MogaController :: Inside NativeOnMotionEvent

android[2] trace: (KK) MogaController :: Inside NativeOnMotionEvent ....................

G6-MOGA motion frame=3138 axes=-32767,0,0,0,0,0
G4-JNI GetEnv version=0x00010002
G4-JNI GetEnv version=0x00010002
G4-JNI GetEnv version=0x00010002
G4-JNI GetEnv version=0x00010002
G4-JNI GetEnv version=0x00010002
G4-JNI GetEnv version=0x00010002
G4-JNI GetEnv version=0x00010002
G4-JNI GetEnv version=0x00010002
G4-JNI GetEnv version=0x00010002
G4-JNI GetEnv version=0x00010002
G4-JNI GetEnv version=0x00010002
android[2] trace: ....................(KK) MogaController :: Inside NativeOnMotionEvent

android[2] trace: (KK) MogaController :: Inside NativeOnMotionEvent ....................

G4-JNI GetEnv version=0x00010002
G4-JNI GetEnv version=0x00010002
G4-JNI GetEnv version=0x00010002
G4-JNI GetEnv version=0x00010002
G4-JNI GetEnv version=0x00010002
G4-JNI GetEnv version=0x00010002
G4-JNI GetEnv version=0x00010002
G4-JNI GetEnv version=0x00010002
G4-JNI GetEnv version=0x00010002
G4-JNI GetEnv version=0x00010002
G4-JNI GetEnv version=0x00010002
G4-JNI GetEnv version=0x00010002
G4-JNI GetEnv version=0x00010002
G4-JNI GetEnv version=0x00010002
G4-JNI GetEnv version=0x00010002
G4-JNI GetEnv version=0x00010002
G4-JNI GetEnv version=0x00010002
G4-JNI GetEnv version=0x00010002
G4-JNI GetEnv version=0x00010002
G4-JNI GetEnv version=0x00010002
G4-JNI GetEnv version=0x00010002
G4-JNI GetEnv version=0x00010002
G4-JNI GetEnv version=0x00010002
G4-JNI GetEnv version=0x00010002
G4-JNI GetEnv version=0x00010002
G4-JNI GetEnv version=0x00010002
G4-JNI GetEnv version=0x00010002
G4-JNI GetEnv version=0x00010002
G4-JNI GetEnv version=0x00010002
G4-JNI GetEnv version=0x00010002
G4-JNI GetEnv version=0x00010002
G4-JNI GetEnv version=0x00010002
G4-JNI GetEnv version=0x00010002
G4-JNI GetEnv version=0x00010002
G4-JNI GetEnv version=0x00010002
G4-JNI GetEnv version=0x00010002
G4-JNI GetEnv version=0x00010002
G4-JNI GetEnv version=0x00010002
G4-JNI GetEnv version=0x00010002
G4-JNI GetEnv version=0x00010002
G4-JNI GetEnv version=0x00010002
G4-JNI GetEnv version=0x00010002
G4-JNI GetEnv version=0x00010002
android[2] trace: ....................(KK) MogaController :: Inside NativeOnMotionEvent

android[2] trace: (KK) MogaController :: Inside NativeOnMotionEvent ....................

G6-MOGA motion frame=3192 axes=-32767,0,0,0,0,0
G4-JNI GetEnv version=0x00010002
G4-JNI GetEnv version=0x00010002
G4-JNI GetEnv version=0x00010002
G4-JNI GetEnv version=0x00010002
G4-JNI GetEnv version=0x00010002
G4-JNI GetEnv version=0x00010002
G4-JNI GetEnv version=0x00010002
G4-JNI GetEnv version=0x00010002
android[2] trace: ....................(KK) MogaController :: Inside NativeOnMotionEvent

android[2] trace: (KK) MogaController :: Inside NativeOnMotionEvent ....................

G4-JNI GetEnv version=0x00010002
G4-JNI GetEnv version=0x00010002
G4-JNI GetEnv version=0x00010002
G4-JNI GetEnv version=0x00010002
G4-JNI GetEnv version=0x00010002
G4-JNI GetEnv version=0x00010002
G4-JNI GetEnv version=0x00010002
G4-JNI GetEnv version=0x00010002
G4-JNI GetEnv version=0x00010002
G4-JNI GetEnv version=0x00010002
G4-JNI GetEnv version=0x00010002
G4-JNI GetEnv version=0x00010002
G4-JNI GetEnv version=0x00010002
G6-RAW buttons=0x00000000
android[2] trace: MoGaConTrOlLeR :: ....................(KK) MogaController :: Inside nativeOnKeyEvent 

android[2] trace: ....................(KK) MogaController :: Inside nativeOnKeyEvent 103

android[2] trace: MoGaConTrOlLeR :: ....................(KK) Key Event Key R1 1111 .....................

android[2] trace: MoGaConTrOlLeR :: ....................(KK) Key Event Key up .....................

android[2] trace: MoGaConTrOlLeR :: ....................(KK) Listener Key Release .....................

android[2] trace: MoGaConTrOlLeR :: ....................(KK) AndroidKeyCode :: MogaKeyCode (Start of func) .....................

android[2] trace: MoGaConTrOlLeR :: ....................(KK) AndroidKeyCode :: MogaKeyCode Key Press R1 .....................

android[2] trace: MoGaConTrOlLeR :: ....................(KK) AndroidKeyCode :: MogaKeyCode Key Press R1(Nitro) Racing True.....................

android[2] trace: MoGaConTrOlLeR :: (KK) MogaController :: Inside nativeOnKeyEvent ....................

G6-MOGA key frame=3213 code=103 state=up
android[2] trace: MoGaConTrOlLeR :: ....................(KK) BaseDrivingControlScheme :: OnEvent .....................

android[2] trace: MoGaConTrOlLeR :: ....................(KK) BaseDrivingControlScheme :: OnKeyRelease Nothing :( .....................

G4-JNI GetEnv version=0x00010002
G4-JNI GetEnv version=0x00010002
G4-JNI GetEnv version=0x00010002
G4-JNI GetEnv version=0x00010002
G4-JNI GetEnv version=0x00010002
G4-JNI GetEnv version=0x00010002
G4-JNI GetEnv version=0x00010002
G4-JNI GetEnv version=0x00010002
G4-JNI GetEnv version=0x00010002
G4-JNI GetEnv version=0x00010002
G4-JNI GetEnv version=0x00010002
G4-JNI GetEnv version=0x00010002
G4-JNI GetEnv version=0x00010002
G4-JNI GetEnv version=0x00010002
G4-JNI GetEnv version=0x00010002
android[2] trace: ....................(KK) MogaController :: Inside NativeOnMotionEvent

android[2] trace: (KK) MogaController :: Inside NativeOnMotionEvent ....................

G6-MOGA motion frame=3228 axes=-32767,0,0,0,0,0
G4-JNI GetEnv version=0x00010002
G4-JNI GetEnv version=0x00010002
G4-JNI GetEnv version=0x00010002
G4-JNI GetEnv version=0x00010002
G4-JNI GetEnv version=0x00010002
G4-JNI GetEnv version=0x00010002
G4-JNI GetEnv version=0x00010002
G4-JNI GetEnv version=0x00010002
G4-JNI GetEnv version=0x00010002
G4-JNI GetEnv version=0x00010002
G4-JNI GetEnv version=0x00010002
android[2] trace: ....................(KK) MogaController :: Inside NativeOnMotionEvent

android[2] trace: (KK) MogaController :: Inside NativeOnMotionEvent ....................

G4-JNI GetEnv version=0x00010002
G4-JNI GetEnv version=0x00010002
G4-JNI GetEnv version=0x00010002
G4-JNI GetEnv version=0x00010002
G4-JNI GetEnv version=0x00010002
G4-JNI GetEnv version=0x00010002
G4-JNI GetEnv version=0x00010002
G4-JNI GetEnv version=0x00010002
G4-JNI GetEnv version=0x00010002
G4-JNI GetEnv version=0x00010002
G4-JNI GetEnv version=0x00010002
android[2] trace: ....................(KK) MogaController :: Inside NativeOnMotionEvent

android[2] trace: (KK) MogaController :: Inside NativeOnMotionEvent ....................

G6-MOGA motion frame=3250 axes=-32767,0,0,0,0,0
G4-JNI GetEnv version=0x00010002
G4-JNI GetEnv version=0x00010002
G4-JNI GetEnv version=0x00010002
G4-JNI GetEnv version=0x00010002
G4-JNI GetEnv version=0x00010002
G4-JNI GetEnv version=0x00010002
G4-JNI GetEnv version=0x00010002
G4-JNI GetEnv version=0x00010002
android[2] trace: ....................(KK) MogaController :: Inside NativeOnMotionEvent

android[2] trace: (KK) MogaController :: Inside NativeOnMotionEvent ....................

G4-JNI GetEnv version=0x00010002
G4-JNI GetEnv version=0x00010002
G4-JNI GetEnv version=0x00010002
G4-JNI GetEnv version=0x00010002
G4-JNI GetEnv version=0x00010002
G4-JNI GetEnv version=0x00010002
G4-JNI GetEnv version=0x00010002
G4-JNI GetEnv version=0x00010002
G4-JNI GetEnv version=0x00010002
G4-JNI GetEnv version=0x00010002
G4-JNI GetEnv version=0x00010002
G4-JNI GetEnv version=0x00010002
G4-JNI GetEnv version=0x00010002
G4-JNI GetEnv version=0x00010002
G4-JNI GetEnv version=0x00010002
G4-JNI GetEnv version=0x00010002
G4-JNI GetEnv version=0x00010002
G4-JNI GetEnv version=0x00010002
G4-JNI GetEnv version=0x00010002
G4-JNI GetEnv version=0x00010002
G4-JNI GetEnv version=0x00010002
G4-JNI GetEnv version=0x00010002
G4-JNI GetEnv version=0x00010002
G4-JNI GetEnv version=0x00010002
G4-JNI GetEnv version=0x00010002
G4-JNI GetEnv version=0x00010002
G4-JNI GetEnv version=0x00010002
G4-JNI GetEnv version=0x00010002
G4-JNI GetEnv version=0x00010002
G4-JNI GetEnv version=0x00010002
G4-JNI GetEnv version=0x00010002
G4-JNI GetEnv version=0x00010002
G4-JNI GetEnv version=0x00010002
G4-JNI GetEnv version=0x00010002
G4-JNI GetEnv version=0x00010002
G4-JNI GetEnv version=0x00010002
android[2] trace: ....................(KK) MogaController :: Inside NativeOnMotionEvent

android[2] trace: (KK) MogaController :: Inside NativeOnMotionEvent ....................

G6-MOGA motion frame=3294 axes=-32767,0,0,0,0,0
G4-JNI GetEnv version=0x00010002
G4-JNI GetEnv version=0x00010002
G4-JNI GetEnv version=0x00010002
G4-JNI GetEnv version=0x00010002
G4-JNI GetEnv version=0x00010002
G4-JNI GetEnv version=0x00010002
G7-FRAME enter=3300
G4-JNI GetEnv version=0x00010002
G5-GL STATE frame=3300 framebuffer=0 status=0x8cd5 errors=0
G7-FRAME leave=3300
G4-JNI GetEnv version=0x00010002
G4-JNI GetEnv version=0x00010002
G4-JNI GetEnv version=0x00010002
G4-JNI GetEnv version=0x00010002
G4-JNI GetEnv version=0x00010002
G4-JNI GetEnv version=0x00010002
G4-JNI GetEnv version=0x00010002
G4-JNI GetEnv version=0x00010002
G4-JNI GetEnv version=0x00010002
G4-JNI GetEnv version=0x00010002
G4-JNI GetEnv version=0x00010002
android[2] trace: ....................(KK) MogaController :: Inside NativeOnMotionEvent

android[2] trace: (KK) MogaController :: Inside NativeOnMotionEvent ....................

G6-MOGA motion frame=3312 axes=0,0,0,0,0,0
G4-JNI GetEnv version=0x00010002
G4-JNI GetEnv version=0x00010002
G4-JNI GetEnv version=0x00010002
G4-JNI GetEnv version=0x00010002
G4-JNI GetEnv version=0x00010002
G4-JNI GetEnv version=0x00010002
G4-JNI GetEnv version=0x00010002
G4-JNI GetEnv version=0x00010002
G4-JNI GetEnv version=0x00010002
G4-JNI GetEnv version=0x00010002
G4-JNI GetEnv version=0x00010002
G4-JNI GetEnv version=0x00010002
G4-JNI GetEnv version=0x00010002
G4-JNI GetEnv version=0x00010002
G4-JNI GetEnv version=0x00010002
G4-JNI GetEnv version=0x00010002
G4-JNI GetEnv version=0x00010002
G4-JNI GetEnv version=0x00010002
G4-JNI GetEnv version=0x00010002
G4-JNI GetEnv version=0x00010002
G4-JNI GetEnv version=0x00010002
G4-JNI GetEnv version=0x00010002
G4-JNI GetEnv version=0x00010002
G4-JNI GetEnv version=0x00010002
G4-JNI GetEnv version=0x00010002
G4-JNI GetEnv version=0x00010002
G4-JNI GetEnv version=0x00010002
G4-JNI GetEnv version=0x00010002
G4-JNI GetEnv version=0x00010002
G4-JNI GetEnv version=0x00010002
G4-JNI GetEnv version=0x00010002
G4-JNI GetEnv version=0x00010002
G4-JNI GetEnv version=0x00010002
G4-JNI GetEnv version=0x00010002
android[2] trace: ....................(KK) MogaController :: Inside NativeOnMotionEvent

android[2] trace: (KK) MogaController :: Inside NativeOnMotionEvent ....................

G6-MOGA motion frame=3346 axes=-32767,0,0,0,0,0
G4-JNI GetEnv version=0x00010002
G4-JNI GetEnv version=0x00010002
G4-JNI GetEnv version=0x00010002
G4-JNI GetEnv version=0x00010002
G4-JNI GetEnv version=0x00010002
G4-JNI GetEnv version=0x00010002
android[2] trace: ....................(KK) MogaController :: Inside NativeOnMotionEvent

android[2] trace: (KK) MogaController :: Inside NativeOnMotionEvent ....................

G4-JNI GetEnv version=0x00010002
G4-JNI GetEnv version=0x00010002
G4-JNI GetEnv version=0x00010002
android[2] trace: ....................(KK) MogaController :: Inside NativeOnMotionEvent

android[2] trace: (KK) MogaController :: Inside NativeOnMotionEvent ....................

G4-JNI GetEnv version=0x00010002
G4-JNI GetEnv version=0x00010002
G4-JNI GetEnv version=0x00010002
G4-JNI GetEnv version=0x00010002
G4-JNI GetEnv version=0x00010002
G4-JNI GetEnv version=0x00010002
G4-JNI GetEnv version=0x00010002
G4-JNI GetEnv version=0x00010002
G6-RAW buttons=0x00000002
android[2] trace: MoGaConTrOlLeR :: ....................(KK) MogaController :: Inside nativeOnKeyEvent 

android[2] trace: ....................(KK) MogaController :: Inside nativeOnKeyEvent 96

android[2] trace: MoGaConTrOlLeR :: ....................(KK) Key Event Key A AAAA .....................

android[2] trace: MoGaConTrOlLeR :: ....................(KK) Key Event Key Down .....................

android[2] trace: MoGaConTrOlLeR :: ....................(KK) Listener Key Press .....................

android[2] trace: MoGaConTrOlLeR :: ....................(KK) AndroidKeyCode :: MogaKeyCode (Start of func) .....................

android[2] trace: MoGaConTrOlLeR :: ....................(KK) AndroidKeyCode :: MogaKeyCode Key Press A .....................

android[2] trace: MoGaConTrOlLeR :: ....................(KK) AndroidKeyCode :: MogaKeyCode Key Press A(Drift) Racing True.....................

android[2] trace: MoGaConTrOlLeR :: (KK) MogaController :: Inside nativeOnKeyEvent ....................

G6-MOGA key frame=3363 code=96 state=down
android[2] trace: MoGaConTrOlLeR :: ....................(KK) BaseDrivingControlScheme :: OnEvent .....................

android[2] trace: MoGaConTrOlLeR :: ....................(KK) BaseDrivingControlScheme :: onKeyPress Drift.....................

G4-JNI GetEnv version=0x00010002
G4-JNI GetEnv version=0x00010002
G4-JNI GetEnv version=0x00010002
G4-JNI GetEnv version=0x00010002
G4-JNI GetEnv version=0x00010002
G4-JNI GetEnv version=0x00010002
G4-JNI GetEnv version=0x00010002
G4-JNI GetEnv version=0x00010002
G4-JNI GetEnv version=0x00010002
G4-JNI GetEnv version=0x00010002
G4-JNI GetEnv version=0x00010002
G4-JNI GetEnv version=0x00010002
G4-JNI GetEnv version=0x00010002
G4-JNI GetEnv version=0x00010002
G4-JNI GetEnv version=0x00010002
G4-JNI GetEnv version=0x00010002
G4-JNI GetEnv version=0x00010002
G4-JNI GetEnv version=0x00010002
android[2] trace: ....................(KK) MogaController :: Inside NativeOnMotionEvent

android[2] trace: (KK) MogaController :: Inside NativeOnMotionEvent ....................

G6-MOGA motion frame=3381 axes=0,0,0,0,0,0
G4-JNI GetEnv version=0x00010002
G4-JNI GetEnv version=0x00010002
G4-JNI GetEnv version=0x00010002
G4-JNI GetEnv version=0x00010002
G4-JNI GetEnv version=0x00010002
G4-JNI GetEnv version=0x00010002
G4-JNI GetEnv version=0x00010002
G4-JNI GetEnv version=0x00010002
android[2] trace: ....................(KK) MogaController :: Inside NativeOnMotionEvent

android[2] trace: (KK) MogaController :: Inside NativeOnMotionEvent ....................

G4-JNI GetEnv version=0x00010002
G4-JNI GetEnv version=0x00010002
G4-JNI GetEnv version=0x00010002
G4-JNI GetEnv version=0x00010002
G4-JNI GetEnv version=0x00010002
G4-JNI GetEnv version=0x00010002
G4-JNI GetEnv version=0x00010002
G4-JNI GetEnv version=0x00010002
android[2] trace: ....................(KK) MogaController :: Inside NativeOnMotionEvent

android[2] trace: (KK) MogaController :: Inside NativeOnMotionEvent ....................

G6-MOGA motion frame=3397 axes=0,0,0,0,0,0
G4-JNI GetEnv version=0x00010002
G4-JNI GetEnv version=0x00010002
G4-JNI GetEnv version=0x00010002
G6-RAW buttons=0x00000000
android[2] trace: MoGaConTrOlLeR :: ....................(KK) MogaController :: Inside nativeOnKeyEvent 

android[2] trace: ....................(KK) MogaController :: Inside nativeOnKeyEvent 96

android[2] trace: MoGaConTrOlLeR :: ....................(KK) Key Event Key A AAAA .....................

android[2] trace: MoGaConTrOlLeR :: ....................(KK) Key Event Key up .....................

android[2] trace: MoGaConTrOlLeR :: ....................(KK) Listener Key Release .....................

android[2] trace: MoGaConTrOlLeR :: ....................(KK) AndroidKeyCode :: MogaKeyCode (Start of func) .....................

android[2] trace: MoGaConTrOlLeR :: ....................(KK) AndroidKeyCode :: MogaKeyCode Key Press A .....................

android[2] trace: MoGaConTrOlLeR :: ....................(KK) AndroidKeyCode :: MogaKeyCode Key Press A(Drift) Racing True.....................

android[2] trace: MoGaConTrOlLeR :: (KK) MogaController :: Inside nativeOnKeyEvent ....................

G6-MOGA key frame=3400 code=96 state=up
android[2] trace: MoGaConTrOlLeR :: ....................(KK) BaseDrivingControlScheme :: OnEvent .....................

android[2] trace: MoGaConTrOlLeR :: ....................(KK) BaseDrivingControlScheme :: OnKeyRelease Drift.....................

G4-JNI GetEnv version=0x00010002
G4-JNI GetEnv version=0x00010002
G4-JNI GetEnv version=0x00010002
android[2] trace: ....................(KK) MogaController :: Inside NativeOnMotionEvent

android[2] trace: (KK) MogaController :: Inside NativeOnMotionEvent ....................

G4-JNI GetEnv version=0x00010002
G4-JNI GetEnv version=0x00010002
G4-JNI GetEnv version=0x00010002
G4-JNI GetEnv version=0x00010002
G4-JNI GetEnv version=0x00010002
G4-JNI GetEnv version=0x00010002
G4-JNI GetEnv version=0x00010002
G4-JNI GetEnv version=0x00010002
G4-JNI GetEnv version=0x00010002
G4-JNI GetEnv version=0x00010002
G4-JNI GetEnv version=0x00010002
G4-JNI GetEnv version=0x00010002
G4-JNI GetEnv version=0x00010002
G4-JNI GetEnv version=0x00010002
android[2] trace: ....................(KK) MogaController :: Inside NativeOnMotionEvent

android[2] trace: (KK) MogaController :: Inside NativeOnMotionEvent ....................

G6-MOGA motion frame=3417 axes=0,0,0,0,0,0
G4-JNI GetEnv version=0x00010002
G4-JNI GetEnv version=0x00010002
G4-JNI GetEnv version=0x00010002
G4-JNI GetEnv version=0x00010002
G4-JNI GetEnv version=0x00010002
G4-JNI GetEnv version=0x00010002
G4-JNI GetEnv version=0x00010002
G4-JNI GetEnv version=0x00010002
G4-JNI GetEnv version=0x00010002
G4-JNI GetEnv version=0x00010002
G4-JNI GetEnv version=0x00010002
G4-JNI GetEnv version=0x00010002
G4-JNI GetEnv version=0x00010002
android[2] trace: ....................(KK) MogaController :: Inside NativeOnMotionEvent

android[2] trace: (KK) MogaController :: Inside NativeOnMotionEvent ....................

G4-JNI GetEnv version=0x00010002
G4-JNI GetEnv version=0x00010002
G4-JNI GetEnv version=0x00010002
G4-JNI GetEnv version=0x00010002
G4-JNI GetEnv version=0x00010002
G4-JNI GetEnv version=0x00010002
G4-JNI GetEnv version=0x00010002
G4-JNI GetEnv version=0x00010002
G4-JNI GetEnv version=0x00010002
G4-JNI GetEnv version=0x00010002
G4-JNI GetEnv version=0x00010002
G4-JNI GetEnv version=0x00010002
G4-JNI GetEnv version=0x00010002
G4-JNI GetEnv version=0x00010002
G4-JNI GetEnv version=0x00010002
G4-JNI GetEnv version=0x00010002
G4-JNI GetEnv version=0x00010002
G4-JNI GetEnv version=0x00010002
G4-JNI GetEnv version=0x00010002
G4-JNI GetEnv version=0x00010002
G4-JNI GetEnv version=0x00010002
G4-JNI GetEnv version=0x00010002
android[2] trace: ....................(KK) MogaController :: Inside NativeOnMotionEvent

android[2] trace: (KK) MogaController :: Inside NativeOnMotionEvent ....................

G6-MOGA motion frame=3452 axes=0,0,0,0,0,0
G4-JNI GetEnv version=0x00010002
android[2] trace: ....................(KK) MogaController :: Inside NativeOnMotionEvent

android[2] trace: (KK) MogaController :: Inside NativeOnMotionEvent ....................

G4-JNI GetEnv version=0x00010002
G4-JNI GetEnv version=0x00010002
G4-JNI GetEnv version=0x00010002
G4-JNI GetEnv version=0x00010002
G4-JNI GetEnv version=0x00010002
G4-JNI GetEnv version=0x00010002
G4-JNI GetEnv version=0x00010002
G4-JNI GetEnv version=0x00010002
G4-JNI GetEnv version=0x00010002
G4-JNI GetEnv version=0x00010002
G4-JNI GetEnv version=0x00010002
G4-JNI GetEnv version=0x00010002
G4-JNI GetEnv version=0x00010002
G4-JNI GetEnv version=0x00010002
G4-JNI GetEnv version=0x00010002
G4-JNI GetEnv version=0x00010002
G4-JNI GetEnv version=0x00010002
android[2] trace: ....................(KK) MogaController :: Inside NativeOnMotionEvent

android[2] trace: (KK) MogaController :: Inside NativeOnMotionEvent ....................

G6-MOGA motion frame=3470 axes=0,0,0,0,0,0
G4-JNI GetEnv version=0x00010002
G4-JNI GetEnv version=0x00010002
G4-JNI GetEnv version=0x00010002
android[2] trace: ....................(KK) MogaController :: Inside NativeOnMotionEvent

android[2] trace: (KK) MogaController :: Inside NativeOnMotionEvent ....................

G4-JNI GetEnv version=0x00010002
G4-JNI GetEnv version=0x00010002
G4-JNI GetEnv version=0x00010002
G4-JNI GetEnv version=0x00010002
G4-JNI GetEnv version=0x00010002
G4-JNI GetEnv version=0x00010002
G4-JNI GetEnv version=0x00010002
G4-JNI GetEnv version=0x00010002
G4-JNI GetEnv version=0x00010002
G4-JNI GetEnv version=0x00010002
G4-JNI GetEnv version=0x00010002
android[6] Sound/SoundManager/error: FMOD result of SoundManager::createSound: An error occured that wasn't supposed to.  Contact support. 

android[5] Sound/SoundManager/warn: SoundManager::createSound - 'effects/collisions/scrape': failure.

G4-JNI GetEnv version=0x00010002
G4-JNI GetEnv version=0x00010002
android[2] trace: ....................(KK) MogaController :: Inside NativeOnMotionEvent

android[2] trace: (KK) MogaController :: Inside NativeOnMotionEvent ....................

G6-MOGA motion frame=3486 axes=0,0,0,0,0,0
G4-JNI GetEnv version=0x00010002
G4-JNI GetEnv version=0x00010002
G4-JNI GetEnv version=0x00010002
G4-JNI GetEnv version=0x00010002
G4-JNI GetEnv version=0x00010002
G4-JNI GetEnv version=0x00010002
G4-JNI GetEnv version=0x00010002
G4-JNI GetEnv version=0x00010002
G4-JNI GetEnv version=0x00010002
G4-JNI GetEnv version=0x00010002
G4-JNI GetEnv version=0x00010002
G4-JNI GetEnv version=0x00010002
G4-JNI GetEnv version=0x00010002
G4-JNI GetEnv version=0x00010002
G4-JNI GetEnv version=0x00010002
android[2] trace: ....................(KK) MogaController :: Inside NativeOnMotionEvent

android[2] trace: (KK) MogaController :: Inside NativeOnMotionEvent ....................

G6-MOGA motion frame=3501 axes=32767,0,0,0,0,0
G4-JNI GetEnv version=0x00010002
G4-JNI GetEnv version=0x00010002
G4-JNI GetEnv version=0x00010002
G4-JNI GetEnv version=0x00010002
G4-JNI GetEnv version=0x00010002
G4-JNI GetEnv version=0x00010002
G4-JNI GetEnv version=0x00010002
android[2] trace: ....................(KK) MogaController :: Inside NativeOnMotionEvent

android[2] trace: (KK) MogaController :: Inside NativeOnMotionEvent ....................

G4-JNI GetEnv version=0x00010002
G4-JNI GetEnv version=0x00010002
G4-JNI GetEnv version=0x00010002
G4-JNI GetEnv version=0x00010002
G4-JNI GetEnv version=0x00010002
G4-JNI GetEnv version=0x00010002
G4-JNI GetEnv version=0x00010002
G4-JNI GetEnv version=0x00010002
G4-JNI GetEnv version=0x00010002
G4-JNI GetEnv version=0x00010002
G4-JNI GetEnv version=0x00010002
android[2] trace: ....................(KK) MogaController :: Inside NativeOnMotionEvent

android[2] trace: (KK) MogaController :: Inside NativeOnMotionEvent ....................

G6-MOGA motion frame=3519 axes=-32767,0,0,0,0,0
G4-JNI GetEnv version=0x00010002
G4-JNI GetEnv version=0x00010002
G4-JNI GetEnv version=0x00010002
G4-JNI GetEnv version=0x00010002
G4-JNI GetEnv version=0x00010002
G4-JNI GetEnv version=0x00010002
android[2] trace: ....................(KK) MogaController :: Inside NativeOnMotionEvent

android[2] trace: (KK) MogaController :: Inside NativeOnMotionEvent ....................

G4-JNI GetEnv version=0x00010002
G4-JNI GetEnv version=0x00010002
G4-JNI GetEnv version=0x00010002
G4-JNI GetEnv version=0x00010002
G4-JNI GetEnv version=0x00010002
G4-JNI GetEnv version=0x00010002
G4-JNI GetEnv version=0x00010002
G4-JNI GetEnv version=0x00010002
G4-JNI GetEnv version=0x00010002
G4-JNI GetEnv version=0x00010002
G4-JNI GetEnv version=0x00010002
G4-JNI GetEnv version=0x00010002
G4-JNI GetEnv version=0x00010002
G4-JNI GetEnv version=0x00010002
G4-JNI GetEnv version=0x00010002
G4-JNI GetEnv version=0x00010002
G4-JNI GetEnv version=0x00010002
G4-JNI GetEnv version=0x00010002
G4-JNI GetEnv version=0x00010002
G4-JNI GetEnv version=0x00010002
G4-JNI GetEnv version=0x00010002
G4-JNI GetEnv version=0x00010002
G4-JNI GetEnv version=0x00010002
G4-JNI GetEnv version=0x00010002
G4-JNI GetEnv version=0x00010002
G4-JNI GetEnv version=0x00010002
G4-JNI GetEnv version=0x00010002
G4-JNI GetEnv version=0x00010002
G4-JNI GetEnv version=0x00010002
G4-JNI GetEnv version=0x00010002
G4-JNI GetEnv version=0x00010002
G4-JNI GetEnv version=0x00010002
G4-JNI GetEnv version=0x00010002
G4-JNI GetEnv version=0x00010002
G4-JNI GetEnv version=0x00010002
G4-JNI GetEnv version=0x00010002
G4-JNI GetEnv version=0x00010002
G4-JNI GetEnv version=0x00010002
G4-JNI GetEnv version=0x00010002
G4-JNI GetEnv version=0x00010002
G4-JNI GetEnv version=0x00010002
G4-JNI GetEnv version=0x00010002
G4-JNI GetEnv version=0x00010002
G4-JNI GetEnv version=0x00010002
G6-RAW buttons=0x00000002
android[2] trace: MoGaConTrOlLeR :: ....................(KK) MogaController :: Inside nativeOnKeyEvent 

android[2] trace: ....................(KK) MogaController :: Inside nativeOnKeyEvent 96

android[2] trace: MoGaConTrOlLeR :: ....................(KK) Key Event Key A AAAA .....................

android[2] trace: MoGaConTrOlLeR :: ....................(KK) Key Event Key Down .....................

android[2] trace: MoGaConTrOlLeR :: ....................(KK) Listener Key Press .....................

android[2] trace: MoGaConTrOlLeR :: ....................(KK) AndroidKeyCode :: MogaKeyCode (Start of func) .....................

android[2] trace: MoGaConTrOlLeR :: ....................(KK) AndroidKeyCode :: MogaKeyCode Key Press A .....................

android[2] trace: MoGaConTrOlLeR :: ....................(KK) AndroidKeyCode :: MogaKeyCode Key Press A(Drift) Racing True.....................

android[2] trace: MoGaConTrOlLeR :: (KK) MogaController :: Inside nativeOnKeyEvent ....................

G6-MOGA key frame=3569 code=96 state=down
android[2] trace: MoGaConTrOlLeR :: ....................(KK) BaseDrivingControlScheme :: OnEvent .....................

android[2] trace: MoGaConTrOlLeR :: ....................(KK) BaseDrivingControlScheme :: onKeyPress Drift.....................

G4-JNI GetEnv version=0x00010002
G4-JNI GetEnv version=0x00010002
G4-JNI GetEnv version=0x00010002
G4-JNI GetEnv version=0x00010002
G4-JNI GetEnv version=0x00010002
G4-JNI GetEnv version=0x00010002
G4-JNI GetEnv version=0x00010002
G4-JNI GetEnv version=0x00010002
G4-JNI GetEnv version=0x00010002
G4-JNI GetEnv version=0x00010002
G6-RAW buttons=0x00000802
android[2] trace: ....................(KK) MogaController :: Inside NativeOnMotionEvent

android[2] trace: (KK) MogaController :: Inside NativeOnMotionEvent ....................

G6-MOGA motion frame=3579 axes=32767,0,0,0,0,0
G6-MOGA dpad-as-stick frame=3579 code=22 state=down
G4-JNI GetEnv version=0x00010002
G4-JNI GetEnv version=0x00010002
G4-JNI GetEnv version=0x00010002
G4-JNI GetEnv version=0x00010002
G4-JNI GetEnv version=0x00010002
G4-JNI GetEnv version=0x00010002
G4-JNI GetEnv version=0x00010002
G4-JNI GetEnv version=0x00010002
G6-RAW buttons=0x00000002
android[2] trace: ....................(KK) MogaController :: Inside NativeOnMotionEvent

android[2] trace: (KK) MogaController :: Inside NativeOnMotionEvent ....................

G6-MOGA dpad-as-stick frame=3587 code=22 state=up
G4-JNI GetEnv version=0x00010002
G4-JNI GetEnv version=0x00010002
G4-JNI GetEnv version=0x00010002
G4-JNI GetEnv version=0x00010002
G4-JNI GetEnv version=0x00010002
G4-JNI GetEnv version=0x00010002
G6-RAW buttons=0x00000802
android[2] trace: ....................(KK) MogaController :: Inside NativeOnMotionEvent

android[2] trace: (KK) MogaController :: Inside NativeOnMotionEvent ....................

G6-MOGA dpad-as-stick frame=3593 code=22 state=down
G4-JNI GetEnv version=0x00010002
G4-JNI GetEnv version=0x00010002
G4-JNI GetEnv version=0x00010002
G4-JNI GetEnv version=0x00010002
G4-JNI GetEnv version=0x00010002
G4-JNI GetEnv version=0x00010002
G4-JNI GetEnv version=0x00010002
G7-FRAME enter=3600
G4-JNI GetEnv version=0x00010002
G5-GL STATE frame=3600 framebuffer=0 status=0x8cd5 errors=0
G7-FRAME leave=3600
G4-JNI GetEnv version=0x00010002
G4-JNI GetEnv version=0x00010002
G4-JNI GetEnv version=0x00010002
G4-JNI GetEnv version=0x00010002
G4-JNI GetEnv version=0x00010002
G4-JNI GetEnv version=0x00010002
G4-JNI GetEnv version=0x00010002
G4-JNI GetEnv version=0x00010002
G4-JNI GetEnv version=0x00010002
G4-JNI GetEnv version=0x00010002
G4-JNI GetEnv version=0x00010002
G6-RAW buttons=0x00000002
android[2] trace: ....................(KK) MogaController :: Inside NativeOnMotionEvent

android[2] trace: (KK) MogaController :: Inside NativeOnMotionEvent ....................

G6-MOGA motion frame=3612 axes=0,0,0,0,0,0
G6-MOGA dpad-as-stick frame=3612 code=22 state=up
G4-JNI GetEnv version=0x00010002
G4-JNI GetEnv version=0x00010002
G4-JNI GetEnv version=0x00010002
G4-JNI GetEnv version=0x00010002
G4-JNI GetEnv version=0x00010002
G4-JNI GetEnv version=0x00010002
G4-JNI GetEnv version=0x00010002
G4-JNI GetEnv version=0x00010002
G4-JNI GetEnv version=0x00010002
G4-JNI GetEnv version=0x00010002
G4-JNI GetEnv version=0x00010002
G4-JNI GetEnv version=0x00010002
G4-JNI GetEnv version=0x00010002
G4-JNI GetEnv version=0x00010002
G4-JNI GetEnv version=0x00010002
G4-JNI GetEnv version=0x00010002
G4-JNI GetEnv version=0x00010002
G4-JNI GetEnv version=0x00010002
G4-JNI GetEnv version=0x00010002
G4-JNI GetEnv version=0x00010002
G4-JNI GetEnv version=0x00010002
G4-JNI GetEnv version=0x00010002
G4-JNI GetEnv version=0x00010002
G4-JNI GetEnv version=0x00010002
G4-JNI GetEnv version=0x00010002
G4-JNI GetEnv version=0x00010002
G4-JNI GetEnv version=0x00010002
G4-JNI GetEnv version=0x00010002
G4-JNI GetEnv version=0x00010002
G4-JNI GetEnv version=0x00010002
G4-JNI GetEnv version=0x00010002
G4-JNI GetEnv version=0x00010002
G4-JNI GetEnv version=0x00010002
G4-JNI GetEnv version=0x00010002
G4-JNI GetEnv version=0x00010002
G4-JNI GetEnv version=0x00010002
G4-JNI GetEnv version=0x00010002
G4-JNI GetEnv version=0x00010002
G4-JNI GetEnv version=0x00010002
G4-JNI GetEnv version=0x00010002
G4-JNI GetEnv version=0x00010002
G4-JNI GetEnv version=0x00010002
G4-JNI GetEnv version=0x00010002
G4-JNI GetEnv version=0x00010002
G4-JNI GetEnv version=0x00010002
G4-JNI GetEnv version=0x00010002
G4-JNI GetEnv version=0x00010002
G4-JNI GetEnv version=0x00010002
G4-JNI GetEnv version=0x00010002
G4-JNI GetEnv version=0x00010002
G4-JNI GetEnv version=0x00010002
G4-JNI GetEnv version=0x00010002
G4-JNI GetEnv version=0x00010002
G4-JNI GetEnv version=0x00010002
G4-JNI GetEnv version=0x00010002
G4-JNI GetEnv version=0x00010002
G4-JNI GetEnv version=0x00010002
G4-JNI GetEnv version=0x00010002
G4-JNI GetEnv version=0x00010002
G4-JNI GetEnv version=0x00010002
G4-JNI GetEnv version=0x00010002
G4-JNI GetEnv version=0x00010002
G4-JNI GetEnv version=0x00010002
G4-JNI GetEnv version=0x00010002
G4-JNI GetEnv version=0x00010002
G4-JNI GetEnv version=0x00010002
G6-RAW buttons=0x00000000
android[2] trace: MoGaConTrOlLeR :: ....................(KK) MogaController :: Inside nativeOnKeyEvent 

android[2] trace: ....................(KK) MogaController :: Inside nativeOnKeyEvent 96

android[2] trace: MoGaConTrOlLeR :: ....................(KK) Key Event Key A AAAA .....................

android[2] trace: MoGaConTrOlLeR :: ....................(KK) Key Event Key up .....................

android[2] trace: MoGaConTrOlLeR :: ....................(KK) Listener Key Release .....................

android[2] trace: MoGaConTrOlLeR :: ....................(KK) AndroidKeyCode :: MogaKeyCode (Start of func) .....................

android[2] trace: MoGaConTrOlLeR :: ....................(KK) AndroidKeyCode :: MogaKeyCode Key Press A .....................

android[2] trace: MoGaConTrOlLeR :: ....................(KK) AndroidKeyCode :: MogaKeyCode Key Press A(Drift) Racing True.....................

android[2] trace: MoGaConTrOlLeR :: (KK) MogaController :: Inside nativeOnKeyEvent ....................

G6-MOGA key frame=3678 code=96 state=up
android[2] trace: MoGaConTrOlLeR :: ....................(KK) BaseDrivingControlScheme :: OnEvent .....................

android[2] trace: MoGaConTrOlLeR :: ....................(KK) BaseDrivingControlScheme :: OnKeyRelease Drift.....................

G4-JNI GetEnv version=0x00010002
G4-JNI GetEnv version=0x00010002
G4-JNI GetEnv version=0x00010002
G4-JNI GetEnv version=0x00010002
G4-JNI GetEnv version=0x00010002
G6-RAW buttons=0x00000400
android[2] trace: ....................(KK) MogaController :: Inside NativeOnMotionEvent

android[2] trace: (KK) MogaController :: Inside NativeOnMotionEvent ....................

G6-MOGA motion frame=3683 axes=-32767,0,0,0,0,0
G6-MOGA dpad-as-stick frame=3683 code=21 state=down
G4-JNI GetEnv version=0x00010002
G4-JNI GetEnv version=0x00010002
G4-JNI GetEnv version=0x00010002
G4-JNI GetEnv version=0x00010002
G4-JNI GetEnv version=0x00010002
G4-JNI GetEnv version=0x00010002
G4-JNI GetEnv version=0x00010002
G4-JNI GetEnv version=0x00010002
G4-JNI GetEnv version=0x00010002
G6-RAW buttons=0x00000000
android[2] trace: ....................(KK) MogaController :: Inside NativeOnMotionEvent

android[2] trace: (KK) MogaController :: Inside NativeOnMotionEvent ....................

G6-MOGA dpad-as-stick frame=3692 code=21 state=up
G4-JNI GetEnv version=0x00010002
G4-JNI GetEnv version=0x00010002
G4-JNI GetEnv version=0x00010002
G4-JNI GetEnv version=0x00010002
G4-JNI GetEnv version=0x00010002
G4-JNI GetEnv version=0x00010002
G4-JNI GetEnv version=0x00010002
G4-JNI GetEnv version=0x00010002
G4-JNI GetEnv version=0x00010002
G4-JNI GetEnv version=0x00010002
G4-JNI GetEnv version=0x00010002
G4-JNI GetEnv version=0x00010002
G4-JNI GetEnv version=0x00010002
G4-JNI GetEnv version=0x00010002
G4-JNI GetEnv version=0x00010002
G4-JNI GetEnv version=0x00010002
G4-JNI GetEnv version=0x00010002
G4-JNI GetEnv version=0x00010002
G4-JNI GetEnv version=0x00010002
G4-JNI GetEnv version=0x00010002
G4-JNI GetEnv version=0x00010002
G4-JNI GetEnv version=0x00010002
G4-JNI GetEnv version=0x00010002
G4-JNI GetEnv version=0x00010002
G4-JNI GetEnv version=0x00010002
DEBUG: sendTrackingMessage!
G4-JNI GetEnv version=0x00010006
G4-JNI GetEnv version=0x00010002
G4-JNI GetEnv version=0x00010002
G4-JNI GetEnv version=0x00010002
G6-RAW buttons=0x00000800
android[2] trace: ....................(KK) MogaController :: Inside NativeOnMotionEvent

android[2] trace: (KK) MogaController :: Inside NativeOnMotionEvent ....................

G6-MOGA motion frame=3720 axes=32767,0,0,0,0,0
G6-MOGA dpad-as-stick frame=3720 code=22 state=down
G4-JNI GetEnv version=0x00010002
G4-JNI GetEnv version=0x00010002
G4-JNI GetEnv version=0x00010002
G4-JNI GetEnv version=0x00010002
G4-JNI GetEnv version=0x00010002
G4-JNI GetEnv version=0x00010002
G6-RAW buttons=0x00000000
android[2] trace: ....................(KK) MogaController :: Inside NativeOnMotionEvent

android[2] trace: (KK) MogaController :: Inside NativeOnMotionEvent ....................

G6-MOGA dpad-as-stick frame=3726 code=22 state=up
G4-JNI GetEnv version=0x00010002
G4-JNI GetEnv version=0x00010002
G4-JNI GetEnv version=0x00010002
G4-JNI GetEnv version=0x00010002
G4-JNI GetEnv version=0x00010002
G4-JNI GetEnv version=0x00010002
G4-JNI GetEnv version=0x00010002
G4-JNI GetEnv version=0x00010002
G4-JNI GetEnv version=0x00010002
G4-JNI GetEnv version=0x00010002
G4-JNI GetEnv version=0x00010002
G4-JNI GetEnv version=0x00010002
G4-JNI GetEnv version=0x00010002
G4-JNI GetEnv version=0x00010002
G4-JNI GetEnv version=0x00010002
G4-JNI GetEnv version=0x00010002
G4-JNI GetEnv version=0x00010002
G4-JNI GetEnv version=0x00010002
G4-JNI GetEnv version=0x00010002
G6-RAW buttons=0x00000400
android[2] trace: ....................(KK) MogaController :: Inside NativeOnMotionEvent

android[2] trace: (KK) MogaController :: Inside NativeOnMotionEvent ....................

G6-MOGA motion frame=3745 axes=-32767,0,0,0,0,0
G6-MOGA dpad-as-stick frame=3745 code=21 state=down
G4-JNI GetEnv version=0x00010002
G4-JNI GetEnv version=0x00010002
G4-JNI GetEnv version=0x00010002
G4-JNI GetEnv version=0x00010002
G4-JNI GetEnv version=0x00010002
android[6] Sound/SoundManager/error: FMOD result of SoundManager::createSound: An error occured that wasn't supposed to.  Contact support. 

android[5] Sound/SoundManager/warn: SoundManager::createSound - 'effects/collisions/scrape': failure.

G4-JNI GetEnv version=0x00010002
G6-RAW buttons=0x00000000
android[2] trace: ....................(KK) MogaController :: Inside NativeOnMotionEvent

android[2] trace: (KK) MogaController :: Inside NativeOnMotionEvent ....................

G6-MOGA dpad-as-stick frame=3751 code=21 state=up
G4-JNI GetEnv version=0x00010002
G4-JNI GetEnv version=0x00010002
G4-JNI GetEnv version=0x00010002
G4-JNI GetEnv version=0x00010002
G4-JNI GetEnv version=0x00010002
G4-JNI GetEnv version=0x00010002
G4-JNI GetEnv version=0x00010002
G4-JNI GetEnv version=0x00010002
G4-JNI GetEnv version=0x00010002
G4-JNI GetEnv version=0x00010002
G4-JNI GetEnv version=0x00010002
G4-JNI GetEnv version=0x00010002
G4-JNI GetEnv version=0x00010002
G4-JNI GetEnv version=0x00010002
G4-JNI GetEnv version=0x00010002
G4-JNI GetEnv version=0x00010002
G4-JNI GetEnv version=0x00010002
G4-JNI GetEnv version=0x00010002
G4-JNI GetEnv version=0x00010002
G4-JNI GetEnv version=0x00010002
G6-RAW buttons=0x00000800
android[2] trace: ....................(KK) MogaController :: Inside NativeOnMotionEvent

android[2] trace: (KK) MogaController :: Inside NativeOnMotionEvent ....................

G6-MOGA motion frame=3771 axes=32767,0,0,0,0,0
G6-MOGA dpad-as-stick frame=3771 code=22 state=down
G4-JNI GetEnv version=0x00010002
G4-JNI GetEnv version=0x00010002
G4-JNI GetEnv version=0x00010002
G4-JNI GetEnv version=0x00010002
G4-JNI GetEnv version=0x00010002
G4-JNI GetEnv version=0x00010002
G6-RAW buttons=0x00000000
android[2] trace: ....................(KK) MogaController :: Inside NativeOnMotionEvent

android[2] trace: (KK) MogaController :: Inside NativeOnMotionEvent ....................

G6-MOGA dpad-as-stick frame=3777 code=22 state=up
G4-JNI GetEnv version=0x00010002
G4-JNI GetEnv version=0x00010002
G4-JNI GetEnv version=0x00010002
G4-JNI GetEnv version=0x00010002
G4-JNI GetEnv version=0x00010002
G4-JNI GetEnv version=0x00010002
G4-JNI GetEnv version=0x00010002
G4-JNI GetEnv version=0x00010002
G4-JNI GetEnv version=0x00010002
G4-JNI GetEnv version=0x00010002
G4-JNI GetEnv version=0x00010002
G4-JNI GetEnv version=0x00010002
G4-JNI GetEnv version=0x00010002
G4-JNI GetEnv version=0x00010002
G4-JNI GetEnv version=0x00010002
G4-JNI GetEnv version=0x00010002
G4-JNI GetEnv version=0x00010002
G6-RAW buttons=0x00000400
android[2] trace: ....................(KK) MogaController :: Inside NativeOnMotionEvent

android[2] trace: (KK) MogaController :: Inside NativeOnMotionEvent ....................

G6-MOGA motion frame=3790 axes=-32767,0,0,0,0,0
G6-MOGA dpad-as-stick frame=3790 code=21 state=down
G4-JNI GetEnv version=0x00010002
G4-JNI GetEnv version=0x00010002
G4-JNI GetEnv version=0x00010002
G4-JNI GetEnv version=0x00010002
G6-RAW buttons=0x00000000
android[2] trace: ....................(KK) MogaController :: Inside NativeOnMotionEvent

android[2] trace: (KK) MogaController :: Inside NativeOnMotionEvent ....................

G6-MOGA dpad-as-stick frame=3794 code=21 state=up
android[6] Sound/SoundManager/error: FMOD result of SoundManager::createSound: An error occured that wasn't supposed to.  Contact support. 

android[5] Sound/SoundManager/warn: SoundManager::createSound - 'effects/collisions/scrape': failure.

G4-JNI GetEnv version=0x00010002
G4-JNI GetEnv version=0x00010002
G4-JNI GetEnv version=0x00010002
G4-JNI GetEnv version=0x00010002
G4-JNI GetEnv version=0x00010002
G4-JNI GetEnv version=0x00010002
G4-JNI GetEnv version=0x00010002
G4-JNI GetEnv version=0x00010002
G4-JNI GetEnv version=0x00010002
G4-JNI GetEnv version=0x00010002
G4-JNI GetEnv version=0x00010002
G4-JNI GetEnv version=0x00010002
G4-JNI GetEnv version=0x00010002
G4-JNI GetEnv version=0x00010002
G4-JNI GetEnv version=0x00010002
G4-JNI GetEnv version=0x00010002
G4-JNI GetEnv version=0x00010002
G4-JNI GetEnv version=0x00010002
G4-JNI GetEnv version=0x00010002
G4-JNI GetEnv version=0x00010002
G6-RAW buttons=0x00000800
android[2] trace: ....................(KK) MogaController :: Inside NativeOnMotionEvent

android[2] trace: (KK) MogaController :: Inside NativeOnMotionEvent ....................

G6-MOGA motion frame=3814 axes=32767,0,0,0,0,0
G6-MOGA dpad-as-stick frame=3814 code=22 state=down
G4-JNI GetEnv version=0x00010002
G4-JNI GetEnv version=0x00010002
G4-JNI GetEnv version=0x00010002
G4-JNI GetEnv version=0x00010002
G4-JNI GetEnv version=0x00010002
G4-JNI GetEnv version=0x00010002
G4-JNI GetEnv version=0x00010002
G4-JNI GetEnv version=0x00010002
G6-RAW buttons=0x00000000
android[2] trace: ....................(KK) MogaController :: Inside NativeOnMotionEvent

android[2] trace: (KK) MogaController :: Inside NativeOnMotionEvent ....................

G6-MOGA dpad-as-stick frame=3822 code=22 state=up
G4-JNI GetEnv version=0x00010002
G4-JNI GetEnv version=0x00010002
G4-JNI GetEnv version=0x00010002
G4-JNI GetEnv version=0x00010002
G4-JNI GetEnv version=0x00010002
G4-JNI GetEnv version=0x00010002
G4-JNI GetEnv version=0x00010002
G4-JNI GetEnv version=0x00010002
G4-JNI GetEnv version=0x00010002
G4-JNI GetEnv version=0x00010002
G4-JNI GetEnv version=0x00010002
android[2] trace: MoGaConTrOlLeR :: ....................(KK) BaseDrivingControlScheme :: OnEvent .....................

G4-JNI GetEnv version=0x00010002
G4-JNI GetEnv version=0x00010002
G4-JNI GetEnv version=0x00010002
G4-JNI GetEnv version=0x00010002
G4-JNI GetEnv version=0x00010002
G4-JNI GetEnv version=0x00010002
G4-JNI GetEnv version=0x00010002
G4-JNI GetEnv version=0x00010002
G4-JNI GetEnv version=0x00010002
G4-JNI GetEnv version=0x00010002
G4-JNI GetEnv version=0x00010002
G4-JNI GetEnv version=0x00010002
G4-JNI GetEnv version=0x00010002
G4-JNI GetEnv version=0x00010002
G4-JNI GetEnv version=0x00010002
G4-JNI GetEnv version=0x00010002
G4-JNI GetEnv version=0x00010002
G4-JNI GetEnv version=0x00010002
G6-RAW buttons=0x00000800
android[2] trace: ....................(KK) MogaController :: Inside NativeOnMotionEvent

android[2] trace: (KK) MogaController :: Inside NativeOnMotionEvent ....................

G6-MOGA motion frame=3851 axes=32767,0,0,0,0,0
G6-MOGA dpad-as-stick frame=3851 code=22 state=down
G4-JNI GetEnv version=0x00010002
G4-JNI GetEnv version=0x00010002
G4-JNI GetEnv version=0x00010002
G4-JNI GetEnv version=0x00010002
G4-JNI GetEnv version=0x00010002
G4-JNI GetEnv version=0x00010002
G4-JNI GetEnv version=0x00010002
G4-JNI GetEnv version=0x00010002
G4-JNI GetEnv version=0x00010002
G6-RAW buttons=0x00000000
android[2] trace: ....................(KK) MogaController :: Inside NativeOnMotionEvent

android[2] trace: (KK) MogaController :: Inside NativeOnMotionEvent ....................

G6-MOGA dpad-as-stick frame=3860 code=22 state=up
G4-JNI GetEnv version=0x00010002
G4-JNI GetEnv version=0x00010002
G4-JNI GetEnv version=0x00010002
G4-JNI GetEnv version=0x00010002
G4-JNI GetEnv version=0x00010002
G4-JNI GetEnv version=0x00010002
G4-JNI GetEnv version=0x00010002
G4-JNI GetEnv version=0x00010002
G4-JNI GetEnv version=0x00010002
G4-JNI GetEnv version=0x00010002
G6-RAW buttons=0x00000800
android[2] trace: ....................(KK) MogaController :: Inside NativeOnMotionEvent

android[2] trace: (KK) MogaController :: Inside NativeOnMotionEvent ....................

G6-MOGA motion frame=3870 axes=32767,0,0,0,0,0
G6-MOGA dpad-as-stick frame=3870 code=22 state=down
G4-JNI GetEnv version=0x00010002
G4-JNI GetEnv version=0x00010002
G4-JNI GetEnv version=0x00010002
G4-JNI GetEnv version=0x00010002
G4-JNI GetEnv version=0x00010002
G4-JNI GetEnv version=0x00010002
G4-JNI GetEnv version=0x00010002
G4-JNI GetEnv version=0x00010002
G4-JNI GetEnv version=0x00010002
G4-JNI GetEnv version=0x00010002
G4-JNI GetEnv version=0x00010002
G4-JNI GetEnv version=0x00010002
G4-JNI GetEnv version=0x00010002
G4-JNI GetEnv version=0x00010002
G4-JNI GetEnv version=0x00010002
G4-JNI GetEnv version=0x00010002
G4-JNI GetEnv version=0x00010002
G4-JNI GetEnv version=0x00010002
G4-JNI GetEnv version=0x00010002
G6-RAW buttons=0x00000000
android[2] trace: ....................(KK) MogaController :: Inside NativeOnMotionEvent

android[2] trace: (KK) MogaController :: Inside NativeOnMotionEvent ....................

G6-MOGA motion frame=3889 axes=0,0,0,0,0,0
G6-MOGA dpad-as-stick frame=3889 code=22 state=up
G4-JNI GetEnv version=0x00010002
G4-JNI GetEnv version=0x00010002
G4-JNI GetEnv version=0x00010002
G4-JNI GetEnv version=0x00010002
G4-JNI GetEnv version=0x00010002
G4-JNI GetEnv version=0x00010002
G4-JNI GetEnv version=0x00010002
G4-JNI GetEnv version=0x00010002
G4-JNI GetEnv version=0x00010002
G4-JNI GetEnv version=0x00010002
G4-JNI GetEnv version=0x00010002
G7-FRAME enter=3900
G4-JNI GetEnv version=0x00010002
G5-GL STATE frame=3900 framebuffer=0 status=0x8cd5 errors=0
G7-FRAME leave=3900
G4-JNI GetEnv version=0x00010002
G4-JNI GetEnv version=0x00010002
G4-JNI GetEnv version=0x00010002
G4-JNI GetEnv version=0x00010002
G6-RAW buttons=0x00000800
android[2] trace: ....................(KK) MogaController :: Inside NativeOnMotionEvent

android[2] trace: (KK) MogaController :: Inside NativeOnMotionEvent ....................

G6-MOGA motion frame=3905 axes=32767,0,0,0,0,0
G6-MOGA dpad-as-stick frame=3905 code=22 state=down
G4-JNI GetEnv version=0x00010002
G4-JNI GetEnv version=0x00010002
G4-JNI GetEnv version=0x00010002
G4-JNI GetEnv version=0x00010002
G4-JNI GetEnv version=0x00010002
G4-JNI GetEnv version=0x00010002
G4-JNI GetEnv version=0x00010002
G4-JNI GetEnv version=0x00010002
G4-JNI GetEnv version=0x00010002
G4-JNI GetEnv version=0x00010002
G4-JNI GetEnv version=0x00010002
G4-JNI GetEnv version=0x00010002
G4-JNI GetEnv version=0x00010002
G4-JNI GetEnv version=0x00010002
G4-JNI GetEnv version=0x00010002
G4-JNI GetEnv version=0x00010002
G4-JNI GetEnv version=0x00010002
G4-JNI GetEnv version=0x00010002
G4-JNI GetEnv version=0x00010002
G4-JNI GetEnv version=0x00010002
G4-JNI GetEnv version=0x00010002
G4-JNI GetEnv version=0x00010002
G4-JNI GetEnv version=0x00010002
G4-JNI GetEnv version=0x00010002
G4-JNI GetEnv version=0x00010002
G4-JNI GetEnv version=0x00010002
G4-JNI GetEnv version=0x00010002
G4-JNI GetEnv version=0x00010002
G4-JNI GetEnv version=0x00010002
G6-RAW buttons=0x00000000
android[2] trace: ....................(KK) MogaController :: Inside NativeOnMotionEvent

android[2] trace: (KK) MogaController :: Inside NativeOnMotionEvent ....................

G6-MOGA motion frame=3934 axes=0,0,0,0,0,0
G6-MOGA dpad-as-stick frame=3934 code=22 state=up
G4-JNI GetEnv version=0x00010002
G4-JNI GetEnv version=0x00010002
G4-JNI GetEnv version=0x00010002
G4-JNI GetEnv version=0x00010002
G4-JNI GetEnv version=0x00010002
G4-JNI GetEnv version=0x00010002
G4-JNI GetEnv version=0x00010002
G4-JNI GetEnv version=0x00010002
G4-JNI GetEnv version=0x00010002
G4-JNI GetEnv version=0x00010002
G4-JNI GetEnv version=0x00010002
G4-JNI GetEnv version=0x00010002
G4-JNI GetEnv version=0x00010002
G4-JNI GetEnv version=0x00010002
G4-JNI GetEnv version=0x00010002
G4-JNI GetEnv version=0x00010002
G4-JNI GetEnv version=0x00010002
G4-JNI GetEnv version=0x00010002
G4-JNI GetEnv version=0x00010002
G4-JNI GetEnv version=0x00010002
G4-JNI GetEnv version=0x00010002
G4-JNI GetEnv version=0x00010002
G4-JNI GetEnv version=0x00010002
G4-JNI GetEnv version=0x00010002
G6-RAW buttons=0x00000800
android[2] trace: ....................(KK) MogaController :: Inside NativeOnMotionEvent

android[2] trace: (KK) MogaController :: Inside NativeOnMotionEvent ....................

G6-MOGA motion frame=3958 axes=32767,0,0,0,0,0
G6-MOGA dpad-as-stick frame=3958 code=22 state=down
G4-JNI GetEnv version=0x00010002
G4-JNI GetEnv version=0x00010002
G4-JNI GetEnv version=0x00010002
G4-JNI GetEnv version=0x00010002
G4-JNI GetEnv version=0x00010002
G4-JNI GetEnv version=0x00010002
G4-JNI GetEnv version=0x00010002
G4-JNI GetEnv version=0x00010002
G4-JNI GetEnv version=0x00010002
G4-JNI GetEnv version=0x00010002
G4-JNI GetEnv version=0x00010002
G4-JNI GetEnv version=0x00010002
G4-JNI GetEnv version=0x00010002
G4-JNI GetEnv version=0x00010002
G4-JNI GetEnv version=0x00010002
G4-JNI GetEnv version=0x00010002
G4-JNI GetEnv version=0x00010002
G4-JNI GetEnv version=0x00010002
G4-JNI GetEnv version=0x00010002
G4-JNI GetEnv version=0x00010002
G4-JNI GetEnv version=0x00010002
G4-JNI GetEnv version=0x00010002
G4-JNI GetEnv version=0x00010002
G4-JNI GetEnv version=0x00010002
G4-JNI GetEnv version=0x00010002
G4-JNI GetEnv version=0x00010002
G4-JNI GetEnv version=0x00010002
G4-JNI GetEnv version=0x00010002
G4-JNI GetEnv version=0x00010002
G4-JNI GetEnv version=0x00010002
G4-JNI GetEnv version=0x00010002
G6-RAW buttons=0x00000000
android[2] trace: ....................(KK) MogaController :: Inside NativeOnMotionEvent

android[2] trace: (KK) MogaController :: Inside NativeOnMotionEvent ....................

G6-MOGA motion frame=3989 axes=0,0,0,0,0,0
G6-MOGA dpad-as-stick frame=3989 code=22 state=up
G4-JNI GetEnv version=0x00010002
G4-JNI GetEnv version=0x00010002
G4-JNI GetEnv version=0x00010002
G4-JNI GetEnv version=0x00010002
G4-JNI GetEnv version=0x00010002
G4-JNI GetEnv version=0x00010002
G4-JNI GetEnv version=0x00010002
G4-JNI GetEnv version=0x00010002
G4-JNI GetEnv version=0x00010002
G4-JNI GetEnv version=0x00010002
G6-RAW buttons=0x00000800
android[2] trace: ....................(KK) MogaController :: Inside NativeOnMotionEvent

android[2] trace: (KK) MogaController :: Inside NativeOnMotionEvent ....................

G6-MOGA dpad-as-stick frame=3999 code=22 state=down
G4-JNI GetEnv version=0x00010002
G4-JNI GetEnv version=0x00010002
G4-JNI GetEnv version=0x00010002
G4-JNI GetEnv version=0x00010002
G4-JNI GetEnv version=0x00010002
G4-JNI GetEnv version=0x00010002
G4-JNI GetEnv version=0x00010002
G6-RAW buttons=0x00000000
android[2] trace: ....................(KK) MogaController :: Inside NativeOnMotionEvent

android[2] trace: (KK) MogaController :: Inside NativeOnMotionEvent ....................

G6-MOGA motion frame=4006 axes=0,0,0,0,0,0
G6-MOGA dpad-as-stick frame=4006 code=22 state=up
G4-JNI GetEnv version=0x00010002
G4-JNI GetEnv version=0x00010002
G4-JNI GetEnv version=0x00010002
G4-JNI GetEnv version=0x00010002
G4-JNI GetEnv version=0x00010002
G4-JNI GetEnv version=0x00010002
G4-JNI GetEnv version=0x00010002
G6-RAW buttons=0x00000800
android[2] trace: ....................(KK) MogaController :: Inside NativeOnMotionEvent

android[2] trace: (KK) MogaController :: Inside NativeOnMotionEvent ....................

G6-MOGA dpad-as-stick frame=4013 code=22 state=down
G4-JNI GetEnv version=0x00010002
G4-JNI GetEnv version=0x00010002
G4-JNI GetEnv version=0x00010002
G4-JNI GetEnv version=0x00010002
G4-JNI GetEnv version=0x00010002
G4-JNI GetEnv version=0x00010002
G6-RAW buttons=0x00000000
android[2] trace: ....................(KK) MogaController :: Inside NativeOnMotionEvent

android[2] trace: (KK) MogaController :: Inside NativeOnMotionEvent ....................

G6-MOGA dpad-as-stick frame=4019 code=22 state=up
G4-JNI GetEnv version=0x00010002
G4-JNI GetEnv version=0x00010002
G4-JNI GetEnv version=0x00010002
G4-JNI GetEnv version=0x00010002
G4-JNI GetEnv version=0x00010002
G4-JNI GetEnv version=0x00010002
G4-JNI GetEnv version=0x00010002
G4-JNI GetEnv version=0x00010002
G4-JNI GetEnv version=0x00010002
G4-JNI GetEnv version=0x00010002
G4-JNI GetEnv version=0x00010002
G4-JNI GetEnv version=0x00010002
G4-JNI GetEnv version=0x00010002
G4-JNI GetEnv version=0x00010002
G4-JNI GetEnv version=0x00010002
G4-JNI GetEnv version=0x00010002
G4-JNI GetEnv version=0x00010002
G4-JNI GetEnv version=0x00010002
G4-JNI GetEnv version=0x00010002
G4-JNI GetEnv version=0x00010002
G4-JNI GetEnv version=0x00010002
G4-JNI GetEnv version=0x00010002
G4-JNI GetEnv version=0x00010002
G4-JNI GetEnv version=0x00010002
G4-JNI GetEnv version=0x00010002
G4-JNI GetEnv version=0x00010002
G4-JNI GetEnv version=0x00010002
G4-JNI GetEnv version=0x00010002
G4-JNI GetEnv version=0x00010002
G4-JNI GetEnv version=0x00010002
G4-JNI GetEnv version=0x00010002
G4-JNI GetEnv version=0x00010002
G4-JNI GetEnv version=0x00010002
G4-JNI GetEnv version=0x00010002
G4-JNI GetEnv version=0x00010002
G6-RAW buttons=0x00000800
android[2] trace: ....................(KK) MogaController :: Inside NativeOnMotionEvent

android[2] trace: (KK) MogaController :: Inside NativeOnMotionEvent ....................

G6-MOGA motion frame=4054 axes=32767,0,0,0,0,0
G6-MOGA dpad-as-stick frame=4054 code=22 state=down
G4-JNI GetEnv version=0x00010002
G4-JNI GetEnv version=0x00010002
G4-JNI GetEnv version=0x00010002
G4-JNI GetEnv version=0x00010002
G4-JNI GetEnv version=0x00010002
G4-JNI GetEnv version=0x00010002
G4-JNI GetEnv version=0x00010002
G4-JNI GetEnv version=0x00010002
G4-JNI GetEnv version=0x00010002
G4-JNI GetEnv version=0x00010002
G4-JNI GetEnv version=0x00010002
G4-JNI GetEnv version=0x00010002
G4-JNI GetEnv version=0x00010002
G4-JNI GetEnv version=0x00010002
G4-JNI GetEnv version=0x00010002
G4-JNI GetEnv version=0x00010002
G4-JNI GetEnv version=0x00010002
G4-JNI GetEnv version=0x00010002
G4-JNI GetEnv version=0x00010002
G4-JNI GetEnv version=0x00010002
G4-JNI GetEnv version=0x00010002
G4-JNI GetEnv version=0x00010002
G4-JNI GetEnv version=0x00010002
G4-JNI GetEnv version=0x00010002
G6-RAW buttons=0x00000000
android[2] trace: ....................(KK) MogaController :: Inside NativeOnMotionEvent

android[2] trace: (KK) MogaController :: Inside NativeOnMotionEvent ....................

G6-MOGA motion frame=4078 axes=0,0,0,0,0,0
G6-MOGA dpad-as-stick frame=4078 code=22 state=up
G4-JNI GetEnv version=0x00010002
G4-JNI GetEnv version=0x00010002
G4-JNI GetEnv version=0x00010002
G4-JNI GetEnv version=0x00010002
G4-JNI GetEnv version=0x00010002
G4-JNI GetEnv version=0x00010002
G4-JNI GetEnv version=0x00010002
G4-JNI GetEnv version=0x00010002
G4-JNI GetEnv version=0x00010002
G4-JNI GetEnv version=0x00010002
G4-JNI GetEnv version=0x00010002
G4-JNI GetEnv version=0x00010002
G4-JNI GetEnv version=0x00010002
G4-JNI GetEnv version=0x00010002
G4-JNI GetEnv version=0x00010002
G4-JNI GetEnv version=0x00010002
G4-JNI GetEnv version=0x00010002
G4-JNI GetEnv version=0x00010002
G4-JNI GetEnv version=0x00010002
G4-JNI GetEnv version=0x00010002
G4-JNI GetEnv version=0x00010002
G4-JNI GetEnv version=0x00010002
G4-JNI GetEnv version=0x00010002
G4-JNI GetEnv version=0x00010002
G4-JNI GetEnv version=0x00010002
G4-JNI GetEnv version=0x00010002
G4-JNI GetEnv version=0x00010002
G4-JNI GetEnv version=0x00010002
G4-JNI GetEnv version=0x00010002
G4-JNI GetEnv version=0x00010002
G4-JNI GetEnv version=0x00010002
G6-RAW buttons=0x00000800
android[2] trace: ....................(KK) MogaController :: Inside NativeOnMotionEvent

android[2] trace: (KK) MogaController :: Inside NativeOnMotionEvent ....................

G6-MOGA motion frame=4109 axes=32767,0,0,0,0,0
G6-MOGA dpad-as-stick frame=4109 code=22 state=down
G4-JNI GetEnv version=0x00010002
G4-JNI GetEnv version=0x00010002
G4-JNI GetEnv version=0x00010002
G4-JNI GetEnv version=0x00010002
G4-JNI GetEnv version=0x00010002
G4-JNI GetEnv version=0x00010002
G4-JNI GetEnv version=0x00010002
G6-RAW buttons=0x00000000
android[2] trace: ....................(KK) MogaController :: Inside NativeOnMotionEvent

android[2] trace: (KK) MogaController :: Inside NativeOnMotionEvent ....................

G6-MOGA dpad-as-stick frame=4116 code=22 state=up
G4-JNI GetEnv version=0x00010002
G4-JNI GetEnv version=0x00010002
G4-JNI GetEnv version=0x00010002
G4-JNI GetEnv version=0x00010002
G4-JNI GetEnv version=0x00010002
G4-JNI GetEnv version=0x00010002
G4-JNI GetEnv version=0x00010002
G4-JNI GetEnv version=0x00010002
G4-JNI GetEnv version=0x00010002
G4-JNI GetEnv version=0x00010002
G4-JNI GetEnv version=0x00010002
G4-JNI GetEnv version=0x00010002
G4-JNI GetEnv version=0x00010002
G4-JNI GetEnv version=0x00010002
G4-JNI GetEnv version=0x00010002
G4-JNI GetEnv version=0x00010002
G4-JNI GetEnv version=0x00010002
G4-JNI GetEnv version=0x00010002
G4-JNI GetEnv version=0x00010002
G4-JNI GetEnv version=0x00010002
G4-JNI GetEnv version=0x00010002
G4-JNI GetEnv version=0x00010002
G4-JNI GetEnv version=0x00010002
G4-JNI GetEnv version=0x00010002
G4-JNI GetEnv version=0x00010002
G4-JNI GetEnv version=0x00010002
G4-JNI GetEnv version=0x00010002
G4-JNI GetEnv version=0x00010002
G4-JNI GetEnv version=0x00010002
G4-JNI GetEnv version=0x00010002
G6-RAW buttons=0x00000002
android[2] trace: MoGaConTrOlLeR :: ....................(KK) MogaController :: Inside nativeOnKeyEvent 

android[2] trace: ....................(KK) MogaController :: Inside nativeOnKeyEvent 96

android[2] trace: MoGaConTrOlLeR :: ....................(KK) Key Event Key A AAAA .....................

android[2] trace: MoGaConTrOlLeR :: ....................(KK) Key Event Key Down .....................

android[2] trace: MoGaConTrOlLeR :: ....................(KK) Listener Key Press .....................

android[2] trace: MoGaConTrOlLeR :: ....................(KK) AndroidKeyCode :: MogaKeyCode (Start of func) .....................

android[2] trace: MoGaConTrOlLeR :: ....................(KK) AndroidKeyCode :: MogaKeyCode Key Press A .....................

android[2] trace: MoGaConTrOlLeR :: ....................(KK) AndroidKeyCode :: MogaKeyCode Key Press A(Drift) Racing True.....................

android[2] trace: MoGaConTrOlLeR :: (KK) MogaController :: Inside nativeOnKeyEvent ....................

G6-MOGA key frame=4146 code=96 state=down
android[2] trace: MoGaConTrOlLeR :: ....................(KK) BaseDrivingControlScheme :: OnEvent .....................

android[2] trace: MoGaConTrOlLeR :: ....................(KK) BaseDrivingControlScheme :: onKeyPress Drift.....................

G4-JNI GetEnv version=0x00010002
G4-JNI GetEnv version=0x00010002
G4-JNI GetEnv version=0x00010002
G4-JNI GetEnv version=0x00010002
G4-JNI GetEnv version=0x00010002
G4-JNI GetEnv version=0x00010002
G4-JNI GetEnv version=0x00010002
G4-JNI GetEnv version=0x00010002
G4-JNI GetEnv version=0x00010002
G4-JNI GetEnv version=0x00010002
G4-JNI GetEnv version=0x00010002
G6-RAW buttons=0x00000000
android[2] trace: MoGaConTrOlLeR :: ....................(KK) MogaController :: Inside nativeOnKeyEvent 

android[2] trace: ....................(KK) MogaController :: Inside nativeOnKeyEvent 96

android[2] trace: MoGaConTrOlLeR :: ....................(KK) Key Event Key A AAAA .....................

android[2] trace: MoGaConTrOlLeR :: ....................(KK) Key Event Key up .....................

android[2] trace: MoGaConTrOlLeR :: ....................(KK) Listener Key Release .....................

android[2] trace: MoGaConTrOlLeR :: ....................(KK) AndroidKeyCode :: MogaKeyCode (Start of func) .....................

android[2] trace: MoGaConTrOlLeR :: ....................(KK) AndroidKeyCode :: MogaKeyCode Key Press A .....................

android[2] trace: MoGaConTrOlLeR :: ....................(KK) AndroidKeyCode :: MogaKeyCode Key Press A(Drift) Racing True.....................

android[2] trace: MoGaConTrOlLeR :: (KK) MogaController :: Inside nativeOnKeyEvent ....................

G6-MOGA key frame=4157 code=96 state=up
android[2] trace: MoGaConTrOlLeR :: ....................(KK) BaseDrivingControlScheme :: OnEvent .....................

android[2] trace: MoGaConTrOlLeR :: ....................(KK) BaseDrivingControlScheme :: OnKeyRelease Drift.....................

G4-JNI GetEnv version=0x00010002
G4-JNI GetEnv version=0x00010002
G4-JNI GetEnv version=0x00010002
G4-JNI GetEnv version=0x00010002
G4-JNI GetEnv version=0x00010002
G4-JNI GetEnv version=0x00010002
G4-JNI GetEnv version=0x00010002
G4-JNI GetEnv version=0x00010002
G4-JNI GetEnv version=0x00010002
G4-JNI GetEnv version=0x00010002
G4-JNI GetEnv version=0x00010002
G4-JNI GetEnv version=0x00010002
G4-JNI GetEnv version=0x00010002
G4-JNI GetEnv version=0x00010002
G4-JNI GetEnv version=0x00010002
G4-JNI GetEnv version=0x00010002
G4-JNI GetEnv version=0x00010002
G4-JNI GetEnv version=0x00010002
G4-JNI GetEnv version=0x00010002
G4-JNI GetEnv version=0x00010002
G4-JNI GetEnv version=0x00010002
G4-JNI GetEnv version=0x00010002
G4-JNI GetEnv version=0x00010002
G4-JNI GetEnv version=0x00010002
G4-JNI GetEnv version=0x00010002
G4-JNI GetEnv version=0x00010002
G4-JNI GetEnv version=0x00010002
G4-JNI GetEnv version=0x00010002
G4-JNI GetEnv version=0x00010002
G4-JNI GetEnv version=0x00010002
G4-JNI GetEnv version=0x00010002
G4-JNI GetEnv version=0x00010002
G4-JNI GetEnv version=0x00010002
G4-JNI GetEnv version=0x00010002
G4-JNI GetEnv version=0x00010002
G4-JNI GetEnv version=0x00010002
G4-JNI GetEnv version=0x00010002
G4-JNI GetEnv version=0x00010002
G4-JNI GetEnv version=0x00010002
G4-JNI GetEnv version=0x00010002
G4-JNI GetEnv version=0x00010002
G4-JNI GetEnv version=0x00010002
G4-JNI GetEnv version=0x00010002
G6-RAW buttons=0x00000020
android[2] trace: MoGaConTrOlLeR :: ....................(KK) MogaController :: Inside nativeOnKeyEvent 

android[2] trace: ....................(KK) MogaController :: Inside nativeOnKeyEvent 103

android[2] trace: MoGaConTrOlLeR :: ....................(KK) Key Event Key R1 1111 .....................

android[2] trace: MoGaConTrOlLeR :: ....................(KK) Key Event Key Down .....................

android[2] trace: MoGaConTrOlLeR :: ....................(KK) Listener Key Press .....................

android[2] trace: MoGaConTrOlLeR :: ....................(KK) AndroidKeyCode :: MogaKeyCode (Start of func) .....................

android[2] trace: MoGaConTrOlLeR :: ....................(KK) AndroidKeyCode :: MogaKeyCode Key Press R1 .....................

android[2] trace: MoGaConTrOlLeR :: ....................(KK) AndroidKeyCode :: MogaKeyCode Key Press R1(Nitro) Racing True.....................

android[2] trace: MoGaConTrOlLeR :: (KK) MogaController :: Inside nativeOnKeyEvent ....................

G6-MOGA key frame=4200 code=103 state=down
G7-FRAME enter=4200
android[2] trace: MoGaConTrOlLeR :: ....................(KK) BaseDrivingControlScheme :: OnEvent .....................

android[2] trace: MoGaConTrOlLeR :: ....................(KK) BaseDrivingControlScheme :: onKeyPress Nitro.....................

G4-JNI GetEnv version=0x00010002
G5-GL STATE frame=4200 framebuffer=0 status=0x8cd5 errors=0
G7-FRAME leave=4200
G4-JNI GetEnv version=0x00010002
G4-JNI GetEnv version=0x00010002
G4-JNI GetEnv version=0x00010002
G4-JNI GetEnv version=0x00010002
G4-JNI GetEnv version=0x00010002
G4-JNI GetEnv version=0x00010002
G4-JNI GetEnv version=0x00010002
G4-JNI GetEnv version=0x00010002
G4-JNI GetEnv version=0x00010002
G4-JNI GetEnv version=0x00010002
G4-JNI GetEnv version=0x00010002
G4-JNI GetEnv version=0x00010002
G4-JNI GetEnv version=0x00010002
G4-JNI GetEnv version=0x00010002
G4-JNI GetEnv version=0x00010002
G4-JNI GetEnv version=0x00010002
G4-JNI GetEnv version=0x00010002
G4-JNI GetEnv version=0x00010002
G4-JNI GetEnv version=0x00010002
G4-JNI GetEnv version=0x00010002
G4-JNI GetEnv version=0x00010002
G4-JNI GetEnv version=0x00010002
G4-JNI GetEnv version=0x00010002
G4-JNI GetEnv version=0x00010002
G4-JNI GetEnv version=0x00010002
G4-JNI GetEnv version=0x00010002
G4-JNI GetEnv version=0x00010002
G4-JNI GetEnv version=0x00010002
G4-JNI GetEnv version=0x00010002
G4-JNI GetEnv version=0x00010002
G4-JNI GetEnv version=0x00010002
G4-JNI GetEnv version=0x00010002
G4-JNI GetEnv version=0x00010002
G4-JNI GetEnv version=0x00010002
G4-JNI GetEnv version=0x00010002
G4-JNI GetEnv version=0x00010002
G4-JNI GetEnv version=0x00010002
G4-JNI GetEnv version=0x00010002
G4-JNI GetEnv version=0x00010002
G4-JNI GetEnv version=0x00010002
G4-JNI GetEnv version=0x00010002
G4-JNI GetEnv version=0x00010002
G4-JNI GetEnv version=0x00010002
G4-JNI GetEnv version=0x00010002
G4-JNI GetEnv version=0x00010002
G4-JNI GetEnv version=0x00010002
G4-JNI GetEnv version=0x00010002
G4-JNI GetEnv version=0x00010002
G4-JNI GetEnv version=0x00010002
G4-JNI GetEnv version=0x00010002
G4-JNI GetEnv version=0x00010002
G4-JNI GetEnv version=0x00010002
G4-JNI GetEnv version=0x00010002
G4-JNI GetEnv version=0x00010002
G4-JNI GetEnv version=0x00010002
G4-JNI GetEnv version=0x00010002
G4-JNI GetEnv version=0x00010002
G4-JNI GetEnv version=0x00010002
G4-JNI GetEnv version=0x00010002
G4-JNI GetEnv version=0x00010002
G4-JNI GetEnv version=0x00010002
G4-JNI GetEnv version=0x00010002
G4-JNI GetEnv version=0x00010002
G6-RAW buttons=0x00000420
android[2] trace: ....................(KK) MogaController :: Inside NativeOnMotionEvent

android[2] trace: (KK) MogaController :: Inside NativeOnMotionEvent ....................

G6-MOGA motion frame=4264 axes=-32767,0,0,0,0,0
G6-MOGA dpad-as-stick frame=4264 code=21 state=down
G4-JNI GetEnv version=0x00010002
G6-RAW buttons=0x00000020
android[2] trace: ....................(KK) MogaController :: Inside NativeOnMotionEvent

android[2] trace: (KK) MogaController :: Inside NativeOnMotionEvent ....................

G6-MOGA dpad-as-stick frame=4265 code=21 state=up
G4-JNI GetEnv version=0x00010002
G4-JNI GetEnv version=0x00010002
G4-JNI GetEnv version=0x00010002
G4-JNI GetEnv version=0x00010002
DEBUG: sendTrackingMessage!
G4-JNI GetEnv version=0x00010006
G4-JNI GetEnv version=0x00010002
G4-JNI GetEnv version=0x00010002
G4-JNI GetEnv version=0x00010002
G4-JNI GetEnv version=0x00010002
G4-JNI GetEnv version=0x00010002
G4-JNI GetEnv version=0x00010002
G4-JNI GetEnv version=0x00010002
G4-JNI GetEnv version=0x00010002
G4-JNI GetEnv version=0x00010002
G4-JNI GetEnv version=0x00010002
G4-JNI GetEnv version=0x00010002
G4-JNI GetEnv version=0x00010002
G4-JNI GetEnv version=0x00010002
G4-JNI GetEnv version=0x00010002
G4-JNI GetEnv version=0x00010002
G4-JNI GetEnv version=0x00010002
G4-JNI GetEnv version=0x00010002
G4-JNI GetEnv version=0x00010002
G4-JNI GetEnv version=0x00010002
G4-JNI GetEnv version=0x00010002
G4-JNI GetEnv version=0x00010002
G4-JNI GetEnv version=0x00010002
G4-JNI GetEnv version=0x00010002
G4-JNI GetEnv version=0x00010002
G4-JNI GetEnv version=0x00010002
G4-JNI GetEnv version=0x00010002
G4-JNI GetEnv version=0x00010002
G4-JNI GetEnv version=0x00010002
G4-JNI GetEnv version=0x00010002
G4-JNI GetEnv version=0x00010002
G4-JNI GetEnv version=0x00010002
G4-JNI GetEnv version=0x00010002
G4-JNI GetEnv version=0x00010002
G4-JNI GetEnv version=0x00010002
G4-JNI GetEnv version=0x00010002
G4-JNI GetEnv version=0x00010002
G4-JNI GetEnv version=0x00010002
G4-JNI GetEnv version=0x00010002
G4-JNI GetEnv version=0x00010002
G4-JNI GetEnv version=0x00010002
G4-JNI GetEnv version=0x00010002
G4-JNI GetEnv version=0x00010002
G4-JNI GetEnv version=0x00010002
G4-JNI GetEnv version=0x00010002
G4-JNI GetEnv version=0x00010002
G4-JNI GetEnv version=0x00010002
G4-JNI GetEnv version=0x00010002
G4-JNI GetEnv version=0x00010002
G4-JNI GetEnv version=0x00010002
G4-JNI GetEnv version=0x00010002
G4-JNI GetEnv version=0x00010002
G4-JNI GetEnv version=0x00010002
G4-JNI GetEnv version=0x00010002
G6-RAW buttons=0x00000000
android[2] trace: MoGaConTrOlLeR :: ....................(KK) MogaController :: Inside nativeOnKeyEvent 

android[2] trace: ....................(KK) MogaController :: Inside nativeOnKeyEvent 103

android[2] trace: MoGaConTrOlLeR :: ....................(KK) Key Event Key R1 1111 .....................

android[2] trace: MoGaConTrOlLeR :: ....................(KK) Key Event Key up .....................

android[2] trace: MoGaConTrOlLeR :: ....................(KK) Listener Key Release .....................

android[2] trace: MoGaConTrOlLeR :: ....................(KK) AndroidKeyCode :: MogaKeyCode (Start of func) .....................

android[2] trace: MoGaConTrOlLeR :: ....................(KK) AndroidKeyCode :: MogaKeyCode Key Press R1 .....................

android[2] trace: MoGaConTrOlLeR :: ....................(KK) AndroidKeyCode :: MogaKeyCode Key Press R1(Nitro) Racing True.....................

android[2] trace: MoGaConTrOlLeR :: (KK) MogaController :: Inside nativeOnKeyEvent ....................

G6-MOGA key frame=4318 code=103 state=up
android[2] trace: MoGaConTrOlLeR :: ....................(KK) BaseDrivingControlScheme :: OnEvent .....................

android[2] trace: MoGaConTrOlLeR :: ....................(KK) BaseDrivingControlScheme :: OnKeyRelease Nothing :( .....................

G4-JNI GetEnv version=0x00010002
G4-JNI GetEnv version=0x00010002
G4-JNI GetEnv version=0x00010002
G4-JNI GetEnv version=0x00010002
G4-JNI GetEnv version=0x00010002
G4-JNI GetEnv version=0x00010002
G4-JNI GetEnv version=0x00010002
G4-JNI GetEnv version=0x00010002
G4-JNI GetEnv version=0x00010002
G4-JNI GetEnv version=0x00010002
G6-RAW buttons=0x00000400
android[2] trace: ....................(KK) MogaController :: Inside NativeOnMotionEvent

android[2] trace: (KK) MogaController :: Inside NativeOnMotionEvent ....................

G6-MOGA motion frame=4328 axes=-32767,0,0,0,0,0
G6-MOGA dpad-as-stick frame=4328 code=21 state=down
G4-JNI GetEnv version=0x00010002
G4-JNI GetEnv version=0x00010002
G4-JNI GetEnv version=0x00010002
G4-JNI GetEnv version=0x00010002
G6-RAW buttons=0x00000000
android[2] trace: ....................(KK) MogaController :: Inside NativeOnMotionEvent

android[2] trace: (KK) MogaController :: Inside NativeOnMotionEvent ....................

G6-MOGA dpad-as-stick frame=4332 code=21 state=up
G4-JNI GetEnv version=0x00010002
G4-JNI GetEnv version=0x00010002
G4-JNI GetEnv version=0x00010002
G4-JNI GetEnv version=0x00010002
G4-JNI GetEnv version=0x00010002
G4-JNI GetEnv version=0x00010002
G4-JNI GetEnv version=0x00010002
G4-JNI GetEnv version=0x00010002
G4-JNI GetEnv version=0x00010002
G4-JNI GetEnv version=0x00010002
G4-JNI GetEnv version=0x00010002
G4-JNI GetEnv version=0x00010002
G4-JNI GetEnv version=0x00010002
G4-JNI GetEnv version=0x00010002
G4-JNI GetEnv version=0x00010002
G4-JNI GetEnv version=0x00010002
G4-JNI GetEnv version=0x00010002
G4-JNI GetEnv version=0x00010002
G4-JNI GetEnv version=0x00010002
G4-JNI GetEnv version=0x00010002
G4-JNI GetEnv version=0x00010002
G4-JNI GetEnv version=0x00010002
G4-JNI GetEnv version=0x00010002
G4-JNI GetEnv version=0x00010002
G4-JNI GetEnv version=0x00010002
G4-JNI GetEnv version=0x00010002
G4-JNI GetEnv version=0x00010002
G4-JNI GetEnv version=0x00010002
G4-JNI GetEnv version=0x00010002
G4-JNI GetEnv version=0x00010002
G4-JNI GetEnv version=0x00010002
G4-JNI GetEnv version=0x00010002
G4-JNI GetEnv version=0x00010002
G6-RAW buttons=0x00000800
android[2] trace: ....................(KK) MogaController :: Inside NativeOnMotionEvent

android[2] trace: (KK) MogaController :: Inside NativeOnMotionEvent ....................

G6-MOGA motion frame=4365 axes=32767,0,0,0,0,0
G6-MOGA dpad-as-stick frame=4365 code=22 state=down
G4-JNI GetEnv version=0x00010002
G4-JNI GetEnv version=0x00010002
G4-JNI GetEnv version=0x00010002
G4-JNI GetEnv version=0x00010002
G4-JNI GetEnv version=0x00010002
G4-JNI GetEnv version=0x00010002
G4-JNI GetEnv version=0x00010002
G6-RAW buttons=0x00000000
android[2] trace: ....................(KK) MogaController :: Inside NativeOnMotionEvent

android[2] trace: (KK) MogaController :: Inside NativeOnMotionEvent ....................

G6-MOGA dpad-as-stick frame=4372 code=22 state=up
G4-JNI GetEnv version=0x00010002
G4-JNI GetEnv version=0x00010002
G4-JNI GetEnv version=0x00010002
G4-JNI GetEnv version=0x00010002
G4-JNI GetEnv version=0x00010002
G4-JNI GetEnv version=0x00010002
G4-JNI GetEnv version=0x00010002
G4-JNI GetEnv version=0x00010002
G4-JNI GetEnv version=0x00010002
G4-JNI GetEnv version=0x00010002
G4-JNI GetEnv version=0x00010002
G4-JNI GetEnv version=0x00010002
G4-JNI GetEnv version=0x00010002
G4-JNI GetEnv version=0x00010002
G4-JNI GetEnv version=0x00010002
G4-JNI GetEnv version=0x00010002
G4-JNI GetEnv version=0x00010002
G4-JNI GetEnv version=0x00010002
G4-JNI GetEnv version=0x00010002
G4-JNI GetEnv version=0x00010002
G4-JNI GetEnv version=0x00010002
android[6] Sound/SoundManager/error: FMOD result of SoundManager::createSound: An error occured that wasn't supposed to.  Contact support. 

android[5] Sound/SoundManager/warn: SoundManager::createSound - 'effects/collisions/work_barrier': failure.

G4-JNI GetEnv version=0x00010002
G6-RAW buttons=0x00000800
android[2] trace: ....................(KK) MogaController :: Inside NativeOnMotionEvent

android[2] trace: (KK) MogaController :: Inside NativeOnMotionEvent ....................

G6-MOGA motion frame=4394 axes=32767,0,0,0,0,0
G6-MOGA dpad-as-stick frame=4394 code=22 state=down
G4-JNI GetEnv version=0x00010002
G4-JNI GetEnv version=0x00010002
G4-JNI GetEnv version=0x00010002
G4-JNI GetEnv version=0x00010002
android[6] Sound/SoundManager/error: FMOD result of SoundManager::createSound: An error occured that wasn't supposed to.  Contact support. 

android[5] Sound/SoundManager/warn: SoundManager::createSound - 'effects/collisions/work_barrier': failure.

G4-JNI GetEnv version=0x00010002
G4-JNI GetEnv version=0x00010002
G6-RAW buttons=0x00000000
android[2] trace: ....................(KK) MogaController :: Inside NativeOnMotionEvent

android[2] trace: (KK) MogaController :: Inside NativeOnMotionEvent ....................

G6-MOGA dpad-as-stick frame=4400 code=22 state=up
G4-JNI GetEnv version=0x00010002
G4-JNI GetEnv version=0x00010002
G4-JNI GetEnv version=0x00010002
G4-JNI GetEnv version=0x00010002
G4-JNI GetEnv version=0x00010002
G4-JNI GetEnv version=0x00010002
G4-JNI GetEnv version=0x00010002
G4-JNI GetEnv version=0x00010002
android[6] Sound/SoundManager/error: FMOD result of SoundManager::createSound: An error occured that wasn't supposed to.  Contact support. 

android[5] Sound/SoundManager/warn: SoundManager::createSound - 'effects/collisions/work_barrier': failure.

G4-JNI GetEnv version=0x00010002
G6-RAW buttons=0x00000800
android[2] trace: ....................(KK) MogaController :: Inside NativeOnMotionEvent

android[2] trace: (KK) MogaController :: Inside NativeOnMotionEvent ....................

G6-MOGA motion frame=4409 axes=32767,0,0,0,0,0
G6-MOGA dpad-as-stick frame=4409 code=22 state=down
G4-JNI GetEnv version=0x00010002
G4-JNI GetEnv version=0x00010002
G4-JNI GetEnv version=0x00010002
G4-JNI GetEnv version=0x00010002
G4-JNI GetEnv version=0x00010002
G4-JNI GetEnv version=0x00010002
G4-JNI GetEnv version=0x00010002
android[6] Sound/SoundManager/error: FMOD result of SoundManager::createSound: An error occured that wasn't supposed to.  Contact support. 

android[5] Sound/SoundManager/warn: SoundManager::createSound - 'effects/collisions/work_barrier': failure.

G4-JNI GetEnv version=0x00010002
G4-JNI GetEnv version=0x00010002
G4-JNI GetEnv version=0x00010002
G4-JNI GetEnv version=0x00010002
G4-JNI GetEnv version=0x00010002
G4-JNI GetEnv version=0x00010002
G4-JNI GetEnv version=0x00010002
G4-JNI GetEnv version=0x00010002
G4-JNI GetEnv version=0x00010002
G4-JNI GetEnv version=0x00010002
G4-JNI GetEnv version=0x00010002
G6-RAW buttons=0x00000000
android[2] trace: ....................(KK) MogaController :: Inside NativeOnMotionEvent

android[2] trace: (KK) MogaController :: Inside NativeOnMotionEvent ....................

G6-MOGA motion frame=4427 axes=0,0,0,0,0,0
G6-MOGA dpad-as-stick frame=4427 code=22 state=up
G4-JNI GetEnv version=0x00010002
G4-JNI GetEnv version=0x00010002
G4-JNI GetEnv version=0x00010002
G4-JNI GetEnv version=0x00010002
G6-RAW buttons=0x00000800
android[2] trace: ....................(KK) MogaController :: Inside NativeOnMotionEvent

android[2] trace: (KK) MogaController :: Inside NativeOnMotionEvent ....................

G6-MOGA dpad-as-stick frame=4431 code=22 state=down
G4-JNI GetEnv version=0x00010002
G4-JNI GetEnv version=0x00010002
G4-JNI GetEnv version=0x00010002
G4-JNI GetEnv version=0x00010002
G4-JNI GetEnv version=0x00010002
G4-JNI GetEnv version=0x00010002
G6-RAW buttons=0x00000000
android[2] trace: ....................(KK) MogaController :: Inside NativeOnMotionEvent

android[2] trace: (KK) MogaController :: Inside NativeOnMotionEvent ....................

G6-MOGA dpad-as-stick frame=4437 code=22 state=up
G4-JNI GetEnv version=0x00010002
G4-JNI GetEnv version=0x00010002
android[6] Sound/SoundManager/error: FMOD result of SoundManager::createSound: An error occured that wasn't supposed to.  Contact support. 

android[5] Sound/SoundManager/warn: SoundManager::createSound - 'effects/collisions/work_barrier': failure.

G4-JNI GetEnv version=0x00010002
G4-JNI GetEnv version=0x00010002
G4-JNI GetEnv version=0x00010002
G4-JNI GetEnv version=0x00010002
G6-RAW buttons=0x00000800
android[2] trace: ....................(KK) MogaController :: Inside NativeOnMotionEvent

android[2] trace: (KK) MogaController :: Inside NativeOnMotionEvent ....................

G6-MOGA motion frame=4443 axes=32767,0,0,0,0,0
G6-MOGA dpad-as-stick frame=4443 code=22 state=down
G4-JNI GetEnv version=0x00010002
G4-JNI GetEnv version=0x00010002
G4-JNI GetEnv version=0x00010002
G4-JNI GetEnv version=0x00010002
G4-JNI GetEnv version=0x00010002
G4-JNI GetEnv version=0x00010002
G4-JNI GetEnv version=0x00010002
G4-JNI GetEnv version=0x00010002
G4-JNI GetEnv version=0x00010002
G4-JNI GetEnv version=0x00010002
G4-JNI GetEnv version=0x00010002
G4-JNI GetEnv version=0x00010002
G4-JNI GetEnv version=0x00010002
G4-JNI GetEnv version=0x00010002
G4-JNI GetEnv version=0x00010002
G4-JNI GetEnv version=0x00010002
G4-JNI GetEnv version=0x00010002
G6-RAW buttons=0x00000000
android[2] trace: ....................(KK) MogaController :: Inside NativeOnMotionEvent

android[2] trace: (KK) MogaController :: Inside NativeOnMotionEvent ....................

G6-MOGA motion frame=4460 axes=0,0,0,0,0,0
G6-MOGA dpad-as-stick frame=4460 code=22 state=up
G4-JNI GetEnv version=0x00010002
G4-JNI GetEnv version=0x00010002
G4-JNI GetEnv version=0x00010002
G4-JNI GetEnv version=0x00010002
G4-JNI GetEnv version=0x00010002
G4-JNI GetEnv version=0x00010002
G4-JNI GetEnv version=0x00010002
G4-JNI GetEnv version=0x00010002
G4-JNI GetEnv version=0x00010002
G4-JNI GetEnv version=0x00010002
G6-RAW buttons=0x00000400
android[2] trace: ....................(KK) MogaController :: Inside NativeOnMotionEvent

android[2] trace: (KK) MogaController :: Inside NativeOnMotionEvent ....................

G6-MOGA dpad-as-stick frame=4470 code=21 state=down
G4-JNI GetEnv version=0x00010002
G4-JNI GetEnv version=0x00010002
G4-JNI GetEnv version=0x00010002
G4-JNI GetEnv version=0x00010002
G6-RAW buttons=0x00000000
android[2] trace: ....................(KK) MogaController :: Inside NativeOnMotionEvent

android[2] trace: (KK) MogaController :: Inside NativeOnMotionEvent ....................

G6-MOGA dpad-as-stick frame=4474 code=21 state=up
G4-JNI GetEnv version=0x00010002
G4-JNI GetEnv version=0x00010002
G4-JNI GetEnv version=0x00010002
G4-JNI GetEnv version=0x00010002
G4-JNI GetEnv version=0x00010002
G4-JNI GetEnv version=0x00010002
G4-JNI GetEnv version=0x00010002
G4-JNI GetEnv version=0x00010002
G4-JNI GetEnv version=0x00010002
G4-JNI GetEnv version=0x00010002
G4-JNI GetEnv version=0x00010002
G4-JNI GetEnv version=0x00010002
G4-JNI GetEnv version=0x00010002
G4-JNI GetEnv version=0x00010002
G4-JNI GetEnv version=0x00010002
G4-JNI GetEnv version=0x00010002
G4-JNI GetEnv version=0x00010002
G4-JNI GetEnv version=0x00010002
G4-JNI GetEnv version=0x00010002
G4-JNI GetEnv version=0x00010002
G4-JNI GetEnv version=0x00010002
G4-JNI GetEnv version=0x00010002
G4-JNI GetEnv version=0x00010002
G4-JNI GetEnv version=0x00010002
G4-JNI GetEnv version=0x00010002
G4-JNI GetEnv version=0x00010002
G7-FRAME enter=4500
G4-JNI GetEnv version=0x00010002
G5-GL STATE frame=4500 framebuffer=0 status=0x8cd5 errors=0
G7-FRAME leave=4500
G4-JNI GetEnv version=0x00010002
G4-JNI GetEnv version=0x00010002
G4-JNI GetEnv version=0x00010002
G4-JNI GetEnv version=0x00010002
G4-JNI GetEnv version=0x00010002
G4-JNI GetEnv version=0x00010002
G4-JNI GetEnv version=0x00010002
G4-JNI GetEnv version=0x00010002
G4-JNI GetEnv version=0x00010002
G4-JNI GetEnv version=0x00010002
G4-JNI GetEnv version=0x00010002
G4-JNI GetEnv version=0x00010002
G4-JNI GetEnv version=0x00010002
G4-JNI GetEnv version=0x00010002
G4-JNI GetEnv version=0x00010002
G4-JNI GetEnv version=0x00010002
G4-JNI GetEnv version=0x00010002
G4-JNI GetEnv version=0x00010002
G4-JNI GetEnv version=0x00010002
G4-JNI GetEnv version=0x00010002
G4-JNI GetEnv version=0x00010002
G4-JNI GetEnv version=0x00010002
G4-JNI GetEnv version=0x00010002
G4-JNI GetEnv version=0x00010002
G4-JNI GetEnv version=0x00010002
G4-JNI GetEnv version=0x00010002
G4-JNI GetEnv version=0x00010002
G4-JNI GetEnv version=0x00010002
G4-JNI GetEnv version=0x00010002
G4-JNI GetEnv version=0x00010002
G4-JNI GetEnv version=0x00010002
G6-RAW buttons=0x00000400
android[2] trace: ....................(KK) MogaController :: Inside NativeOnMotionEvent

android[2] trace: (KK) MogaController :: Inside NativeOnMotionEvent ....................

G6-MOGA motion frame=4532 axes=-32767,0,0,0,0,0
G6-MOGA dpad-as-stick frame=4532 code=21 state=down
G4-JNI GetEnv version=0x00010002
G4-JNI GetEnv version=0x00010002
G4-JNI GetEnv version=0x00010002
G4-JNI GetEnv version=0x00010002
G4-JNI GetEnv version=0x00010002
G4-JNI GetEnv version=0x00010002
G6-RAW buttons=0x00000000
android[2] trace: ....................(KK) MogaController :: Inside NativeOnMotionEvent

android[2] trace: (KK) MogaController :: Inside NativeOnMotionEvent ....................

G6-MOGA dpad-as-stick frame=4538 code=21 state=up
G4-JNI GetEnv version=0x00010002
G4-JNI GetEnv version=0x00010002
G4-JNI GetEnv version=0x00010002
G4-JNI GetEnv version=0x00010002
G4-JNI GetEnv version=0x00010002
G4-JNI GetEnv version=0x00010002
G4-JNI GetEnv version=0x00010002
G4-JNI GetEnv version=0x00010002
G4-JNI GetEnv version=0x00010002
G4-JNI GetEnv version=0x00010002
G4-JNI GetEnv version=0x00010002
G4-JNI GetEnv version=0x00010002
G4-JNI GetEnv version=0x00010002
G4-JNI GetEnv version=0x00010002
G4-JNI GetEnv version=0x00010002
G4-JNI GetEnv version=0x00010002
G4-JNI GetEnv version=0x00010002
G4-JNI GetEnv version=0x00010002
G4-JNI GetEnv version=0x00010002
G4-JNI GetEnv version=0x00010002
G4-JNI GetEnv version=0x00010002
G4-JNI GetEnv version=0x00010002
G4-JNI GetEnv version=0x00010002
G4-JNI GetEnv version=0x00010002
G4-JNI GetEnv version=0x00010002
G4-JNI GetEnv version=0x00010002
G4-JNI GetEnv version=0x00010002
G4-JNI GetEnv version=0x00010002
G4-JNI GetEnv version=0x00010002
G4-JNI GetEnv version=0x00010002
G4-JNI GetEnv version=0x00010002
G6-RAW buttons=0x00000010
android[2] trace: MoGaConTrOlLeR :: ....................(KK) MogaController :: Inside nativeOnKeyEvent 

android[2] trace: ....................(KK) MogaController :: Inside nativeOnKeyEvent 102

android[2] trace: MoGaConTrOlLeR :: ....................(KK) Key Event Key L1 1111 .....................

android[2] trace: MoGaConTrOlLeR :: ....................(KK) Key Event Key Down .....................

android[2] trace: MoGaConTrOlLeR :: ....................(KK) Listener Key Press .....................

android[2] trace: MoGaConTrOlLeR :: ....................(KK) AndroidKeyCode :: MogaKeyCode (Start of func) .....................

android[2] trace: MoGaConTrOlLeR :: ....................(KK) AndroidKeyCode :: MogaKeyCode Key Press L1 .....................

android[2] trace: MoGaConTrOlLeR :: ....................(KK) AndroidKeyCode :: MogaKeyCode Key Press L1(Break)) Racing True.....................

android[2] trace: MoGaConTrOlLeR :: (KK) MogaController :: Inside nativeOnKeyEvent ....................

G6-MOGA key frame=4569 code=102 state=down
android[2] trace: MoGaConTrOlLeR :: ....................(KK) BaseDrivingControlScheme :: OnEvent .....................

android[2] trace: MoGaConTrOlLeR :: ....................(KK) BaseDrivingControlScheme :: onKeyPress Break.....................

G4-JNI GetEnv version=0x00010002
G4-JNI GetEnv version=0x00010002
G4-JNI GetEnv version=0x00010002
G4-JNI GetEnv version=0x00010002
G4-JNI GetEnv version=0x00010002
G4-JNI GetEnv version=0x00010002
G4-JNI GetEnv version=0x00010002
G4-JNI GetEnv version=0x00010002
G4-JNI GetEnv version=0x00010002
G4-JNI GetEnv version=0x00010002
G4-JNI GetEnv version=0x00010002
G4-JNI GetEnv version=0x00010002
G4-JNI GetEnv version=0x00010002
G4-JNI GetEnv version=0x00010002
G4-JNI GetEnv version=0x00010002
G4-JNI GetEnv version=0x00010002
G4-JNI GetEnv version=0x00010002
G4-JNI GetEnv version=0x00010002
G6-RAW buttons=0x00000000
android[2] trace: MoGaConTrOlLeR :: ....................(KK) MogaController :: Inside nativeOnKeyEvent 

android[2] trace: ....................(KK) MogaController :: Inside nativeOnKeyEvent 102

android[2] trace: MoGaConTrOlLeR :: ....................(KK) Key Event Key L1 1111 .....................

android[2] trace: MoGaConTrOlLeR :: ....................(KK) Key Event Key up .....................

android[2] trace: MoGaConTrOlLeR :: ....................(KK) Listener Key Release .....................

android[2] trace: MoGaConTrOlLeR :: ....................(KK) AndroidKeyCode :: MogaKeyCode (Start of func) .....................

android[2] trace: MoGaConTrOlLeR :: ....................(KK) AndroidKeyCode :: MogaKeyCode Key Press L1 .....................

android[2] trace: MoGaConTrOlLeR :: ....................(KK) AndroidKeyCode :: MogaKeyCode Key Press L1(Break)) Racing True.....................

android[2] trace: MoGaConTrOlLeR :: (KK) MogaController :: Inside nativeOnKeyEvent ....................

G6-MOGA key frame=4587 code=102 state=up
android[2] trace: MoGaConTrOlLeR :: ....................(KK) BaseDrivingControlScheme :: OnEvent .....................

android[2] trace: MoGaConTrOlLeR :: ....................(KK) BaseDrivingControlScheme :: OnKeyRelease Break.....................

G4-JNI GetEnv version=0x00010002
G4-JNI GetEnv version=0x00010002
android[6] Sound/SoundManager/error: FMOD result of SoundManager::createSound: An error occured that wasn't supposed to.  Contact support. 

android[5] Sound/SoundManager/warn: SoundManager::createSound - 'effects/collisions/work_barrier': failure.

G4-JNI GetEnv version=0x00010002
G4-JNI GetEnv version=0x00010002
G4-JNI GetEnv version=0x00010002
G4-JNI GetEnv version=0x00010002
G4-JNI GetEnv version=0x00010002
G4-JNI GetEnv version=0x00010002
G6-RAW buttons=0x00000400
android[2] trace: ....................(KK) MogaController :: Inside NativeOnMotionEvent

android[2] trace: (KK) MogaController :: Inside NativeOnMotionEvent ....................

G6-MOGA motion frame=4595 axes=-32767,0,0,0,0,0
G6-MOGA dpad-as-stick frame=4595 code=21 state=down
G4-JNI GetEnv version=0x00010002
G4-JNI GetEnv version=0x00010002
G4-JNI GetEnv version=0x00010002
G4-JNI GetEnv version=0x00010002
G6-RAW buttons=0x00000000
android[2] trace: ....................(KK) MogaController :: Inside NativeOnMotionEvent

android[2] trace: (KK) MogaController :: Inside NativeOnMotionEvent ....................

G6-MOGA dpad-as-stick frame=4599 code=21 state=up
G4-JNI GetEnv version=0x00010002
G4-JNI GetEnv version=0x00010002
G4-JNI GetEnv version=0x00010002
G4-JNI GetEnv version=0x00010002
G4-JNI GetEnv version=0x00010002
G4-JNI GetEnv version=0x00010002
G4-JNI GetEnv version=0x00010002
G4-JNI GetEnv version=0x00010002
G4-JNI GetEnv version=0x00010002
G4-JNI GetEnv version=0x00010002
G4-JNI GetEnv version=0x00010002
G4-JNI GetEnv version=0x00010002
G4-JNI GetEnv version=0x00010002
G4-JNI GetEnv version=0x00010002
G4-JNI GetEnv version=0x00010002
G4-JNI GetEnv version=0x00010002
G4-JNI GetEnv version=0x00010002
G4-JNI GetEnv version=0x00010002
G4-JNI GetEnv version=0x00010002
G4-JNI GetEnv version=0x00010002
G4-JNI GetEnv version=0x00010002
G4-JNI GetEnv version=0x00010002
G4-JNI GetEnv version=0x00010002
G4-JNI GetEnv version=0x00010002
G4-JNI GetEnv version=0x00010002
G4-JNI GetEnv version=0x00010002
G4-JNI GetEnv version=0x00010002
G4-JNI GetEnv version=0x00010002
G4-JNI GetEnv version=0x00010002
G4-JNI GetEnv version=0x00010002
G4-JNI GetEnv version=0x00010002
G4-JNI GetEnv version=0x00010002
G4-JNI GetEnv version=0x00010002
G4-JNI GetEnv version=0x00010002
G4-JNI GetEnv version=0x00010002
G4-JNI GetEnv version=0x00010002
G4-JNI GetEnv version=0x00010002
G4-JNI GetEnv version=0x00010002
G4-JNI GetEnv version=0x00010002
G4-JNI GetEnv version=0x00010002
G4-JNI GetEnv version=0x00010002
G4-JNI GetEnv version=0x00010002
G4-JNI GetEnv version=0x00010002
G4-JNI GetEnv version=0x00010002
G4-JNI GetEnv version=0x00010002
G4-JNI GetEnv version=0x00010002
G4-JNI GetEnv version=0x00010002
G4-JNI GetEnv version=0x00010002
G4-JNI GetEnv version=0x00010002
G4-JNI GetEnv version=0x00010002
G4-JNI GetEnv version=0x00010002
G4-JNI GetEnv version=0x00010002
G4-JNI GetEnv version=0x00010002
G4-JNI GetEnv version=0x00010002
G6-RAW buttons=0x00000400
android[2] trace: ....................(KK) MogaController :: Inside NativeOnMotionEvent

android[2] trace: (KK) MogaController :: Inside NativeOnMotionEvent ....................

G6-MOGA motion frame=4653 axes=-32767,0,0,0,0,0
G6-MOGA dpad-as-stick frame=4653 code=21 state=down
G4-JNI GetEnv version=0x00010002
DEBUG: sendTrackingMessage!
G4-JNI GetEnv version=0x00010006
G4-JNI GetEnv version=0x00010002
G4-JNI GetEnv version=0x00010002
G4-JNI GetEnv version=0x00010002
G4-JNI GetEnv version=0x00010002
G4-JNI GetEnv version=0x00010002
G4-JNI GetEnv version=0x00010002
G4-JNI GetEnv version=0x00010002
G4-JNI GetEnv version=0x00010002
G4-JNI GetEnv version=0x00010002
G4-JNI GetEnv version=0x00010002
G4-JNI GetEnv version=0x00010002
G4-JNI GetEnv version=0x00010002
G4-JNI GetEnv version=0x00010002
G4-JNI GetEnv version=0x00010002
G4-JNI GetEnv version=0x00010002
G4-JNI GetEnv version=0x00010002
G4-JNI GetEnv version=0x00010002
G4-JNI GetEnv version=0x00010002
G4-JNI GetEnv version=0x00010002
G4-JNI GetEnv version=0x00010002
G4-JNI GetEnv version=0x00010002
G4-JNI GetEnv version=0x00010002
G6-RAW buttons=0x00000000
android[2] trace: ....................(KK) MogaController :: Inside NativeOnMotionEvent

android[2] trace: (KK) MogaController :: Inside NativeOnMotionEvent ....................

G6-MOGA motion frame=4676 axes=0,0,0,0,0,0
G6-MOGA dpad-as-stick frame=4676 code=21 state=up
G4-JNI GetEnv version=0x00010002
G4-JNI GetEnv version=0x00010002
G4-JNI GetEnv version=0x00010002
G4-JNI GetEnv version=0x00010002
G4-JNI GetEnv version=0x00010002
G4-JNI GetEnv version=0x00010002
G4-JNI GetEnv version=0x00010002
G4-JNI GetEnv version=0x00010002
G4-JNI GetEnv version=0x00010002
G4-JNI GetEnv version=0x00010002
G6-RAW buttons=0x00000400
android[2] trace: ....................(KK) MogaController :: Inside NativeOnMotionEvent

android[2] trace: (KK) MogaController :: Inside NativeOnMotionEvent ....................

G6-MOGA dpad-as-stick frame=4686 code=21 state=down
G4-JNI GetEnv version=0x00010002
G4-JNI GetEnv version=0x00010002
G4-JNI GetEnv version=0x00010002
G4-JNI GetEnv version=0x00010002
G4-JNI GetEnv version=0x00010002
G4-JNI GetEnv version=0x00010002
G4-JNI GetEnv version=0x00010002
G4-JNI GetEnv version=0x00010002
G4-JNI GetEnv version=0x00010002
G4-JNI GetEnv version=0x00010002
G6-RAW buttons=0x00000000
android[2] trace: ....................(KK) MogaController :: Inside NativeOnMotionEvent

android[2] trace: (KK) MogaController :: Inside NativeOnMotionEvent ....................

G6-MOGA motion frame=4696 axes=0,0,0,0,0,0
G6-MOGA dpad-as-stick frame=4696 code=21 state=up
G4-JNI GetEnv version=0x00010002
G4-JNI GetEnv version=0x00010002
G4-JNI GetEnv version=0x00010002
G4-JNI GetEnv version=0x00010002
G4-JNI GetEnv version=0x00010002
G4-JNI GetEnv version=0x00010002
G4-JNI GetEnv version=0x00010002
G4-JNI GetEnv version=0x00010002
G6-RAW buttons=0x00000400
android[2] trace: ....................(KK) MogaController :: Inside NativeOnMotionEvent

android[2] trace: (KK) MogaController :: Inside NativeOnMotionEvent ....................

G6-MOGA dpad-as-stick frame=4704 code=21 state=down
G4-JNI GetEnv version=0x00010002
G4-JNI GetEnv version=0x00010002
G4-JNI GetEnv version=0x00010002
G4-JNI GetEnv version=0x00010002
G4-JNI GetEnv version=0x00010002
G4-JNI GetEnv version=0x00010002
G4-JNI GetEnv version=0x00010002
G4-JNI GetEnv version=0x00010002
G4-JNI GetEnv version=0x00010002
G4-JNI GetEnv version=0x00010002
G4-JNI GetEnv version=0x00010002
G4-JNI GetEnv version=0x00010002
G4-JNI GetEnv version=0x00010002
G4-JNI GetEnv version=0x00010002
G4-JNI GetEnv version=0x00010002
G4-JNI GetEnv version=0x00010002
G4-JNI GetEnv version=0x00010002
G4-JNI GetEnv version=0x00010002
G4-JNI GetEnv version=0x00010002
G4-JNI GetEnv version=0x00010002
G4-JNI GetEnv version=0x00010002
G4-JNI GetEnv version=0x00010002
G4-JNI GetEnv version=0x00010002
G6-RAW buttons=0x00000000
android[2] trace: ....................(KK) MogaController :: Inside NativeOnMotionEvent

android[2] trace: (KK) MogaController :: Inside NativeOnMotionEvent ....................

G6-MOGA motion frame=4727 axes=0,0,0,0,0,0
G6-MOGA dpad-as-stick frame=4727 code=21 state=up
G4-JNI GetEnv version=0x00010002
G4-JNI GetEnv version=0x00010002
G4-JNI GetEnv version=0x00010002
G4-JNI GetEnv version=0x00010002
G4-JNI GetEnv version=0x00010002
G4-JNI GetEnv version=0x00010002
G4-JNI GetEnv version=0x00010002
G4-JNI GetEnv version=0x00010002
G4-JNI GetEnv version=0x00010002
G4-JNI GetEnv version=0x00010002
G4-JNI GetEnv version=0x00010002
G4-JNI GetEnv version=0x00010002
G4-JNI GetEnv version=0x00010002
G4-JNI GetEnv version=0x00010002
G4-JNI GetEnv version=0x00010002
G4-JNI GetEnv version=0x00010002
G4-JNI GetEnv version=0x00010002
G4-JNI GetEnv version=0x00010002
G4-JNI GetEnv version=0x00010002
G6-RAW buttons=0x00000400
android[2] trace: ....................(KK) MogaController :: Inside NativeOnMotionEvent

android[2] trace: (KK) MogaController :: Inside NativeOnMotionEvent ....................

G6-MOGA motion frame=4746 axes=-32767,0,0,0,0,0
G6-MOGA dpad-as-stick frame=4746 code=21 state=down
G4-JNI GetEnv version=0x00010002
G4-JNI GetEnv version=0x00010002
G4-JNI GetEnv version=0x00010002
G4-JNI GetEnv version=0x00010002
G4-JNI GetEnv version=0x00010002
G4-JNI GetEnv version=0x00010002
G4-JNI GetEnv version=0x00010002
G4-JNI GetEnv version=0x00010002
G4-JNI GetEnv version=0x00010002
G4-JNI GetEnv version=0x00010002
G4-JNI GetEnv version=0x00010002
G4-JNI GetEnv version=0x00010002
G4-JNI GetEnv version=0x00010002
G4-JNI GetEnv version=0x00010002
G4-JNI GetEnv version=0x00010002
G4-JNI GetEnv version=0x00010002
G6-RAW buttons=0x00000000
android[2] trace: ....................(KK) MogaController :: Inside NativeOnMotionEvent

android[2] trace: (KK) MogaController :: Inside NativeOnMotionEvent ....................

G6-MOGA motion frame=4762 axes=0,0,0,0,0,0
G6-MOGA dpad-as-stick frame=4762 code=21 state=up
G4-JNI GetEnv version=0x00010002
G4-JNI GetEnv version=0x00010002
G4-JNI GetEnv version=0x00010002
G4-JNI GetEnv version=0x00010002
G4-JNI GetEnv version=0x00010002
G4-JNI GetEnv version=0x00010002
G4-JNI GetEnv version=0x00010002
G4-JNI GetEnv version=0x00010002
G4-JNI GetEnv version=0x00010002
G4-JNI GetEnv version=0x00010002
G4-JNI GetEnv version=0x00010002
G4-JNI GetEnv version=0x00010002
G4-JNI GetEnv version=0x00010002
G6-RAW buttons=0x00000020
android[2] trace: MoGaConTrOlLeR :: ....................(KK) MogaController :: Inside nativeOnKeyEvent 

android[2] trace: ....................(KK) MogaController :: Inside nativeOnKeyEvent 103

android[2] trace: MoGaConTrOlLeR :: ....................(KK) Key Event Key R1 1111 .....................

android[2] trace: MoGaConTrOlLeR :: ....................(KK) Key Event Key Down .....................

android[2] trace: MoGaConTrOlLeR :: ....................(KK) Listener Key Press .....................

android[2] trace: MoGaConTrOlLeR :: ....................(KK) AndroidKeyCode :: MogaKeyCode (Start of func) .....................

android[2] trace: MoGaConTrOlLeR :: ....................(KK) AndroidKeyCode :: MogaKeyCode Key Press R1 .....................

android[2] trace: MoGaConTrOlLeR :: ....................(KK) AndroidKeyCode :: MogaKeyCode Key Press R1(Nitro) Racing True.....................

android[2] trace: MoGaConTrOlLeR :: (KK) MogaController :: Inside nativeOnKeyEvent ....................

G6-MOGA key frame=4775 code=103 state=down
android[2] trace: MoGaConTrOlLeR :: ....................(KK) BaseDrivingControlScheme :: OnEvent .....................

android[2] trace: MoGaConTrOlLeR :: ....................(KK) BaseDrivingControlScheme :: onKeyPress Nitro.....................

G4-JNI GetEnv version=0x00010002
G4-JNI GetEnv version=0x00010002
G4-JNI GetEnv version=0x00010002
G4-JNI GetEnv version=0x00010002
G4-JNI GetEnv version=0x00010002
G4-JNI GetEnv version=0x00010002
G4-JNI GetEnv version=0x00010002
G4-JNI GetEnv version=0x00010002
G4-JNI GetEnv version=0x00010002
G4-JNI GetEnv version=0x00010002
G4-JNI GetEnv version=0x00010002
G4-JNI GetEnv version=0x00010002
G4-JNI GetEnv version=0x00010002
G4-JNI GetEnv version=0x00010002
G4-JNI GetEnv version=0x00010002
G4-JNI GetEnv version=0x00010002
G4-JNI GetEnv version=0x00010002
G4-JNI GetEnv version=0x00010002
G4-JNI GetEnv version=0x00010002
G4-JNI GetEnv version=0x00010002
G4-JNI GetEnv version=0x00010002
G4-JNI GetEnv version=0x00010002
G4-JNI GetEnv version=0x00010002
G4-JNI GetEnv version=0x00010002
G4-JNI GetEnv version=0x00010002
G7-FRAME enter=4800
G4-JNI GetEnv version=0x00010002
G5-GL STATE frame=4800 framebuffer=0 status=0x8cd5 errors=0
G7-FRAME leave=4800
G4-JNI GetEnv version=0x00010002
G4-JNI GetEnv version=0x00010002
G4-JNI GetEnv version=0x00010002
G4-JNI GetEnv version=0x00010002
G4-JNI GetEnv version=0x00010002
G4-JNI GetEnv version=0x00010002
G4-JNI GetEnv version=0x00010002
G4-JNI GetEnv version=0x00010002
G4-JNI GetEnv version=0x00010002
G4-JNI GetEnv version=0x00010002
G4-JNI GetEnv version=0x00010002
G4-JNI GetEnv version=0x00010002
G4-JNI GetEnv version=0x00010002
G4-JNI GetEnv version=0x00010002
G4-JNI GetEnv version=0x00010002
G4-JNI GetEnv version=0x00010002
G4-JNI GetEnv version=0x00010002
G6-RAW buttons=0x00000420
android[2] trace: ....................(KK) MogaController :: Inside NativeOnMotionEvent

android[2] trace: (KK) MogaController :: Inside NativeOnMotionEvent ....................

G6-MOGA motion frame=4818 axes=-32767,0,0,0,0,0
G6-MOGA dpad-as-stick frame=4818 code=21 state=down
G4-JNI GetEnv version=0x00010002
G4-JNI GetEnv version=0x00010002
G4-JNI GetEnv version=0x00010002
G4-JNI GetEnv version=0x00010002
G4-JNI GetEnv version=0x00010002
G6-RAW buttons=0x00000020
android[2] trace: ....................(KK) MogaController :: Inside NativeOnMotionEvent

android[2] trace: (KK) MogaController :: Inside NativeOnMotionEvent ....................

G6-MOGA dpad-as-stick frame=4823 code=21 state=up
G4-JNI GetEnv version=0x00010002
G4-JNI GetEnv version=0x00010002
G4-JNI GetEnv version=0x00010002
G4-JNI GetEnv version=0x00010002
G4-JNI GetEnv version=0x00010002
G4-JNI GetEnv version=0x00010002
G4-JNI GetEnv version=0x00010002
G4-JNI GetEnv version=0x00010002
G4-JNI GetEnv version=0x00010002
G4-JNI GetEnv version=0x00010002
G4-JNI GetEnv version=0x00010002
G4-JNI GetEnv version=0x00010002
G4-JNI GetEnv version=0x00010002
G4-JNI GetEnv version=0x00010002
G4-JNI GetEnv version=0x00010002
G4-JNI GetEnv version=0x00010002
android[6] Sound/SoundManager/error: FMOD result of SoundManager::createSound: An error occured that wasn't supposed to.  Contact support. 

android[5] Sound/SoundManager/warn: SoundManager::createSound - 'effects/collisions/work_barrier': failure.

G4-JNI GetEnv version=0x00010002
G4-JNI GetEnv version=0x00010002
G4-JNI GetEnv version=0x00010002
android[6] Sound/SoundManager/error: FMOD result of SoundManager::createSound: An error occured that wasn't supposed to.  Contact support. 

android[5] Sound/SoundManager/warn: SoundManager::createSound - 'effects/collisions/work_barrier': failure.

G4-JNI GetEnv version=0x00010002
G4-JNI GetEnv version=0x00010002
G4-JNI GetEnv version=0x00010002
G4-JNI GetEnv version=0x00010002
G4-JNI GetEnv version=0x00010002
G4-JNI GetEnv version=0x00010002
G4-JNI GetEnv version=0x00010002
android[6] Sound/SoundManager/error: FMOD result of SoundManager::createSound: An error occured that wasn't supposed to.  Contact support. 

android[5] Sound/SoundManager/warn: SoundManager::createSound - 'effects/collisions/scrape': failure.

G4-JNI GetEnv version=0x00010002
G4-JNI GetEnv version=0x00010002
G4-JNI GetEnv version=0x00010002
G4-JNI GetEnv version=0x00010002
G4-JNI GetEnv version=0x00010002
G4-JNI GetEnv version=0x00010002
G6-RAW buttons=0x00000000
android[2] trace: MoGaConTrOlLeR :: ....................(KK) MogaController :: Inside nativeOnKeyEvent 

android[2] trace: ....................(KK) MogaController :: Inside nativeOnKeyEvent 103

android[2] trace: MoGaConTrOlLeR :: ....................(KK) Key Event Key R1 1111 .....................

android[2] trace: MoGaConTrOlLeR :: ....................(KK) Key Event Key up .....................

android[2] trace: MoGaConTrOlLeR :: ....................(KK) Listener Key Release .....................

android[2] trace: MoGaConTrOlLeR :: ....................(KK) AndroidKeyCode :: MogaKeyCode (Start of func) .....................

android[2] trace: MoGaConTrOlLeR :: ....................(KK) AndroidKeyCode :: MogaKeyCode Key Press R1 .....................

android[2] trace: MoGaConTrOlLeR :: ....................(KK) AndroidKeyCode :: MogaKeyCode Key Press R1(Nitro) Racing True.....................

android[2] trace: MoGaConTrOlLeR :: (KK) MogaController :: Inside nativeOnKeyEvent ....................

G6-MOGA key frame=4855 code=103 state=up
android[2] trace: MoGaConTrOlLeR :: ....................(KK) BaseDrivingControlScheme :: OnEvent .....................

android[2] trace: MoGaConTrOlLeR :: ....................(KK) BaseDrivingControlScheme :: OnKeyRelease Nothing :( .....................

G4-JNI GetEnv version=0x00010002
G4-JNI GetEnv version=0x00010002
G4-JNI GetEnv version=0x00010002
G4-JNI GetEnv version=0x00010002
G4-JNI GetEnv version=0x00010002
G4-JNI GetEnv version=0x00010002
G4-JNI GetEnv version=0x00010002
G4-JNI GetEnv version=0x00010002
G4-JNI GetEnv version=0x00010002
G4-JNI GetEnv version=0x00010002
G4-JNI GetEnv version=0x00010002
G4-JNI GetEnv version=0x00010002
G4-JNI GetEnv version=0x00010002
G4-JNI GetEnv version=0x00010002
G4-JNI GetEnv version=0x00010002
G6-RAW buttons=0x00000800
android[2] trace: ....................(KK) MogaController :: Inside NativeOnMotionEvent

android[2] trace: (KK) MogaController :: Inside NativeOnMotionEvent ....................

G6-MOGA motion frame=4870 axes=32767,0,0,0,0,0
G6-MOGA dpad-as-stick frame=4870 code=22 state=down
G4-JNI GetEnv version=0x00010002
G4-JNI GetEnv version=0x00010002
G4-JNI GetEnv version=0x00010002
G4-JNI GetEnv version=0x00010002
G4-JNI GetEnv version=0x00010002
G4-JNI GetEnv version=0x00010002
G4-JNI GetEnv version=0x00010002
G4-JNI GetEnv version=0x00010002
G4-JNI GetEnv version=0x00010002
G4-JNI GetEnv version=0x00010002
G4-JNI GetEnv version=0x00010002
G4-JNI GetEnv version=0x00010002
G4-JNI GetEnv version=0x00010002
android[4] info: -- Most Wanted List Updated --

android[4] info: 1. MSTWNTD(20000 PTS)

android[4] info: 2. FANGD(19000 PTS)

android[4] info: 3. GDZLLR(18000 PTS)

android[4] info: 4. HONEY(17000 PTS)

android[4] info: 5. KRIEG(16000 PTS)

android[4] info: 6. GU1LTY(15000 PTS)

android[4] info: 7. SPIDER(14000 PTS)

android[4] info: 8. GTMC(13000 PTS)

android[4] info: 9. SNWBLND(12000 PTS)

android[4] info: 10. JAPAN4(11000 PTS)

android[4] info: 11. You(5000 PTS)

android[4] info: -- Most Wanted List Updated --

android[4] info: 1. MSTWNTD(30000 PTS)

android[4] info: 2. FANGD(28500 PTS)

android[4] info: 3. GDZLLR(27000 PTS)

android[4] info: 4. HONEY(25500 PTS)

android[4] info: 5. KRIEG(24000 PTS)

android[4] info: 6. GU1LTY(22500 PTS)

android[4] info: 7. SPIDER(21000 PTS)

android[4] info: 8. GTMC(19500 PTS)

android[4] info: 9. SNWBLND(18000 PTS)

android[4] info: 10. JAPAN4(16500 PTS)

android[4] info: 11. You(5000 PTS)

DEBUG: sendTrackingMessage!
G4-JNI GetEnv version=0x00010006
DEBUG: sendTrackingMessage!
G4-JNI GetEnv version=0x00010006
G4-JNI GetEnv version=0x00010002
G4-JNI GetEnv version=0x00010002
G6-RAW buttons=0x00000000
android[2] trace: ....................(KK) MogaController :: Inside NativeOnMotionEvent

android[2] trace: (KK) MogaController :: Inside NativeOnMotionEvent ....................

G6-MOGA motion frame=4885 axes=0,0,0,0,0,0
G6-MOGA dpad-as-stick frame=4885 code=22 state=up
G4-JNI GetEnv version=0x00010002
G4-JNI GetEnv version=0x00010002
G4-JNI GetEnv version=0x00010002
G4-JNI GetEnv version=0x00010002
G4-JNI GetEnv version=0x00010002
G4-JNI GetEnv version=0x00010002
G4-JNI GetEnv version=0x00010002
G4-JNI GetEnv version=0x00010002
G4-JNI GetEnv version=0x00010002
G4-JNI GetEnv version=0x00010002
G4-JNI GetEnv version=0x00010002
G4-JNI GetEnv version=0x00010002
G4-JNI GetEnv version=0x00010002
G4-JNI GetEnv version=0x00010002
G4-JNI GetEnv version=0x00010002
G4-JNI GetEnv version=0x00010002
G4-JNI GetEnv version=0x00010002
G4-JNI GetEnv version=0x00010002
G4-JNI GetEnv version=0x00010002
G4-JNI GetEnv version=0x00010002
G4-JNI GetEnv version=0x00010002
G4-JNI GetEnv version=0x00010002
android[6] Sound/SoundManager/error: FMOD result of SoundManager::createSound: An error occured that wasn't supposed to.  Contact support. 

android[5] Sound/SoundManager/warn: SoundManager::createSound - 'ui/ui/swipe_info': failure.

android[2] trace: UI play sound: ui/ui/swipe_info

G4-JNI GetEnv version=0x00010002
G4-JNI GetEnv version=0x00010002
G4-JNI GetEnv version=0x00010002
android[6] Sound/SoundManager/error: FMOD result of SoundManager::createSound: An error occured that wasn't supposed to.  Contact support. 

android[5] Sound/SoundManager/warn: SoundManager::createSound - 'ui/ui/event_award': failure.

android[2] trace: UI play sound: ui/ui/event_award

G4-JNI GetEnv version=0x00010002
G4-JNI GetEnv version=0x00010002
G4-JNI GetEnv version=0x00010002
G4-JNI GetEnv version=0x00010002
G4-JNI GetEnv version=0x00010002
G4-JNI GetEnv version=0x00010002
G4-JNI GetEnv version=0x00010002
G6-RAW buttons=0x00000800
android[2] trace: ....................(KK) MogaController :: Inside NativeOnMotionEvent

android[2] trace: (KK) MogaController :: Inside NativeOnMotionEvent ....................

G6-MOGA motion frame=4901 axes=32767,0,0,0,0,0
G6-MOGA dpad-as-stick frame=4901 code=22 state=down
G4-JNI GetEnv version=0x00010002
G4-JNI GetEnv version=0x00010002
G4-JNI GetEnv version=0x00010002
G4-JNI GetEnv version=0x00010002
G4-JNI GetEnv version=0x00010002
G4-JNI GetEnv version=0x00010002
G4-JNI GetEnv version=0x00010002
G4-JNI GetEnv version=0x00010002
G4-JNI GetEnv version=0x00010002
G4-JNI GetEnv version=0x00010002
G4-JNI GetEnv version=0x00010002
G4-JNI GetEnv version=0x00010002
G4-JNI GetEnv version=0x00010002
G4-JNI GetEnv version=0x00010002
G4-JNI GetEnv version=0x00010002
G4-JNI GetEnv version=0x00010002
G4-JNI GetEnv version=0x00010002
G4-JNI GetEnv version=0x00010002
G4-JNI GetEnv version=0x00010002
G4-JNI GetEnv version=0x00010002
G4-JNI GetEnv version=0x00010002
G6-RAW buttons=0x00000000
android[2] trace: ....................(KK) MogaController :: Inside NativeOnMotionEvent

android[2] trace: (KK) MogaController :: Inside NativeOnMotionEvent ....................

G6-MOGA motion frame=4922 axes=0,0,0,0,0,0
G6-MOGA dpad-as-stick frame=4922 code=22 state=up
G4-JNI GetEnv version=0x00010002
G4-JNI GetEnv version=0x00010002
G4-JNI GetEnv version=0x00010002
G4-JNI GetEnv version=0x00010002
G4-JNI GetEnv version=0x00010002
G4-JNI GetEnv version=0x00010002
G4-JNI GetEnv version=0x00010002
G4-JNI GetEnv version=0x00010002
G4-JNI GetEnv version=0x00010002
G6-RAW buttons=0x00000800
android[2] trace: ....................(KK) MogaController :: Inside NativeOnMotionEvent

android[2] trace: (KK) MogaController :: Inside NativeOnMotionEvent ....................

G6-MOGA dpad-as-stick frame=4931 code=22 state=down
G4-JNI GetEnv version=0x00010002
G4-JNI GetEnv version=0x00010002
G4-JNI GetEnv version=0x00010002
G4-JNI GetEnv version=0x00010002
G4-JNI GetEnv version=0x00010002
G4-JNI GetEnv version=0x00010002
G4-JNI GetEnv version=0x00010002
G6-RAW buttons=0x00000000
android[2] trace: ....................(KK) MogaController :: Inside NativeOnMotionEvent

android[2] trace: (KK) MogaController :: Inside NativeOnMotionEvent ....................

G6-MOGA motion frame=4938 axes=0,0,0,0,0,0
G6-MOGA dpad-as-stick frame=4938 code=22 state=up
G4-JNI GetEnv version=0x00010002
G4-JNI GetEnv version=0x00010002
G4-JNI GetEnv version=0x00010002
G4-JNI GetEnv version=0x00010002
G4-JNI GetEnv version=0x00010002
G4-JNI GetEnv version=0x00010002
G4-JNI GetEnv version=0x00010002
G4-JNI GetEnv version=0x00010002
G6-RAW buttons=0x00000400
android[2] trace: ....................(KK) MogaController :: Inside NativeOnMotionEvent

android[2] trace: (KK) MogaController :: Inside NativeOnMotionEvent ....................

G6-MOGA dpad-as-stick frame=4946 code=21 state=down
G4-JNI GetEnv version=0x00010002
G4-JNI GetEnv version=0x00010002
G4-JNI GetEnv version=0x00010002
G4-JNI GetEnv version=0x00010002
G4-JNI GetEnv version=0x00010002
G4-JNI GetEnv version=0x00010002
G4-JNI GetEnv version=0x00010002
G4-JNI GetEnv version=0x00010002
G4-JNI GetEnv version=0x00010002
G4-JNI GetEnv version=0x00010002
G4-JNI GetEnv version=0x00010002
G4-JNI GetEnv version=0x00010002
G4-JNI GetEnv version=0x00010002
G4-JNI GetEnv version=0x00010002
G4-JNI GetEnv version=0x00010002
G4-JNI GetEnv version=0x00010002
G4-JNI GetEnv version=0x00010002
G4-JNI GetEnv version=0x00010002
G4-JNI GetEnv version=0x00010002
G4-JNI GetEnv version=0x00010002
G4-JNI GetEnv version=0x00010002
G4-JNI GetEnv version=0x00010002
G4-JNI GetEnv version=0x00010002
G4-JNI GetEnv version=0x00010002
G4-JNI GetEnv version=0x00010002
G6-RAW buttons=0x00000000
android[2] trace: ....................(KK) MogaController :: Inside NativeOnMotionEvent

android[2] trace: (KK) MogaController :: Inside NativeOnMotionEvent ....................

G6-MOGA motion frame=4971 axes=0,0,0,0,0,0
G6-MOGA dpad-as-stick frame=4971 code=21 state=up
G4-JNI GetEnv version=0x00010002
G4-JNI GetEnv version=0x00010002
G4-JNI GetEnv version=0x00010002
G4-JNI GetEnv version=0x00010002
G4-JNI GetEnv version=0x00010002
G4-JNI GetEnv version=0x00010002
G4-JNI GetEnv version=0x00010002
G4-JNI GetEnv version=0x00010002
G4-JNI GetEnv version=0x00010002
G4-JNI GetEnv version=0x00010002
G4-JNI GetEnv version=0x00010002
G4-JNI GetEnv version=0x00010002
G4-JNI GetEnv version=0x00010002
G4-JNI GetEnv version=0x00010002
G6-RAW buttons=0x00000800
android[2] trace: ....................(KK) MogaController :: Inside NativeOnMotionEvent

android[2] trace: (KK) MogaController :: Inside NativeOnMotionEvent ....................

G6-MOGA dpad-as-stick frame=4985 code=22 state=down
G4-JNI GetEnv version=0x00010002
G4-JNI GetEnv version=0x00010002
G4-JNI GetEnv version=0x00010002
G4-JNI GetEnv version=0x00010002
G4-JNI GetEnv version=0x00010002
G4-JNI GetEnv version=0x00010002
G4-JNI GetEnv version=0x00010002
G4-JNI GetEnv version=0x00010002
G6-RAW buttons=0x00000000
android[2] trace: ....................(KK) MogaController :: Inside NativeOnMotionEvent

android[2] trace: (KK) MogaController :: Inside NativeOnMotionEvent ....................

G6-MOGA motion frame=4993 axes=0,0,0,0,0,0
G6-MOGA dpad-as-stick frame=4993 code=22 state=up
G4-JNI GetEnv version=0x00010002
G4-JNI GetEnv version=0x00010002
G4-JNI GetEnv version=0x00010002
G4-JNI GetEnv version=0x00010002
G4-JNI GetEnv version=0x00010002
G4-JNI GetEnv version=0x00010002
G4-JNI GetEnv version=0x00010002
G4-JNI GetEnv version=0x00010002
G4-JNI GetEnv version=0x00010002
G4-JNI GetEnv version=0x00010002
G4-JNI GetEnv version=0x00010002
G6-RAW buttons=0x00000800
android[2] trace: ....................(KK) MogaController :: Inside NativeOnMotionEvent

android[2] trace: (KK) MogaController :: Inside NativeOnMotionEvent ....................

G6-MOGA dpad-as-stick frame=5004 code=22 state=down
G4-JNI GetEnv version=0x00010002
G4-JNI GetEnv version=0x00010002
G4-JNI GetEnv version=0x00010002
G4-JNI GetEnv version=0x00010002
G4-JNI GetEnv version=0x00010002
G6-RAW buttons=0x00000000
android[2] trace: ....................(KK) MogaController :: Inside NativeOnMotionEvent

android[2] trace: (KK) MogaController :: Inside NativeOnMotionEvent ....................

G6-MOGA motion frame=5009 axes=0,0,0,0,0,0
G6-MOGA dpad-as-stick frame=5009 code=22 state=up
G4-JNI GetEnv version=0x00010002
G4-JNI GetEnv version=0x00010002
G4-JNI GetEnv version=0x00010002
G4-JNI GetEnv version=0x00010002
G4-JNI GetEnv version=0x00010002
G4-JNI GetEnv version=0x00010002
G4-JNI GetEnv version=0x00010002
G4-JNI GetEnv version=0x00010002
G4-JNI GetEnv version=0x00010002
G4-JNI GetEnv version=0x00010002
G4-JNI GetEnv version=0x00010002
G4-JNI GetEnv version=0x00010002
G6-RAW buttons=0x00000020
android[2] trace: MoGaConTrOlLeR :: ....................(KK) MogaController :: Inside nativeOnKeyEvent 

android[2] trace: ....................(KK) MogaController :: Inside nativeOnKeyEvent 103

android[2] trace: MoGaConTrOlLeR :: ....................(KK) Key Event Key R1 1111 .....................

android[2] trace: MoGaConTrOlLeR :: ....................(KK) Key Event Key Down .....................

android[2] trace: MoGaConTrOlLeR :: ....................(KK) Listener Key Press .....................

android[2] trace: MoGaConTrOlLeR :: ....................(KK) AndroidKeyCode :: MogaKeyCode (Start of func) .....................

android[2] trace: MoGaConTrOlLeR :: ....................(KK) AndroidKeyCode :: MogaKeyCode Key Press R1 .....................

android[2] trace: MoGaConTrOlLeR :: ....................(KK) AndroidKeyCode :: MogaKeyCode Key Press R1(Nitro) Racing True.....................

android[2] trace: MoGaConTrOlLeR :: (KK) MogaController :: Inside nativeOnKeyEvent ....................

G6-MOGA key frame=5021 code=103 state=down
android[2] trace: MoGaConTrOlLeR :: ....................(KK) BaseDrivingControlScheme :: OnEvent .....................

android[2] trace: MoGaConTrOlLeR :: ....................(KK) BaseDrivingControlScheme :: onKeyPress Nitro.....................

G4-JNI GetEnv version=0x00010002
G4-JNI GetEnv version=0x00010002
G4-JNI GetEnv version=0x00010002
G4-JNI GetEnv version=0x00010002
G4-JNI GetEnv version=0x00010002
G4-JNI GetEnv version=0x00010002
G4-JNI GetEnv version=0x00010002
G4-JNI GetEnv version=0x00010002
G4-JNI GetEnv version=0x00010002
G4-JNI GetEnv version=0x00010002
G4-JNI GetEnv version=0x00010002
G4-JNI GetEnv version=0x00010002
G4-JNI GetEnv version=0x00010002
G4-JNI GetEnv version=0x00010002
G4-JNI GetEnv version=0x00010002
G4-JNI GetEnv version=0x00010002
G4-JNI GetEnv version=0x00010002
G4-JNI GetEnv version=0x00010002
G4-JNI GetEnv version=0x00010002
G4-JNI GetEnv version=0x00010002
G4-JNI GetEnv version=0x00010002
G4-JNI GetEnv version=0x00010002
G4-JNI GetEnv version=0x00010002
G4-JNI GetEnv version=0x00010002
G4-JNI GetEnv version=0x00010002
G4-JNI GetEnv version=0x00010002
G4-JNI GetEnv version=0x00010002
G4-JNI GetEnv version=0x00010002
G4-JNI GetEnv version=0x00010002
G4-JNI GetEnv version=0x00010002
G4-JNI GetEnv version=0x00010002
G4-JNI GetEnv version=0x00010002
G4-JNI GetEnv version=0x00010002
G4-JNI GetEnv version=0x00010002
G4-JNI GetEnv version=0x00010002
G4-JNI GetEnv version=0x00010002
G4-JNI GetEnv version=0x00010002
G4-JNI GetEnv version=0x00010002
G4-JNI GetEnv version=0x00010002
G4-JNI GetEnv version=0x00010002
G4-JNI GetEnv version=0x00010002
G4-JNI GetEnv version=0x00010002
G4-JNI GetEnv version=0x00010002
G4-JNI GetEnv version=0x00010002
G6-RAW buttons=0x00000820
android[2] trace: ....................(KK) MogaController :: Inside NativeOnMotionEvent

android[2] trace: (KK) MogaController :: Inside NativeOnMotionEvent ....................

G6-MOGA motion frame=5065 axes=32767,0,0,0,0,0
G6-MOGA dpad-as-stick frame=5065 code=22 state=down
G4-JNI GetEnv version=0x00010002
G4-JNI GetEnv version=0x00010002
G4-JNI GetEnv version=0x00010002
G4-JNI GetEnv version=0x00010002
G4-JNI GetEnv version=0x00010002
G4-JNI GetEnv version=0x00010002
G6-RAW buttons=0x00000020
android[2] trace: ....................(KK) MogaController :: Inside NativeOnMotionEvent

android[2] trace: (KK) MogaController :: Inside NativeOnMotionEvent ....................

G6-MOGA dpad-as-stick frame=5071 code=22 state=up
G4-JNI GetEnv version=0x00010002
G4-JNI GetEnv version=0x00010002
G4-JNI GetEnv version=0x00010002
G4-JNI GetEnv version=0x00010002
G4-JNI GetEnv version=0x00010002
G4-JNI GetEnv version=0x00010002
G4-JNI GetEnv version=0x00010002
G4-JNI GetEnv version=0x00010002
G4-JNI GetEnv version=0x00010002
G4-JNI GetEnv version=0x00010002
G4-JNI GetEnv version=0x00010002
G4-JNI GetEnv version=0x00010002
G4-JNI GetEnv version=0x00010002
G4-JNI GetEnv version=0x00010002
G4-JNI GetEnv version=0x00010002
G4-JNI GetEnv version=0x00010002
G4-JNI GetEnv version=0x00010002
G4-JNI GetEnv version=0x00010002
G4-JNI GetEnv version=0x00010002
G4-JNI GetEnv version=0x00010002
G4-JNI GetEnv version=0x00010002
G4-JNI GetEnv version=0x00010002
G4-JNI GetEnv version=0x00010002
G4-JNI GetEnv version=0x00010002
G4-JNI GetEnv version=0x00010002
G4-JNI GetEnv version=0x00010002
G6-RAW buttons=0x00000820
android[2] trace: ....................(KK) MogaController :: Inside NativeOnMotionEvent

android[2] trace: (KK) MogaController :: Inside NativeOnMotionEvent ....................

G6-MOGA motion frame=5097 axes=32767,0,0,0,0,0
G6-MOGA dpad-as-stick frame=5097 code=22 state=down
G4-JNI GetEnv version=0x00010002
G4-JNI GetEnv version=0x00010002
G4-JNI GetEnv version=0x00010002
G7-FRAME enter=5100
G4-JNI GetEnv version=0x00010002
G5-GL STATE frame=5100 framebuffer=0 status=0x8cd5 errors=0
G7-FRAME leave=5100
G4-JNI GetEnv version=0x00010002
G4-JNI GetEnv version=0x00010002
G6-RAW buttons=0x00000020
android[2] trace: ....................(KK) MogaController :: Inside NativeOnMotionEvent

android[2] trace: (KK) MogaController :: Inside NativeOnMotionEvent ....................

G6-MOGA dpad-as-stick frame=5103 code=22 state=up
G4-JNI GetEnv version=0x00010002
G4-JNI GetEnv version=0x00010002
G4-JNI GetEnv version=0x00010002
G4-JNI GetEnv version=0x00010002
G4-JNI GetEnv version=0x00010002
G4-JNI GetEnv version=0x00010002
G4-JNI GetEnv version=0x00010002
G4-JNI GetEnv version=0x00010002
G4-JNI GetEnv version=0x00010002
G4-JNI GetEnv version=0x00010002
G4-JNI GetEnv version=0x00010002
G4-JNI GetEnv version=0x00010002
G4-JNI GetEnv version=0x00010002
G4-JNI GetEnv version=0x00010002
G4-JNI GetEnv version=0x00010002
G4-JNI GetEnv version=0x00010002
G4-JNI GetEnv version=0x00010002
G4-JNI GetEnv version=0x00010002
G4-JNI GetEnv version=0x00010002
G4-JNI GetEnv version=0x00010002
G6-RAW buttons=0x00000820
android[2] trace: ....................(KK) MogaController :: Inside NativeOnMotionEvent

android[2] trace: (KK) MogaController :: Inside NativeOnMotionEvent ....................

G6-MOGA motion frame=5123 axes=32767,0,0,0,0,0
G6-MOGA dpad-as-stick frame=5123 code=22 state=down
G4-JNI GetEnv version=0x00010002
G4-JNI GetEnv version=0x00010002
G4-JNI GetEnv version=0x00010002
G4-JNI GetEnv version=0x00010002
G4-JNI GetEnv version=0x00010002
G4-JNI GetEnv version=0x00010002
G6-RAW buttons=0x00000020
android[2] trace: ....................(KK) MogaController :: Inside NativeOnMotionEvent

android[2] trace: (KK) MogaController :: Inside NativeOnMotionEvent ....................

G6-MOGA dpad-as-stick frame=5129 code=22 state=up
G4-JNI GetEnv version=0x00010002
G4-JNI GetEnv version=0x00010002
G4-JNI GetEnv version=0x00010002
G4-JNI GetEnv version=0x00010002
G4-JNI GetEnv version=0x00010002
G4-JNI GetEnv version=0x00010002
G4-JNI GetEnv version=0x00010002
G4-JNI GetEnv version=0x00010002
G4-JNI GetEnv version=0x00010002
G4-JNI GetEnv version=0x00010002
G4-JNI GetEnv version=0x00010002
G4-JNI GetEnv version=0x00010002
G4-JNI GetEnv version=0x00010002
G4-JNI GetEnv version=0x00010002
G4-JNI GetEnv version=0x00010002
G4-JNI GetEnv version=0x00010002
G4-JNI GetEnv version=0x00010002
G4-JNI GetEnv version=0x00010002
G4-JNI GetEnv version=0x00010002
G4-JNI GetEnv version=0x00010002
G4-JNI GetEnv version=0x00010002
G4-JNI GetEnv version=0x00010002
G4-JNI GetEnv version=0x00010002
G4-JNI GetEnv version=0x00010002
G4-JNI GetEnv version=0x00010002
G4-JNI GetEnv version=0x00010002
G6-RAW buttons=0x00000820
android[2] trace: ....................(KK) MogaController :: Inside NativeOnMotionEvent

android[2] trace: (KK) MogaController :: Inside NativeOnMotionEvent ....................

G6-MOGA motion frame=5155 axes=32767,0,0,0,0,0
G6-MOGA dpad-as-stick frame=5155 code=22 state=down
G4-JNI GetEnv version=0x00010002
G4-JNI GetEnv version=0x00010002
G4-JNI GetEnv version=0x00010002
G4-JNI GetEnv version=0x00010002
G4-JNI GetEnv version=0x00010002
G4-JNI GetEnv version=0x00010002
G4-JNI GetEnv version=0x00010002
G4-JNI GetEnv version=0x00010002
G4-JNI GetEnv version=0x00010002
G4-JNI GetEnv version=0x00010002
G4-JNI GetEnv version=0x00010002
G4-JNI GetEnv version=0x00010002
G4-JNI GetEnv version=0x00010002
G4-JNI GetEnv version=0x00010002
G4-JNI GetEnv version=0x00010002
G4-JNI GetEnv version=0x00010002
G4-JNI GetEnv version=0x00010002
G4-JNI GetEnv version=0x00010002
G4-JNI GetEnv version=0x00010002
G4-JNI GetEnv version=0x00010002
G6-RAW buttons=0x00000800
android[2] trace: MoGaConTrOlLeR :: ....................(KK) MogaController :: Inside nativeOnKeyEvent 

android[2] trace: ....................(KK) MogaController :: Inside nativeOnKeyEvent 103

android[2] trace: MoGaConTrOlLeR :: ....................(KK) Key Event Key R1 1111 .....................

android[2] trace: MoGaConTrOlLeR :: ....................(KK) Key Event Key up .....................

android[2] trace: MoGaConTrOlLeR :: ....................(KK) Listener Key Release .....................

android[2] trace: MoGaConTrOlLeR :: ....................(KK) AndroidKeyCode :: MogaKeyCode (Start of func) .....................

android[2] trace: MoGaConTrOlLeR :: ....................(KK) AndroidKeyCode :: MogaKeyCode Key Press R1 .....................

android[2] trace: MoGaConTrOlLeR :: ....................(KK) AndroidKeyCode :: MogaKeyCode Key Press R1(Nitro) Racing True.....................

android[2] trace: MoGaConTrOlLeR :: (KK) MogaController :: Inside nativeOnKeyEvent ....................

G6-MOGA key frame=5175 code=103 state=up
android[2] trace: MoGaConTrOlLeR :: ....................(KK) BaseDrivingControlScheme :: OnEvent .....................

android[2] trace: MoGaConTrOlLeR :: ....................(KK) BaseDrivingControlScheme :: OnKeyRelease Nothing :( .....................

G4-JNI GetEnv version=0x00010002
G4-JNI GetEnv version=0x00010002
G4-JNI GetEnv version=0x00010002
G4-JNI GetEnv version=0x00010002
G4-JNI GetEnv version=0x00010002
G4-JNI GetEnv version=0x00010002
G4-JNI GetEnv version=0x00010002
G4-JNI GetEnv version=0x00010002
G6-RAW buttons=0x00000000
android[2] trace: ....................(KK) MogaController :: Inside NativeOnMotionEvent

android[2] trace: (KK) MogaController :: Inside NativeOnMotionEvent ....................

G6-MOGA motion frame=5183 axes=0,0,0,0,0,0
G6-MOGA dpad-as-stick frame=5183 code=22 state=up
G4-JNI GetEnv version=0x00010002
G4-JNI GetEnv version=0x00010002
G4-JNI GetEnv version=0x00010002
G4-JNI GetEnv version=0x00010002
G4-JNI GetEnv version=0x00010002
G4-JNI GetEnv version=0x00010002
G4-JNI GetEnv version=0x00010002
G4-JNI GetEnv version=0x00010002
G4-JNI GetEnv version=0x00010002
G4-JNI GetEnv version=0x00010002
G4-JNI GetEnv version=0x00010002
G6-RAW buttons=0x00000800
android[2] trace: ....................(KK) MogaController :: Inside NativeOnMotionEvent

android[2] trace: (KK) MogaController :: Inside NativeOnMotionEvent ....................

G6-MOGA dpad-as-stick frame=5194 code=22 state=down
G4-JNI GetEnv version=0x00010002
G4-JNI GetEnv version=0x00010002
G4-JNI GetEnv version=0x00010002
G4-JNI GetEnv version=0x00010002
G4-JNI GetEnv version=0x00010002
G4-JNI GetEnv version=0x00010002
G4-JNI GetEnv version=0x00010002
G6-RAW buttons=0x00000000
android[2] trace: ....................(KK) MogaController :: Inside NativeOnMotionEvent

android[2] trace: (KK) MogaController :: Inside NativeOnMotionEvent ....................

G6-MOGA motion frame=5201 axes=0,0,0,0,0,0
G6-MOGA dpad-as-stick frame=5201 code=22 state=up
G4-JNI GetEnv version=0x00010002
G4-JNI GetEnv version=0x00010002
G4-JNI GetEnv version=0x00010002
G4-JNI GetEnv version=0x00010002
G4-JNI GetEnv version=0x00010002
G4-JNI GetEnv version=0x00010002
G4-JNI GetEnv version=0x00010002
G4-JNI GetEnv version=0x00010002
G4-JNI GetEnv version=0x00010002
G4-JNI GetEnv version=0x00010002
G4-JNI GetEnv version=0x00010002
G4-JNI GetEnv version=0x00010002
G4-JNI GetEnv version=0x00010002
G4-JNI GetEnv version=0x00010002
G4-JNI GetEnv version=0x00010002
G4-JNI GetEnv version=0x00010002
G4-JNI GetEnv version=0x00010002
G4-JNI GetEnv version=0x00010002
G4-JNI GetEnv version=0x00010002
G4-JNI GetEnv version=0x00010002
G4-JNI GetEnv version=0x00010002
G4-JNI GetEnv version=0x00010002
G4-JNI GetEnv version=0x00010002
G4-JNI GetEnv version=0x00010002
G4-JNI GetEnv version=0x00010002
G4-JNI GetEnv version=0x00010002
G4-JNI GetEnv version=0x00010002
G4-JNI GetEnv version=0x00010002
G4-JNI GetEnv version=0x00010002
G4-JNI GetEnv version=0x00010002
G4-JNI GetEnv version=0x00010002
G4-JNI GetEnv version=0x00010002
G4-JNI GetEnv version=0x00010002
G6-RAW buttons=0x00000800
android[2] trace: ....................(KK) MogaController :: Inside NativeOnMotionEvent

android[2] trace: (KK) MogaController :: Inside NativeOnMotionEvent ....................

G6-MOGA motion frame=5234 axes=32767,0,0,0,0,0
G6-MOGA dpad-as-stick frame=5234 code=22 state=down
G4-JNI GetEnv version=0x00010002
G4-JNI GetEnv version=0x00010002
G4-JNI GetEnv version=0x00010002
G4-JNI GetEnv version=0x00010002
G4-JNI GetEnv version=0x00010002
G6-RAW buttons=0x00000000
android[2] trace: ....................(KK) MogaController :: Inside NativeOnMotionEvent

android[2] trace: (KK) MogaController :: Inside NativeOnMotionEvent ....................

G6-MOGA dpad-as-stick frame=5239 code=22 state=up
G4-JNI GetEnv version=0x00010002
G4-JNI GetEnv version=0x00010002
G4-JNI GetEnv version=0x00010002
G4-JNI GetEnv version=0x00010002
G4-JNI GetEnv version=0x00010002
G4-JNI GetEnv version=0x00010002
G4-JNI GetEnv version=0x00010002
G4-JNI GetEnv version=0x00010002
G4-JNI GetEnv version=0x00010002
G4-JNI GetEnv version=0x00010002
G4-JNI GetEnv version=0x00010002
G4-JNI GetEnv version=0x00010002
G4-JNI GetEnv version=0x00010002
G4-JNI GetEnv version=0x00010002
G4-JNI GetEnv version=0x00010002
G4-JNI GetEnv version=0x00010002
G4-JNI GetEnv version=0x00010002
G4-JNI GetEnv version=0x00010002
G4-JNI GetEnv version=0x00010002
G4-JNI GetEnv version=0x00010002
G4-JNI GetEnv version=0x00010002
G4-JNI GetEnv version=0x00010002
G4-JNI GetEnv version=0x00010002
G4-JNI GetEnv version=0x00010002
G4-JNI GetEnv version=0x00010002
G4-JNI GetEnv version=0x00010002
G4-JNI GetEnv version=0x00010002
G4-JNI GetEnv version=0x00010002
G4-JNI GetEnv version=0x00010002
G4-JNI GetEnv version=0x00010002
G4-JNI GetEnv version=0x00010002
G4-JNI GetEnv version=0x00010002
G4-JNI GetEnv version=0x00010002
G4-JNI GetEnv version=0x00010002
G4-JNI GetEnv version=0x00010002
G4-JNI GetEnv version=0x00010002
G4-JNI GetEnv version=0x00010002
G4-JNI GetEnv version=0x00010002
G4-JNI GetEnv version=0x00010002
G4-JNI GetEnv version=0x00010002
G4-JNI GetEnv version=0x00010002
G4-JNI GetEnv version=0x00010002
G4-JNI GetEnv version=0x00010002
G4-JNI GetEnv version=0x00010002
G4-JNI GetEnv version=0x00010002
G4-JNI GetEnv version=0x00010002
G4-JNI GetEnv version=0x00010002
G4-JNI GetEnv version=0x00010002
G4-JNI GetEnv version=0x00010002
G4-JNI GetEnv version=0x00010002
G4-JNI GetEnv version=0x00010002
G4-JNI GetEnv version=0x00010002
G4-JNI GetEnv version=0x00010002
G4-JNI GetEnv version=0x00010002
G6-RAW buttons=0x00000400
android[2] trace: ....................(KK) MogaController :: Inside NativeOnMotionEvent

android[2] trace: (KK) MogaController :: Inside NativeOnMotionEvent ....................

G6-MOGA motion frame=5289 axes=-32767,0,0,0,0,0
G6-MOGA dpad-as-stick frame=5289 code=21 state=down
G4-JNI GetEnv version=0x00010002
G4-JNI GetEnv version=0x00010002
G4-JNI GetEnv version=0x00010002
G4-JNI GetEnv version=0x00010002
G4-JNI GetEnv version=0x00010002
G4-JNI GetEnv version=0x00010002
G4-JNI GetEnv version=0x00010002
G4-JNI GetEnv version=0x00010002
G6-RAW buttons=0x00000000
android[2] trace: ....................(KK) MogaController :: Inside NativeOnMotionEvent

android[2] trace: (KK) MogaController :: Inside NativeOnMotionEvent ....................

G6-MOGA dpad-as-stick frame=5297 code=21 state=up
G4-JNI GetEnv version=0x00010002
G4-JNI GetEnv version=0x00010002
G4-JNI GetEnv version=0x00010002
G4-JNI GetEnv version=0x00010002
G4-JNI GetEnv version=0x00010002
G4-JNI GetEnv version=0x00010002
G4-JNI GetEnv version=0x00010002
G4-JNI GetEnv version=0x00010002
G4-JNI GetEnv version=0x00010002
G4-JNI GetEnv version=0x00010002
G4-JNI GetEnv version=0x00010002
G4-JNI GetEnv version=0x00010002
G4-JNI GetEnv version=0x00010002
G4-JNI GetEnv version=0x00010002
G4-JNI GetEnv version=0x00010002
G4-JNI GetEnv version=0x00010002
G6-RAW buttons=0x00000400
android[2] trace: ....................(KK) MogaController :: Inside NativeOnMotionEvent

android[2] trace: (KK) MogaController :: Inside NativeOnMotionEvent ....................

G6-MOGA motion frame=5313 axes=-32767,0,0,0,0,0
G6-MOGA dpad-as-stick frame=5313 code=21 state=down
G4-JNI GetEnv version=0x00010002
G4-JNI GetEnv version=0x00010002
G4-JNI GetEnv version=0x00010002
G4-JNI GetEnv version=0x00010002
G4-JNI GetEnv version=0x00010002
G4-JNI GetEnv version=0x00010002
G4-JNI GetEnv version=0x00010002
G4-JNI GetEnv version=0x00010002
G4-JNI GetEnv version=0x00010002
G6-RAW buttons=0x00000000
android[2] trace: ....................(KK) MogaController :: Inside NativeOnMotionEvent

android[2] trace: (KK) MogaController :: Inside NativeOnMotionEvent ....................

G6-MOGA dpad-as-stick frame=5322 code=21 state=up
G4-JNI GetEnv version=0x00010002
G4-JNI GetEnv version=0x00010002
G4-JNI GetEnv version=0x00010002
G4-JNI GetEnv version=0x00010002
G4-JNI GetEnv version=0x00010002
G4-JNI GetEnv version=0x00010002
G4-JNI GetEnv version=0x00010002
G4-JNI GetEnv version=0x00010002
G4-JNI GetEnv version=0x00010002
G4-JNI GetEnv version=0x00010002
G6-RAW buttons=0x00000400
android[2] trace: ....................(KK) MogaController :: Inside NativeOnMotionEvent

android[2] trace: (KK) MogaController :: Inside NativeOnMotionEvent ....................

G6-MOGA motion frame=5332 axes=-32767,0,0,0,0,0
G6-MOGA dpad-as-stick frame=5332 code=21 state=down
G4-JNI GetEnv version=0x00010002
G4-JNI GetEnv version=0x00010002
G4-JNI GetEnv version=0x00010002
G4-JNI GetEnv version=0x00010002
G4-JNI GetEnv version=0x00010002
G4-JNI GetEnv version=0x00010002
G4-JNI GetEnv version=0x00010002
G4-JNI GetEnv version=0x00010002
G6-RAW buttons=0x00000000
android[2] trace: ....................(KK) MogaController :: Inside NativeOnMotionEvent

android[2] trace: (KK) MogaController :: Inside NativeOnMotionEvent ....................

G6-MOGA dpad-as-stick frame=5340 code=21 state=up
G4-JNI GetEnv version=0x00010002
G4-JNI GetEnv version=0x00010002
G4-JNI GetEnv version=0x00010002
G4-JNI GetEnv version=0x00010002
G4-JNI GetEnv version=0x00010002
G4-JNI GetEnv version=0x00010002
G4-JNI GetEnv version=0x00010002
G4-JNI GetEnv version=0x00010002
G4-JNI GetEnv version=0x00010002
G4-JNI GetEnv version=0x00010002
G4-JNI GetEnv version=0x00010002
G4-JNI GetEnv version=0x00010002
G4-JNI GetEnv version=0x00010002
G4-JNI GetEnv version=0x00010002
G4-JNI GetEnv version=0x00010002
G4-JNI GetEnv version=0x00010002
G4-JNI GetEnv version=0x00010002
G4-JNI GetEnv version=0x00010002
G6-RAW buttons=0x00000400
android[2] trace: ....................(KK) MogaController :: Inside NativeOnMotionEvent

android[2] trace: (KK) MogaController :: Inside NativeOnMotionEvent ....................

G6-MOGA motion frame=5358 axes=-32767,0,0,0,0,0
G6-MOGA dpad-as-stick frame=5358 code=21 state=down
G4-JNI GetEnv version=0x00010002
G4-JNI GetEnv version=0x00010002
G4-JNI GetEnv version=0x00010002
G4-JNI GetEnv version=0x00010002
G4-JNI GetEnv version=0x00010002
G4-JNI GetEnv version=0x00010002
G4-JNI GetEnv version=0x00010002
G4-JNI GetEnv version=0x00010002
G4-JNI GetEnv version=0x00010002
G4-JNI GetEnv version=0x00010002
G6-RAW buttons=0x00000000
android[2] trace: ....................(KK) MogaController :: Inside NativeOnMotionEvent

android[2] trace: (KK) MogaController :: Inside NativeOnMotionEvent ....................

G6-MOGA dpad-as-stick frame=5368 code=21 state=up
G4-JNI GetEnv version=0x00010002
G4-JNI GetEnv version=0x00010002
G4-JNI GetEnv version=0x00010002
G4-JNI GetEnv version=0x00010002
G4-JNI GetEnv version=0x00010002
G4-JNI GetEnv version=0x00010002
G4-JNI GetEnv version=0x00010002
G4-JNI GetEnv version=0x00010002
G4-JNI GetEnv version=0x00010002
G4-JNI GetEnv version=0x00010002
G4-JNI GetEnv version=0x00010002
G4-JNI GetEnv version=0x00010002
G4-JNI GetEnv version=0x00010002
G4-JNI GetEnv version=0x00010002
G4-JNI GetEnv version=0x00010002
G4-JNI GetEnv version=0x00010002
G4-JNI GetEnv version=0x00010002
G4-JNI GetEnv version=0x00010002
G4-JNI GetEnv version=0x00010002
G4-JNI GetEnv version=0x00010002
G4-JNI GetEnv version=0x00010002
G4-JNI GetEnv version=0x00010002
G4-JNI GetEnv version=0x00010002
G4-JNI GetEnv version=0x00010002
G4-JNI GetEnv version=0x00010002
G4-JNI GetEnv version=0x00010002
G4-JNI GetEnv version=0x00010002
G4-JNI GetEnv version=0x00010002
G4-JNI GetEnv version=0x00010002
G4-JNI GetEnv version=0x00010002
G4-JNI GetEnv version=0x00010002
G4-JNI GetEnv version=0x00010002
G7-FRAME enter=5400
G4-JNI GetEnv version=0x00010002
G5-GL STATE frame=5400 framebuffer=0 status=0x8cd5 errors=0
G7-FRAME leave=5400
G4-JNI GetEnv version=0x00010002
G4-JNI GetEnv version=0x00010002
G6-RAW buttons=0x00000400
android[2] trace: ....................(KK) MogaController :: Inside NativeOnMotionEvent

android[2] trace: (KK) MogaController :: Inside NativeOnMotionEvent ....................

G6-MOGA motion frame=5403 axes=-32767,0,0,0,0,0
G6-MOGA dpad-as-stick frame=5403 code=21 state=down
G4-JNI GetEnv version=0x00010002
G4-JNI GetEnv version=0x00010002
G4-JNI GetEnv version=0x00010002
G4-JNI GetEnv version=0x00010002
G4-JNI GetEnv version=0x00010002
G4-JNI GetEnv version=0x00010002
G4-JNI GetEnv version=0x00010002
G4-JNI GetEnv version=0x00010002
G4-JNI GetEnv version=0x00010002
G4-JNI GetEnv version=0x00010002
G4-JNI GetEnv version=0x00010002
G4-JNI GetEnv version=0x00010002
G4-JNI GetEnv version=0x00010002
G4-JNI GetEnv version=0x00010002
G4-JNI GetEnv version=0x00010002
G4-JNI GetEnv version=0x00010002
G4-JNI GetEnv version=0x00010002
G4-JNI GetEnv version=0x00010002
G4-JNI GetEnv version=0x00010002
G4-JNI GetEnv version=0x00010002
G4-JNI GetEnv version=0x00010002
G4-JNI GetEnv version=0x00010002
G6-RAW buttons=0x00000000
android[2] trace: ....................(KK) MogaController :: Inside NativeOnMotionEvent

android[2] trace: (KK) MogaController :: Inside NativeOnMotionEvent ....................

G6-MOGA motion frame=5425 axes=0,0,0,0,0,0
G6-MOGA dpad-as-stick frame=5425 code=21 state=up
G4-JNI GetEnv version=0x00010002
G4-JNI GetEnv version=0x00010002
G4-JNI GetEnv version=0x00010002
G4-JNI GetEnv version=0x00010002
G4-JNI GetEnv version=0x00010002
G4-JNI GetEnv version=0x00010002
G4-JNI GetEnv version=0x00010002
G4-JNI GetEnv version=0x00010002
G4-JNI GetEnv version=0x00010002
G4-JNI GetEnv version=0x00010002
G4-JNI GetEnv version=0x00010002
G4-JNI GetEnv version=0x00010002
G4-JNI GetEnv version=0x00010002
G4-JNI GetEnv version=0x00010002
G4-JNI GetEnv version=0x00010002
G4-JNI GetEnv version=0x00010002
G4-JNI GetEnv version=0x00010002
G4-JNI GetEnv version=0x00010002
G4-JNI GetEnv version=0x00010002
G4-JNI GetEnv version=0x00010002
G4-JNI GetEnv version=0x00010002
G4-JNI GetEnv version=0x00010002
G4-JNI GetEnv version=0x00010002
G4-JNI GetEnv version=0x00010002
G4-JNI GetEnv version=0x00010002
G4-JNI GetEnv version=0x00010002
G4-JNI GetEnv version=0x00010002
G4-JNI GetEnv version=0x00010002
G4-JNI GetEnv version=0x00010002
G4-JNI GetEnv version=0x00010002
G4-JNI GetEnv version=0x00010002
G4-JNI GetEnv version=0x00010002
G4-JNI GetEnv version=0x00010002
G4-JNI GetEnv version=0x00010002
G6-RAW buttons=0x00000400
android[2] trace: ....................(KK) MogaController :: Inside NativeOnMotionEvent

android[2] trace: (KK) MogaController :: Inside NativeOnMotionEvent ....................

G6-MOGA motion frame=5459 axes=-32767,0,0,0,0,0
G6-MOGA dpad-as-stick frame=5459 code=21 state=down
G4-JNI GetEnv version=0x00010002
G4-JNI GetEnv version=0x00010002
G4-JNI GetEnv version=0x00010002
G4-JNI GetEnv version=0x00010002
G4-JNI GetEnv version=0x00010002
G4-JNI GetEnv version=0x00010002
G4-JNI GetEnv version=0x00010002
G6-RAW buttons=0x00000000
android[2] trace: ....................(KK) MogaController :: Inside NativeOnMotionEvent

android[2] trace: (KK) MogaController :: Inside NativeOnMotionEvent ....................

G6-MOGA dpad-as-stick frame=5466 code=21 state=up
G4-JNI GetEnv version=0x00010002
G4-JNI GetEnv version=0x00010002
G4-JNI GetEnv version=0x00010002
G4-JNI GetEnv version=0x00010002
G4-JNI GetEnv version=0x00010002
G4-JNI GetEnv version=0x00010002
G4-JNI GetEnv version=0x00010002
G4-JNI GetEnv version=0x00010002
G4-JNI GetEnv version=0x00010002
G4-JNI GetEnv version=0x00010002
G4-JNI GetEnv version=0x00010002
G4-JNI GetEnv version=0x00010002
G4-JNI GetEnv version=0x00010002
G4-JNI GetEnv version=0x00010002
G4-JNI GetEnv version=0x00010002
G4-JNI GetEnv version=0x00010002
G4-JNI GetEnv version=0x00010002
G4-JNI GetEnv version=0x00010002
G4-JNI GetEnv version=0x00010002
G4-JNI GetEnv version=0x00010002
G4-JNI GetEnv version=0x00010002
G4-JNI GetEnv version=0x00010002
G4-JNI GetEnv version=0x00010002
G4-JNI GetEnv version=0x00010002
G4-JNI GetEnv version=0x00010002
G4-JNI GetEnv version=0x00010002
G4-JNI GetEnv version=0x00010002
G4-JNI GetEnv version=0x00010002
G4-JNI GetEnv version=0x00010002
G4-JNI GetEnv version=0x00010002
G4-JNI GetEnv version=0x00010002
G4-JNI GetEnv version=0x00010002
G6-RAW buttons=0x00000400
android[2] trace: ....................(KK) MogaController :: Inside NativeOnMotionEvent

android[2] trace: (KK) MogaController :: Inside NativeOnMotionEvent ....................

G6-MOGA motion frame=5498 axes=-32767,0,0,0,0,0
G6-MOGA dpad-as-stick frame=5498 code=21 state=down
G4-JNI GetEnv version=0x00010002
G4-JNI GetEnv version=0x00010002
G4-JNI GetEnv version=0x00010002
G4-JNI GetEnv version=0x00010002
G4-JNI GetEnv version=0x00010002
G4-JNI GetEnv version=0x00010002
G6-RAW buttons=0x00000000
android[2] trace: ....................(KK) MogaController :: Inside NativeOnMotionEvent

android[2] trace: (KK) MogaController :: Inside NativeOnMotionEvent ....................

G6-MOGA dpad-as-stick frame=5504 code=21 state=up
G4-JNI GetEnv version=0x00010002
G4-JNI GetEnv version=0x00010002
G4-JNI GetEnv version=0x00010002
G4-JNI GetEnv version=0x00010002
G4-JNI GetEnv version=0x00010002
G4-JNI GetEnv version=0x00010002
G4-JNI GetEnv version=0x00010002
G4-JNI GetEnv version=0x00010002
G4-JNI GetEnv version=0x00010002
G4-JNI GetEnv version=0x00010002
G4-JNI GetEnv version=0x00010002
G4-JNI GetEnv version=0x00010002
G4-JNI GetEnv version=0x00010002
G4-JNI GetEnv version=0x00010002
G4-JNI GetEnv version=0x00010002
G4-JNI GetEnv version=0x00010002
G4-JNI GetEnv version=0x00010002
G4-JNI GetEnv version=0x00010002
G4-JNI GetEnv version=0x00010002
G4-JNI GetEnv version=0x00010002
G6-RAW buttons=0x00000400
android[2] trace: ....................(KK) MogaController :: Inside NativeOnMotionEvent

android[2] trace: (KK) MogaController :: Inside NativeOnMotionEvent ....................

G6-MOGA motion frame=5524 axes=-32767,0,0,0,0,0
G6-MOGA dpad-as-stick frame=5524 code=21 state=down
G4-JNI GetEnv version=0x00010002
G4-JNI GetEnv version=0x00010002
G4-JNI GetEnv version=0x00010002
G4-JNI GetEnv version=0x00010002
G4-JNI GetEnv version=0x00010002
G4-JNI GetEnv version=0x00010002
G6-RAW buttons=0x00000000
android[2] trace: ....................(KK) MogaController :: Inside NativeOnMotionEvent

android[2] trace: (KK) MogaController :: Inside NativeOnMotionEvent ....................

G6-MOGA dpad-as-stick frame=5530 code=21 state=up
G4-JNI GetEnv version=0x00010002
G4-JNI GetEnv version=0x00010002
G4-JNI GetEnv version=0x00010002
G4-JNI GetEnv version=0x00010002
G4-JNI GetEnv version=0x00010002
G4-JNI GetEnv version=0x00010002
G4-JNI GetEnv version=0x00010002
G4-JNI GetEnv version=0x00010002
G4-JNI GetEnv version=0x00010002
G4-JNI GetEnv version=0x00010002
G4-JNI GetEnv version=0x00010002
G4-JNI GetEnv version=0x00010002
G4-JNI GetEnv version=0x00010002
G4-JNI GetEnv version=0x00010002
G6-RAW buttons=0x00000020
android[2] trace: MoGaConTrOlLeR :: ....................(KK) MogaController :: Inside nativeOnKeyEvent 

android[2] trace: ....................(KK) MogaController :: Inside nativeOnKeyEvent 103

android[2] trace: MoGaConTrOlLeR :: ....................(KK) Key Event Key R1 1111 .....................

android[2] trace: MoGaConTrOlLeR :: ....................(KK) Key Event Key Down .....................

android[2] trace: MoGaConTrOlLeR :: ....................(KK) Listener Key Press .....................

android[2] trace: MoGaConTrOlLeR :: ....................(KK) AndroidKeyCode :: MogaKeyCode (Start of func) .....................

android[2] trace: MoGaConTrOlLeR :: ....................(KK) AndroidKeyCode :: MogaKeyCode Key Press R1 .....................

android[2] trace: MoGaConTrOlLeR :: ....................(KK) AndroidKeyCode :: MogaKeyCode Key Press R1(Nitro) Racing True.....................

android[2] trace: MoGaConTrOlLeR :: (KK) MogaController :: Inside nativeOnKeyEvent ....................

G6-MOGA key frame=5544 code=103 state=down
android[2] trace: MoGaConTrOlLeR :: ....................(KK) BaseDrivingControlScheme :: OnEvent .....................

android[2] trace: MoGaConTrOlLeR :: ....................(KK) BaseDrivingControlScheme :: onKeyPress Nitro.....................

G4-JNI GetEnv version=0x00010002
G4-JNI GetEnv version=0x00010002
G4-JNI GetEnv version=0x00010002
G4-JNI GetEnv version=0x00010002
G4-JNI GetEnv version=0x00010002
G4-JNI GetEnv version=0x00010002
G4-JNI GetEnv version=0x00010002
G4-JNI GetEnv version=0x00010002
G4-JNI GetEnv version=0x00010002
G4-JNI GetEnv version=0x00010002
G4-JNI GetEnv version=0x00010002
G4-JNI GetEnv version=0x00010002
G4-JNI GetEnv version=0x00010002
G4-JNI GetEnv version=0x00010002
G4-JNI GetEnv version=0x00010002
G4-JNI GetEnv version=0x00010002
G6-RAW buttons=0x00000420
android[2] trace: ....................(KK) MogaController :: Inside NativeOnMotionEvent

android[2] trace: (KK) MogaController :: Inside NativeOnMotionEvent ....................

G6-MOGA motion frame=5560 axes=-32767,0,0,0,0,0
G6-MOGA dpad-as-stick frame=5560 code=21 state=down
G4-JNI GetEnv version=0x00010002
G4-JNI GetEnv version=0x00010002
G4-JNI GetEnv version=0x00010002
G4-JNI GetEnv version=0x00010002
G4-JNI GetEnv version=0x00010002
G4-JNI GetEnv version=0x00010002
G4-JNI GetEnv version=0x00010002
G4-JNI GetEnv version=0x00010002
G4-JNI GetEnv version=0x00010002
G4-JNI GetEnv version=0x00010002
G4-JNI GetEnv version=0x00010002
G4-JNI GetEnv version=0x00010002
G6-RAW buttons=0x00000020
android[2] trace: ....................(KK) MogaController :: Inside NativeOnMotionEvent

android[2] trace: (KK) MogaController :: Inside NativeOnMotionEvent ....................

G6-MOGA dpad-as-stick frame=5572 code=21 state=up
G4-JNI GetEnv version=0x00010002
G4-JNI GetEnv version=0x00010002
G4-JNI GetEnv version=0x00010002
G4-JNI GetEnv version=0x00010002
G4-JNI GetEnv version=0x00010002
G4-JNI GetEnv version=0x00010002
G4-JNI GetEnv version=0x00010002
G4-JNI GetEnv version=0x00010002
G4-JNI GetEnv version=0x00010002
G4-JNI GetEnv version=0x00010002
G4-JNI GetEnv version=0x00010002
G4-JNI GetEnv version=0x00010002
G4-JNI GetEnv version=0x00010002
G4-JNI GetEnv version=0x00010002
G4-JNI GetEnv version=0x00010002
G6-RAW buttons=0x00000420
android[2] trace: ....................(KK) MogaController :: Inside NativeOnMotionEvent

android[2] trace: (KK) MogaController :: Inside NativeOnMotionEvent ....................

G6-MOGA motion frame=5587 axes=-32767,0,0,0,0,0
G6-MOGA dpad-as-stick frame=5587 code=21 state=down
G4-JNI GetEnv version=0x00010002
G4-JNI GetEnv version=0x00010002
G4-JNI GetEnv version=0x00010002
G4-JNI GetEnv version=0x00010002
G4-JNI GetEnv version=0x00010002
G4-JNI GetEnv version=0x00010002
G6-RAW buttons=0x00000020
android[2] trace: ....................(KK) MogaController :: Inside NativeOnMotionEvent

android[2] trace: (KK) MogaController :: Inside NativeOnMotionEvent ....................

G6-MOGA dpad-as-stick frame=5593 code=21 state=up
G4-JNI GetEnv version=0x00010002
G4-JNI GetEnv version=0x00010002
G4-JNI GetEnv version=0x00010002
G4-JNI GetEnv version=0x00010002
G4-JNI GetEnv version=0x00010002
G4-JNI GetEnv version=0x00010002
G4-JNI GetEnv version=0x00010002
G4-JNI GetEnv version=0x00010002
G6-RAW buttons=0x00000420
android[2] trace: ....................(KK) MogaController :: Inside NativeOnMotionEvent

android[2] trace: (KK) MogaController :: Inside NativeOnMotionEvent ....................

G6-MOGA dpad-as-stick frame=5601 code=21 state=down
G4-JNI GetEnv version=0x00010002
G4-JNI GetEnv version=0x00010002
G4-JNI GetEnv version=0x00010002
G4-JNI GetEnv version=0x00010002
G6-RAW buttons=0x00000020
android[2] trace: ....................(KK) MogaController :: Inside NativeOnMotionEvent

android[2] trace: (KK) MogaController :: Inside NativeOnMotionEvent ....................

G6-MOGA motion frame=5605 axes=0,0,0,0,0,0
G6-MOGA dpad-as-stick frame=5605 code=21 state=up
G4-JNI GetEnv version=0x00010002
G4-JNI GetEnv version=0x00010002
G4-JNI GetEnv version=0x00010002
G4-JNI GetEnv version=0x00010002
G4-JNI GetEnv version=0x00010002
G4-JNI GetEnv version=0x00010002
G4-JNI GetEnv version=0x00010002
G4-JNI GetEnv version=0x00010002
G4-JNI GetEnv version=0x00010002
G4-JNI GetEnv version=0x00010002
G4-JNI GetEnv version=0x00010002
G4-JNI GetEnv version=0x00010002
G4-JNI GetEnv version=0x00010002
G4-JNI GetEnv version=0x00010002
G4-JNI GetEnv version=0x00010002
G4-JNI GetEnv version=0x00010002
G4-JNI GetEnv version=0x00010002
G6-RAW buttons=0x00000420
android[2] trace: ....................(KK) MogaController :: Inside NativeOnMotionEvent

android[2] trace: (KK) MogaController :: Inside NativeOnMotionEvent ....................

G6-MOGA motion frame=5622 axes=-32767,0,0,0,0,0
G6-MOGA dpad-as-stick frame=5622 code=21 state=down
G4-JNI GetEnv version=0x00010002
G4-JNI GetEnv version=0x00010002
G4-JNI GetEnv version=0x00010002
G4-JNI GetEnv version=0x00010002
G4-JNI GetEnv version=0x00010002
G4-JNI GetEnv version=0x00010002
G4-JNI GetEnv version=0x00010002
G6-RAW buttons=0x00000020
android[2] trace: ....................(KK) MogaController :: Inside NativeOnMotionEvent

android[2] trace: (KK) MogaController :: Inside NativeOnMotionEvent ....................

G6-MOGA dpad-as-stick frame=5629 code=21 state=up
G4-JNI GetEnv version=0x00010002
G4-JNI GetEnv version=0x00010002
G4-JNI GetEnv version=0x00010002
G4-JNI GetEnv version=0x00010002
G4-JNI GetEnv version=0x00010002
G4-JNI GetEnv version=0x00010002
G4-JNI GetEnv version=0x00010002
G4-JNI GetEnv version=0x00010002
G4-JNI GetEnv version=0x00010002
G4-JNI GetEnv version=0x00010002
G6-RAW buttons=0x00000420
android[2] trace: ....................(KK) MogaController :: Inside NativeOnMotionEvent

android[2] trace: (KK) MogaController :: Inside NativeOnMotionEvent ....................

G6-MOGA motion frame=5639 axes=-32767,0,0,0,0,0
G6-MOGA dpad-as-stick frame=5639 code=21 state=down
G4-JNI GetEnv version=0x00010002
G4-JNI GetEnv version=0x00010002
G4-JNI GetEnv version=0x00010002
G4-JNI GetEnv version=0x00010002
G4-JNI GetEnv version=0x00010002
G6-RAW buttons=0x00000020
android[2] trace: ....................(KK) MogaController :: Inside NativeOnMotionEvent

android[2] trace: (KK) MogaController :: Inside NativeOnMotionEvent ....................

G6-MOGA dpad-as-stick frame=5644 code=21 state=up
G4-JNI GetEnv version=0x00010002
G4-JNI GetEnv version=0x00010002
G4-JNI GetEnv version=0x00010002
G4-JNI GetEnv version=0x00010002
G4-JNI GetEnv version=0x00010002
G4-JNI GetEnv version=0x00010002
G4-JNI GetEnv version=0x00010002
G4-JNI GetEnv version=0x00010002
G4-JNI GetEnv version=0x00010002
G4-JNI GetEnv version=0x00010002
G4-JNI GetEnv version=0x00010002
G4-JNI GetEnv version=0x00010002
G4-JNI GetEnv version=0x00010002
G4-JNI GetEnv version=0x00010002
G4-JNI GetEnv version=0x00010002
G4-JNI GetEnv version=0x00010002
G4-JNI GetEnv version=0x00010002
G4-JNI GetEnv version=0x00010002
G4-JNI GetEnv version=0x00010002
G4-JNI GetEnv version=0x00010002
G4-JNI GetEnv version=0x00010002
G4-JNI GetEnv version=0x00010002
G4-JNI GetEnv version=0x00010002
G4-JNI GetEnv version=0x00010002
G4-JNI GetEnv version=0x00010002
G4-JNI GetEnv version=0x00010002
G4-JNI GetEnv version=0x00010002
G4-JNI GetEnv version=0x00010002
G4-JNI GetEnv version=0x00010002
G4-JNI GetEnv version=0x00010002
G4-JNI GetEnv version=0x00010002
G4-JNI GetEnv version=0x00010002
G4-JNI GetEnv version=0x00010002
G4-JNI GetEnv version=0x00010002
G4-JNI GetEnv version=0x00010002
G4-JNI GetEnv version=0x00010002
G4-JNI GetEnv version=0x00010002
G4-JNI GetEnv version=0x00010002
G4-JNI GetEnv version=0x00010002
G4-JNI GetEnv version=0x00010002
G4-JNI GetEnv version=0x00010002
G4-JNI GetEnv version=0x00010002
G4-JNI GetEnv version=0x00010002
G4-JNI GetEnv version=0x00010002
G4-JNI GetEnv version=0x00010002
G4-JNI GetEnv version=0x00010002
G4-JNI GetEnv version=0x00010002
G4-JNI GetEnv version=0x00010002
G4-JNI GetEnv version=0x00010002
G4-JNI GetEnv version=0x00010002
G4-JNI GetEnv version=0x00010002
G4-JNI GetEnv version=0x00010002
G4-JNI GetEnv version=0x00010002
G4-JNI GetEnv version=0x00010002
G4-JNI GetEnv version=0x00010002
G4-JNI GetEnv version=0x00010002
G7-FRAME enter=5700
G4-JNI GetEnv version=0x00010002
G5-GL STATE frame=5700 framebuffer=0 status=0x8cd5 errors=0
G7-FRAME leave=5700
G4-JNI GetEnv version=0x00010002
G4-JNI GetEnv version=0x00010002
G4-JNI GetEnv version=0x00010002
G4-JNI GetEnv version=0x00010002
G4-JNI GetEnv version=0x00010002
G4-JNI GetEnv version=0x00010002
G4-JNI GetEnv version=0x00010002
G4-JNI GetEnv version=0x00010002
G4-JNI GetEnv version=0x00010002
G4-JNI GetEnv version=0x00010002
G6-RAW buttons=0x00000000
android[2] trace: MoGaConTrOlLeR :: ....................(KK) MogaController :: Inside nativeOnKeyEvent 

android[2] trace: ....................(KK) MogaController :: Inside nativeOnKeyEvent 103

android[2] trace: MoGaConTrOlLeR :: ....................(KK) Key Event Key R1 1111 .....................

android[2] trace: MoGaConTrOlLeR :: ....................(KK) Key Event Key up .....................

android[2] trace: MoGaConTrOlLeR :: ....................(KK) Listener Key Release .....................

android[2] trace: MoGaConTrOlLeR :: ....................(KK) AndroidKeyCode :: MogaKeyCode (Start of func) .....................

android[2] trace: MoGaConTrOlLeR :: ....................(KK) AndroidKeyCode :: MogaKeyCode Key Press R1 .....................

android[2] trace: MoGaConTrOlLeR :: ....................(KK) AndroidKeyCode :: MogaKeyCode Key Press R1(Nitro) Racing True.....................

android[2] trace: MoGaConTrOlLeR :: (KK) MogaController :: Inside nativeOnKeyEvent ....................

G6-MOGA key frame=5711 code=103 state=up
android[2] trace: MoGaConTrOlLeR :: ....................(KK) BaseDrivingControlScheme :: OnEvent .....................

android[2] trace: MoGaConTrOlLeR :: ....................(KK) BaseDrivingControlScheme :: OnKeyRelease Nothing :( .....................

G4-JNI GetEnv version=0x00010002
G4-JNI GetEnv version=0x00010002
G4-JNI GetEnv version=0x00010002
G4-JNI GetEnv version=0x00010002
G4-JNI GetEnv version=0x00010002
G4-JNI GetEnv version=0x00010002
G4-JNI GetEnv version=0x00010002
G4-JNI GetEnv version=0x00010002
G4-JNI GetEnv version=0x00010002
G4-JNI GetEnv version=0x00010002
G4-JNI GetEnv version=0x00010002
G4-JNI GetEnv version=0x00010002
G4-JNI GetEnv version=0x00010002
G6-RAW buttons=0x00000800
android[2] trace: ....................(KK) MogaController :: Inside NativeOnMotionEvent

android[2] trace: (KK) MogaController :: Inside NativeOnMotionEvent ....................

G6-MOGA motion frame=5724 axes=32767,0,0,0,0,0
G6-MOGA dpad-as-stick frame=5724 code=22 state=down
G4-JNI GetEnv version=0x00010002
G4-JNI GetEnv version=0x00010002
G4-JNI GetEnv version=0x00010002
G4-JNI GetEnv version=0x00010002
G4-JNI GetEnv version=0x00010002
G6-RAW buttons=0x00000000
android[2] trace: ....................(KK) MogaController :: Inside NativeOnMotionEvent

android[2] trace: (KK) MogaController :: Inside NativeOnMotionEvent ....................

G6-MOGA dpad-as-stick frame=5729 code=22 state=up
G4-JNI GetEnv version=0x00010002
G4-JNI GetEnv version=0x00010002
G4-JNI GetEnv version=0x00010002
G4-JNI GetEnv version=0x00010002
G4-JNI GetEnv version=0x00010002
G4-JNI GetEnv version=0x00010002
G4-JNI GetEnv version=0x00010002
G4-JNI GetEnv version=0x00010002
G6-RAW buttons=0x00000800
android[2] trace: ....................(KK) MogaController :: Inside NativeOnMotionEvent

android[2] trace: (KK) MogaController :: Inside NativeOnMotionEvent ....................

G6-MOGA dpad-as-stick frame=5737 code=22 state=down
G4-JNI GetEnv version=0x00010002
G4-JNI GetEnv version=0x00010002
G4-JNI GetEnv version=0x00010002
G4-JNI GetEnv version=0x00010002
G4-JNI GetEnv version=0x00010002
G4-JNI GetEnv version=0x00010002
G6-RAW buttons=0x00000000
android[2] trace: ....................(KK) MogaController :: Inside NativeOnMotionEvent

android[2] trace: (KK) MogaController :: Inside NativeOnMotionEvent ....................

G6-MOGA motion frame=5743 axes=0,0,0,0,0,0
G6-MOGA dpad-as-stick frame=5743 code=22 state=up
G4-JNI GetEnv version=0x00010002
G4-JNI GetEnv version=0x00010002
G4-JNI GetEnv version=0x00010002
G4-JNI GetEnv version=0x00010002
G4-JNI GetEnv version=0x00010002
G4-JNI GetEnv version=0x00010002
G4-JNI GetEnv version=0x00010002
G4-JNI GetEnv version=0x00010002
G4-JNI GetEnv version=0x00010002
G4-JNI GetEnv version=0x00010002
G4-JNI GetEnv version=0x00010002
G4-JNI GetEnv version=0x00010002
G4-JNI GetEnv version=0x00010002
G4-JNI GetEnv version=0x00010002
G6-RAW buttons=0x00000800
android[2] trace: ....................(KK) MogaController :: Inside NativeOnMotionEvent

android[2] trace: (KK) MogaController :: Inside NativeOnMotionEvent ....................

G6-MOGA dpad-as-stick frame=5757 code=22 state=down
G4-JNI GetEnv version=0x00010002
G4-JNI GetEnv version=0x00010002
G4-JNI GetEnv version=0x00010002
G4-JNI GetEnv version=0x00010002
G6-RAW buttons=0x00000000
android[2] trace: ....................(KK) MogaController :: Inside NativeOnMotionEvent

android[2] trace: (KK) MogaController :: Inside NativeOnMotionEvent ....................

G6-MOGA motion frame=5761 axes=0,0,0,0,0,0
G6-MOGA dpad-as-stick frame=5761 code=22 state=up
G4-JNI GetEnv version=0x00010002
G4-JNI GetEnv version=0x00010002
G4-JNI GetEnv version=0x00010002
G4-JNI GetEnv version=0x00010002
G4-JNI GetEnv version=0x00010002
G4-JNI GetEnv version=0x00010002
G6-RAW buttons=0x00000800
android[2] trace: ....................(KK) MogaController :: Inside NativeOnMotionEvent

android[2] trace: (KK) MogaController :: Inside NativeOnMotionEvent ....................

G6-MOGA dpad-as-stick frame=5767 code=22 state=down
G4-JNI GetEnv version=0x00010002
G4-JNI GetEnv version=0x00010002
G4-JNI GetEnv version=0x00010002
G4-JNI GetEnv version=0x00010002
G6-RAW buttons=0x00000000
android[2] trace: ....................(KK) MogaController :: Inside NativeOnMotionEvent

android[2] trace: (KK) MogaController :: Inside NativeOnMotionEvent ....................

G6-MOGA dpad-as-stick frame=5771 code=22 state=up
G4-JNI GetEnv version=0x00010002
G4-JNI GetEnv version=0x00010002
G4-JNI GetEnv version=0x00010002
G4-JNI GetEnv version=0x00010002
G4-JNI GetEnv version=0x00010002
G4-JNI GetEnv version=0x00010002
G6-RAW buttons=0x00000800
android[2] trace: ....................(KK) MogaController :: Inside NativeOnMotionEvent

android[2] trace: (KK) MogaController :: Inside NativeOnMotionEvent ....................

G6-MOGA motion frame=5777 axes=32767,0,0,0,0,0
G6-MOGA dpad-as-stick frame=5777 code=22 state=down
G4-JNI GetEnv version=0x00010002
G4-JNI GetEnv version=0x00010002
G4-JNI GetEnv version=0x00010002
G4-JNI GetEnv version=0x00010002
G4-JNI GetEnv version=0x00010002
G6-RAW buttons=0x00000000
android[2] trace: ....................(KK) MogaController :: Inside NativeOnMotionEvent

android[2] trace: (KK) MogaController :: Inside NativeOnMotionEvent ....................

G6-MOGA dpad-as-stick frame=5782 code=22 state=up
G4-JNI GetEnv version=0x00010002
G4-JNI GetEnv version=0x00010002
G4-JNI GetEnv version=0x00010002
G4-JNI GetEnv version=0x00010002
G4-JNI GetEnv version=0x00010002
G4-JNI GetEnv version=0x00010002
G4-JNI GetEnv version=0x00010002
G4-JNI GetEnv version=0x00010002
G4-JNI GetEnv version=0x00010002
G4-JNI GetEnv version=0x00010002
G4-JNI GetEnv version=0x00010002
G4-JNI GetEnv version=0x00010002
G4-JNI GetEnv version=0x00010002
G4-JNI GetEnv version=0x00010002
android[2] trace: ....................(KK) MogaController :: Inside NativeOnMotionEvent

android[2] trace: (KK) MogaController :: Inside NativeOnMotionEvent ....................

G6-MOGA motion frame=5796 axes=32767,0,0,0,0,0
G4-JNI GetEnv version=0x00010002
G4-JNI GetEnv version=0x00010002
G4-JNI GetEnv version=0x00010002
G4-JNI GetEnv version=0x00010002
G4-JNI GetEnv version=0x00010002
G4-JNI GetEnv version=0x00010002
G4-JNI GetEnv version=0x00010002
G4-JNI GetEnv version=0x00010002
G4-JNI GetEnv version=0x00010002
android[2] trace: ....................(KK) MogaController :: Inside NativeOnMotionEvent

android[2] trace: (KK) MogaController :: Inside NativeOnMotionEvent ....................

G4-JNI GetEnv version=0x00010002
G4-JNI GetEnv version=0x00010002
G4-JNI GetEnv version=0x00010002
G4-JNI GetEnv version=0x00010002
G4-JNI GetEnv version=0x00010002
G4-JNI GetEnv version=0x00010002
G4-JNI GetEnv version=0x00010002
G4-JNI GetEnv version=0x00010002
android[2] trace: ....................(KK) MogaController :: Inside NativeOnMotionEvent

android[2] trace: (KK) MogaController :: Inside NativeOnMotionEvent ....................

G6-MOGA motion frame=5813 axes=32767,0,0,0,0,0
G4-JNI GetEnv version=0x00010002
G4-JNI GetEnv version=0x00010002
G4-JNI GetEnv version=0x00010002
G4-JNI GetEnv version=0x00010002
G4-JNI GetEnv version=0x00010002
G4-JNI GetEnv version=0x00010002
G4-JNI GetEnv version=0x00010002
G4-JNI GetEnv version=0x00010002
android[2] trace: ....................(KK) MogaController :: Inside NativeOnMotionEvent

android[2] trace: (KK) MogaController :: Inside NativeOnMotionEvent ....................

G4-JNI GetEnv version=0x00010002
G4-JNI GetEnv version=0x00010002
G4-JNI GetEnv version=0x00010002
G4-JNI GetEnv version=0x00010002
G4-JNI GetEnv version=0x00010002
G4-JNI GetEnv version=0x00010002
G4-JNI GetEnv version=0x00010002
G4-JNI GetEnv version=0x00010002
G4-JNI GetEnv version=0x00010002
G4-JNI GetEnv version=0x00010002
G4-JNI GetEnv version=0x00010002
android[2] trace: ....................(KK) MogaController :: Inside NativeOnMotionEvent

android[2] trace: (KK) MogaController :: Inside NativeOnMotionEvent ....................

G6-MOGA motion frame=5832 axes=-32767,0,0,0,0,0
G4-JNI GetEnv version=0x00010002
G4-JNI GetEnv version=0x00010002
G4-JNI GetEnv version=0x00010002
G4-JNI GetEnv version=0x00010002
G4-JNI GetEnv version=0x00010002
G4-JNI GetEnv version=0x00010002
G4-JNI GetEnv version=0x00010002
G4-JNI GetEnv version=0x00010002
G4-JNI GetEnv version=0x00010002
G4-JNI GetEnv version=0x00010002
G4-JNI GetEnv version=0x00010002
G4-JNI GetEnv version=0x00010002
G4-JNI GetEnv version=0x00010002
G4-JNI GetEnv version=0x00010002
android[2] trace: ....................(KK) MogaController :: Inside NativeOnMotionEvent

android[2] trace: (KK) MogaController :: Inside NativeOnMotionEvent ....................

G4-JNI GetEnv version=0x00010002
G4-JNI GetEnv version=0x00010002
G4-JNI GetEnv version=0x00010002
G4-JNI GetEnv version=0x00010002
G4-JNI GetEnv version=0x00010002
G4-JNI GetEnv version=0x00010002
G4-JNI GetEnv version=0x00010002
G4-JNI GetEnv version=0x00010002
G4-JNI GetEnv version=0x00010002
G4-JNI GetEnv version=0x00010002
G4-JNI GetEnv version=0x00010002
G4-JNI GetEnv version=0x00010002
G4-JNI GetEnv version=0x00010002
G4-JNI GetEnv version=0x00010002
G4-JNI GetEnv version=0x00010002
G4-JNI GetEnv version=0x00010002
G4-JNI GetEnv version=0x00010002
G4-JNI GetEnv version=0x00010002
G4-JNI GetEnv version=0x00010002
G4-JNI GetEnv version=0x00010002
G4-JNI GetEnv version=0x00010002
G4-JNI GetEnv version=0x00010002
G4-JNI GetEnv version=0x00010002
G4-JNI GetEnv version=0x00010002
G4-JNI GetEnv version=0x00010002
G4-JNI GetEnv version=0x00010002
G4-JNI GetEnv version=0x00010002
G4-JNI GetEnv version=0x00010002
android[2] trace: ....................(KK) MogaController :: Inside NativeOnMotionEvent

android[2] trace: (KK) MogaController :: Inside NativeOnMotionEvent ....................

G6-MOGA motion frame=5874 axes=32767,0,0,0,0,0
G4-JNI GetEnv version=0x00010002
G4-JNI GetEnv version=0x00010002
G4-JNI GetEnv version=0x00010002
G4-JNI GetEnv version=0x00010002
G4-JNI GetEnv version=0x00010002
G4-JNI GetEnv version=0x00010002
G4-JNI GetEnv version=0x00010002
G4-JNI GetEnv version=0x00010002
G4-JNI GetEnv version=0x00010002
G4-JNI GetEnv version=0x00010002
G4-JNI GetEnv version=0x00010002
G4-JNI GetEnv version=0x00010002
G4-JNI GetEnv version=0x00010002
G4-JNI GetEnv version=0x00010002
android[2] trace: ....................(KK) MogaController :: Inside NativeOnMotionEvent

android[2] trace: (KK) MogaController :: Inside NativeOnMotionEvent ....................

G4-JNI GetEnv version=0x00010002
G4-JNI GetEnv version=0x00010002
G4-JNI GetEnv version=0x00010002
G4-JNI GetEnv version=0x00010002
G4-JNI GetEnv version=0x00010002
G4-JNI GetEnv version=0x00010002
G4-JNI GetEnv version=0x00010002
G4-JNI GetEnv version=0x00010002
android[2] trace: ....................(KK) MogaController :: Inside NativeOnMotionEvent

android[2] trace: (KK) MogaController :: Inside NativeOnMotionEvent ....................

G6-MOGA motion frame=5896 axes=32767,0,0,0,0,0
G4-JNI GetEnv version=0x00010002
G4-JNI GetEnv version=0x00010002
G4-JNI GetEnv version=0x00010002
G4-JNI GetEnv version=0x00010002
G4-JNI GetEnv version=0x00010002
G4-JNI GetEnv version=0x00010002
G4-JNI GetEnv version=0x00010002
G4-JNI GetEnv version=0x00010002
G4-JNI GetEnv version=0x00010002
G4-JNI GetEnv version=0x00010002
G4-JNI GetEnv version=0x00010002
android[2] trace: ....................(KK) MogaController :: Inside NativeOnMotionEvent

android[2] trace: (KK) MogaController :: Inside NativeOnMotionEvent ....................

G4-JNI GetEnv version=0x00010002
G4-JNI GetEnv version=0x00010002
G4-JNI GetEnv version=0x00010002
G4-JNI GetEnv version=0x00010002
G4-JNI GetEnv version=0x00010002
G4-JNI GetEnv version=0x00010002
G4-JNI GetEnv version=0x00010002
G4-JNI GetEnv version=0x00010002
G4-JNI GetEnv version=0x00010002
G4-JNI GetEnv version=0x00010002
G4-JNI GetEnv version=0x00010002
G4-JNI GetEnv version=0x00010002
G4-JNI GetEnv version=0x00010002
G4-JNI GetEnv version=0x00010002
android[2] trace: ....................(KK) MogaController :: Inside NativeOnMotionEvent

android[2] trace: (KK) MogaController :: Inside NativeOnMotionEvent ....................

G6-MOGA motion frame=5921 axes=-32767,0,0,0,0,0
G4-JNI GetEnv version=0x00010002
G4-JNI GetEnv version=0x00010002
G4-JNI GetEnv version=0x00010002
G4-JNI GetEnv version=0x00010002
G4-JNI GetEnv version=0x00010002
G4-JNI GetEnv version=0x00010002
G4-JNI GetEnv version=0x00010002
G4-JNI GetEnv version=0x00010002
android[2] trace: ....................(KK) MogaController :: Inside NativeOnMotionEvent

android[2] trace: (KK) MogaController :: Inside NativeOnMotionEvent ....................

G4-JNI GetEnv version=0x00010002
G4-JNI GetEnv version=0x00010002
G4-JNI GetEnv version=0x00010002
android[2] trace: ....................(KK) MogaController :: Inside NativeOnMotionEvent

android[2] trace: (KK) MogaController :: Inside NativeOnMotionEvent ....................

G4-JNI GetEnv version=0x00010002
G4-JNI GetEnv version=0x00010002
G4-JNI GetEnv version=0x00010002
G4-JNI GetEnv version=0x00010002
G4-JNI GetEnv version=0x00010002
G4-JNI GetEnv version=0x00010002
G4-JNI GetEnv version=0x00010002
G4-JNI GetEnv version=0x00010002
G4-JNI GetEnv version=0x00010002
G4-JNI GetEnv version=0x00010002
G4-JNI GetEnv version=0x00010002
G4-JNI GetEnv version=0x00010002
G4-JNI GetEnv version=0x00010002
G4-JNI GetEnv version=0x00010002
G4-JNI GetEnv version=0x00010002
android[2] trace: ....................(KK) MogaController :: Inside NativeOnMotionEvent

android[2] trace: (KK) MogaController :: Inside NativeOnMotionEvent ....................

G6-MOGA motion frame=5947 axes=0,0,0,0,0,0
G4-JNI GetEnv version=0x00010002
G4-JNI GetEnv version=0x00010002
android[2] trace: ....................(KK) MogaController :: Inside NativeOnMotionEvent

android[2] trace: (KK) MogaController :: Inside NativeOnMotionEvent ....................

G4-JNI GetEnv version=0x00010002
G4-JNI GetEnv version=0x00010002
G4-JNI GetEnv version=0x00010002
G4-JNI GetEnv version=0x00010002
G4-JNI GetEnv version=0x00010002
G4-JNI GetEnv version=0x00010002
G4-JNI GetEnv version=0x00010002
android[2] trace: ....................(KK) MogaController :: Inside NativeOnMotionEvent

android[2] trace: (KK) MogaController :: Inside NativeOnMotionEvent ....................

G4-JNI GetEnv version=0x00010002
G4-JNI GetEnv version=0x00010002
G4-JNI GetEnv version=0x00010002
G4-JNI GetEnv version=0x00010002
G4-JNI GetEnv version=0x00010002
G4-JNI GetEnv version=0x00010002
G4-JNI GetEnv version=0x00010002
G4-JNI GetEnv version=0x00010002
G4-JNI GetEnv version=0x00010002
G4-JNI GetEnv version=0x00010002
G4-JNI GetEnv version=0x00010002
G4-JNI GetEnv version=0x00010002
G4-JNI GetEnv version=0x00010002
G4-JNI GetEnv version=0x00010002
android[2] trace: ....................(KK) MogaController :: Inside NativeOnMotionEvent

android[2] trace: (KK) MogaController :: Inside NativeOnMotionEvent ....................

G6-MOGA motion frame=5970 axes=-32767,0,0,0,0,0
G4-JNI GetEnv version=0x00010002
G4-JNI GetEnv version=0x00010002
G4-JNI GetEnv version=0x00010002
G4-JNI GetEnv version=0x00010002
G4-JNI GetEnv version=0x00010002
G4-JNI GetEnv version=0x00010002
G4-JNI GetEnv version=0x00010002
G4-JNI GetEnv version=0x00010002
G4-JNI GetEnv version=0x00010002
android[2] trace: ....................(KK) MogaController :: Inside NativeOnMotionEvent

android[2] trace: (KK) MogaController :: Inside NativeOnMotionEvent ....................

G4-JNI GetEnv version=0x00010002
G4-JNI GetEnv version=0x00010002
android[2] trace: ....................(KK) MogaController :: Inside NativeOnMotionEvent

android[2] trace: (KK) MogaController :: Inside NativeOnMotionEvent ....................

G4-JNI GetEnv version=0x00010002
G4-JNI GetEnv version=0x00010002
G4-JNI GetEnv version=0x00010002
G4-JNI GetEnv version=0x00010002
G4-JNI GetEnv version=0x00010002
G4-JNI GetEnv version=0x00010002
G4-JNI GetEnv version=0x00010002
G4-JNI GetEnv version=0x00010002
G4-JNI GetEnv version=0x00010002
G4-JNI GetEnv version=0x00010002
G4-JNI GetEnv version=0x00010002
G4-JNI GetEnv version=0x00010002
G4-JNI GetEnv version=0x00010002
G4-JNI GetEnv version=0x00010002
G4-JNI GetEnv version=0x00010002
G4-JNI GetEnv version=0x00010002
G4-JNI GetEnv version=0x00010002
G4-JNI GetEnv version=0x00010002
G4-JNI GetEnv version=0x00010002
G7-FRAME enter=6000
G4-JNI GetEnv version=0x00010002
G5-GL STATE frame=6000 framebuffer=0 status=0x8cd5 errors=0
G7-FRAME leave=6000
G4-JNI GetEnv version=0x00010002
G4-JNI GetEnv version=0x00010002
G4-JNI GetEnv version=0x00010002
G4-JNI GetEnv version=0x00010002
android[2] trace: ....................(KK) MogaController :: Inside NativeOnMotionEvent

android[2] trace: (KK) MogaController :: Inside NativeOnMotionEvent ....................

G6-MOGA motion frame=6005 axes=0,0,0,0,0,0
G4-JNI GetEnv version=0x00010002
G4-JNI GetEnv version=0x00010002
G4-JNI GetEnv version=0x00010002
G4-JNI GetEnv version=0x00010002
G4-JNI GetEnv version=0x00010002
G4-JNI GetEnv version=0x00010002
G4-JNI GetEnv version=0x00010002
G4-JNI GetEnv version=0x00010002
android[2] trace: ....................(KK) MogaController :: Inside NativeOnMotionEvent

android[2] trace: (KK) MogaController :: Inside NativeOnMotionEvent ....................

G4-JNI GetEnv version=0x00010002
G4-JNI GetEnv version=0x00010002
G4-JNI GetEnv version=0x00010002
G4-JNI GetEnv version=0x00010002
G4-JNI GetEnv version=0x00010002
G4-JNI GetEnv version=0x00010002
G4-JNI GetEnv version=0x00010002
G4-JNI GetEnv version=0x00010002
G4-JNI GetEnv version=0x00010002
G4-JNI GetEnv version=0x00010002
G4-JNI GetEnv version=0x00010002
G4-JNI GetEnv version=0x00010002
G4-JNI GetEnv version=0x00010002
G4-JNI GetEnv version=0x00010002
G4-JNI GetEnv version=0x00010002
G4-JNI GetEnv version=0x00010002
G4-JNI GetEnv version=0x00010002
G4-JNI GetEnv version=0x00010002
G4-JNI GetEnv version=0x00010002
G4-JNI GetEnv version=0x00010002
android[2] trace: ....................(KK) MogaController :: Inside NativeOnMotionEvent

android[2] trace: (KK) MogaController :: Inside NativeOnMotionEvent ....................

G6-MOGA motion frame=6033 axes=0,0,0,0,0,0
G4-JNI GetEnv version=0x00010002
G4-JNI GetEnv version=0x00010002
G4-JNI GetEnv version=0x00010002
G4-JNI GetEnv version=0x00010002
G4-JNI GetEnv version=0x00010002
G4-JNI GetEnv version=0x00010002
G4-JNI GetEnv version=0x00010002
G4-JNI GetEnv version=0x00010002
G4-JNI GetEnv version=0x00010002
android[2] trace: ....................(KK) MogaController :: Inside NativeOnMotionEvent

android[2] trace: (KK) MogaController :: Inside NativeOnMotionEvent ....................

G4-JNI GetEnv version=0x00010002
G4-JNI GetEnv version=0x00010002
G4-JNI GetEnv version=0x00010002
G4-JNI GetEnv version=0x00010002
G4-JNI GetEnv version=0x00010002
G4-JNI GetEnv version=0x00010002
G4-JNI GetEnv version=0x00010002
G4-JNI GetEnv version=0x00010002
G4-JNI GetEnv version=0x00010002
G4-JNI GetEnv version=0x00010002
G4-JNI GetEnv version=0x00010002
G4-JNI GetEnv version=0x00010002
G4-JNI GetEnv version=0x00010002
android[2] trace: ....................(KK) MogaController :: Inside NativeOnMotionEvent

android[2] trace: (KK) MogaController :: Inside NativeOnMotionEvent ....................

G6-MOGA motion frame=6055 axes=0,0,0,0,0,0
G4-JNI GetEnv version=0x00010002
G4-JNI GetEnv version=0x00010002
G4-JNI GetEnv version=0x00010002
G4-JNI GetEnv version=0x00010002
G4-JNI GetEnv version=0x00010002
android[2] trace: ....................(KK) MogaController :: Inside NativeOnMotionEvent

android[2] trace: (KK) MogaController :: Inside NativeOnMotionEvent ....................

G4-JNI GetEnv version=0x00010002
G4-JNI GetEnv version=0x00010002
G4-JNI GetEnv version=0x00010002
G4-JNI GetEnv version=0x00010002
G4-JNI GetEnv version=0x00010002
G4-JNI GetEnv version=0x00010002
G4-JNI GetEnv version=0x00010002
G4-JNI GetEnv version=0x00010002
G4-JNI GetEnv version=0x00010002
G4-JNI GetEnv version=0x00010002
G4-JNI GetEnv version=0x00010002
G4-JNI GetEnv version=0x00010002
G4-JNI GetEnv version=0x00010002
android[2] trace: ....................(KK) MogaController :: Inside NativeOnMotionEvent

android[2] trace: (KK) MogaController :: Inside NativeOnMotionEvent ....................

G6-MOGA motion frame=6073 axes=0,0,0,0,0,0
G4-JNI GetEnv version=0x00010002
G4-JNI GetEnv version=0x00010002
G4-JNI GetEnv version=0x00010002
G4-JNI GetEnv version=0x00010002
G4-JNI GetEnv version=0x00010002
G4-JNI GetEnv version=0x00010002
G4-JNI GetEnv version=0x00010002
G4-JNI GetEnv version=0x00010002
G4-JNI GetEnv version=0x00010002
G4-JNI GetEnv version=0x00010002
G4-JNI GetEnv version=0x00010002
android[2] trace: ....................(KK) MogaController :: Inside NativeOnMotionEvent

android[2] trace: (KK) MogaController :: Inside NativeOnMotionEvent ....................

G4-JNI GetEnv version=0x00010002
G4-JNI GetEnv version=0x00010002
G4-JNI GetEnv version=0x00010002
G4-JNI GetEnv version=0x00010002
android[2] trace: ....................(KK) MogaController :: Inside NativeOnMotionEvent

android[2] trace: (KK) MogaController :: Inside NativeOnMotionEvent ....................

G6-MOGA motion frame=6088 axes=0,0,0,0,0,0
G4-JNI GetEnv version=0x00010002
G4-JNI GetEnv version=0x00010002
G4-JNI GetEnv version=0x00010002
G4-JNI GetEnv version=0x00010002
G4-JNI GetEnv version=0x00010002
G4-JNI GetEnv version=0x00010002
G4-JNI GetEnv version=0x00010002
G4-JNI GetEnv version=0x00010002
G4-JNI GetEnv version=0x00010002
G4-JNI GetEnv version=0x00010002
G4-JNI GetEnv version=0x00010002
G4-JNI GetEnv version=0x00010002
android[2] trace: ....................(KK) MogaController :: Inside NativeOnMotionEvent

android[2] trace: (KK) MogaController :: Inside NativeOnMotionEvent ....................

G4-JNI GetEnv version=0x00010002
G4-JNI GetEnv version=0x00010002
G4-JNI GetEnv version=0x00010002
G4-JNI GetEnv version=0x00010002
G6-RAW buttons=0x00000020
android[2] trace: MoGaConTrOlLeR :: ....................(KK) MogaController :: Inside nativeOnKeyEvent 

android[2] trace: ....................(KK) MogaController :: Inside nativeOnKeyEvent 103

android[2] trace: MoGaConTrOlLeR :: ....................(KK) Key Event Key R1 1111 .....................

android[2] trace: MoGaConTrOlLeR :: ....................(KK) Key Event Key Down .....................

android[2] trace: MoGaConTrOlLeR :: ....................(KK) Listener Key Press .....................

android[2] trace: MoGaConTrOlLeR :: ....................(KK) AndroidKeyCode :: MogaKeyCode (Start of func) .....................

android[2] trace: MoGaConTrOlLeR :: ....................(KK) AndroidKeyCode :: MogaKeyCode Key Press R1 .....................

android[2] trace: MoGaConTrOlLeR :: ....................(KK) AndroidKeyCode :: MogaKeyCode Key Press R1(Nitro) Racing True.....................

android[2] trace: MoGaConTrOlLeR :: (KK) MogaController :: Inside nativeOnKeyEvent ....................

G6-MOGA key frame=6104 code=103 state=down
android[2] trace: MoGaConTrOlLeR :: ....................(KK) BaseDrivingControlScheme :: OnEvent .....................

android[2] trace: MoGaConTrOlLeR :: ....................(KK) BaseDrivingControlScheme :: onKeyPress Nitro.....................

G4-JNI GetEnv version=0x00010002
G4-JNI GetEnv version=0x00010002
G4-JNI GetEnv version=0x00010002
G4-JNI GetEnv version=0x00010002
G4-JNI GetEnv version=0x00010002
G4-JNI GetEnv version=0x00010002
G4-JNI GetEnv version=0x00010002
G4-JNI GetEnv version=0x00010002
G4-JNI GetEnv version=0x00010002
G4-JNI GetEnv version=0x00010002
android[2] trace: ....................(KK) MogaController :: Inside NativeOnMotionEvent

android[2] trace: (KK) MogaController :: Inside NativeOnMotionEvent ....................

G6-MOGA motion frame=6114 axes=0,0,0,0,0,0
G4-JNI GetEnv version=0x00010002
G4-JNI GetEnv version=0x00010002
G4-JNI GetEnv version=0x00010002
G4-JNI GetEnv version=0x00010002
G4-JNI GetEnv version=0x00010002
G4-JNI GetEnv version=0x00010002
android[2] trace: ....................(KK) MogaController :: Inside NativeOnMotionEvent

android[2] trace: (KK) MogaController :: Inside NativeOnMotionEvent ....................

G4-JNI GetEnv version=0x00010002
G4-JNI GetEnv version=0x00010002
G4-JNI GetEnv version=0x00010002
G4-JNI GetEnv version=0x00010002
G4-JNI GetEnv version=0x00010002
G4-JNI GetEnv version=0x00010002
android[2] trace: ....................(KK) MogaController :: Inside NativeOnMotionEvent

android[2] trace: (KK) MogaController :: Inside NativeOnMotionEvent ....................

G4-JNI GetEnv version=0x00010002
G4-JNI GetEnv version=0x00010002
G4-JNI GetEnv version=0x00010002
G4-JNI GetEnv version=0x00010002
G4-JNI GetEnv version=0x00010002
G4-JNI GetEnv version=0x00010002
G4-JNI GetEnv version=0x00010002
G4-JNI GetEnv version=0x00010002
G4-JNI GetEnv version=0x00010002
android[2] trace: ....................(KK) MogaController :: Inside NativeOnMotionEvent

android[2] trace: (KK) MogaController :: Inside NativeOnMotionEvent ....................

G6-MOGA motion frame=6135 axes=32767,0,0,0,0,0
G4-JNI GetEnv version=0x00010002
G4-JNI GetEnv version=0x00010002
G4-JNI GetEnv version=0x00010002
G4-JNI GetEnv version=0x00010002
G4-JNI GetEnv version=0x00010002
G4-JNI GetEnv version=0x00010002
G4-JNI GetEnv version=0x00010002
G4-JNI GetEnv version=0x00010002
android[2] trace: ....................(KK) MogaController :: Inside NativeOnMotionEvent

android[2] trace: (KK) MogaController :: Inside NativeOnMotionEvent ....................

G4-JNI GetEnv version=0x00010002
G4-JNI GetEnv version=0x00010002
G4-JNI GetEnv version=0x00010002
G4-JNI GetEnv version=0x00010002
G4-JNI GetEnv version=0x00010002
G4-JNI GetEnv version=0x00010002
G4-JNI GetEnv version=0x00010002
G4-JNI GetEnv version=0x00010002
G4-JNI GetEnv version=0x00010002
G4-JNI GetEnv version=0x00010002
G4-JNI GetEnv version=0x00010002
G4-JNI GetEnv version=0x00010002
G4-JNI GetEnv version=0x00010002
G4-JNI GetEnv version=0x00010002
android[2] trace: ....................(KK) MogaController :: Inside NativeOnMotionEvent

android[2] trace: (KK) MogaController :: Inside NativeOnMotionEvent ....................

G6-MOGA motion frame=6157 axes=32767,0,0,0,0,0
G4-JNI GetEnv version=0x00010002
G4-JNI GetEnv version=0x00010002
G4-JNI GetEnv version=0x00010002
G4-JNI GetEnv version=0x00010002
G4-JNI GetEnv version=0x00010002
G4-JNI GetEnv version=0x00010002
G4-JNI GetEnv version=0x00010002
G4-JNI GetEnv version=0x00010002
G4-JNI GetEnv version=0x00010002
G4-JNI GetEnv version=0x00010002
G4-JNI GetEnv version=0x00010002
G4-JNI GetEnv version=0x00010002
G4-JNI GetEnv version=0x00010002
G4-JNI GetEnv version=0x00010002
android[2] trace: ....................(KK) MogaController :: Inside NativeOnMotionEvent

android[2] trace: (KK) MogaController :: Inside NativeOnMotionEvent ....................

G4-JNI GetEnv version=0x00010002
G4-JNI GetEnv version=0x00010002
G4-JNI GetEnv version=0x00010002
G4-JNI GetEnv version=0x00010002
android[2] trace: ....................(KK) MogaController :: Inside NativeOnMotionEvent

android[2] trace: (KK) MogaController :: Inside NativeOnMotionEvent ....................

G6-MOGA motion frame=6175 axes=32767,0,0,0,0,0
G4-JNI GetEnv version=0x00010002
G4-JNI GetEnv version=0x00010002
G4-JNI GetEnv version=0x00010002
G4-JNI GetEnv version=0x00010002
G4-JNI GetEnv version=0x00010002
G4-JNI GetEnv version=0x00010002
G4-JNI GetEnv version=0x00010002
G4-JNI GetEnv version=0x00010002
G4-JNI GetEnv version=0x00010002
G4-JNI GetEnv version=0x00010002
android[2] trace: ....................(KK) MogaController :: Inside NativeOnMotionEvent

android[2] trace: (KK) MogaController :: Inside NativeOnMotionEvent ....................

G4-JNI GetEnv version=0x00010002
G4-JNI GetEnv version=0x00010002
G4-JNI GetEnv version=0x00010002
G4-JNI GetEnv version=0x00010002
android[2] trace: ....................(KK) MogaController :: Inside NativeOnMotionEvent

android[2] trace: (KK) MogaController :: Inside NativeOnMotionEvent ....................

G4-JNI GetEnv version=0x00010002
G4-JNI GetEnv version=0x00010002
G4-JNI GetEnv version=0x00010002
G4-JNI GetEnv version=0x00010002
G4-JNI GetEnv version=0x00010002
G4-JNI GetEnv version=0x00010002
G4-JNI GetEnv version=0x00010002
android[2] trace: ....................(KK) MogaController :: Inside NativeOnMotionEvent

android[2] trace: (KK) MogaController :: Inside NativeOnMotionEvent ....................

G6-MOGA motion frame=6196 axes=0,0,0,0,0,0
G4-JNI GetEnv version=0x00010002
G4-JNI GetEnv version=0x00010002
G4-JNI GetEnv version=0x00010002
G4-JNI GetEnv version=0x00010002
G4-JNI GetEnv version=0x00010002
G4-JNI GetEnv version=0x00010002
G4-JNI GetEnv version=0x00010002
G4-JNI GetEnv version=0x00010002
G4-JNI GetEnv version=0x00010002
G4-JNI GetEnv version=0x00010002
android[2] trace: ....................(KK) MogaController :: Inside NativeOnMotionEvent

android[2] trace: (KK) MogaController :: Inside NativeOnMotionEvent ....................

G4-JNI GetEnv version=0x00010002
G4-JNI GetEnv version=0x00010002
G4-JNI GetEnv version=0x00010002
G4-JNI GetEnv version=0x00010002
G4-JNI GetEnv version=0x00010002
G4-JNI GetEnv version=0x00010002
G4-JNI GetEnv version=0x00010002
G4-JNI GetEnv version=0x00010002
G4-JNI GetEnv version=0x00010002
android[2] trace: ....................(KK) MogaController :: Inside NativeOnMotionEvent

android[2] trace: (KK) MogaController :: Inside NativeOnMotionEvent ....................

G6-MOGA motion frame=6215 axes=0,0,0,0,0,0
G4-JNI GetEnv version=0x00010002
G4-JNI GetEnv version=0x00010002
G4-JNI GetEnv version=0x00010002
G4-JNI GetEnv version=0x00010002
G4-JNI GetEnv version=0x00010002
android[2] trace: ....................(KK) MogaController :: Inside NativeOnMotionEvent

android[2] trace: (KK) MogaController :: Inside NativeOnMotionEvent ....................

G4-JNI GetEnv version=0x00010002
G4-JNI GetEnv version=0x00010002
G4-JNI GetEnv version=0x00010002
G4-JNI GetEnv version=0x00010002
G4-JNI GetEnv version=0x00010002
G4-JNI GetEnv version=0x00010002
G4-JNI GetEnv version=0x00010002
G4-JNI GetEnv version=0x00010002
G4-JNI GetEnv version=0x00010002
android[2] trace: ....................(KK) MogaController :: Inside NativeOnMotionEvent

android[2] trace: (KK) MogaController :: Inside NativeOnMotionEvent ....................

G4-JNI GetEnv version=0x00010002
G4-JNI GetEnv version=0x00010002
G4-JNI GetEnv version=0x00010002
G4-JNI GetEnv version=0x00010002
G4-JNI GetEnv version=0x00010002
G4-JNI GetEnv version=0x00010002
G4-JNI GetEnv version=0x00010002
G4-JNI GetEnv version=0x00010002
G4-JNI GetEnv version=0x00010002
G4-JNI GetEnv version=0x00010002
G4-JNI GetEnv version=0x00010002
G4-JNI GetEnv version=0x00010002
G4-JNI GetEnv version=0x00010002
G4-JNI GetEnv version=0x00010002
G4-JNI GetEnv version=0x00010002
G4-JNI GetEnv version=0x00010002
G4-JNI GetEnv version=0x00010002
android[2] trace: ....................(KK) MogaController :: Inside NativeOnMotionEvent

android[2] trace: (KK) MogaController :: Inside NativeOnMotionEvent ....................

G6-MOGA motion frame=6246 axes=-32767,0,0,0,0,0
G4-JNI GetEnv version=0x00010002
G4-JNI GetEnv version=0x00010002
G4-JNI GetEnv version=0x00010002
G4-JNI GetEnv version=0x00010002
G4-JNI GetEnv version=0x00010002
G4-JNI GetEnv version=0x00010002
G4-JNI GetEnv version=0x00010002
android[2] trace: ....................(KK) MogaController :: Inside NativeOnMotionEvent

android[2] trace: (KK) MogaController :: Inside NativeOnMotionEvent ....................

G4-JNI GetEnv version=0x00010002
G4-JNI GetEnv version=0x00010002
G4-JNI GetEnv version=0x00010002
G4-JNI GetEnv version=0x00010002
G4-JNI GetEnv version=0x00010002
G4-JNI GetEnv version=0x00010002
G4-JNI GetEnv version=0x00010002
G4-JNI GetEnv version=0x00010002
G4-JNI GetEnv version=0x00010002
G4-JNI GetEnv version=0x00010002
G4-JNI GetEnv version=0x00010002
G4-JNI GetEnv version=0x00010002
G4-JNI GetEnv version=0x00010002
G6-RAW buttons=0x00000000
android[2] trace: MoGaConTrOlLeR :: ....................(KK) MogaController :: Inside nativeOnKeyEvent 

android[2] trace: ....................(KK) MogaController :: Inside nativeOnKeyEvent 103

android[2] trace: MoGaConTrOlLeR :: ....................(KK) Key Event Key R1 1111 .....................

android[2] trace: MoGaConTrOlLeR :: ....................(KK) Key Event Key up .....................

android[2] trace: MoGaConTrOlLeR :: ....................(KK) Listener Key Release .....................

android[2] trace: MoGaConTrOlLeR :: ....................(KK) AndroidKeyCode :: MogaKeyCode (Start of func) .....................

android[2] trace: MoGaConTrOlLeR :: ....................(KK) AndroidKeyCode :: MogaKeyCode Key Press R1 .....................

android[2] trace: MoGaConTrOlLeR :: ....................(KK) AndroidKeyCode :: MogaKeyCode Key Press R1(Nitro) Racing True.....................

android[2] trace: MoGaConTrOlLeR :: (KK) MogaController :: Inside nativeOnKeyEvent ....................

G6-MOGA key frame=6266 code=103 state=up
android[2] trace: MoGaConTrOlLeR :: ....................(KK) BaseDrivingControlScheme :: OnEvent .....................

android[2] trace: MoGaConTrOlLeR :: ....................(KK) BaseDrivingControlScheme :: OnKeyRelease Nothing :( .....................

G4-JNI GetEnv version=0x00010002
G4-JNI GetEnv version=0x00010002
G4-JNI GetEnv version=0x00010002
G4-JNI GetEnv version=0x00010002
G4-JNI GetEnv version=0x00010002
G4-JNI GetEnv version=0x00010002
G4-JNI GetEnv version=0x00010002
G4-JNI GetEnv version=0x00010002
G4-JNI GetEnv version=0x00010002
G4-JNI GetEnv version=0x00010002
G4-JNI GetEnv version=0x00010002
G4-JNI GetEnv version=0x00010002
G4-JNI GetEnv version=0x00010002
G4-JNI GetEnv version=0x00010002
G4-JNI GetEnv version=0x00010002
G4-JNI GetEnv version=0x00010002
G4-JNI GetEnv version=0x00010002
G4-JNI GetEnv version=0x00010002
G4-JNI GetEnv version=0x00010002
G4-JNI GetEnv version=0x00010002
G4-JNI GetEnv version=0x00010002
G4-JNI GetEnv version=0x00010002
G4-JNI GetEnv version=0x00010002
G4-JNI GetEnv version=0x00010002
G4-JNI GetEnv version=0x00010002
G4-JNI GetEnv version=0x00010002
G4-JNI GetEnv version=0x00010002
G4-JNI GetEnv version=0x00010002
G4-JNI GetEnv version=0x00010002
G4-JNI GetEnv version=0x00010002
G4-JNI GetEnv version=0x00010002
G4-JNI GetEnv version=0x00010002
G4-JNI GetEnv version=0x00010002
G4-JNI GetEnv version=0x00010002
G7-FRAME enter=6300
G4-JNI GetEnv version=0x00010002
G5-GL STATE frame=6300 framebuffer=0 status=0x8cd5 errors=0
G7-FRAME leave=6300
G4-JNI GetEnv version=0x00010002
G4-JNI GetEnv version=0x00010002
G4-JNI GetEnv version=0x00010002
G4-JNI GetEnv version=0x00010002
G4-JNI GetEnv version=0x00010002
G4-JNI GetEnv version=0x00010002
G4-JNI GetEnv version=0x00010002
G4-JNI GetEnv version=0x00010002
G4-JNI GetEnv version=0x00010002
G4-JNI GetEnv version=0x00010002
G4-JNI GetEnv version=0x00010002
G4-JNI GetEnv version=0x00010002
G4-JNI GetEnv version=0x00010002
G4-JNI GetEnv version=0x00010002
G4-JNI GetEnv version=0x00010002
G4-JNI GetEnv version=0x00010002
G4-JNI GetEnv version=0x00010002
G4-JNI GetEnv version=0x00010002
G4-JNI GetEnv version=0x00010002
G4-JNI GetEnv version=0x00010002
G4-JNI GetEnv version=0x00010002
G4-JNI GetEnv version=0x00010002
G4-JNI GetEnv version=0x00010002
G4-JNI GetEnv version=0x00010002
G4-JNI GetEnv version=0x00010002
G4-JNI GetEnv version=0x00010002
G4-JNI GetEnv version=0x00010002
G4-JNI GetEnv version=0x00010002
G4-JNI GetEnv version=0x00010002
G4-JNI GetEnv version=0x00010002
G4-JNI GetEnv version=0x00010002
G4-JNI GetEnv version=0x00010002
G4-JNI GetEnv version=0x00010002
G4-JNI GetEnv version=0x00010002
G4-JNI GetEnv version=0x00010002
G4-JNI GetEnv version=0x00010002
G4-JNI GetEnv version=0x00010002
G4-JNI GetEnv version=0x00010002
G4-JNI GetEnv version=0x00010002
G4-JNI GetEnv version=0x00010002
G4-JNI GetEnv version=0x00010002
G4-JNI GetEnv version=0x00010002
G4-JNI GetEnv version=0x00010002
G4-JNI GetEnv version=0x00010002
G4-JNI GetEnv version=0x00010002
G4-JNI GetEnv version=0x00010002
G4-JNI GetEnv version=0x00010002
G4-JNI GetEnv version=0x00010002
G4-JNI GetEnv version=0x00010002
G4-JNI GetEnv version=0x00010002
G4-JNI GetEnv version=0x00010002
G4-JNI GetEnv version=0x00010002
G4-JNI GetEnv version=0x00010002
G4-JNI GetEnv version=0x00010002
G4-JNI GetEnv version=0x00010002
G4-JNI GetEnv version=0x00010002
G4-JNI GetEnv version=0x00010002
G4-JNI GetEnv version=0x00010002
android[2] trace: ....................(KK) MogaController :: Inside NativeOnMotionEvent

android[2] trace: (KK) MogaController :: Inside NativeOnMotionEvent ....................

G6-MOGA motion frame=6359 axes=-32767,0,0,0,0,0
G4-JNI GetEnv version=0x00010002
G4-JNI GetEnv version=0x00010002
G4-JNI GetEnv version=0x00010002
G4-JNI GetEnv version=0x00010002
G4-JNI GetEnv version=0x00010002
G4-JNI GetEnv version=0x00010002
G4-JNI GetEnv version=0x00010002
G4-JNI GetEnv version=0x00010002
G4-JNI GetEnv version=0x00010002
android[2] trace: ....................(KK) MogaController :: Inside NativeOnMotionEvent

android[2] trace: (KK) MogaController :: Inside NativeOnMotionEvent ....................

G4-JNI GetEnv version=0x00010002
G4-JNI GetEnv version=0x00010002
G4-JNI GetEnv version=0x00010002
G4-JNI GetEnv version=0x00010002
G4-JNI GetEnv version=0x00010002
G4-JNI GetEnv version=0x00010002
G4-JNI GetEnv version=0x00010002
G4-JNI GetEnv version=0x00010002
android[2] trace: ....................(KK) MogaController :: Inside NativeOnMotionEvent

android[2] trace: (KK) MogaController :: Inside NativeOnMotionEvent ....................

G6-MOGA motion frame=6376 axes=-32767,0,0,0,0,0
G4-JNI GetEnv version=0x00010002
G4-JNI GetEnv version=0x00010002
G4-JNI GetEnv version=0x00010002
G4-JNI GetEnv version=0x00010002
G4-JNI GetEnv version=0x00010002
G4-JNI GetEnv version=0x00010002
G4-JNI GetEnv version=0x00010002
G4-JNI GetEnv version=0x00010002
android[2] trace: ....................(KK) MogaController :: Inside NativeOnMotionEvent

android[2] trace: (KK) MogaController :: Inside NativeOnMotionEvent ....................

G4-JNI GetEnv version=0x00010002
G4-JNI GetEnv version=0x00010002
G4-JNI GetEnv version=0x00010002
G4-JNI GetEnv version=0x00010002
G4-JNI GetEnv version=0x00010002
G4-JNI GetEnv version=0x00010002
G4-JNI GetEnv version=0x00010002
G4-JNI GetEnv version=0x00010002
G4-JNI GetEnv version=0x00010002
G4-JNI GetEnv version=0x00010002
G4-JNI GetEnv version=0x00010002
G4-JNI GetEnv version=0x00010002
G4-JNI GetEnv version=0x00010002
G4-JNI GetEnv version=0x00010002
G4-JNI GetEnv version=0x00010002
G4-JNI GetEnv version=0x00010002
G4-JNI GetEnv version=0x00010002
G4-JNI GetEnv version=0x00010002
G4-JNI GetEnv version=0x00010002
G4-JNI GetEnv version=0x00010002
G4-JNI GetEnv version=0x00010002
android[2] trace: ....................(KK) MogaController :: Inside NativeOnMotionEvent

android[2] trace: (KK) MogaController :: Inside NativeOnMotionEvent ....................

G6-MOGA motion frame=6405 axes=-32767,0,0,0,0,0
G4-JNI GetEnv version=0x00010002
G4-JNI GetEnv version=0x00010002
G4-JNI GetEnv version=0x00010002
G4-JNI GetEnv version=0x00010002
G4-JNI GetEnv version=0x00010002
G4-JNI GetEnv version=0x00010002
G4-JNI GetEnv version=0x00010002
G4-JNI GetEnv version=0x00010002
android[2] trace: ....................(KK) MogaController :: Inside NativeOnMotionEvent

android[2] trace: (KK) MogaController :: Inside NativeOnMotionEvent ....................

G4-JNI GetEnv version=0x00010002
G4-JNI GetEnv version=0x00010002
G4-JNI GetEnv version=0x00010002
G4-JNI GetEnv version=0x00010002
android[2] trace: ....................(KK) MogaController :: Inside NativeOnMotionEvent

android[2] trace: (KK) MogaController :: Inside NativeOnMotionEvent ....................

G4-JNI GetEnv version=0x00010002
G4-JNI GetEnv version=0x00010002
G4-JNI GetEnv version=0x00010002
G4-JNI GetEnv version=0x00010002
G4-JNI GetEnv version=0x00010002
G4-JNI GetEnv version=0x00010002
G4-JNI GetEnv version=0x00010002
G4-JNI GetEnv version=0x00010002
G4-JNI GetEnv version=0x00010002
G4-JNI GetEnv version=0x00010002
G4-JNI GetEnv version=0x00010002
G4-JNI GetEnv version=0x00010002
android[2] trace: ....................(KK) MogaController :: Inside NativeOnMotionEvent

android[2] trace: (KK) MogaController :: Inside NativeOnMotionEvent ....................

G6-MOGA motion frame=6429 axes=0,0,0,0,0,0
G4-JNI GetEnv version=0x00010002
G4-JNI GetEnv version=0x00010002
G4-JNI GetEnv version=0x00010002
G4-JNI GetEnv version=0x00010002
G4-JNI GetEnv version=0x00010002
G4-JNI GetEnv version=0x00010002
G4-JNI GetEnv version=0x00010002
G4-JNI GetEnv version=0x00010002
G4-JNI GetEnv version=0x00010002
G4-JNI GetEnv version=0x00010002
android[2] trace: ....................(KK) MogaController :: Inside NativeOnMotionEvent

android[2] trace: (KK) MogaController :: Inside NativeOnMotionEvent ....................

G4-JNI GetEnv version=0x00010002
G4-JNI GetEnv version=0x00010002
G4-JNI GetEnv version=0x00010002
G4-JNI GetEnv version=0x00010002
G4-JNI GetEnv version=0x00010002
G4-JNI GetEnv version=0x00010002
G4-JNI GetEnv version=0x00010002
android[2] trace: ....................(KK) MogaController :: Inside NativeOnMotionEvent

android[2] trace: (KK) MogaController :: Inside NativeOnMotionEvent ....................

G6-MOGA motion frame=6446 axes=0,0,0,0,0,0
G4-JNI GetEnv version=0x00010002
G4-JNI GetEnv version=0x00010002
G4-JNI GetEnv version=0x00010002
G4-JNI GetEnv version=0x00010002
G4-JNI GetEnv version=0x00010002
G4-JNI GetEnv version=0x00010002
G4-JNI GetEnv version=0x00010002
G4-JNI GetEnv version=0x00010002
android[2] trace: ....................(KK) MogaController :: Inside NativeOnMotionEvent

android[2] trace: (KK) MogaController :: Inside NativeOnMotionEvent ....................

G4-JNI GetEnv version=0x00010002
G4-JNI GetEnv version=0x00010002
G4-JNI GetEnv version=0x00010002
G4-JNI GetEnv version=0x00010002
G4-JNI GetEnv version=0x00010002
G4-JNI GetEnv version=0x00010002
G4-JNI GetEnv version=0x00010002
G4-JNI GetEnv version=0x00010002
G4-JNI GetEnv version=0x00010002
G4-JNI GetEnv version=0x00010002
G4-JNI GetEnv version=0x00010002
G4-JNI GetEnv version=0x00010002
G4-JNI GetEnv version=0x00010002
G4-JNI GetEnv version=0x00010002
G4-JNI GetEnv version=0x00010002
G4-JNI GetEnv version=0x00010002
G4-JNI GetEnv version=0x00010002
G4-JNI GetEnv version=0x00010002
android[2] trace: ....................(KK) MogaController :: Inside NativeOnMotionEvent

android[2] trace: (KK) MogaController :: Inside NativeOnMotionEvent ....................

G6-MOGA motion frame=6472 axes=0,0,0,0,0,0
G4-JNI GetEnv version=0x00010002
G4-JNI GetEnv version=0x00010002
G4-JNI GetEnv version=0x00010002
G4-JNI GetEnv version=0x00010002
G4-JNI GetEnv version=0x00010002
G4-JNI GetEnv version=0x00010002
G4-JNI GetEnv version=0x00010002
G4-JNI GetEnv version=0x00010002
G4-JNI GetEnv version=0x00010002
android[2] trace: ....................(KK) MogaController :: Inside NativeOnMotionEvent

android[2] trace: (KK) MogaController :: Inside NativeOnMotionEvent ....................

G4-JNI GetEnv version=0x00010002
G4-JNI GetEnv version=0x00010002
G4-JNI GetEnv version=0x00010002
G4-JNI GetEnv version=0x00010002
G4-JNI GetEnv version=0x00010002
G4-JNI GetEnv version=0x00010002
android[2] trace: ....................(KK) MogaController :: Inside NativeOnMotionEvent

android[2] trace: (KK) MogaController :: Inside NativeOnMotionEvent ....................

G6-MOGA motion frame=6487 axes=0,0,0,0,0,0
G4-JNI GetEnv version=0x00010002
G4-JNI GetEnv version=0x00010002
G4-JNI GetEnv version=0x00010002
G4-JNI GetEnv version=0x00010002
G4-JNI GetEnv version=0x00010002
G4-JNI GetEnv version=0x00010002
G4-JNI GetEnv version=0x00010002
G4-JNI GetEnv version=0x00010002
android[2] trace: ....................(KK) MogaController :: Inside NativeOnMotionEvent

android[2] trace: (KK) MogaController :: Inside NativeOnMotionEvent ....................

G4-JNI GetEnv version=0x00010002
G4-JNI GetEnv version=0x00010002
G4-JNI GetEnv version=0x00010002
G4-JNI GetEnv version=0x00010002
G4-JNI GetEnv version=0x00010002
android[2] trace: ....................(KK) MogaController :: Inside NativeOnMotionEvent

android[2] trace: (KK) MogaController :: Inside NativeOnMotionEvent ....................

G4-JNI GetEnv version=0x00010002
G4-JNI GetEnv version=0x00010002
G4-JNI GetEnv version=0x00010002
G4-JNI GetEnv version=0x00010002
G4-JNI GetEnv version=0x00010002
G4-JNI GetEnv version=0x00010002
G4-JNI GetEnv version=0x00010002
G4-JNI GetEnv version=0x00010002
G4-JNI GetEnv version=0x00010002
G4-JNI GetEnv version=0x00010002
G4-JNI GetEnv version=0x00010002
G4-JNI GetEnv version=0x00010002
android[2] trace: ....................(KK) MogaController :: Inside NativeOnMotionEvent

android[2] trace: (KK) MogaController :: Inside NativeOnMotionEvent ....................

G6-MOGA motion frame=6512 axes=-32767,0,0,0,0,0
G4-JNI GetEnv version=0x00010002
G4-JNI GetEnv version=0x00010002
G4-JNI GetEnv version=0x00010002
G4-JNI GetEnv version=0x00010002
G4-JNI GetEnv version=0x00010002
G4-JNI GetEnv version=0x00010002
G4-JNI GetEnv version=0x00010002
G4-JNI GetEnv version=0x00010002
G4-JNI GetEnv version=0x00010002
G4-JNI GetEnv version=0x00010002
android[2] trace: ....................(KK) MogaController :: Inside NativeOnMotionEvent

android[2] trace: (KK) MogaController :: Inside NativeOnMotionEvent ....................

G4-JNI GetEnv version=0x00010002
G4-JNI GetEnv version=0x00010002
G4-JNI GetEnv version=0x00010002
G4-JNI GetEnv version=0x00010002
G4-JNI GetEnv version=0x00010002
G4-JNI GetEnv version=0x00010002
android[2] trace: ....................(KK) MogaController :: Inside NativeOnMotionEvent

android[2] trace: (KK) MogaController :: Inside NativeOnMotionEvent ....................

G6-MOGA motion frame=6528 axes=-32767,0,0,0,0,0
G4-JNI GetEnv version=0x00010002
G4-JNI GetEnv version=0x00010002
G4-JNI GetEnv version=0x00010002
G4-JNI GetEnv version=0x00010002
G4-JNI GetEnv version=0x00010002
android[2] trace: ....................(KK) MogaController :: Inside NativeOnMotionEvent

android[2] trace: (KK) MogaController :: Inside NativeOnMotionEvent ....................

G4-JNI GetEnv version=0x00010002
G4-JNI GetEnv version=0x00010002
G4-JNI GetEnv version=0x00010002
G4-JNI GetEnv version=0x00010002
G4-JNI GetEnv version=0x00010002
G4-JNI GetEnv version=0x00010002
G4-JNI GetEnv version=0x00010002
G4-JNI GetEnv version=0x00010002
G4-JNI GetEnv version=0x00010002
G4-JNI GetEnv version=0x00010002
G4-JNI GetEnv version=0x00010002
G4-JNI GetEnv version=0x00010002
G4-JNI GetEnv version=0x00010002
android[2] trace: ....................(KK) MogaController :: Inside NativeOnMotionEvent

android[2] trace: (KK) MogaController :: Inside NativeOnMotionEvent ....................

G6-MOGA motion frame=6546 axes=-32767,0,0,0,0,0
G4-JNI GetEnv version=0x00010002
G4-JNI GetEnv version=0x00010002
G4-JNI GetEnv version=0x00010002
G4-JNI GetEnv version=0x00010002
android[2] trace: MoGaConTrOlLeR :: ....................(KK) BaseDrivingControlScheme :: OnEvent .....................

G4-JNI GetEnv version=0x00010002
G4-JNI GetEnv version=0x00010002
G4-JNI GetEnv version=0x00010002
android[2] trace: ....................(KK) MogaController :: Inside NativeOnMotionEvent

android[2] trace: (KK) MogaController :: Inside NativeOnMotionEvent ....................

G4-JNI GetEnv version=0x00010002
G4-JNI GetEnv version=0x00010002
G4-JNI GetEnv version=0x00010002
G4-JNI GetEnv version=0x00010002
G4-JNI GetEnv version=0x00010002
G4-JNI GetEnv version=0x00010002
G4-JNI GetEnv version=0x00010002
G4-JNI GetEnv version=0x00010002
G4-JNI GetEnv version=0x00010002
G4-JNI GetEnv version=0x00010002
android[2] trace: ....................(KK) MogaController :: Inside NativeOnMotionEvent

android[2] trace: (KK) MogaController :: Inside NativeOnMotionEvent ....................

G6-MOGA motion frame=6563 axes=-32767,0,0,0,0,0
G4-JNI GetEnv version=0x00010002
G4-JNI GetEnv version=0x00010002
G4-JNI GetEnv version=0x00010002
G4-JNI GetEnv version=0x00010002
G4-JNI GetEnv version=0x00010002
G4-JNI GetEnv version=0x00010002
G4-JNI GetEnv version=0x00010002
android[2] trace: ....................(KK) MogaController :: Inside NativeOnMotionEvent

android[2] trace: (KK) MogaController :: Inside NativeOnMotionEvent ....................

G4-JNI GetEnv version=0x00010002
G4-JNI GetEnv version=0x00010002
G4-JNI GetEnv version=0x00010002
G4-JNI GetEnv version=0x00010002
G4-JNI GetEnv version=0x00010002
G4-JNI GetEnv version=0x00010002
G4-JNI GetEnv version=0x00010002
G4-JNI GetEnv version=0x00010002
G4-JNI GetEnv version=0x00010002
G4-JNI GetEnv version=0x00010002
G4-JNI GetEnv version=0x00010002
android[2] trace: ....................(KK) MogaController :: Inside NativeOnMotionEvent

android[2] trace: (KK) MogaController :: Inside NativeOnMotionEvent ....................

G6-MOGA motion frame=6581 axes=-32767,0,0,0,0,0
G4-JNI GetEnv version=0x00010002
G4-JNI GetEnv version=0x00010002
G4-JNI GetEnv version=0x00010002
G4-JNI GetEnv version=0x00010002
G4-JNI GetEnv version=0x00010002
G4-JNI GetEnv version=0x00010002
G4-JNI GetEnv version=0x00010002
G4-JNI GetEnv version=0x00010002
G4-JNI GetEnv version=0x00010002
G4-JNI GetEnv version=0x00010002
G4-JNI GetEnv version=0x00010002
G4-JNI GetEnv version=0x00010002
G4-JNI GetEnv version=0x00010002
G4-JNI GetEnv version=0x00010002
android[2] trace: ....................(KK) MogaController :: Inside NativeOnMotionEvent

android[2] trace: (KK) MogaController :: Inside NativeOnMotionEvent ....................

G4-JNI GetEnv version=0x00010002
G4-JNI GetEnv version=0x00010002
G4-JNI GetEnv version=0x00010002
G4-JNI GetEnv version=0x00010002
G6-RAW buttons=0x00000020
android[2] trace: MoGaConTrOlLeR :: ....................(KK) MogaController :: Inside nativeOnKeyEvent 

android[2] trace: ....................(KK) MogaController :: Inside nativeOnKeyEvent 103

android[2] trace: MoGaConTrOlLeR :: ....................(KK) Key Event Key R1 1111 .....................

android[2] trace: MoGaConTrOlLeR :: ....................(KK) Key Event Key Down .....................

android[2] trace: MoGaConTrOlLeR :: ....................(KK) Listener Key Press .....................

android[2] trace: MoGaConTrOlLeR :: ....................(KK) AndroidKeyCode :: MogaKeyCode (Start of func) .....................

android[2] trace: MoGaConTrOlLeR :: ....................(KK) AndroidKeyCode :: MogaKeyCode Key Press R1 .....................

android[2] trace: MoGaConTrOlLeR :: ....................(KK) AndroidKeyCode :: MogaKeyCode Key Press R1(Nitro) Racing True.....................

android[2] trace: MoGaConTrOlLeR :: (KK) MogaController :: Inside nativeOnKeyEvent ....................

G6-MOGA key frame=6599 code=103 state=down
android[2] trace: MoGaConTrOlLeR :: ....................(KK) BaseDrivingControlScheme :: OnEvent .....................

android[2] trace: MoGaConTrOlLeR :: ....................(KK) BaseDrivingControlScheme :: onKeyPress Nitro.....................

G4-JNI GetEnv version=0x00010002
G7-FRAME enter=6600
G4-JNI GetEnv version=0x00010002
G5-GL STATE frame=6600 framebuffer=0 status=0x8cd5 errors=0
G7-FRAME leave=6600
G4-JNI GetEnv version=0x00010002
G4-JNI GetEnv version=0x00010002
G4-JNI GetEnv version=0x00010002
G4-JNI GetEnv version=0x00010002
G4-JNI GetEnv version=0x00010002
G4-JNI GetEnv version=0x00010002
G4-JNI GetEnv version=0x00010002
G4-JNI GetEnv version=0x00010002
G4-JNI GetEnv version=0x00010002
G4-JNI GetEnv version=0x00010002
G4-JNI GetEnv version=0x00010002
G4-JNI GetEnv version=0x00010002
G4-JNI GetEnv version=0x00010002
android[2] trace: ....................(KK) MogaController :: Inside NativeOnMotionEvent

android[2] trace: (KK) MogaController :: Inside NativeOnMotionEvent ....................

G6-MOGA motion frame=6614 axes=-32767,0,0,0,0,0
G4-JNI GetEnv version=0x00010002
G4-JNI GetEnv version=0x00010002
G4-JNI GetEnv version=0x00010002
G4-JNI GetEnv version=0x00010002
G4-JNI GetEnv version=0x00010002
G4-JNI GetEnv version=0x00010002
G4-JNI GetEnv version=0x00010002
G4-JNI GetEnv version=0x00010002
G4-JNI GetEnv version=0x00010002
G4-JNI GetEnv version=0x00010002
G4-JNI GetEnv version=0x00010002
G4-JNI GetEnv version=0x00010002
G4-JNI GetEnv version=0x00010002
G4-JNI GetEnv version=0x00010002
android[2] trace: ....................(KK) MogaController :: Inside NativeOnMotionEvent

android[2] trace: (KK) MogaController :: Inside NativeOnMotionEvent ....................

G4-JNI GetEnv version=0x00010002
G4-JNI GetEnv version=0x00010002
G4-JNI GetEnv version=0x00010002
G4-JNI GetEnv version=0x00010002
G4-JNI GetEnv version=0x00010002
G4-JNI GetEnv version=0x00010002
G4-JNI GetEnv version=0x00010002
G4-JNI GetEnv version=0x00010002
G4-JNI GetEnv version=0x00010002
G4-JNI GetEnv version=0x00010002
G4-JNI GetEnv version=0x00010002
G4-JNI GetEnv version=0x00010002
G4-JNI GetEnv version=0x00010002
android[2] trace: ....................(KK) MogaController :: Inside NativeOnMotionEvent

android[2] trace: (KK) MogaController :: Inside NativeOnMotionEvent ....................

G6-MOGA motion frame=6641 axes=-32767,0,0,0,0,0
G4-JNI GetEnv version=0x00010002
G4-JNI GetEnv version=0x00010002
G4-JNI GetEnv version=0x00010002
G4-JNI GetEnv version=0x00010002
G4-JNI GetEnv version=0x00010002
G4-JNI GetEnv version=0x00010002
G4-JNI GetEnv version=0x00010002
android[2] trace: ....................(KK) MogaController :: Inside NativeOnMotionEvent

android[2] trace: (KK) MogaController :: Inside NativeOnMotionEvent ....................

G4-JNI GetEnv version=0x00010002
G4-JNI GetEnv version=0x00010002
G4-JNI GetEnv version=0x00010002
G4-JNI GetEnv version=0x00010002
G4-JNI GetEnv version=0x00010002
G4-JNI GetEnv version=0x00010002
android[2] trace: ....................(KK) MogaController :: Inside NativeOnMotionEvent

android[2] trace: (KK) MogaController :: Inside NativeOnMotionEvent ....................

G4-JNI GetEnv version=0x00010002
G4-JNI GetEnv version=0x00010002
G4-JNI GetEnv version=0x00010002
G4-JNI GetEnv version=0x00010002
G4-JNI GetEnv version=0x00010002
G4-JNI GetEnv version=0x00010002
G4-JNI GetEnv version=0x00010002
android[2] trace: ....................(KK) MogaController :: Inside NativeOnMotionEvent

android[2] trace: (KK) MogaController :: Inside NativeOnMotionEvent ....................

G6-MOGA motion frame=6661 axes=0,0,0,0,0,0
G4-JNI GetEnv version=0x00010002
G4-JNI GetEnv version=0x00010002
G4-JNI GetEnv version=0x00010002
G4-JNI GetEnv version=0x00010002
G4-JNI GetEnv version=0x00010002
G4-JNI GetEnv version=0x00010002
G4-JNI GetEnv version=0x00010002
G4-JNI GetEnv version=0x00010002
G4-JNI GetEnv version=0x00010002
G4-JNI GetEnv version=0x00010002
G4-JNI GetEnv version=0x00010002
G4-JNI GetEnv version=0x00010002
G4-JNI GetEnv version=0x00010002
G4-JNI GetEnv version=0x00010002
G4-JNI GetEnv version=0x00010002
G4-JNI GetEnv version=0x00010002
G4-JNI GetEnv version=0x00010002
G4-JNI GetEnv version=0x00010002
G4-JNI GetEnv version=0x00010002
G4-JNI GetEnv version=0x00010002
G4-JNI GetEnv version=0x00010002
G4-JNI GetEnv version=0x00010002
G4-JNI GetEnv version=0x00010002
G4-JNI GetEnv version=0x00010002
G4-JNI GetEnv version=0x00010002
G4-JNI GetEnv version=0x00010002
G4-JNI GetEnv version=0x00010002
G4-JNI GetEnv version=0x00010002
G4-JNI GetEnv version=0x00010002
G4-JNI GetEnv version=0x00010002
G4-JNI GetEnv version=0x00010002
android[2] trace: ....................(KK) MogaController :: Inside NativeOnMotionEvent

android[2] trace: (KK) MogaController :: Inside NativeOnMotionEvent ....................

G6-MOGA motion frame=6692 axes=-32767,0,0,0,0,0
G4-JNI GetEnv version=0x00010002
G4-JNI GetEnv version=0x00010002
G4-JNI GetEnv version=0x00010002
G4-JNI GetEnv version=0x00010002
G4-JNI GetEnv version=0x00010002
android[2] trace: ....................(KK) MogaController :: Inside NativeOnMotionEvent

android[2] trace: (KK) MogaController :: Inside NativeOnMotionEvent ....................

G4-JNI GetEnv version=0x00010002
G4-JNI GetEnv version=0x00010002
G4-JNI GetEnv version=0x00010002
G4-JNI GetEnv version=0x00010002
G4-JNI GetEnv version=0x00010002
G4-JNI GetEnv version=0x00010002
G4-JNI GetEnv version=0x00010002
G4-JNI GetEnv version=0x00010002
G4-JNI GetEnv version=0x00010002
G4-JNI GetEnv version=0x00010002
G4-JNI GetEnv version=0x00010002
G4-JNI GetEnv version=0x00010002
G4-JNI GetEnv version=0x00010002
G4-JNI GetEnv version=0x00010002
G4-JNI GetEnv version=0x00010002
G4-JNI GetEnv version=0x00010002
G4-JNI GetEnv version=0x00010002
G4-JNI GetEnv version=0x00010002
G4-JNI GetEnv version=0x00010002
G4-JNI GetEnv version=0x00010002
G4-JNI GetEnv version=0x00010002
G4-JNI GetEnv version=0x00010002
G4-JNI GetEnv version=0x00010002
G4-JNI GetEnv version=0x00010002
G4-JNI GetEnv version=0x00010002
G4-JNI GetEnv version=0x00010002
G4-JNI GetEnv version=0x00010002
G4-JNI GetEnv version=0x00010002
G4-JNI GetEnv version=0x00010002
G4-JNI GetEnv version=0x00010002
G4-JNI GetEnv version=0x00010002
G4-JNI GetEnv version=0x00010002
G4-JNI GetEnv version=0x00010002
G4-JNI GetEnv version=0x00010002
android[2] trace: ....................(KK) MogaController :: Inside NativeOnMotionEvent

android[2] trace: (KK) MogaController :: Inside NativeOnMotionEvent ....................

G6-MOGA motion frame=6731 axes=-32767,0,0,0,0,0
G4-JNI GetEnv version=0x00010002
G4-JNI GetEnv version=0x00010002
G4-JNI GetEnv version=0x00010002
G4-JNI GetEnv version=0x00010002
G4-JNI GetEnv version=0x00010002
G4-JNI GetEnv version=0x00010002
android[2] trace: ....................(KK) MogaController :: Inside NativeOnMotionEvent

android[2] trace: (KK) MogaController :: Inside NativeOnMotionEvent ....................

G4-JNI GetEnv version=0x00010002
G4-JNI GetEnv version=0x00010002
G4-JNI GetEnv version=0x00010002
G4-JNI GetEnv version=0x00010002
G4-JNI GetEnv version=0x00010002
G4-JNI GetEnv version=0x00010002
G4-JNI GetEnv version=0x00010002
G4-JNI GetEnv version=0x00010002
G4-JNI GetEnv version=0x00010002
G4-JNI GetEnv version=0x00010002
G4-JNI GetEnv version=0x00010002
G4-JNI GetEnv version=0x00010002
G4-JNI GetEnv version=0x00010002
G4-JNI GetEnv version=0x00010002
G4-JNI GetEnv version=0x00010002
G4-JNI GetEnv version=0x00010002
G4-JNI GetEnv version=0x00010002
android[2] trace: ....................(KK) MogaController :: Inside NativeOnMotionEvent

android[2] trace: (KK) MogaController :: Inside NativeOnMotionEvent ....................

G6-MOGA motion frame=6754 axes=32767,0,0,0,0,0
G4-JNI GetEnv version=0x00010002
G4-JNI GetEnv version=0x00010002
G4-JNI GetEnv version=0x00010002
G4-JNI GetEnv version=0x00010002
G4-JNI GetEnv version=0x00010002
G4-JNI GetEnv version=0x00010002
G4-JNI GetEnv version=0x00010002
G4-JNI GetEnv version=0x00010002
G4-JNI GetEnv version=0x00010002
G6-RAW buttons=0x00000000
android[2] trace: MoGaConTrOlLeR :: ....................(KK) MogaController :: Inside nativeOnKeyEvent 

android[2] trace: ....................(KK) MogaController :: Inside nativeOnKeyEvent 103

android[2] trace: MoGaConTrOlLeR :: ....................(KK) Key Event Key R1 1111 .....................

android[2] trace: MoGaConTrOlLeR :: ....................(KK) Key Event Key up .....................

android[2] trace: MoGaConTrOlLeR :: ....................(KK) Listener Key Release .....................

android[2] trace: MoGaConTrOlLeR :: ....................(KK) AndroidKeyCode :: MogaKeyCode (Start of func) .....................

android[2] trace: MoGaConTrOlLeR :: ....................(KK) AndroidKeyCode :: MogaKeyCode Key Press R1 .....................

android[2] trace: MoGaConTrOlLeR :: ....................(KK) AndroidKeyCode :: MogaKeyCode Key Press R1(Nitro) Racing True.....................

android[2] trace: MoGaConTrOlLeR :: (KK) MogaController :: Inside nativeOnKeyEvent ....................

G6-MOGA key frame=6763 code=103 state=up
android[2] trace: MoGaConTrOlLeR :: ....................(KK) BaseDrivingControlScheme :: OnEvent .....................

android[2] trace: MoGaConTrOlLeR :: ....................(KK) BaseDrivingControlScheme :: OnKeyRelease Nothing :( .....................

G4-JNI GetEnv version=0x00010002
android[2] trace: ....................(KK) MogaController :: Inside NativeOnMotionEvent

android[2] trace: (KK) MogaController :: Inside NativeOnMotionEvent ....................

G4-JNI GetEnv version=0x00010002
G4-JNI GetEnv version=0x00010002
G4-JNI GetEnv version=0x00010002
G4-JNI GetEnv version=0x00010002
G4-JNI GetEnv version=0x00010002
G4-JNI GetEnv version=0x00010002
G4-JNI GetEnv version=0x00010002
G4-JNI GetEnv version=0x00010002
G4-JNI GetEnv version=0x00010002
G4-JNI GetEnv version=0x00010002
G4-JNI GetEnv version=0x00010002
G4-JNI GetEnv version=0x00010002
G4-JNI GetEnv version=0x00010002
android[2] trace: ....................(KK) MogaController :: Inside NativeOnMotionEvent

android[2] trace: (KK) MogaController :: Inside NativeOnMotionEvent ....................

G6-MOGA motion frame=6777 axes=32767,0,0,0,0,0
G4-JNI GetEnv version=0x00010002
G4-JNI GetEnv version=0x00010002
G4-JNI GetEnv version=0x00010002
G4-JNI GetEnv version=0x00010002
android[2] trace: ....................(KK) MogaController :: Inside NativeOnMotionEvent

android[2] trace: (KK) MogaController :: Inside NativeOnMotionEvent ....................

G4-JNI GetEnv version=0x00010002
G4-JNI GetEnv version=0x00010002
G4-JNI GetEnv version=0x00010002
G4-JNI GetEnv version=0x00010002
G4-JNI GetEnv version=0x00010002
G4-JNI GetEnv version=0x00010002
G4-JNI GetEnv version=0x00010002
G4-JNI GetEnv version=0x00010002
G4-JNI GetEnv version=0x00010002
G4-JNI GetEnv version=0x00010002
G4-JNI GetEnv version=0x00010002
G4-JNI GetEnv version=0x00010002
android[2] trace: ....................(KK) MogaController :: Inside NativeOnMotionEvent

android[2] trace: (KK) MogaController :: Inside NativeOnMotionEvent ....................

G6-MOGA motion frame=6793 axes=32767,0,0,0,0,0
G4-JNI GetEnv version=0x00010002
G4-JNI GetEnv version=0x00010002
G4-JNI GetEnv version=0x00010002
G4-JNI GetEnv version=0x00010002
G4-JNI GetEnv version=0x00010002
G4-JNI GetEnv version=0x00010002
G4-JNI GetEnv version=0x00010002
G4-JNI GetEnv version=0x00010002
G4-JNI GetEnv version=0x00010002
android[2] trace: ....................(KK) MogaController :: Inside NativeOnMotionEvent

android[2] trace: (KK) MogaController :: Inside NativeOnMotionEvent ....................

G4-JNI GetEnv version=0x00010002
G4-JNI GetEnv version=0x00010002
G4-JNI GetEnv version=0x00010002
G4-JNI GetEnv version=0x00010002
G4-JNI GetEnv version=0x00010002
G4-JNI GetEnv version=0x00010002
G4-JNI GetEnv version=0x00010002
G4-JNI GetEnv version=0x00010002
G4-JNI GetEnv version=0x00010002
android[2] trace: ....................(KK) MogaController :: Inside NativeOnMotionEvent

android[2] trace: (KK) MogaController :: Inside NativeOnMotionEvent ....................

G6-MOGA motion frame=6811 axes=32767,0,0,0,0,0
G4-JNI GetEnv version=0x00010002
G4-JNI GetEnv version=0x00010002
G4-JNI GetEnv version=0x00010002
G4-JNI GetEnv version=0x00010002
G4-JNI GetEnv version=0x00010002
G4-JNI GetEnv version=0x00010002
G4-JNI GetEnv version=0x00010002
G4-JNI GetEnv version=0x00010002
G4-JNI GetEnv version=0x00010002
G4-JNI GetEnv version=0x00010002
G4-JNI GetEnv version=0x00010002
android[2] trace: ....................(KK) MogaController :: Inside NativeOnMotionEvent

android[2] trace: (KK) MogaController :: Inside NativeOnMotionEvent ....................

G4-JNI GetEnv version=0x00010002
G4-JNI GetEnv version=0x00010002
G4-JNI GetEnv version=0x00010002
G4-JNI GetEnv version=0x00010002
G4-JNI GetEnv version=0x00010002
G4-JNI GetEnv version=0x00010002
G4-JNI GetEnv version=0x00010002
G4-JNI GetEnv version=0x00010002
G4-JNI GetEnv version=0x00010002
G4-JNI GetEnv version=0x00010002
G4-JNI GetEnv version=0x00010002
G4-JNI GetEnv version=0x00010002
android[2] trace: ....................(KK) MogaController :: Inside NativeOnMotionEvent

android[2] trace: (KK) MogaController :: Inside NativeOnMotionEvent ....................

G6-MOGA motion frame=6830 axes=32767,0,0,0,0,0
G4-JNI GetEnv version=0x00010002
G4-JNI GetEnv version=0x00010002
G4-JNI GetEnv version=0x00010002
G4-JNI GetEnv version=0x00010002
G4-JNI GetEnv version=0x00010002
G4-JNI GetEnv version=0x00010002
G4-JNI GetEnv version=0x00010002
G4-JNI GetEnv version=0x00010002
G4-JNI GetEnv version=0x00010002
G4-JNI GetEnv version=0x00010002
G4-JNI GetEnv version=0x00010002
G4-JNI GetEnv version=0x00010002
android[2] trace: ....................(KK) MogaController :: Inside NativeOnMotionEvent

android[2] trace: (KK) MogaController :: Inside NativeOnMotionEvent ....................

G4-JNI GetEnv version=0x00010002
G4-JNI GetEnv version=0x00010002
android[2] trace: ....................(KK) MogaController :: Inside NativeOnMotionEvent

android[2] trace: (KK) MogaController :: Inside NativeOnMotionEvent ....................

G4-JNI GetEnv version=0x00010002
G4-JNI GetEnv version=0x00010002
G4-JNI GetEnv version=0x00010002
G4-JNI GetEnv version=0x00010002
G4-JNI GetEnv version=0x00010002
G4-JNI GetEnv version=0x00010002
G4-JNI GetEnv version=0x00010002
G4-JNI GetEnv version=0x00010002
G4-JNI GetEnv version=0x00010002
G4-JNI GetEnv version=0x00010002
G4-JNI GetEnv version=0x00010002
G4-JNI GetEnv version=0x00010002
G4-JNI GetEnv version=0x00010002
G4-JNI GetEnv version=0x00010002
G4-JNI GetEnv version=0x00010002
G4-JNI GetEnv version=0x00010002
G4-JNI GetEnv version=0x00010002
G4-JNI GetEnv version=0x00010002
G4-JNI GetEnv version=0x00010002
G4-JNI GetEnv version=0x00010002
android[6] Sound/SoundManager/error: FMOD result of SoundManager::createSound: An error occured that wasn't supposed to.  Contact support. 

android[5] Sound/SoundManager/warn: SoundManager::createSound - 'effects/collisions/scrape': failure.

G4-JNI GetEnv version=0x00010002
android[2] trace: ....................(KK) MogaController :: Inside NativeOnMotionEvent

android[2] trace: (KK) MogaController :: Inside NativeOnMotionEvent ....................

G6-MOGA motion frame=6865 axes=0,0,0,0,0,0
G4-JNI GetEnv version=0x00010002
G4-JNI GetEnv version=0x00010002
G4-JNI GetEnv version=0x00010002
G4-JNI GetEnv version=0x00010002
G4-JNI GetEnv version=0x00010002
android[2] trace: ....................(KK) MogaController :: Inside NativeOnMotionEvent

android[2] trace: (KK) MogaController :: Inside NativeOnMotionEvent ....................

G4-JNI GetEnv version=0x00010002
G4-JNI GetEnv version=0x00010002
G4-JNI GetEnv version=0x00010002
G4-JNI GetEnv version=0x00010002
G4-JNI GetEnv version=0x00010002
G4-JNI GetEnv version=0x00010002
G4-JNI GetEnv version=0x00010002
G4-JNI GetEnv version=0x00010002
G4-JNI GetEnv version=0x00010002
G4-JNI GetEnv version=0x00010002
G4-JNI GetEnv version=0x00010002
G4-JNI GetEnv version=0x00010002
G4-JNI GetEnv version=0x00010002
G4-JNI GetEnv version=0x00010002
android[2] trace: ....................(KK) MogaController :: Inside NativeOnMotionEvent

android[2] trace: (KK) MogaController :: Inside NativeOnMotionEvent ....................

G6-MOGA motion frame=6884 axes=0,0,0,0,0,0
G4-JNI GetEnv version=0x00010002
G4-JNI GetEnv version=0x00010002
G4-JNI GetEnv version=0x00010002
G4-JNI GetEnv version=0x00010002
android[2] trace: ....................(KK) MogaController :: Inside NativeOnMotionEvent

android[2] trace: (KK) MogaController :: Inside NativeOnMotionEvent ....................

G4-JNI GetEnv version=0x00010002
G4-JNI GetEnv version=0x00010002
G4-JNI GetEnv version=0x00010002
G4-JNI GetEnv version=0x00010002
G4-JNI GetEnv version=0x00010002
G4-JNI GetEnv version=0x00010002
android[2] trace: ....................(KK) MogaController :: Inside NativeOnMotionEvent

android[2] trace: (KK) MogaController :: Inside NativeOnMotionEvent ....................

G4-JNI GetEnv version=0x00010002
G4-JNI GetEnv version=0x00010002
G4-JNI GetEnv version=0x00010002
G4-JNI GetEnv version=0x00010002
G4-JNI GetEnv version=0x00010002
G4-JNI GetEnv version=0x00010002
G7-FRAME enter=6900
G4-JNI GetEnv version=0x00010002
G5-GL STATE frame=6900 framebuffer=0 status=0x8cd5 errors=0
G7-FRAME leave=6900
G4-JNI GetEnv version=0x00010002
G4-JNI GetEnv version=0x00010002
G4-JNI GetEnv version=0x00010002
G4-JNI GetEnv version=0x00010002
G4-JNI GetEnv version=0x00010002
G4-JNI GetEnv version=0x00010002
G4-JNI GetEnv version=0x00010002
android[6] Sound/SoundManager/error: FMOD result of SoundManager::createSound: An error occured that wasn't supposed to.  Contact support. 

android[5] Sound/SoundManager/warn: SoundManager::createSound - 'effects/collisions/scrape': failure.

G4-JNI GetEnv version=0x00010002
android[2] trace: ....................(KK) MogaController :: Inside NativeOnMotionEvent

android[2] trace: (KK) MogaController :: Inside NativeOnMotionEvent ....................

G6-MOGA motion frame=6909 axes=32767,0,0,0,0,0
G4-JNI GetEnv version=0x00010002
G4-JNI GetEnv version=0x00010002
G4-JNI GetEnv version=0x00010002
G4-JNI GetEnv version=0x00010002
G4-JNI GetEnv version=0x00010002
G4-JNI GetEnv version=0x00010002
G4-JNI GetEnv version=0x00010002
G4-JNI GetEnv version=0x00010002
android[2] trace: ....................(KK) MogaController :: Inside NativeOnMotionEvent

android[2] trace: (KK) MogaController :: Inside NativeOnMotionEvent ....................

G4-JNI GetEnv version=0x00010002
G4-JNI GetEnv version=0x00010002
G4-JNI GetEnv version=0x00010002
G4-JNI GetEnv version=0x00010002
G4-JNI GetEnv version=0x00010002
G4-JNI GetEnv version=0x00010002
android[2] trace: ....................(KK) MogaController :: Inside NativeOnMotionEvent

android[2] trace: (KK) MogaController :: Inside NativeOnMotionEvent ....................

G4-JNI GetEnv version=0x00010002
G4-JNI GetEnv version=0x00010002
G4-JNI GetEnv version=0x00010002
G4-JNI GetEnv version=0x00010002
G4-JNI GetEnv version=0x00010002
G4-JNI GetEnv version=0x00010002
G4-JNI GetEnv version=0x00010002
G4-JNI GetEnv version=0x00010002
G4-JNI GetEnv version=0x00010002
android[2] trace: ....................(KK) MogaController :: Inside NativeOnMotionEvent

android[2] trace: (KK) MogaController :: Inside NativeOnMotionEvent ....................

G6-MOGA motion frame=6932 axes=0,0,0,0,0,0
G4-JNI GetEnv version=0x00010002
G4-JNI GetEnv version=0x00010002
G4-JNI GetEnv version=0x00010002
G4-JNI GetEnv version=0x00010002
G4-JNI GetEnv version=0x00010002
G4-JNI GetEnv version=0x00010002
G4-JNI GetEnv version=0x00010002
G4-JNI GetEnv version=0x00010002
G4-JNI GetEnv version=0x00010002
G4-JNI GetEnv version=0x00010002
G4-JNI GetEnv version=0x00010002
G4-JNI GetEnv version=0x00010002
G4-JNI GetEnv version=0x00010002
android[2] trace: ....................(KK) MogaController :: Inside NativeOnMotionEvent

android[2] trace: (KK) MogaController :: Inside NativeOnMotionEvent ....................

G4-JNI GetEnv version=0x00010002
G4-JNI GetEnv version=0x00010002
G4-JNI GetEnv version=0x00010002
android[2] trace: ....................(KK) MogaController :: Inside NativeOnMotionEvent

android[2] trace: (KK) MogaController :: Inside NativeOnMotionEvent ....................

G6-MOGA motion frame=6948 axes=0,0,0,0,0,0
G4-JNI GetEnv version=0x00010002
G4-JNI GetEnv version=0x00010002
G4-JNI GetEnv version=0x00010002
G4-JNI GetEnv version=0x00010002
G4-JNI GetEnv version=0x00010002
G4-JNI GetEnv version=0x00010002
android[2] trace: ....................(KK) MogaController :: Inside NativeOnMotionEvent

android[2] trace: (KK) MogaController :: Inside NativeOnMotionEvent ....................

G4-JNI GetEnv version=0x00010002
G4-JNI GetEnv version=0x00010002
G4-JNI GetEnv version=0x00010002
G4-JNI GetEnv version=0x00010002
G4-JNI GetEnv version=0x00010002
android[6] Sound/SoundManager/error: FMOD result of SoundManager::createSound: An error occured that wasn't supposed to.  Contact support. 

android[5] Sound/SoundManager/warn: SoundManager::createSound - 'effects/collisions/car_light': failure.

G4-JNI GetEnv version=0x00010002
G4-JNI GetEnv version=0x00010002
G4-JNI GetEnv version=0x00010002
G4-JNI GetEnv version=0x00010002
G4-JNI GetEnv version=0x00010002
G4-JNI GetEnv version=0x00010002
G4-JNI GetEnv version=0x00010002
G4-JNI GetEnv version=0x00010002
G4-JNI GetEnv version=0x00010002
G4-JNI GetEnv version=0x00010002
G4-JNI GetEnv version=0x00010002
G4-JNI GetEnv version=0x00010002
android[2] trace: ....................(KK) MogaController :: Inside NativeOnMotionEvent

android[2] trace: (KK) MogaController :: Inside NativeOnMotionEvent ....................

G6-MOGA motion frame=6971 axes=0,0,0,0,0,0
G4-JNI GetEnv version=0x00010002
G4-JNI GetEnv version=0x00010002
android[2] trace: ....................(KK) MogaController :: Inside NativeOnMotionEvent

android[2] trace: (KK) MogaController :: Inside NativeOnMotionEvent ....................

G4-JNI GetEnv version=0x00010002
G4-JNI GetEnv version=0x00010002
G4-JNI GetEnv version=0x00010002
G4-JNI GetEnv version=0x00010002
android[2] trace: ....................(KK) MogaController :: Inside NativeOnMotionEvent

android[2] trace: (KK) MogaController :: Inside NativeOnMotionEvent ....................

G4-JNI GetEnv version=0x00010002
G4-JNI GetEnv version=0x00010002
G4-JNI GetEnv version=0x00010002
G4-JNI GetEnv version=0x00010002
G4-JNI GetEnv version=0x00010002
android[2] trace: ....................(KK) MogaController :: Inside NativeOnMotionEvent

android[2] trace: (KK) MogaController :: Inside NativeOnMotionEvent ....................

G4-JNI GetEnv version=0x00010002
G4-JNI GetEnv version=0x00010002
G4-JNI GetEnv version=0x00010002
G4-JNI GetEnv version=0x00010002
G4-JNI GetEnv version=0x00010002
G4-JNI GetEnv version=0x00010002
G4-JNI GetEnv version=0x00010002
G4-JNI GetEnv version=0x00010002
G4-JNI GetEnv version=0x00010002
G4-JNI GetEnv version=0x00010002
G4-JNI GetEnv version=0x00010002
android[2] trace: ....................(KK) MogaController :: Inside NativeOnMotionEvent

android[2] trace: (KK) MogaController :: Inside NativeOnMotionEvent ....................

G6-MOGA motion frame=6993 axes=0,0,0,0,0,0
G4-JNI GetEnv version=0x00010002
G4-JNI GetEnv version=0x00010002
G4-JNI GetEnv version=0x00010002
G4-JNI GetEnv version=0x00010002
android[2] trace: ....................(KK) MogaController :: Inside NativeOnMotionEvent

android[2] trace: (KK) MogaController :: Inside NativeOnMotionEvent ....................

G4-JNI GetEnv version=0x00010002
G4-JNI GetEnv version=0x00010002
G4-JNI GetEnv version=0x00010002
G4-JNI GetEnv version=0x00010002
G4-JNI GetEnv version=0x00010002
G4-JNI GetEnv version=0x00010002
G4-JNI GetEnv version=0x00010002
G4-JNI GetEnv version=0x00010002
G4-JNI GetEnv version=0x00010002
G4-JNI GetEnv version=0x00010002
G4-JNI GetEnv version=0x00010002
G4-JNI GetEnv version=0x00010002
G4-JNI GetEnv version=0x00010002
G4-JNI GetEnv version=0x00010002
G4-JNI GetEnv version=0x00010002
G4-JNI GetEnv version=0x00010002
G4-JNI GetEnv version=0x00010002
android[2] trace: ....................(KK) MogaController :: Inside NativeOnMotionEvent

android[2] trace: (KK) MogaController :: Inside NativeOnMotionEvent ....................

G6-MOGA motion frame=7014 axes=0,0,0,0,0,0
G4-JNI GetEnv version=0x00010002
G4-JNI GetEnv version=0x00010002
G4-JNI GetEnv version=0x00010002
G4-JNI GetEnv version=0x00010002
G4-JNI GetEnv version=0x00010002
G4-JNI GetEnv version=0x00010002
G4-JNI GetEnv version=0x00010002
G4-JNI GetEnv version=0x00010002
G4-JNI GetEnv version=0x00010002
G4-JNI GetEnv version=0x00010002
G4-JNI GetEnv version=0x00010002
G4-JNI GetEnv version=0x00010002
G4-JNI GetEnv version=0x00010002
G4-JNI GetEnv version=0x00010002
G4-JNI GetEnv version=0x00010002
G4-JNI GetEnv version=0x00010002
G4-JNI GetEnv version=0x00010002
G4-JNI GetEnv version=0x00010002
G4-JNI GetEnv version=0x00010002
G4-JNI GetEnv version=0x00010002
G4-JNI GetEnv version=0x00010002
G4-JNI GetEnv version=0x00010002
android[2] trace: ....................(KK) MogaController :: Inside NativeOnMotionEvent

android[2] trace: (KK) MogaController :: Inside NativeOnMotionEvent ....................

G6-MOGA motion frame=7036 axes=32767,0,0,0,0,0
G4-JNI GetEnv version=0x00010002
G4-JNI GetEnv version=0x00010002
G4-JNI GetEnv version=0x00010002
G4-JNI GetEnv version=0x00010002
G4-JNI GetEnv version=0x00010002
G4-JNI GetEnv version=0x00010002
G4-JNI GetEnv version=0x00010002
G4-JNI GetEnv version=0x00010002
G4-JNI GetEnv version=0x00010002
G4-JNI GetEnv version=0x00010002
G4-JNI GetEnv version=0x00010002
android[2] trace: ....................(KK) MogaController :: Inside NativeOnMotionEvent

android[2] trace: (KK) MogaController :: Inside NativeOnMotionEvent ....................

G4-JNI GetEnv version=0x00010002
G4-JNI GetEnv version=0x00010002
G4-JNI GetEnv version=0x00010002
G6-RAW buttons=0x00000020
android[2] trace: MoGaConTrOlLeR :: ....................(KK) MogaController :: Inside nativeOnKeyEvent 

android[2] trace: ....................(KK) MogaController :: Inside nativeOnKeyEvent 103

android[2] trace: MoGaConTrOlLeR :: ....................(KK) Key Event Key R1 1111 .....................

android[2] trace: MoGaConTrOlLeR :: ....................(KK) Key Event Key Down .....................

android[2] trace: MoGaConTrOlLeR :: ....................(KK) Listener Key Press .....................

android[2] trace: MoGaConTrOlLeR :: ....................(KK) AndroidKeyCode :: MogaKeyCode (Start of func) .....................

android[2] trace: MoGaConTrOlLeR :: ....................(KK) AndroidKeyCode :: MogaKeyCode Key Press R1 .....................

android[2] trace: MoGaConTrOlLeR :: ....................(KK) AndroidKeyCode :: MogaKeyCode Key Press R1(Nitro) Racing True.....................

android[2] trace: MoGaConTrOlLeR :: (KK) MogaController :: Inside nativeOnKeyEvent ....................

G6-MOGA key frame=7050 code=103 state=down
android[2] trace: MoGaConTrOlLeR :: ....................(KK) BaseDrivingControlScheme :: OnEvent .....................

android[2] trace: MoGaConTrOlLeR :: ....................(KK) BaseDrivingControlScheme :: onKeyPress Nitro.....................

G4-JNI GetEnv version=0x00010002
G4-JNI GetEnv version=0x00010002
G4-JNI GetEnv version=0x00010002
G4-JNI GetEnv version=0x00010002
G4-JNI GetEnv version=0x00010002
G4-JNI GetEnv version=0x00010002
G4-JNI GetEnv version=0x00010002
G4-JNI GetEnv version=0x00010002
G4-JNI GetEnv version=0x00010002
G4-JNI GetEnv version=0x00010002
android[2] trace: ....................(KK) MogaController :: Inside NativeOnMotionEvent

android[2] trace: (KK) MogaController :: Inside NativeOnMotionEvent ....................

G6-MOGA motion frame=7060 axes=-32767,0,0,0,0,0
G4-JNI GetEnv version=0x00010002
G4-JNI GetEnv version=0x00010002
G4-JNI GetEnv version=0x00010002
G4-JNI GetEnv version=0x00010002
G4-JNI GetEnv version=0x00010002
android[2] trace: ....................(KK) MogaController :: Inside NativeOnMotionEvent

android[2] trace: (KK) MogaController :: Inside NativeOnMotionEvent ....................

G4-JNI GetEnv version=0x00010002
G4-JNI GetEnv version=0x00010002
G4-JNI GetEnv version=0x00010002
G4-JNI GetEnv version=0x00010002
G4-JNI GetEnv version=0x00010002
G4-JNI GetEnv version=0x00010002
G4-JNI GetEnv version=0x00010002
G4-JNI GetEnv version=0x00010002
G4-JNI GetEnv version=0x00010002
G4-JNI GetEnv version=0x00010002
G4-JNI GetEnv version=0x00010002
G4-JNI GetEnv version=0x00010002
android[2] trace: ....................(KK) MogaController :: Inside NativeOnMotionEvent

android[2] trace: (KK) MogaController :: Inside NativeOnMotionEvent ....................

G6-MOGA motion frame=7077 axes=32767,0,0,0,0,0
G4-JNI GetEnv version=0x00010002
G4-JNI GetEnv version=0x00010002
G4-JNI GetEnv version=0x00010002
G4-JNI GetEnv version=0x00010002
G4-JNI GetEnv version=0x00010002
G4-JNI GetEnv version=0x00010002
G4-JNI GetEnv version=0x00010002
G4-JNI GetEnv version=0x00010002
android[2] trace: ....................(KK) MogaController :: Inside NativeOnMotionEvent

android[2] trace: (KK) MogaController :: Inside NativeOnMotionEvent ....................

G4-JNI GetEnv version=0x00010002
G4-JNI GetEnv version=0x00010002
G4-JNI GetEnv version=0x00010002
G4-JNI GetEnv version=0x00010002
G4-JNI GetEnv version=0x00010002
G4-JNI GetEnv version=0x00010002
G4-JNI GetEnv version=0x00010002
G4-JNI GetEnv version=0x00010002
G4-JNI GetEnv version=0x00010002
android[2] trace: ....................(KK) MogaController :: Inside NativeOnMotionEvent

android[2] trace: (KK) MogaController :: Inside NativeOnMotionEvent ....................

G6-MOGA motion frame=7094 axes=-32767,0,0,0,0,0
G4-JNI GetEnv version=0x00010002
G4-JNI GetEnv version=0x00010002
G4-JNI GetEnv version=0x00010002
G4-JNI GetEnv version=0x00010002
G4-JNI GetEnv version=0x00010002
G4-JNI GetEnv version=0x00010002
G4-JNI GetEnv version=0x00010002
android[2] trace: ....................(KK) MogaController :: Inside NativeOnMotionEvent

android[2] trace: (KK) MogaController :: Inside NativeOnMotionEvent ....................

G4-JNI GetEnv version=0x00010002
G4-JNI GetEnv version=0x00010002
G4-JNI GetEnv version=0x00010002
G4-JNI GetEnv version=0x00010002
G4-JNI GetEnv version=0x00010002
G4-JNI GetEnv version=0x00010002
G4-JNI GetEnv version=0x00010002
G4-JNI GetEnv version=0x00010002
android[2] trace: ....................(KK) MogaController :: Inside NativeOnMotionEvent

android[2] trace: (KK) MogaController :: Inside NativeOnMotionEvent ....................

G6-MOGA motion frame=7109 axes=-32767,0,0,0,0,0
G4-JNI GetEnv version=0x00010002
G4-JNI GetEnv version=0x00010002
G4-JNI GetEnv version=0x00010002
G4-JNI GetEnv version=0x00010002
G4-JNI GetEnv version=0x00010002
G4-JNI GetEnv version=0x00010002
G4-JNI GetEnv version=0x00010002
G4-JNI GetEnv version=0x00010002
G4-JNI GetEnv version=0x00010002
G4-JNI GetEnv version=0x00010002
G4-JNI GetEnv version=0x00010002
android[2] trace: ....................(KK) MogaController :: Inside NativeOnMotionEvent

android[2] trace: (KK) MogaController :: Inside NativeOnMotionEvent ....................

G4-JNI GetEnv version=0x00010002
G4-JNI GetEnv version=0x00010002
G4-JNI GetEnv version=0x00010002
G4-JNI GetEnv version=0x00010002
G4-JNI GetEnv version=0x00010002
G4-JNI GetEnv version=0x00010002
G4-JNI GetEnv version=0x00010002
G4-JNI GetEnv version=0x00010002
G4-JNI GetEnv version=0x00010002
G4-JNI GetEnv version=0x00010002
G4-JNI GetEnv version=0x00010002
G4-JNI GetEnv version=0x00010002
G4-JNI GetEnv version=0x00010002
G4-JNI GetEnv version=0x00010002
G4-JNI GetEnv version=0x00010002
android[2] trace: ....................(KK) MogaController :: Inside NativeOnMotionEvent

android[2] trace: (KK) MogaController :: Inside NativeOnMotionEvent ....................

G6-MOGA motion frame=7135 axes=-32767,0,0,0,0,0
G4-JNI GetEnv version=0x00010002
G4-JNI GetEnv version=0x00010002
G4-JNI GetEnv version=0x00010002
G4-JNI GetEnv version=0x00010002
G4-JNI GetEnv version=0x00010002
G4-JNI GetEnv version=0x00010002
G4-JNI GetEnv version=0x00010002
G4-JNI GetEnv version=0x00010002
android[2] trace: ....................(KK) MogaController :: Inside NativeOnMotionEvent

android[2] trace: (KK) MogaController :: Inside NativeOnMotionEvent ....................

G4-JNI GetEnv version=0x00010002
G4-JNI GetEnv version=0x00010002
G4-JNI GetEnv version=0x00010002
G4-JNI GetEnv version=0x00010002
G4-JNI GetEnv version=0x00010002
G4-JNI GetEnv version=0x00010002
G4-JNI GetEnv version=0x00010002
G4-JNI GetEnv version=0x00010002
G4-JNI GetEnv version=0x00010002
G4-JNI GetEnv version=0x00010002
G4-JNI GetEnv version=0x00010002
G4-JNI GetEnv version=0x00010002
G4-JNI GetEnv version=0x00010002
G4-JNI GetEnv version=0x00010002
G4-JNI GetEnv version=0x00010002
G4-JNI GetEnv version=0x00010002
G4-JNI GetEnv version=0x00010002
android[2] trace: ....................(KK) MogaController :: Inside NativeOnMotionEvent

android[2] trace: (KK) MogaController :: Inside NativeOnMotionEvent ....................

G6-MOGA motion frame=7160 axes=32767,0,0,0,0,0
G4-JNI GetEnv version=0x00010002
G4-JNI GetEnv version=0x00010002
G4-JNI GetEnv version=0x00010002
G4-JNI GetEnv version=0x00010002
G4-JNI GetEnv version=0x00010002
G4-JNI GetEnv version=0x00010002
G4-JNI GetEnv version=0x00010002
G4-JNI GetEnv version=0x00010002
android[2] trace: ....................(KK) MogaController :: Inside NativeOnMotionEvent

android[2] trace: (KK) MogaController :: Inside NativeOnMotionEvent ....................

G4-JNI GetEnv version=0x00010002
G4-JNI GetEnv version=0x00010002
G4-JNI GetEnv version=0x00010002
G4-JNI GetEnv version=0x00010002
G4-JNI GetEnv version=0x00010002
G4-JNI GetEnv version=0x00010002
G4-JNI GetEnv version=0x00010002
G4-JNI GetEnv version=0x00010002
G4-JNI GetEnv version=0x00010002
G4-JNI GetEnv version=0x00010002
G4-JNI GetEnv version=0x00010002
G4-JNI GetEnv version=0x00010002
G4-JNI GetEnv version=0x00010002
android[6] Sound/SoundManager/error: FMOD result of SoundManager::createSound: An error occured that wasn't supposed to.  Contact support. 

android[5] Sound/SoundManager/warn: SoundManager::createSound - 'effects/collisions/scrape': failure.

G4-JNI GetEnv version=0x00010002
G4-JNI GetEnv version=0x00010002
G4-JNI GetEnv version=0x00010002
G4-JNI GetEnv version=0x00010002
G4-JNI GetEnv version=0x00010002
G4-JNI GetEnv version=0x00010002
G4-JNI GetEnv version=0x00010002
G4-JNI GetEnv version=0x00010002
G4-JNI GetEnv version=0x00010002
G4-JNI GetEnv version=0x00010002
G4-JNI GetEnv version=0x00010002
G4-JNI GetEnv version=0x00010002
G4-JNI GetEnv version=0x00010002
G4-JNI GetEnv version=0x00010002
G4-JNI GetEnv version=0x00010002
android[2] trace: ....................(KK) MogaController :: Inside NativeOnMotionEvent

android[2] trace: (KK) MogaController :: Inside NativeOnMotionEvent ....................

G6-MOGA motion frame=7196 axes=-32767,0,0,0,0,0
G4-JNI GetEnv version=0x00010002
G4-JNI GetEnv version=0x00010002
G4-JNI GetEnv version=0x00010002
G4-JNI GetEnv version=0x00010002
G7-FRAME enter=7200
G4-JNI GetEnv version=0x00010002
G5-GL STATE frame=7200 framebuffer=0 status=0x8cd5 errors=0
G7-FRAME leave=7200
G4-JNI GetEnv version=0x00010002
G4-JNI GetEnv version=0x00010002
G4-JNI GetEnv version=0x00010002
G4-JNI GetEnv version=0x00010002
G4-JNI GetEnv version=0x00010002
G4-JNI GetEnv version=0x00010002
G4-JNI GetEnv version=0x00010002
G4-JNI GetEnv version=0x00010002
G4-JNI GetEnv version=0x00010002
G6-RAW buttons=0x00000000
android[2] trace: MoGaConTrOlLeR :: ....................(KK) MogaController :: Inside nativeOnKeyEvent 

android[2] trace: ....................(KK) MogaController :: Inside nativeOnKeyEvent 103

android[2] trace: MoGaConTrOlLeR :: ....................(KK) Key Event Key R1 1111 .....................

android[2] trace: MoGaConTrOlLeR :: ....................(KK) Key Event Key up .....................

android[2] trace: MoGaConTrOlLeR :: ....................(KK) Listener Key Release .....................

android[2] trace: MoGaConTrOlLeR :: ....................(KK) AndroidKeyCode :: MogaKeyCode (Start of func) .....................

android[2] trace: MoGaConTrOlLeR :: ....................(KK) AndroidKeyCode :: MogaKeyCode Key Press R1 .....................

android[2] trace: MoGaConTrOlLeR :: ....................(KK) AndroidKeyCode :: MogaKeyCode Key Press R1(Nitro) Racing True.....................

android[2] trace: MoGaConTrOlLeR :: (KK) MogaController :: Inside nativeOnKeyEvent ....................

G6-MOGA key frame=7210 code=103 state=up
android[2] trace: MoGaConTrOlLeR :: ....................(KK) BaseDrivingControlScheme :: OnEvent .....................

android[2] trace: MoGaConTrOlLeR :: ....................(KK) BaseDrivingControlScheme :: OnKeyRelease Nothing :( .....................

G4-JNI GetEnv version=0x00010002
G4-JNI GetEnv version=0x00010002
G4-JNI GetEnv version=0x00010002
G4-JNI GetEnv version=0x00010002
G4-JNI GetEnv version=0x00010002
G4-JNI GetEnv version=0x00010002
G4-JNI GetEnv version=0x00010002
android[2] trace: ....................(KK) MogaController :: Inside NativeOnMotionEvent

android[2] trace: (KK) MogaController :: Inside NativeOnMotionEvent ....................

G6-MOGA motion frame=7217 axes=0,0,0,0,0,0
G4-JNI GetEnv version=0x00010002
G4-JNI GetEnv version=0x00010002
G4-JNI GetEnv version=0x00010002
G4-JNI GetEnv version=0x00010002
G4-JNI GetEnv version=0x00010002
android[2] trace: ....................(KK) MogaController :: Inside NativeOnMotionEvent

android[2] trace: (KK) MogaController :: Inside NativeOnMotionEvent ....................

G4-JNI GetEnv version=0x00010002
G4-JNI GetEnv version=0x00010002
G4-JNI GetEnv version=0x00010002
G4-JNI GetEnv version=0x00010002
G4-JNI GetEnv version=0x00010002
G4-JNI GetEnv version=0x00010002
G4-JNI GetEnv version=0x00010002
G4-JNI GetEnv version=0x00010002
G4-JNI GetEnv version=0x00010002
G4-JNI GetEnv version=0x00010002
G4-JNI GetEnv version=0x00010002
G4-JNI GetEnv version=0x00010002
G4-JNI GetEnv version=0x00010002
G4-JNI GetEnv version=0x00010002
G4-JNI GetEnv version=0x00010002
G4-JNI GetEnv version=0x00010002
G4-JNI GetEnv version=0x00010002
G4-JNI GetEnv version=0x00010002
G4-JNI GetEnv version=0x00010002
G4-JNI GetEnv version=0x00010002
G4-JNI GetEnv version=0x00010002
G4-JNI GetEnv version=0x00010002
G4-JNI GetEnv version=0x00010002
G4-JNI GetEnv version=0x00010002
G4-JNI GetEnv version=0x00010002
G4-JNI GetEnv version=0x00010002
G4-JNI GetEnv version=0x00010002
G4-JNI GetEnv version=0x00010002
G4-JNI GetEnv version=0x00010002
G4-JNI GetEnv version=0x00010002
G4-JNI GetEnv version=0x00010002
G4-JNI GetEnv version=0x00010002
G4-JNI GetEnv version=0x00010002
G4-JNI GetEnv version=0x00010002
G4-JNI GetEnv version=0x00010002
G4-JNI GetEnv version=0x00010002
G4-JNI GetEnv version=0x00010002
G4-JNI GetEnv version=0x00010002
G4-JNI GetEnv version=0x00010002
G4-JNI GetEnv version=0x00010002
G4-JNI GetEnv version=0x00010002
G4-JNI GetEnv version=0x00010002
G4-JNI GetEnv version=0x00010002
G4-JNI GetEnv version=0x00010002
G4-JNI GetEnv version=0x00010002
G4-JNI GetEnv version=0x00010002
G4-JNI GetEnv version=0x00010002
G4-JNI GetEnv version=0x00010002
G4-JNI GetEnv version=0x00010002
G4-JNI GetEnv version=0x00010002
G4-JNI GetEnv version=0x00010002
G4-JNI GetEnv version=0x00010002
G4-JNI GetEnv version=0x00010002
G4-JNI GetEnv version=0x00010002
G4-JNI GetEnv version=0x00010002
G4-JNI GetEnv version=0x00010002
G4-JNI GetEnv version=0x00010002
G4-JNI GetEnv version=0x00010002
android[2] trace: ....................(KK) MogaController :: Inside NativeOnMotionEvent

android[2] trace: (KK) MogaController :: Inside NativeOnMotionEvent ....................

G6-MOGA motion frame=7280 axes=0,0,0,0,0,0
G4-JNI GetEnv version=0x00010002
G4-JNI GetEnv version=0x00010002
G4-JNI GetEnv version=0x00010002
G4-JNI GetEnv version=0x00010002
G4-JNI GetEnv version=0x00010002
G4-JNI GetEnv version=0x00010002
G4-JNI GetEnv version=0x00010002
G4-JNI GetEnv version=0x00010002
G4-JNI GetEnv version=0x00010002
android[2] trace: ....................(KK) MogaController :: Inside NativeOnMotionEvent

android[2] trace: (KK) MogaController :: Inside NativeOnMotionEvent ....................

G4-JNI GetEnv version=0x00010002
G4-JNI GetEnv version=0x00010002
G4-JNI GetEnv version=0x00010002
G4-JNI GetEnv version=0x00010002
G4-JNI GetEnv version=0x00010002
G4-JNI GetEnv version=0x00010002
G4-JNI GetEnv version=0x00010002
G4-JNI GetEnv version=0x00010002
android[2] trace: ....................(KK) MogaController :: Inside NativeOnMotionEvent

android[2] trace: (KK) MogaController :: Inside NativeOnMotionEvent ....................

G6-MOGA motion frame=7297 axes=0,0,0,0,0,0
G4-JNI GetEnv version=0x00010002
G4-JNI GetEnv version=0x00010002
android[2] trace: ....................(KK) MogaController :: Inside NativeOnMotionEvent

android[2] trace: (KK) MogaController :: Inside NativeOnMotionEvent ....................

G4-JNI GetEnv version=0x00010002
G4-JNI GetEnv version=0x00010002
G4-JNI GetEnv version=0x00010002
G4-JNI GetEnv version=0x00010002
G4-JNI GetEnv version=0x00010002
G4-JNI GetEnv version=0x00010002
G4-JNI GetEnv version=0x00010002
G4-JNI GetEnv version=0x00010002
G4-JNI GetEnv version=0x00010002
G4-JNI GetEnv version=0x00010002
android[2] trace: ....................(KK) MogaController :: Inside NativeOnMotionEvent

android[2] trace: (KK) MogaController :: Inside NativeOnMotionEvent ....................

G4-JNI GetEnv version=0x00010002
G4-JNI GetEnv version=0x00010002
G4-JNI GetEnv version=0x00010002
G4-JNI GetEnv version=0x00010002
G4-JNI GetEnv version=0x00010002
android[2] trace: ....................(KK) MogaController :: Inside NativeOnMotionEvent

android[2] trace: (KK) MogaController :: Inside NativeOnMotionEvent ....................

G6-MOGA motion frame=7314 axes=-32767,0,0,0,0,0
G4-JNI GetEnv version=0x00010002
G4-JNI GetEnv version=0x00010002
G4-JNI GetEnv version=0x00010002
G4-JNI GetEnv version=0x00010002
G4-JNI GetEnv version=0x00010002
G4-JNI GetEnv version=0x00010002
G4-JNI GetEnv version=0x00010002
G4-JNI GetEnv version=0x00010002
G4-JNI GetEnv version=0x00010002
android[2] trace: ....................(KK) MogaController :: Inside NativeOnMotionEvent

android[2] trace: (KK) MogaController :: Inside NativeOnMotionEvent ....................

G4-JNI GetEnv version=0x00010002
G6-RAW buttons=0x00000020
android[2] trace: MoGaConTrOlLeR :: ....................(KK) MogaController :: Inside nativeOnKeyEvent 

android[2] trace: ....................(KK) MogaController :: Inside nativeOnKeyEvent 103

android[2] trace: MoGaConTrOlLeR :: ....................(KK) Key Event Key R1 1111 .....................

android[2] trace: MoGaConTrOlLeR :: ....................(KK) Key Event Key Down .....................

android[2] trace: MoGaConTrOlLeR :: ....................(KK) Listener Key Press .....................

android[2] trace: MoGaConTrOlLeR :: ....................(KK) AndroidKeyCode :: MogaKeyCode (Start of func) .....................

android[2] trace: MoGaConTrOlLeR :: ....................(KK) AndroidKeyCode :: MogaKeyCode Key Press R1 .....................

android[2] trace: MoGaConTrOlLeR :: ....................(KK) AndroidKeyCode :: MogaKeyCode Key Press R1(Nitro) Racing True.....................

android[2] trace: MoGaConTrOlLeR :: (KK) MogaController :: Inside nativeOnKeyEvent ....................

G6-MOGA key frame=7324 code=103 state=down
android[2] trace: MoGaConTrOlLeR :: ....................(KK) BaseDrivingControlScheme :: OnEvent .....................

android[2] trace: MoGaConTrOlLeR :: ....................(KK) BaseDrivingControlScheme :: onKeyPress Nitro.....................

G4-JNI GetEnv version=0x00010002
G4-JNI GetEnv version=0x00010002
G4-JNI GetEnv version=0x00010002
G4-JNI GetEnv version=0x00010002
G4-JNI GetEnv version=0x00010002
G4-JNI GetEnv version=0x00010002
G4-JNI GetEnv version=0x00010002
G4-JNI GetEnv version=0x00010002
G4-JNI GetEnv version=0x00010002
G4-JNI GetEnv version=0x00010002
G4-JNI GetEnv version=0x00010002
android[2] trace: ....................(KK) MogaController :: Inside NativeOnMotionEvent

android[2] trace: (KK) MogaController :: Inside NativeOnMotionEvent ....................

G6-MOGA motion frame=7335 axes=-32767,0,0,0,0,0
G4-JNI GetEnv version=0x00010002
G4-JNI GetEnv version=0x00010002
G4-JNI GetEnv version=0x00010002
G4-JNI GetEnv version=0x00010002
G4-JNI GetEnv version=0x00010002
G4-JNI GetEnv version=0x00010002
G4-JNI GetEnv version=0x00010002
android[2] trace: ....................(KK) MogaController :: Inside NativeOnMotionEvent

android[2] trace: (KK) MogaController :: Inside NativeOnMotionEvent ....................

G4-JNI GetEnv version=0x00010002
G4-JNI GetEnv version=0x00010002
G4-JNI GetEnv version=0x00010002
G4-JNI GetEnv version=0x00010002
G4-JNI GetEnv version=0x00010002
G4-JNI GetEnv version=0x00010002
G4-JNI GetEnv version=0x00010002
android[2] trace: ....................(KK) MogaController :: Inside NativeOnMotionEvent

android[2] trace: (KK) MogaController :: Inside NativeOnMotionEvent ....................

G4-JNI GetEnv version=0x00010002
G4-JNI GetEnv version=0x00010002
G4-JNI GetEnv version=0x00010002
G4-JNI GetEnv version=0x00010002
G4-JNI GetEnv version=0x00010002
G4-JNI GetEnv version=0x00010002
G4-JNI GetEnv version=0x00010002
android[2] trace: ....................(KK) MogaController :: Inside NativeOnMotionEvent

android[2] trace: (KK) MogaController :: Inside NativeOnMotionEvent ....................

G6-MOGA motion frame=7356 axes=0,0,0,0,0,0
G4-JNI GetEnv version=0x00010002
G4-JNI GetEnv version=0x00010002
G4-JNI GetEnv version=0x00010002
G4-JNI GetEnv version=0x00010002
G4-JNI GetEnv version=0x00010002
G4-JNI GetEnv version=0x00010002
G4-JNI GetEnv version=0x00010002
G4-JNI GetEnv version=0x00010002
G4-JNI GetEnv version=0x00010002
G4-JNI GetEnv version=0x00010002
G4-JNI GetEnv version=0x00010002
G4-JNI GetEnv version=0x00010002
G4-JNI GetEnv version=0x00010002
G4-JNI GetEnv version=0x00010002
G4-JNI GetEnv version=0x00010002
G4-JNI GetEnv version=0x00010002
android[2] trace: ....................(KK) MogaController :: Inside NativeOnMotionEvent

android[2] trace: (KK) MogaController :: Inside NativeOnMotionEvent ....................

G6-MOGA motion frame=7372 axes=32767,0,0,0,0,0
G4-JNI GetEnv version=0x00010002
G4-JNI GetEnv version=0x00010002
G4-JNI GetEnv version=0x00010002
G4-JNI GetEnv version=0x00010002
G4-JNI GetEnv version=0x00010002
G4-JNI GetEnv version=0x00010002
G4-JNI GetEnv version=0x00010002
android[2] trace: ....................(KK) MogaController :: Inside NativeOnMotionEvent

android[2] trace: (KK) MogaController :: Inside NativeOnMotionEvent ....................

G4-JNI GetEnv version=0x00010002
G4-JNI GetEnv version=0x00010002
G4-JNI GetEnv version=0x00010002
G4-JNI GetEnv version=0x00010002
G4-JNI GetEnv version=0x00010002
G4-JNI GetEnv version=0x00010002
G4-JNI GetEnv version=0x00010002
G4-JNI GetEnv version=0x00010002
G4-JNI GetEnv version=0x00010002
android[2] trace: ....................(KK) MogaController :: Inside NativeOnMotionEvent

android[2] trace: (KK) MogaController :: Inside NativeOnMotionEvent ....................

G6-MOGA motion frame=7388 axes=-32767,0,0,0,0,0
G4-JNI GetEnv version=0x00010002
G4-JNI GetEnv version=0x00010002
G4-JNI GetEnv version=0x00010002
G4-JNI GetEnv version=0x00010002
android[2] trace: ....................(KK) MogaController :: Inside NativeOnMotionEvent

android[2] trace: (KK) MogaController :: Inside NativeOnMotionEvent ....................

G4-JNI GetEnv version=0x00010002
G4-JNI GetEnv version=0x00010002
G4-JNI GetEnv version=0x00010002
G4-JNI GetEnv version=0x00010002
G4-JNI GetEnv version=0x00010002
G4-JNI GetEnv version=0x00010002
G4-JNI GetEnv version=0x00010002
G4-JNI GetEnv version=0x00010002
android[2] trace: ....................(KK) MogaController :: Inside NativeOnMotionEvent

android[2] trace: (KK) MogaController :: Inside NativeOnMotionEvent ....................

G4-JNI GetEnv version=0x00010002
G4-JNI GetEnv version=0x00010002
G4-JNI GetEnv version=0x00010002
G4-JNI GetEnv version=0x00010002
G4-JNI GetEnv version=0x00010002
G4-JNI GetEnv version=0x00010002
G4-JNI GetEnv version=0x00010002
G4-JNI GetEnv version=0x00010002
android[2] trace: ....................(KK) MogaController :: Inside NativeOnMotionEvent

android[2] trace: (KK) MogaController :: Inside NativeOnMotionEvent ....................

G6-MOGA motion frame=7408 axes=0,0,0,0,0,0
G4-JNI GetEnv version=0x00010002
G4-JNI GetEnv version=0x00010002
G4-JNI GetEnv version=0x00010002
G4-JNI GetEnv version=0x00010002
G4-JNI GetEnv version=0x00010002
G4-JNI GetEnv version=0x00010002
G4-JNI GetEnv version=0x00010002
G4-JNI GetEnv version=0x00010002
G4-JNI GetEnv version=0x00010002
G4-JNI GetEnv version=0x00010002
G4-JNI GetEnv version=0x00010002
G4-JNI GetEnv version=0x00010002
G4-JNI GetEnv version=0x00010002
G4-JNI GetEnv version=0x00010002
G4-JNI GetEnv version=0x00010002
android[2] trace: ....................(KK) MogaController :: Inside NativeOnMotionEvent

android[2] trace: (KK) MogaController :: Inside NativeOnMotionEvent ....................

G6-MOGA motion frame=7423 axes=-32767,0,0,0,0,0
G4-JNI GetEnv version=0x00010002
G4-JNI GetEnv version=0x00010002
G4-JNI GetEnv version=0x00010002
G4-JNI GetEnv version=0x00010002
G4-JNI GetEnv version=0x00010002
G4-JNI GetEnv version=0x00010002
G4-JNI GetEnv version=0x00010002
android[2] trace: ....................(KK) MogaController :: Inside NativeOnMotionEvent

android[2] trace: (KK) MogaController :: Inside NativeOnMotionEvent ....................

G4-JNI GetEnv version=0x00010002
G4-JNI GetEnv version=0x00010002
G4-JNI GetEnv version=0x00010002
G4-JNI GetEnv version=0x00010002
G4-JNI GetEnv version=0x00010002
G4-JNI GetEnv version=0x00010002
G4-JNI GetEnv version=0x00010002
G4-JNI GetEnv version=0x00010002
G4-JNI GetEnv version=0x00010002
G4-JNI GetEnv version=0x00010002
G4-JNI GetEnv version=0x00010002
G4-JNI GetEnv version=0x00010002
G4-JNI GetEnv version=0x00010002
G4-JNI GetEnv version=0x00010002
G4-JNI GetEnv version=0x00010002
G4-JNI GetEnv version=0x00010002
G4-JNI GetEnv version=0x00010002
G4-JNI GetEnv version=0x00010002
G4-JNI GetEnv version=0x00010002
G4-JNI GetEnv version=0x00010002
android[2] trace: ....................(KK) MogaController :: Inside NativeOnMotionEvent

android[2] trace: (KK) MogaController :: Inside NativeOnMotionEvent ....................

G6-MOGA motion frame=7450 axes=32767,0,0,0,0,0
G4-JNI GetEnv version=0x00010002
G4-JNI GetEnv version=0x00010002
G4-JNI GetEnv version=0x00010002
G4-JNI GetEnv version=0x00010002
G4-JNI GetEnv version=0x00010002
G4-JNI GetEnv version=0x00010002
android[2] trace: ....................(KK) MogaController :: Inside NativeOnMotionEvent

android[2] trace: (KK) MogaController :: Inside NativeOnMotionEvent ....................

G4-JNI GetEnv version=0x00010002
G4-JNI GetEnv version=0x00010002
G4-JNI GetEnv version=0x00010002
G4-JNI GetEnv version=0x00010002
G4-JNI GetEnv version=0x00010002
G4-JNI GetEnv version=0x00010002
G4-JNI GetEnv version=0x00010002
G4-JNI GetEnv version=0x00010002
android[2] trace: ....................(KK) MogaController :: Inside NativeOnMotionEvent

android[2] trace: (KK) MogaController :: Inside NativeOnMotionEvent ....................

G4-JNI GetEnv version=0x00010002
G4-JNI GetEnv version=0x00010002
G4-JNI GetEnv version=0x00010002
G4-JNI GetEnv version=0x00010002
G4-JNI GetEnv version=0x00010002
G4-JNI GetEnv version=0x00010002
android[2] trace: ....................(KK) MogaController :: Inside NativeOnMotionEvent

android[2] trace: (KK) MogaController :: Inside NativeOnMotionEvent ....................

G6-MOGA motion frame=7470 axes=0,0,0,0,0,0
G4-JNI GetEnv version=0x00010002
G4-JNI GetEnv version=0x00010002
G4-JNI GetEnv version=0x00010002
G4-JNI GetEnv version=0x00010002
G4-JNI GetEnv version=0x00010002
G4-JNI GetEnv version=0x00010002
G4-JNI GetEnv version=0x00010002
G4-JNI GetEnv version=0x00010002
G4-JNI GetEnv version=0x00010002
G4-JNI GetEnv version=0x00010002
G4-JNI GetEnv version=0x00010002
G4-JNI GetEnv version=0x00010002
G4-JNI GetEnv version=0x00010002
G4-JNI GetEnv version=0x00010002
G4-JNI GetEnv version=0x00010002
G4-JNI GetEnv version=0x00010002
G4-JNI GetEnv version=0x00010002
G4-JNI GetEnv version=0x00010002
G4-JNI GetEnv version=0x00010002
G4-JNI GetEnv version=0x00010002
G4-JNI GetEnv version=0x00010002
G4-JNI GetEnv version=0x00010002
G4-JNI GetEnv version=0x00010002
G4-JNI GetEnv version=0x00010002
G4-JNI GetEnv version=0x00010002
G4-JNI GetEnv version=0x00010002
G4-JNI GetEnv version=0x00010002
G4-JNI GetEnv version=0x00010002
G4-JNI GetEnv version=0x00010002
G6-RAW buttons=0x00000000
android[2] trace: MoGaConTrOlLeR :: ....................(KK) MogaController :: Inside nativeOnKeyEvent 

android[2] trace: ....................(KK) MogaController :: Inside nativeOnKeyEvent 103

android[2] trace: MoGaConTrOlLeR :: ....................(KK) Key Event Key R1 1111 .....................

android[2] trace: MoGaConTrOlLeR :: ....................(KK) Key Event Key up .....................

android[2] trace: MoGaConTrOlLeR :: ....................(KK) Listener Key Release .....................

android[2] trace: MoGaConTrOlLeR :: ....................(KK) AndroidKeyCode :: MogaKeyCode (Start of func) .....................

android[2] trace: MoGaConTrOlLeR :: ....................(KK) AndroidKeyCode :: MogaKeyCode Key Press R1 .....................

android[2] trace: MoGaConTrOlLeR :: ....................(KK) AndroidKeyCode :: MogaKeyCode Key Press R1(Nitro) Racing True.....................

android[2] trace: MoGaConTrOlLeR :: (KK) MogaController :: Inside nativeOnKeyEvent ....................

G6-MOGA key frame=7499 code=103 state=up
android[2] trace: MoGaConTrOlLeR :: ....................(KK) BaseDrivingControlScheme :: OnEvent .....................

android[2] trace: MoGaConTrOlLeR :: ....................(KK) BaseDrivingControlScheme :: OnKeyRelease Nothing :( .....................

G4-JNI GetEnv version=0x00010002
G7-FRAME enter=7500
G4-JNI GetEnv version=0x00010002
G5-GL STATE frame=7500 framebuffer=0 status=0x8cd5 errors=0
G7-FRAME leave=7500
G4-JNI GetEnv version=0x00010002
G4-JNI GetEnv version=0x00010002
G4-JNI GetEnv version=0x00010002
G4-JNI GetEnv version=0x00010002
G4-JNI GetEnv version=0x00010002
G4-JNI GetEnv version=0x00010002
G4-JNI GetEnv version=0x00010002
G4-JNI GetEnv version=0x00010002
G4-JNI GetEnv version=0x00010002
G4-JNI GetEnv version=0x00010002
G4-JNI GetEnv version=0x00010002
G4-JNI GetEnv version=0x00010002
G4-JNI GetEnv version=0x00010002
G4-JNI GetEnv version=0x00010002
G4-JNI GetEnv version=0x00010002
G4-JNI GetEnv version=0x00010002
G4-JNI GetEnv version=0x00010002
G4-JNI GetEnv version=0x00010002
G4-JNI GetEnv version=0x00010002
G4-JNI GetEnv version=0x00010002
G4-JNI GetEnv version=0x00010002
G4-JNI GetEnv version=0x00010002
G4-JNI GetEnv version=0x00010002
G4-JNI GetEnv version=0x00010002
G4-JNI GetEnv version=0x00010002
G4-JNI GetEnv version=0x00010002
G4-JNI GetEnv version=0x00010002
G4-JNI GetEnv version=0x00010002
G4-JNI GetEnv version=0x00010002
G4-JNI GetEnv version=0x00010002
G4-JNI GetEnv version=0x00010002
G4-JNI GetEnv version=0x00010002
G4-JNI GetEnv version=0x00010002
G4-JNI GetEnv version=0x00010002
G4-JNI GetEnv version=0x00010002
G4-JNI GetEnv version=0x00010002
G4-JNI GetEnv version=0x00010002
G4-JNI GetEnv version=0x00010002
G4-JNI GetEnv version=0x00010002
G4-JNI GetEnv version=0x00010002
G4-JNI GetEnv version=0x00010002
G4-JNI GetEnv version=0x00010002
G4-JNI GetEnv version=0x00010002
G4-JNI GetEnv version=0x00010002
G4-JNI GetEnv version=0x00010002
G4-JNI GetEnv version=0x00010002
G4-JNI GetEnv version=0x00010002
G4-JNI GetEnv version=0x00010002
G4-JNI GetEnv version=0x00010002
G4-JNI GetEnv version=0x00010002
G4-JNI GetEnv version=0x00010002
G4-JNI GetEnv version=0x00010002
G4-JNI GetEnv version=0x00010002
G4-JNI GetEnv version=0x00010002
G4-JNI GetEnv version=0x00010002
G4-JNI GetEnv version=0x00010002
G4-JNI GetEnv version=0x00010002
G4-JNI GetEnv version=0x00010002
G4-JNI GetEnv version=0x00010002
G4-JNI GetEnv version=0x00010002
G4-JNI GetEnv version=0x00010002
G4-JNI GetEnv version=0x00010002
G4-JNI GetEnv version=0x00010002
G4-JNI GetEnv version=0x00010002
G4-JNI GetEnv version=0x00010002
G4-JNI GetEnv version=0x00010002
G4-JNI GetEnv version=0x00010002
G4-JNI GetEnv version=0x00010002
G4-JNI GetEnv version=0x00010002
G4-JNI GetEnv version=0x00010002
G4-JNI GetEnv version=0x00010002
G4-JNI GetEnv version=0x00010002
G4-JNI GetEnv version=0x00010002
G4-JNI GetEnv version=0x00010002
G4-JNI GetEnv version=0x00010002
G4-JNI GetEnv version=0x00010002
G4-JNI GetEnv version=0x00010002
G4-JNI GetEnv version=0x00010002
G4-JNI GetEnv version=0x00010002
G4-JNI GetEnv version=0x00010002
G4-JNI GetEnv version=0x00010002
G4-JNI GetEnv version=0x00010002
G4-JNI GetEnv version=0x00010002
G4-JNI GetEnv version=0x00010002
G4-JNI GetEnv version=0x00010002
G4-JNI GetEnv version=0x00010002
G4-JNI GetEnv version=0x00010002
G4-JNI GetEnv version=0x00010002
G4-JNI GetEnv version=0x00010002
G4-JNI GetEnv version=0x00010002
G4-JNI GetEnv version=0x00010002
G4-JNI GetEnv version=0x00010002
G4-JNI GetEnv version=0x00010002
G4-JNI GetEnv version=0x00010002
G4-JNI GetEnv version=0x00010002
G4-JNI GetEnv version=0x00010002
G4-JNI GetEnv version=0x00010002
G4-JNI GetEnv version=0x00010002
G4-JNI GetEnv version=0x00010002
G4-JNI GetEnv version=0x00010002
G4-JNI GetEnv version=0x00010002
G4-JNI GetEnv version=0x00010002
G4-JNI GetEnv version=0x00010002
G4-JNI GetEnv version=0x00010002
android[2] trace: ....................(KK) MogaController :: Inside NativeOnMotionEvent

android[2] trace: (KK) MogaController :: Inside NativeOnMotionEvent ....................

G6-MOGA motion frame=7605 axes=-32767,0,0,0,0,0
G4-JNI GetEnv version=0x00010002
G4-JNI GetEnv version=0x00010002
G4-JNI GetEnv version=0x00010002
G4-JNI GetEnv version=0x00010002
G4-JNI GetEnv version=0x00010002
G4-JNI GetEnv version=0x00010002
G4-JNI GetEnv version=0x00010002
android[2] trace: ....................(KK) MogaController :: Inside NativeOnMotionEvent

android[2] trace: (KK) MogaController :: Inside NativeOnMotionEvent ....................

G4-JNI GetEnv version=0x00010002
G4-JNI GetEnv version=0x00010002
G4-JNI GetEnv version=0x00010002
G4-JNI GetEnv version=0x00010002
G4-JNI GetEnv version=0x00010002
G4-JNI GetEnv version=0x00010002
G4-JNI GetEnv version=0x00010002
G4-JNI GetEnv version=0x00010002
G4-JNI GetEnv version=0x00010002
G4-JNI GetEnv version=0x00010002
G4-JNI GetEnv version=0x00010002
G4-JNI GetEnv version=0x00010002
G4-JNI GetEnv version=0x00010002
G4-JNI GetEnv version=0x00010002
G4-JNI GetEnv version=0x00010002
G4-JNI GetEnv version=0x00010002
G4-JNI GetEnv version=0x00010002
G4-JNI GetEnv version=0x00010002
G4-JNI GetEnv version=0x00010002
G4-JNI GetEnv version=0x00010002
G4-JNI GetEnv version=0x00010002
G4-JNI GetEnv version=0x00010002
G4-JNI GetEnv version=0x00010002
G4-JNI GetEnv version=0x00010002
G4-JNI GetEnv version=0x00010002
G4-JNI GetEnv version=0x00010002
G4-JNI GetEnv version=0x00010002
G4-JNI GetEnv version=0x00010002
G4-JNI GetEnv version=0x00010002
G4-JNI GetEnv version=0x00010002
G4-JNI GetEnv version=0x00010002
G4-JNI GetEnv version=0x00010002
G4-JNI GetEnv version=0x00010002
G4-JNI GetEnv version=0x00010002
G4-JNI GetEnv version=0x00010002
G4-JNI GetEnv version=0x00010002
G4-JNI GetEnv version=0x00010002
G4-JNI GetEnv version=0x00010002
G4-JNI GetEnv version=0x00010002
G4-JNI GetEnv version=0x00010002
G4-JNI GetEnv version=0x00010002
G4-JNI GetEnv version=0x00010002
G4-JNI GetEnv version=0x00010002
G4-JNI GetEnv version=0x00010002
G4-JNI GetEnv version=0x00010002
G4-JNI GetEnv version=0x00010002
G4-JNI GetEnv version=0x00010002
G4-JNI GetEnv version=0x00010002
G4-JNI GetEnv version=0x00010002
G4-JNI GetEnv version=0x00010002
android[2] trace: ....................(KK) MogaController :: Inside NativeOnMotionEvent

android[2] trace: (KK) MogaController :: Inside NativeOnMotionEvent ....................

G6-MOGA motion frame=7662 axes=-32767,0,0,0,0,0
G4-JNI GetEnv version=0x00010002
G4-JNI GetEnv version=0x00010002
G4-JNI GetEnv version=0x00010002
G4-JNI GetEnv version=0x00010002
G4-JNI GetEnv version=0x00010002
G4-JNI GetEnv version=0x00010002
G4-JNI GetEnv version=0x00010002
G4-JNI GetEnv version=0x00010002
G4-JNI GetEnv version=0x00010002
android[2] trace: ....................(KK) MogaController :: Inside NativeOnMotionEvent

android[2] trace: (KK) MogaController :: Inside NativeOnMotionEvent ....................

G4-JNI GetEnv version=0x00010002
G4-JNI GetEnv version=0x00010002
G4-JNI GetEnv version=0x00010002
G4-JNI GetEnv version=0x00010002
G4-JNI GetEnv version=0x00010002
G4-JNI GetEnv version=0x00010002
G4-JNI GetEnv version=0x00010002
G4-JNI GetEnv version=0x00010002
G4-JNI GetEnv version=0x00010002
G4-JNI GetEnv version=0x00010002
G4-JNI GetEnv version=0x00010002
G4-JNI GetEnv version=0x00010002
G4-JNI GetEnv version=0x00010002
G4-JNI GetEnv version=0x00010002
G4-JNI GetEnv version=0x00010002
G4-JNI GetEnv version=0x00010002
G4-JNI GetEnv version=0x00010002
G4-JNI GetEnv version=0x00010002
G4-JNI GetEnv version=0x00010002
G4-JNI GetEnv version=0x00010002
G4-JNI GetEnv version=0x00010002
G4-JNI GetEnv version=0x00010002
G4-JNI GetEnv version=0x00010002
G4-JNI GetEnv version=0x00010002
android[2] trace: ....................(KK) MogaController :: Inside NativeOnMotionEvent

android[2] trace: (KK) MogaController :: Inside NativeOnMotionEvent ....................

G6-MOGA motion frame=7695 axes=-32767,0,0,0,0,0
G4-JNI GetEnv version=0x00010002
G4-JNI GetEnv version=0x00010002
G4-JNI GetEnv version=0x00010002
G4-JNI GetEnv version=0x00010002
G4-JNI GetEnv version=0x00010002
G4-JNI GetEnv version=0x00010002
G4-JNI GetEnv version=0x00010002
G4-JNI GetEnv version=0x00010002
G4-JNI GetEnv version=0x00010002
G4-JNI GetEnv version=0x00010002
G4-JNI GetEnv version=0x00010002
G4-JNI GetEnv version=0x00010002
G4-JNI GetEnv version=0x00010002
G4-JNI GetEnv version=0x00010002
android[2] trace: ....................(KK) MogaController :: Inside NativeOnMotionEvent

android[2] trace: (KK) MogaController :: Inside NativeOnMotionEvent ....................

G4-JNI GetEnv version=0x00010002
G4-JNI GetEnv version=0x00010002
G4-JNI GetEnv version=0x00010002
G4-JNI GetEnv version=0x00010002
G4-JNI GetEnv version=0x00010002
G4-JNI GetEnv version=0x00010002
android[2] trace: ....................(KK) MogaController :: Inside NativeOnMotionEvent

android[2] trace: (KK) MogaController :: Inside NativeOnMotionEvent ....................

G6-MOGA motion frame=7715 axes=-32767,0,0,0,0,0
G4-JNI GetEnv version=0x00010002
G4-JNI GetEnv version=0x00010002
G4-JNI GetEnv version=0x00010002
G4-JNI GetEnv version=0x00010002
G4-JNI GetEnv version=0x00010002
G4-JNI GetEnv version=0x00010002
G4-JNI GetEnv version=0x00010002
G4-JNI GetEnv version=0x00010002
G4-JNI GetEnv version=0x00010002
G4-JNI GetEnv version=0x00010002
G4-JNI GetEnv version=0x00010002
android[2] trace: ....................(KK) MogaController :: Inside NativeOnMotionEvent

android[2] trace: (KK) MogaController :: Inside NativeOnMotionEvent ....................

G4-JNI GetEnv version=0x00010002
G4-JNI GetEnv version=0x00010002
G4-JNI GetEnv version=0x00010002
G4-JNI GetEnv version=0x00010002
G4-JNI GetEnv version=0x00010002
G4-JNI GetEnv version=0x00010002
G4-JNI GetEnv version=0x00010002
android[2] trace: ....................(KK) MogaController :: Inside NativeOnMotionEvent

android[2] trace: (KK) MogaController :: Inside NativeOnMotionEvent ....................

G6-MOGA motion frame=7733 axes=-32767,0,0,0,0,0
G4-JNI GetEnv version=0x00010002
G4-JNI GetEnv version=0x00010002
G4-JNI GetEnv version=0x00010002
G4-JNI GetEnv version=0x00010002
G4-JNI GetEnv version=0x00010002
G4-JNI GetEnv version=0x00010002
G4-JNI GetEnv version=0x00010002
G4-JNI GetEnv version=0x00010002
android[2] trace: ....................(KK) MogaController :: Inside NativeOnMotionEvent

android[2] trace: (KK) MogaController :: Inside NativeOnMotionEvent ....................

G4-JNI GetEnv version=0x00010002
G4-JNI GetEnv version=0x00010002
G4-JNI GetEnv version=0x00010002
G4-JNI GetEnv version=0x00010002
G4-JNI GetEnv version=0x00010002
G4-JNI GetEnv version=0x00010002
G4-JNI GetEnv version=0x00010002
G4-JNI GetEnv version=0x00010002
android[2] trace: ....................(KK) MogaController :: Inside NativeOnMotionEvent

android[2] trace: (KK) MogaController :: Inside NativeOnMotionEvent ....................

G6-MOGA motion frame=7749 axes=-32767,0,0,0,0,0
G4-JNI GetEnv version=0x00010002
G4-JNI GetEnv version=0x00010002
G4-JNI GetEnv version=0x00010002
G4-JNI GetEnv version=0x00010002
G4-JNI GetEnv version=0x00010002
G4-JNI GetEnv version=0x00010002
G4-JNI GetEnv version=0x00010002
G4-JNI GetEnv version=0x00010002
G4-JNI GetEnv version=0x00010002
G4-JNI GetEnv version=0x00010002
G4-JNI GetEnv version=0x00010002
G4-JNI GetEnv version=0x00010002
G4-JNI GetEnv version=0x00010002
G4-JNI GetEnv version=0x00010002
G4-JNI GetEnv version=0x00010002
G4-JNI GetEnv version=0x00010002
G4-JNI GetEnv version=0x00010002
G4-JNI GetEnv version=0x00010002
G4-JNI GetEnv version=0x00010002
G4-JNI GetEnv version=0x00010002
G4-JNI GetEnv version=0x00010002
G4-JNI GetEnv version=0x00010002
G4-JNI GetEnv version=0x00010002
G4-JNI GetEnv version=0x00010002
G4-JNI GetEnv version=0x00010002
G4-JNI GetEnv version=0x00010002
android[2] trace: ....................(KK) MogaController :: Inside NativeOnMotionEvent

android[2] trace: (KK) MogaController :: Inside NativeOnMotionEvent ....................

G6-MOGA motion frame=7775 axes=0,0,0,0,0,0
G4-JNI GetEnv version=0x00010002
G4-JNI GetEnv version=0x00010002
G4-JNI GetEnv version=0x00010002
G4-JNI GetEnv version=0x00010002
G4-JNI GetEnv version=0x00010002
G4-JNI GetEnv version=0x00010002
G4-JNI GetEnv version=0x00010002
G4-JNI GetEnv version=0x00010002
G4-JNI GetEnv version=0x00010002
G4-JNI GetEnv version=0x00010002
G4-JNI GetEnv version=0x00010002
G4-JNI GetEnv version=0x00010002
G4-JNI GetEnv version=0x00010002
G4-JNI GetEnv version=0x00010002
android[2] trace: ....................(KK) MogaController :: Inside NativeOnMotionEvent

android[2] trace: (KK) MogaController :: Inside NativeOnMotionEvent ....................

G4-JNI GetEnv version=0x00010002
G4-JNI GetEnv version=0x00010002
G4-JNI GetEnv version=0x00010002
G4-JNI GetEnv version=0x00010002
G4-JNI GetEnv version=0x00010002
G4-JNI GetEnv version=0x00010002
G4-JNI GetEnv version=0x00010002
G4-JNI GetEnv version=0x00010002
G4-JNI GetEnv version=0x00010002
G4-JNI GetEnv version=0x00010002
android[2] trace: ....................(KK) MogaController :: Inside NativeOnMotionEvent

android[2] trace: (KK) MogaController :: Inside NativeOnMotionEvent ....................

G6-MOGA motion frame=7799 axes=0,0,0,0,0,0
G4-JNI GetEnv version=0x00010002
G7-FRAME enter=7800
G4-JNI GetEnv version=0x00010002
G5-GL STATE frame=7800 framebuffer=0 status=0x8cd5 errors=0
G7-FRAME leave=7800
G4-JNI GetEnv version=0x00010002
G4-JNI GetEnv version=0x00010002
G4-JNI GetEnv version=0x00010002
G4-JNI GetEnv version=0x00010002
android[2] trace: ....................(KK) MogaController :: Inside NativeOnMotionEvent

android[2] trace: (KK) MogaController :: Inside NativeOnMotionEvent ....................

G4-JNI GetEnv version=0x00010002
G4-JNI GetEnv version=0x00010002
G4-JNI GetEnv version=0x00010002
G4-JNI GetEnv version=0x00010002
G4-JNI GetEnv version=0x00010002
G4-JNI GetEnv version=0x00010002
android[2] trace: ....................(KK) MogaController :: Inside NativeOnMotionEvent

android[2] trace: (KK) MogaController :: Inside NativeOnMotionEvent ....................

G4-JNI GetEnv version=0x00010002
G4-JNI GetEnv version=0x00010002
G4-JNI GetEnv version=0x00010002
G4-JNI GetEnv version=0x00010002
G4-JNI GetEnv version=0x00010002
G4-JNI GetEnv version=0x00010002
android[2] trace: ....................(KK) MogaController :: Inside NativeOnMotionEvent

android[2] trace: (KK) MogaController :: Inside NativeOnMotionEvent ....................

G6-MOGA motion frame=7817 axes=-32767,0,0,0,0,0
G4-JNI GetEnv version=0x00010002
G4-JNI GetEnv version=0x00010002
G4-JNI GetEnv version=0x00010002
G4-JNI GetEnv version=0x00010002
G4-JNI GetEnv version=0x00010002
G4-JNI GetEnv version=0x00010002
G4-JNI GetEnv version=0x00010002
android[2] trace: ....................(KK) MogaController :: Inside NativeOnMotionEvent

android[2] trace: (KK) MogaController :: Inside NativeOnMotionEvent ....................

G4-JNI GetEnv version=0x00010002
G4-JNI GetEnv version=0x00010002
G4-JNI GetEnv version=0x00010002
G4-JNI GetEnv version=0x00010002
G4-JNI GetEnv version=0x00010002
G4-JNI GetEnv version=0x00010002
G4-JNI GetEnv version=0x00010002
G4-JNI GetEnv version=0x00010002
G4-JNI GetEnv version=0x00010002
G4-JNI GetEnv version=0x00010002
G4-JNI GetEnv version=0x00010002
G4-JNI GetEnv version=0x00010002
G4-JNI GetEnv version=0x00010002
G4-JNI GetEnv version=0x00010002
G4-JNI GetEnv version=0x00010002
G4-JNI GetEnv version=0x00010002
G4-JNI GetEnv version=0x00010002
G4-JNI GetEnv version=0x00010002
G6-RAW buttons=0x00000020
android[2] trace: MoGaConTrOlLeR :: ....................(KK) MogaController :: Inside nativeOnKeyEvent 

android[2] trace: ....................(KK) MogaController :: Inside nativeOnKeyEvent 103

android[2] trace: MoGaConTrOlLeR :: ....................(KK) Key Event Key R1 1111 .....................

android[2] trace: MoGaConTrOlLeR :: ....................(KK) Key Event Key Down .....................

android[2] trace: MoGaConTrOlLeR :: ....................(KK) Listener Key Press .....................

android[2] trace: MoGaConTrOlLeR :: ....................(KK) AndroidKeyCode :: MogaKeyCode (Start of func) .....................

android[2] trace: MoGaConTrOlLeR :: ....................(KK) AndroidKeyCode :: MogaKeyCode Key Press R1 .....................

android[2] trace: MoGaConTrOlLeR :: ....................(KK) AndroidKeyCode :: MogaKeyCode Key Press R1(Nitro) Racing True.....................

android[2] trace: MoGaConTrOlLeR :: (KK) MogaController :: Inside nativeOnKeyEvent ....................

G6-MOGA key frame=7842 code=103 state=down
android[2] trace: MoGaConTrOlLeR :: ....................(KK) BaseDrivingControlScheme :: OnEvent .....................

android[2] trace: MoGaConTrOlLeR :: ....................(KK) BaseDrivingControlScheme :: onKeyPress Nitro.....................

G4-JNI GetEnv version=0x00010002
G4-JNI GetEnv version=0x00010002
G4-JNI GetEnv version=0x00010002
G4-JNI GetEnv version=0x00010002
G4-JNI GetEnv version=0x00010002
G4-JNI GetEnv version=0x00010002
G4-JNI GetEnv version=0x00010002
G4-JNI GetEnv version=0x00010002
android[2] trace: ....................(KK) MogaController :: Inside NativeOnMotionEvent

android[2] trace: (KK) MogaController :: Inside NativeOnMotionEvent ....................

G6-MOGA motion frame=7850 axes=-32767,0,0,0,0,0
G4-JNI GetEnv version=0x00010002
G4-JNI GetEnv version=0x00010002
G4-JNI GetEnv version=0x00010002
G4-JNI GetEnv version=0x00010002
G4-JNI GetEnv version=0x00010002
android[2] trace: ....................(KK) MogaController :: Inside NativeOnMotionEvent

android[2] trace: (KK) MogaController :: Inside NativeOnMotionEvent ....................

G4-JNI GetEnv version=0x00010002
G4-JNI GetEnv version=0x00010002
G4-JNI GetEnv version=0x00010002
G4-JNI GetEnv version=0x00010002
G4-JNI GetEnv version=0x00010002
G4-JNI GetEnv version=0x00010002
G4-JNI GetEnv version=0x00010002
G4-JNI GetEnv version=0x00010002
G4-JNI GetEnv version=0x00010002
G4-JNI GetEnv version=0x00010002
G4-JNI GetEnv version=0x00010002
G4-JNI GetEnv version=0x00010002
G4-JNI GetEnv version=0x00010002
G4-JNI GetEnv version=0x00010002
G4-JNI GetEnv version=0x00010002
G4-JNI GetEnv version=0x00010002
G4-JNI GetEnv version=0x00010002
G4-JNI GetEnv version=0x00010002
G4-JNI GetEnv version=0x00010002
G4-JNI GetEnv version=0x00010002
G4-JNI GetEnv version=0x00010002
G4-JNI GetEnv version=0x00010002
G4-JNI GetEnv version=0x00010002
android[2] trace: ....................(KK) MogaController :: Inside NativeOnMotionEvent

android[2] trace: (KK) MogaController :: Inside NativeOnMotionEvent ....................

G6-MOGA motion frame=7878 axes=-32767,0,0,0,0,0
G4-JNI GetEnv version=0x00010002
G4-JNI GetEnv version=0x00010002
android[2] trace: ....................(KK) MogaController :: Inside NativeOnMotionEvent

android[2] trace: (KK) MogaController :: Inside NativeOnMotionEvent ....................

G4-JNI GetEnv version=0x00010002
G4-JNI GetEnv version=0x00010002
G4-JNI GetEnv version=0x00010002
G4-JNI GetEnv version=0x00010002
G4-JNI GetEnv version=0x00010002
G4-JNI GetEnv version=0x00010002
G4-JNI GetEnv version=0x00010002
G4-JNI GetEnv version=0x00010002
G4-JNI GetEnv version=0x00010002
G4-JNI GetEnv version=0x00010002
G4-JNI GetEnv version=0x00010002
G4-JNI GetEnv version=0x00010002
G4-JNI GetEnv version=0x00010002
G4-JNI GetEnv version=0x00010002
G4-JNI GetEnv version=0x00010002
G4-JNI GetEnv version=0x00010002
G4-JNI GetEnv version=0x00010002
G4-JNI GetEnv version=0x00010002
android[2] trace: ....................(KK) MogaController :: Inside NativeOnMotionEvent

android[2] trace: (KK) MogaController :: Inside NativeOnMotionEvent ....................

G6-MOGA motion frame=7898 axes=-32767,0,0,0,0,0
G4-JNI GetEnv version=0x00010002
G4-JNI GetEnv version=0x00010002
G4-JNI GetEnv version=0x00010002
G4-JNI GetEnv version=0x00010002
G4-JNI GetEnv version=0x00010002
android[2] trace: ....................(KK) MogaController :: Inside NativeOnMotionEvent

android[2] trace: (KK) MogaController :: Inside NativeOnMotionEvent ....................

G4-JNI GetEnv version=0x00010002
G4-JNI GetEnv version=0x00010002
G4-JNI GetEnv version=0x00010002
G4-JNI GetEnv version=0x00010002
G4-JNI GetEnv version=0x00010002
G4-JNI GetEnv version=0x00010002
G4-JNI GetEnv version=0x00010002
G4-JNI GetEnv version=0x00010002
G4-JNI GetEnv version=0x00010002
G4-JNI GetEnv version=0x00010002
G4-JNI GetEnv version=0x00010002
G4-JNI GetEnv version=0x00010002
G4-JNI GetEnv version=0x00010002
G4-JNI GetEnv version=0x00010002
G4-JNI GetEnv version=0x00010002
G4-JNI GetEnv version=0x00010002
G4-JNI GetEnv version=0x00010002
G4-JNI GetEnv version=0x00010002
G4-JNI GetEnv version=0x00010002
G4-JNI GetEnv version=0x00010002
G4-JNI GetEnv version=0x00010002
G4-JNI GetEnv version=0x00010002
G4-JNI GetEnv version=0x00010002
G4-JNI GetEnv version=0x00010002
G4-JNI GetEnv version=0x00010002
G4-JNI GetEnv version=0x00010002
G4-JNI GetEnv version=0x00010002
G4-JNI GetEnv version=0x00010002
G4-JNI GetEnv version=0x00010002
DEBUG: sendTrackingMessage!
G4-JNI GetEnv version=0x00010006
DEBUG: sendTrackingMessage!
G4-JNI GetEnv version=0x00010006
DEBUG: sendTrackingMessage!
G4-JNI GetEnv version=0x00010006
android[2] trace: [AUTOLOG] RaceReport: Denied.  Not online

DEBUG: sendTrackingMessage!
G4-JNI GetEnv version=0x00010006
DEBUG: sendTrackingMessage!
G4-JNI GetEnv version=0x00010006
DEBUG: sendTrackingMessage!
G4-JNI GetEnv version=0x00010006
android[4] info: -- Most Wanted List Updated --

android[4] info: 1. MSTWNTD(30000 PTS)

android[4] info: 2. FANGD(28500 PTS)

android[4] info: 3. GDZLLR(27000 PTS)

android[4] info: 4. HONEY(25500 PTS)

android[4] info: 5. KRIEG(24000 PTS)

android[4] info: 6. GU1LTY(22500 PTS)

android[4] info: 7. SPIDER(21000 PTS)

android[4] info: 8. GTMC(19500 PTS)

android[4] info: 9. SNWBLND(18000 PTS)

android[4] info: 10. JAPAN4(16500 PTS)

android[4] info: 11. You(7500 PTS)

android[4] info: -- Most Wanted List Updated --

android[4] info: 1. MSTWNTD(35000 PTS)

android[4] info: 2. FANGD(33250 PTS)

android[4] info: 3. GDZLLR(31500 PTS)

android[4] info: 4. HONEY(29750 PTS)

android[4] info: 5. KRIEG(28000 PTS)

android[4] info: 6. GU1LTY(26250 PTS)

android[4] info: 7. SPIDER(24500 PTS)

android[4] info: 8. GTMC(22750 PTS)

android[4] info: 9. SNWBLND(21000 PTS)

android[4] info: 10. JAPAN4(19250 PTS)

android[4] info: 11. You(7500 PTS)

DEBUG: sendTrackingMessage!
G4-JNI GetEnv version=0x00010006
android[4] info: -- Most Wanted List Updated --

android[4] info: 1. MSTWNTD(35000 PTS)

android[4] info: 2. FANGD(33250 PTS)

android[4] info: 3. GDZLLR(31500 PTS)

android[4] info: 4. HONEY(29750 PTS)

android[4] info: 5. KRIEG(28000 PTS)

android[4] info: 6. GU1LTY(26250 PTS)

android[4] info: 7. SPIDER(24500 PTS)

android[4] info: 8. GTMC(22750 PTS)

android[4] info: 9. SNWBLND(21000 PTS)

android[4] info: 10. JAPAN4(19250 PTS)

android[4] info: 11. You(10000 PTS)

android[4] info: -- Most Wanted List Updated --

android[4] info: 1. MSTWNTD(40000 PTS)

android[4] info: 2. FANGD(38000 PTS)

android[4] info: 3. GDZLLR(36000 PTS)

android[4] info: 4. HONEY(34000 PTS)

android[4] info: 5. KRIEG(32000 PTS)

android[4] info: 6. GU1LTY(30000 PTS)

android[4] info: 7. SPIDER(28000 PTS)

android[4] info: 8. GTMC(26000 PTS)

android[4] info: 9. SNWBLND(24000 PTS)

android[4] info: 10. JAPAN4(22000 PTS)

android[4] info: 11. You(10000 PTS)

DEBUG: sendTrackingMessage!
G4-JNI GetEnv version=0x00010006
android[6] serialization/error: Cannot remove non-existent field PendingUpgrades

android[2] trace: MoGaConTrOlLeR :: ....................(KK) BaseDrivingControlScheme :: OnEvent .....................

G4-JNI GetEnv version=0x00010002
android[5] layouts/warning: LayoutEntity not in cache, reloading: results_finish

android[5] layouts/warning: LayoutEntity not in cache, reloading: lower_white_bar

android[2] trace: LayoutScreen::LayoutScreen OptionsSettingsScreen != 0

android[6] layouts/error: Unable to locate layout entity: pre_penalty_time_text

android[6] layouts/error: Unable to locate layout entity: pre_penalty_time

android[6] layouts/error: Unable to locate layout entity: time_text

android[6] layouts/error: Unable to locate layout entity: penalty_time_text

android[6] layouts/error: Unable to locate layout entity: penalty_time

android[6] layouts/error: Unable to locate layout entity: average_speed

android[6] layouts/error: Unable to locate layout entity: total_speedtrap

android[6] layouts/error: Unable to locate layout entity: notime

android[5] layouts/warning: SetAnimation: Animation _out not found in node /[NoID]/[NoID]

android[5] layouts/warning: SetAnimation: Animation _out not found in node /[NoID]/[NoID]/_common

android[5] layouts/warning: SetAnimation: Animation _out not found in node /[NoID]/[NoID]

G4-JNI GetEnv version=0x00010002
G4-JNI GetEnv version=0x00010002
G4-JNI GetEnv version=0x00010002
G4-JNI GetEnv version=0x00010002
G4-JNI GetEnv version=0x00010002
G4-JNI GetEnv version=0x00010002
G4-JNI GetEnv version=0x00010002
G4-JNI GetEnv version=0x00010002
G4-JNI GetEnv version=0x00010002
G4-JNI GetEnv version=0x00010002
G4-JNI GetEnv version=0x00010002
G4-JNI GetEnv version=0x00010002
G4-JNI GetEnv version=0x00010002
G4-JNI GetEnv version=0x00010002
G4-JNI GetEnv version=0x00010002
G4-JNI GetEnv version=0x00010002
G4-JNI GetEnv version=0x00010002
android[2] trace: MusicManager::SetPlaylist(): playlist=PostRace fade=true

android[2] trace: MusicManager::PlayNextTrack() try, fade=true, soundManager.IsInitialized()=true, soundManager.IsUserMusicPlaying()=true

android[2] trace: MusicManager::PlayNextTrack(): break, fade=true, soundManager.IsInitialized()=true, soundManager.IsUserMusicPlaying()=true

G4-JNI GetEnv version=0x00010002
android[6] Sound/SoundManager/error: FMOD result of SoundManager::createSound: An error occured that wasn't supposed to.  Contact support. 

android[5] Sound/SoundManager/warn: SoundManager::createSound - 'ui/ui/event_menu_in': failure.

android[2] trace: UI play sound: ui/ui/event_menu_in

android[2] trace: ShowMogaHighlight start

android[2] trace: ShowMogaHighlight 1

android[2] trace: ShowMogaHighlight end

G6-RAW buttons=0x00000000
android[2] trace: MoGaConTrOlLeR :: ....................(KK) MogaController :: Inside nativeOnKeyEvent 

android[2] trace: ....................(KK) MogaController :: Inside nativeOnKeyEvent 103

android[2] trace: MoGaConTrOlLeR :: ....................(KK) Key Event Key R1 1111 .....................

android[2] trace: MoGaConTrOlLeR :: ....................(KK) Key Event Key up .....................

android[2] trace: MoGaConTrOlLeR :: ....................(KK) Listener Key Release .....................

android[2] trace: MoGaConTrOlLeR :: ....................(KK) AndroidKeyCode :: MogaKeyCode (Start of func) .....................

android[2] trace: MoGaConTrOlLeR :: ....................(KK) AndroidKeyCode :: MogaKeyCode Key Press R1 .....................

android[2] trace: MoGaConTrOlLeR :: (KK) MogaController :: Inside nativeOnKeyEvent ....................

G6-MOGA key frame=7951 code=103 state=up
G4-JNI GetEnv version=0x00010002
G4-JNI GetEnv version=0x00010002
G4-JNI GetEnv version=0x00010002
G4-JNI GetEnv version=0x00010002
G4-JNI GetEnv version=0x00010002
G4-JNI GetEnv version=0x00010002
G4-JNI GetEnv version=0x00010002
G4-JNI GetEnv version=0x00010002
G4-JNI GetEnv version=0x00010002
G4-JNI GetEnv version=0x00010002
G4-JNI GetEnv version=0x00010002
G4-JNI GetEnv version=0x00010002
G4-JNI GetEnv version=0x00010002
G4-JNI GetEnv version=0x00010002
G4-JNI GetEnv version=0x00010002
G4-JNI GetEnv version=0x00010002
G4-JNI GetEnv version=0x00010002
G4-JNI GetEnv version=0x00010002
G4-JNI GetEnv version=0x00010002
G4-JNI GetEnv version=0x00010002
G4-JNI GetEnv version=0x00010002
G4-JNI GetEnv version=0x00010002
G4-JNI GetEnv version=0x00010002
G4-JNI GetEnv version=0x00010002
G4-JNI GetEnv version=0x00010002
G4-JNI GetEnv version=0x00010002
G4-JNI GetEnv version=0x00010002
G4-JNI GetEnv version=0x00010002
G4-JNI GetEnv version=0x00010002
G4-JNI GetEnv version=0x00010002
G4-JNI GetEnv version=0x00010002
G4-JNI GetEnv version=0x00010002
G4-JNI GetEnv version=0x00010002
G4-JNI GetEnv version=0x00010002
G4-JNI GetEnv version=0x00010002
G4-JNI GetEnv version=0x00010002
G4-JNI GetEnv version=0x00010002
G4-JNI GetEnv version=0x00010002
G4-JNI GetEnv version=0x00010002
G4-JNI GetEnv version=0x00010002
G4-JNI GetEnv version=0x00010002
G4-JNI GetEnv version=0x00010002
G4-JNI GetEnv version=0x00010002
G4-JNI GetEnv version=0x00010002
G4-JNI GetEnv version=0x00010002
G4-JNI GetEnv version=0x00010002
G4-JNI GetEnv version=0x00010002
G4-JNI GetEnv version=0x00010002
G4-JNI GetEnv version=0x00010002
G4-JNI GetEnv version=0x00010002
G4-JNI GetEnv version=0x00010002
G4-JNI GetEnv version=0x00010002
G4-JNI GetEnv version=0x00010002
G4-JNI GetEnv version=0x00010002
G4-JNI GetEnv version=0x00010002
G4-JNI GetEnv version=0x00010002
G4-JNI GetEnv version=0x00010002
G4-JNI GetEnv version=0x00010002
G4-JNI GetEnv version=0x00010002
G4-JNI GetEnv version=0x00010002
G4-JNI GetEnv version=0x00010002
G4-JNI GetEnv version=0x00010002
G4-JNI GetEnv version=0x00010002
G4-JNI GetEnv version=0x00010002
G4-JNI GetEnv version=0x00010002
G4-JNI GetEnv version=0x00010002
G4-JNI GetEnv version=0x00010002
G4-JNI GetEnv version=0x00010002
G4-JNI GetEnv version=0x00010002
G4-JNI GetEnv version=0x00010002
G4-JNI GetEnv version=0x00010002
G4-JNI GetEnv version=0x00010002
G4-JNI GetEnv version=0x00010002
G4-JNI GetEnv version=0x00010002
G4-JNI GetEnv version=0x00010002
G4-JNI GetEnv version=0x00010002
G4-JNI GetEnv version=0x00010002
G4-JNI GetEnv version=0x00010002
G4-JNI GetEnv version=0x00010002
G4-JNI GetEnv version=0x00010002
G4-JNI GetEnv version=0x00010002
G4-JNI GetEnv version=0x00010002
G4-JNI GetEnv version=0x00010002
G4-JNI GetEnv version=0x00010002
G4-JNI GetEnv version=0x00010002
G4-JNI GetEnv version=0x00010002
G4-JNI GetEnv version=0x00010002
G4-JNI GetEnv version=0x00010002
G4-JNI GetEnv version=0x00010002
G4-JNI GetEnv version=0x00010002
G4-JNI GetEnv version=0x00010002
G4-JNI GetEnv version=0x00010002
G4-JNI GetEnv version=0x00010002
G4-JNI GetEnv version=0x00010002
G4-JNI GetEnv version=0x00010002
G4-JNI GetEnv version=0x00010002
G4-JNI GetEnv version=0x00010002
G4-JNI GetEnv version=0x00010002
G4-JNI GetEnv version=0x00010002
G4-JNI GetEnv version=0x00010002
G4-JNI GetEnv version=0x00010002
G4-JNI GetEnv version=0x00010002
G4-JNI GetEnv version=0x00010002
G4-JNI GetEnv version=0x00010002
G4-JNI GetEnv version=0x00010002
G4-JNI GetEnv version=0x00010002
G4-JNI GetEnv version=0x00010002
G4-JNI GetEnv version=0x00010002
G4-JNI GetEnv version=0x00010002
G4-JNI GetEnv version=0x00010002
G4-JNI GetEnv version=0x00010002
G4-JNI GetEnv version=0x00010002
G4-JNI GetEnv version=0x00010002
G4-JNI GetEnv version=0x00010002
G4-JNI GetEnv version=0x00010002
G4-JNI GetEnv version=0x00010002
G4-JNI GetEnv version=0x00010002
G4-JNI GetEnv version=0x00010002
G4-JNI GetEnv version=0x00010002
G4-JNI GetEnv version=0x00010002
G4-JNI GetEnv version=0x00010002
G4-JNI GetEnv version=0x00010002
G4-JNI GetEnv version=0x00010002
G4-JNI GetEnv version=0x00010002
G4-JNI GetEnv version=0x00010002
G4-JNI GetEnv version=0x00010002
G4-JNI GetEnv version=0x00010002
G4-JNI GetEnv version=0x00010002
G4-JNI GetEnv version=0x00010002
G4-JNI GetEnv version=0x00010002
G4-JNI GetEnv version=0x00010002
G4-JNI GetEnv version=0x00010002
G4-JNI GetEnv version=0x00010002
G4-JNI GetEnv version=0x00010002
G4-JNI GetEnv version=0x00010002
G4-JNI GetEnv version=0x00010002
G4-JNI GetEnv version=0x00010002
G4-JNI GetEnv version=0x00010002
G4-JNI GetEnv version=0x00010002
G4-JNI GetEnv version=0x00010002
G4-JNI GetEnv version=0x00010002
G4-JNI GetEnv version=0x00010002
G4-JNI GetEnv version=0x00010002
G7-FRAME enter=8100
G5-GL STATE frame=8100 framebuffer=0 status=0x8cd5 errors=0
G7-FRAME leave=8100
android[6] Sound/SoundManager/error: FMOD result of SoundManager::createSound: An error occured that wasn't supposed to.  Contact support. 

android[5] Sound/SoundManager/warn: SoundManager::createSound - 'ui/ui/event_menu_out': failure.

android[2] trace: UI play sound: ui/ui/event_menu_out

android[5] layouts/warning: LayoutEntity not in cache, reloading: results_mostwanted_speedwall

android[5] layouts/warning: LayoutEntity not in cache, reloading: placed_window

android[5] layouts/warning: LayoutEntity not in cache, reloading: medal

android[5] layouts/warning: LayoutEntity not in cache, reloading: headingandvalue_cash

android[5] layouts/warning: LayoutEntity not in cache, reloading: awards_window

android[5] layouts/warning: LayoutEntity not in cache, reloading: awards_item

android[5] layouts/warning: LayoutEntity not in cache, reloading: achievement_icon

android[5] layouts/warning: LayoutEntity not in cache, reloading: headingandvalue_sp

android[5] layouts/warning: LayoutEntity not in cache, reloading: sp_counter

android[5] layouts/warning: LayoutEntity not in cache, reloading: autolog_window

android[5] layouts/warning: LayoutEntity not in cache, reloading: awards_item

android[5] layouts/warning: LayoutEntity not in cache, reloading: achievement_icon

android[5] layouts/warning: LayoutEntity not in cache, reloading: headingandvalue_sp

android[5] layouts/warning: LayoutEntity not in cache, reloading: sp_counter

android[5] layouts/warning: LayoutEntity not in cache, reloading: eventname_winfail

android[5] layouts/warning: LayoutEntity not in cache, reloading: mostwanted_notlist

android[5] layouts/warning: LayoutEntity not in cache, reloading: mostwanted_notlistitem

android[5] layouts/warning: LayoutEntity not in cache, reloading: results_speedwall

android[5] layouts/warning: LayoutEntity not in cache, reloading: results_speedwall_list

android[5] layouts/warning: LayoutEntity not in cache, reloading: results_speedwall_entry

android[5] layouts/warning: LayoutEntity not in cache, reloading: results_speedwall_personalbest

android[5] layouts/warning: LayoutEntity not in cache, reloading: new_map_base

android[5] layouts/warning: LayoutEntity not in cache, reloading: scrollbar

android[5] layouts/warning: LayoutEntity not in cache, reloading: scrollbar_thumb

android[5] layouts/warning: LayoutEntity not in cache, reloading: profile_store

android[5] layouts/warning: LayoutEntity not in cache, reloading: cash_store

android[5] layouts/warning: LayoutEntity not in cache, reloading: btn_car_action_large

android[5] layouts/warning: LayoutEntity not in cache, reloading: lower_white_bar

android[6] layouts/error: Unable to locate layout entity: _metric

android[6] layouts/error: Unable to locate layout entity: _icon

android[6] layouts/error: Unable to locate layout entity: _metric

android[6] layouts/error: Unable to locate layout entity: _icon

android[5] layouts/warning: SetAnimation: Animation _idle not found in node /[NoID]

android[5] layouts/warning: SetAnimation: Animation _idle not found in node /[NoID]

android[5] layouts/warning: SetAnimation: Animation _idle not found in node /[NoID]

android[5] layouts/warning: SetAnimation: Animation _idle not found in node /[NoID]

android[5] layouts/warning: SetAnimation: Animation _idle not found in node /[NoID]

android[5] layouts/warning: SetAnimation: Animation _idle not found in node /[NoID]

android[6] layouts/error: Unable to locate layout entity: _message

android[6] layouts/error: Unable to locate layout entity: _name_header

android[5] layouts/warning: SetAnimation: Animation result_message not found in node /_speedwall

android[6] layouts/error: Unable to locate layout entity: _icon

android[5] layouts/warning: TexturePack image not found for layout Sprite: icons/icon_autolog_powered.tif

android[5] layouts/warning: TexturePack image not found for layout Sprite: bars_dividers/scrollbar_backing_top.tif

android[5] layouts/warning: TexturePack image not found for layout Sprite: bars_dividers/scrollbar_backing_mid.tif

android[5] layouts/warning: TexturePack image not found for layout Sprite: bars_dividers/locked_car_chev.tif

android[5] layouts/warning: TexturePack image not found for layout Sprite: hud/awards_housing_top_line.tif

android[5] layouts/warning: TexturePack image not found for layout Sprite: hud/awards_housing_left_autorog.tif

android[5] layouts/warning: TexturePack image not found for layout Sprite: hud/results_housing_medal_all.tif

android[2] trace: LayoutScreen::LayoutScreen OptionsSettingsScreen != 0

android[2] trace: RaceResult::Success: WELCOME_HEADING

android[2] trace: MusicManager::SetPlaylist(): playlist=PostRace fade=true

android[6] Sound/SoundManager/error: FMOD result of SoundManager::createSound: An error occured that wasn't supposed to.  Contact support. 

android[5] Sound/SoundManager/warn: SoundManager::createSound - 'ui/ui/event_menu_in': failure.

android[2] trace: UI play sound: ui/ui/event_menu_in

android[2] trace: ShowMogaHighlight start

android[2] trace: ShowMogaHighlight 1

android[2] trace: ShowMogaHighlight end

G4-JNI GetEnv version=0x00010002
G4-JNI GetEnv version=0x00010002
G4-JNI GetEnv version=0x00010002
G4-JNI GetEnv version=0x00010002
G4-JNI GetEnv version=0x00010002
G4-JNI GetEnv version=0x00010002
G4-JNI GetEnv version=0x00010002
G4-JNI GetEnv version=0x00010002
G4-JNI GetEnv version=0x00010002
G4-JNI GetEnv version=0x00010002
G4-JNI GetEnv version=0x00010002
G4-JNI GetEnv version=0x00010002
G4-JNI GetEnv version=0x00010002
G4-JNI GetEnv version=0x00010002
G4-JNI GetEnv version=0x00010002
G4-JNI GetEnv version=0x00010002
G4-JNI GetEnv version=0x00010002
G4-JNI GetEnv version=0x00010002
G4-JNI GetEnv version=0x00010002
G4-JNI GetEnv version=0x00010002
G4-JNI GetEnv version=0x00010002
G4-JNI GetEnv version=0x00010002
G4-JNI GetEnv version=0x00010002
G4-JNI GetEnv version=0x00010002
G4-JNI GetEnv version=0x00010002
G4-JNI GetEnv version=0x00010002
G4-JNI GetEnv version=0x00010002
G4-JNI GetEnv version=0x00010002
G4-JNI GetEnv version=0x00010002
G4-JNI GetEnv version=0x00010002
G4-JNI GetEnv version=0x00010002
G4-JNI GetEnv version=0x00010002
G4-JNI GetEnv version=0x00010002
G4-JNI GetEnv version=0x00010002
G4-JNI GetEnv version=0x00010002
G4-JNI GetEnv version=0x00010002
G4-JNI GetEnv version=0x00010002
G4-JNI GetEnv version=0x00010002
G4-JNI GetEnv version=0x00010002
G4-JNI GetEnv version=0x00010002
G4-JNI GetEnv version=0x00010002
G4-JNI GetEnv version=0x00010002
G4-JNI GetEnv version=0x00010002
G4-JNI GetEnv version=0x00010002
G4-JNI GetEnv version=0x00010002
G4-JNI GetEnv version=0x00010002
G4-JNI GetEnv version=0x00010002
G4-JNI GetEnv version=0x00010002
G4-JNI GetEnv version=0x00010002
G4-JNI GetEnv version=0x00010002
G4-JNI GetEnv version=0x00010002
G4-JNI GetEnv version=0x00010002
G4-JNI GetEnv version=0x00010002
G4-JNI GetEnv version=0x00010002
G4-JNI GetEnv version=0x00010002
G4-JNI GetEnv version=0x00010002
G4-JNI GetEnv version=0x00010002
G4-JNI GetEnv version=0x00010002
G4-JNI GetEnv version=0x00010002
G4-JNI GetEnv version=0x00010002
G4-JNI GetEnv version=0x00010002
G4-JNI GetEnv version=0x00010002
G4-JNI GetEnv version=0x00010002
G4-JNI GetEnv version=0x00010002
G4-JNI GetEnv version=0x00010002
G4-JNI GetEnv version=0x00010002
G4-JNI GetEnv version=0x00010002
android[6] Sound/SoundManager/error: FMOD result of SoundManager::createSound: An error occured that wasn't supposed to.  Contact support. 

android[5] Sound/SoundManager/warn: SoundManager::createSound - 'ui/ui/swipe_info': failure.

android[2] trace: UI play sound: ui/ui/swipe_info

android[5] layouts/warning: SetAnimation: Animation _idle not found in node /[NoID]

G4-JNI GetEnv version=0x00010002
G4-JNI GetEnv version=0x00010002
G4-JNI GetEnv version=0x00010002
G4-JNI GetEnv version=0x00010002
G4-JNI GetEnv version=0x00010002
G4-JNI GetEnv version=0x00010002
G4-JNI GetEnv version=0x00010002
G4-JNI GetEnv version=0x00010002
G4-JNI GetEnv version=0x00010002
G4-JNI GetEnv version=0x00010002
G4-JNI GetEnv version=0x00010002
G4-JNI GetEnv version=0x00010002
G4-JNI GetEnv version=0x00010002
G4-JNI GetEnv version=0x00010002
G4-JNI GetEnv version=0x00010002
G4-JNI GetEnv version=0x00010002
G4-JNI GetEnv version=0x00010002
G4-JNI GetEnv version=0x00010002
G4-JNI GetEnv version=0x00010002
G4-JNI GetEnv version=0x00010002
G4-JNI GetEnv version=0x00010002
G4-JNI GetEnv version=0x00010002
G4-JNI GetEnv version=0x00010002
G4-JNI GetEnv version=0x00010002
G4-JNI GetEnv version=0x00010002
G4-JNI GetEnv version=0x00010002
G4-JNI GetEnv version=0x00010002
G4-JNI GetEnv version=0x00010002
G4-JNI GetEnv version=0x00010002
G4-JNI GetEnv version=0x00010002
G4-JNI GetEnv version=0x00010002
G4-JNI GetEnv version=0x00010002
G4-JNI GetEnv version=0x00010002
G4-JNI GetEnv version=0x00010002
G4-JNI GetEnv version=0x00010002
G4-JNI GetEnv version=0x00010002
G4-JNI GetEnv version=0x00010002
G4-JNI GetEnv version=0x00010002
G4-JNI GetEnv version=0x00010002
G4-JNI GetEnv version=0x00010002
G4-JNI GetEnv version=0x00010002
G4-JNI GetEnv version=0x00010002
G4-JNI GetEnv version=0x00010002
G4-JNI GetEnv version=0x00010002
G4-JNI GetEnv version=0x00010002
G4-JNI GetEnv version=0x00010002
android[6] Sound/SoundManager/error: FMOD result of SoundManager::createSound: An error occured that wasn't supposed to.  Contact support. 

android[5] Sound/SoundManager/warn: SoundManager::createSound - 'ui/ui/event_accolade': failure.

android[2] trace: UI play sound: ui/ui/event_accolade

G4-JNI GetEnv version=0x00010002
G4-JNI GetEnv version=0x00010002
G4-JNI GetEnv version=0x00010002
G4-JNI GetEnv version=0x00010002
G4-JNI GetEnv version=0x00010002
G4-JNI GetEnv version=0x00010002
G4-JNI GetEnv version=0x00010002
G4-JNI GetEnv version=0x00010002
G4-JNI GetEnv version=0x00010002
G4-JNI GetEnv version=0x00010002
G4-JNI GetEnv version=0x00010002
G4-JNI GetEnv version=0x00010002
G4-JNI GetEnv version=0x00010002
G4-JNI GetEnv version=0x00010002
G4-JNI GetEnv version=0x00010002
G4-JNI GetEnv version=0x00010002
G4-JNI GetEnv version=0x00010002
G4-JNI GetEnv version=0x00010002
G4-JNI GetEnv version=0x00010002
G4-JNI GetEnv version=0x00010002
G4-JNI GetEnv version=0x00010002
G4-JNI GetEnv version=0x00010002
G4-JNI GetEnv version=0x00010002
G4-JNI GetEnv version=0x00010002
G4-JNI GetEnv version=0x00010002
G4-JNI GetEnv version=0x00010002
G4-JNI GetEnv version=0x00010002
G4-JNI GetEnv version=0x00010002
G4-JNI GetEnv version=0x00010002
G7-FRAME enter=8400
G5-GL STATE frame=8400 framebuffer=0 status=0x8cd5 errors=0
G7-FRAME leave=8400
android[5] layouts/warning: LayoutEntity not in cache, reloading: generic_okay_popup

android[5] layouts/warning: LayoutEntity not in cache, reloading: btn_options_large_idle

android[5] layouts/warning: LayoutEntity not in cache, reloading: frame

android[5] layouts/warning: LayoutEntity not in cache, reloading: btn_options_small5

android[5] layouts/warning: LayoutEntity not in cache, reloading: btn_options_large_active

android[5] layouts/warning: LayoutEntity not in cache, reloading: btn_options_large_idle

android[5] layouts/warning: TexturePack image not found for layout Sprite: bars_dividers/bg_radgrad.tif

android[2] trace: LayoutScreen::LayoutScreen OptionsSettingsScreen != 0

android[6] Sound/SoundManager/error: FMOD result of SoundManager::createSound: An error occured that wasn't supposed to.  Contact support. 

android[5] Sound/SoundManager/warn: SoundManager::createSound - 'ui/ui/event_popup': failure.

android[2] trace: UI play sound: ui/ui/event_popup

android[2] trace: ShowMogaHighlight start

android[2] trace: ShowMogaHighlight 1

android[2] trace: ShowMogaHighlight end

G4-JNI GetEnv version=0x00010002
G4-JNI GetEnv version=0x00010002
G4-JNI GetEnv version=0x00010002
G4-JNI GetEnv version=0x00010002
G4-JNI GetEnv version=0x00010002
G4-JNI GetEnv version=0x00010002
G4-JNI GetEnv version=0x00010002
G4-JNI GetEnv version=0x00010002
G4-JNI GetEnv version=0x00010002
G4-JNI GetEnv version=0x00010002
G4-JNI GetEnv version=0x00010002
G4-JNI GetEnv version=0x00010002
G4-JNI GetEnv version=0x00010002
G4-JNI GetEnv version=0x00010002
G4-JNI GetEnv version=0x00010002
G4-JNI GetEnv version=0x00010002
G4-JNI GetEnv version=0x00010002
G4-JNI GetEnv version=0x00010002
G4-JNI GetEnv version=0x00010002
G4-JNI GetEnv version=0x00010002
G4-JNI GetEnv version=0x00010002
G4-JNI GetEnv version=0x00010002
G4-JNI GetEnv version=0x00010002
G4-JNI GetEnv version=0x00010002
G4-JNI GetEnv version=0x00010002
G4-JNI GetEnv version=0x00010002
G4-JNI GetEnv version=0x00010002
G4-JNI GetEnv version=0x00010002
G4-JNI GetEnv version=0x00010002
G4-JNI GetEnv version=0x00010002
G4-JNI GetEnv version=0x00010002
G4-JNI GetEnv version=0x00010002
G4-JNI GetEnv version=0x00010002
G4-JNI GetEnv version=0x00010002
G4-JNI GetEnv version=0x00010002
G4-JNI GetEnv version=0x00010002
G4-JNI GetEnv version=0x00010002
G4-JNI GetEnv version=0x00010002
G4-JNI GetEnv version=0x00010002
G4-JNI GetEnv version=0x00010002
G4-JNI GetEnv version=0x00010002
G4-JNI GetEnv version=0x00010002
G4-JNI GetEnv version=0x00010002
G4-JNI GetEnv version=0x00010002
G4-JNI GetEnv version=0x00010002
G4-JNI GetEnv version=0x00010002
G4-JNI GetEnv version=0x00010002
G4-JNI GetEnv version=0x00010002
G4-JNI GetEnv version=0x00010002
G4-JNI GetEnv version=0x00010002
G4-JNI GetEnv version=0x00010002
G4-JNI GetEnv version=0x00010002
G4-JNI GetEnv version=0x00010002
G6-RAW buttons=0x00000002
android[2] trace: MoGaConTrOlLeR :: ....................(KK) MogaController :: Inside nativeOnKeyEvent 

android[2] trace: ....................(KK) MogaController :: Inside nativeOnKeyEvent 96

android[2] trace: MoGaConTrOlLeR :: ....................(KK) Key Event Key A AAAA .....................

android[2] trace: MoGaConTrOlLeR :: ....................(KK) Key Event Key Down .....................

android[2] trace: MoGaConTrOlLeR :: ....................(KK) Listener Key Press .....................

android[2] trace: MoGaConTrOlLeR :: ....................(KK) AndroidKeyCode :: MogaKeyCode (Start of func) .....................

android[2] trace: MoGaConTrOlLeR :: ....................(KK) AndroidKeyCode :: MogaKeyCode Key Press A .....................

android[2] trace: MoGaConTrOlLeR :: (KK) MogaController :: Inside nativeOnKeyEvent ....................

G6-MOGA key frame=8604 code=96 state=down
android[6] Sound/SoundManager/error: FMOD result of SoundManager::createSound: An error occured that wasn't supposed to.  Contact support. 

android[5] Sound/SoundManager/warn: SoundManager::createSound - 'ui/ui/btn_generic_accept': failure.

android[2] trace: UI play sound: ui/ui/btn_generic_accept

android[2] trace: MusicManager::SetPlaylist(): playlist=PostRace fade=true

G6-RAW buttons=0x00000000
android[2] trace: MoGaConTrOlLeR :: ....................(KK) MogaController :: Inside nativeOnKeyEvent 

android[2] trace: ....................(KK) MogaController :: Inside nativeOnKeyEvent 96

android[2] trace: MoGaConTrOlLeR :: ....................(KK) Key Event Key A AAAA .....................

android[2] trace: MoGaConTrOlLeR :: ....................(KK) Key Event Key up .....................

android[2] trace: MoGaConTrOlLeR :: ....................(KK) Listener Key Release .....................

android[2] trace: MoGaConTrOlLeR :: ....................(KK) AndroidKeyCode :: MogaKeyCode (Start of func) .....................

android[2] trace: MoGaConTrOlLeR :: ....................(KK) AndroidKeyCode :: MogaKeyCode Key Press A .....................

android[2] trace: MoGaConTrOlLeR :: (KK) MogaController :: Inside nativeOnKeyEvent ....................

G6-MOGA key frame=8608 code=96 state=up
android[5] layouts/warning: SetAnimation: Animation _idle not found in node /[NoID]

G4-JNI GetEnv version=0x00010002
G4-JNI GetEnv version=0x00010002
G4-JNI GetEnv version=0x00010002
G4-JNI GetEnv version=0x00010002
android[6] Sound/SoundManager/error: FMOD result of SoundManager::createSound: An error occured that wasn't supposed to.  Contact support. 

android[5] Sound/SoundManager/warn: SoundManager::createSound - 'ui/ui/event_award': failure.

android[2] trace: UI play sound: ui/ui/event_award

G4-JNI GetEnv version=0x00010002
G4-JNI GetEnv version=0x00010002
G4-JNI GetEnv version=0x00010002
G4-JNI GetEnv version=0x00010002
G4-JNI GetEnv version=0x00010002
G4-JNI GetEnv version=0x00010002
G4-JNI GetEnv version=0x00010002
G4-JNI GetEnv version=0x00010002
G4-JNI GetEnv version=0x00010002
G4-JNI GetEnv version=0x00010002
G4-JNI GetEnv version=0x00010002
G4-JNI GetEnv version=0x00010002
G4-JNI GetEnv version=0x00010002
G4-JNI GetEnv version=0x00010002
G4-JNI GetEnv version=0x00010002
G4-JNI GetEnv version=0x00010002
G4-JNI GetEnv version=0x00010002
G4-JNI GetEnv version=0x00010002
G4-JNI GetEnv version=0x00010002
G4-JNI GetEnv version=0x00010002
G4-JNI GetEnv version=0x00010002
G4-JNI GetEnv version=0x00010002
G4-JNI GetEnv version=0x00010002
G4-JNI GetEnv version=0x00010002
G4-JNI GetEnv version=0x00010002
G4-JNI GetEnv version=0x00010002
G4-JNI GetEnv version=0x00010002
G4-JNI GetEnv version=0x00010002
G4-JNI GetEnv version=0x00010002
G4-JNI GetEnv version=0x00010002
G4-JNI GetEnv version=0x00010002
G4-JNI GetEnv version=0x00010002
G4-JNI GetEnv version=0x00010002
G4-JNI GetEnv version=0x00010002
G4-JNI GetEnv version=0x00010002
G4-JNI GetEnv version=0x00010002
G4-JNI GetEnv version=0x00010002
G4-JNI GetEnv version=0x00010002
G4-JNI GetEnv version=0x00010002
G4-JNI GetEnv version=0x00010002
G4-JNI GetEnv version=0x00010002
G4-JNI GetEnv version=0x00010002
G4-JNI GetEnv version=0x00010002
G4-JNI GetEnv version=0x00010002
G4-JNI GetEnv version=0x00010002
G4-JNI GetEnv version=0x00010002
G4-JNI GetEnv version=0x00010002
G4-JNI GetEnv version=0x00010002
G4-JNI GetEnv version=0x00010002
G4-JNI GetEnv version=0x00010002
G4-JNI GetEnv version=0x00010002
G4-JNI GetEnv version=0x00010002
G4-JNI GetEnv version=0x00010002
G4-JNI GetEnv version=0x00010002
G4-JNI GetEnv version=0x00010002
G4-JNI GetEnv version=0x00010002
G4-JNI GetEnv version=0x00010002
G4-JNI GetEnv version=0x00010002
G4-JNI GetEnv version=0x00010002
G4-JNI GetEnv version=0x00010002
G4-JNI GetEnv version=0x00010002
G4-JNI GetEnv version=0x00010002
G4-JNI GetEnv version=0x00010002
G4-JNI GetEnv version=0x00010002
G4-JNI GetEnv version=0x00010002
G4-JNI GetEnv version=0x00010002
G4-JNI GetEnv version=0x00010002
G4-JNI GetEnv version=0x00010002
G4-JNI GetEnv version=0x00010002
G4-JNI GetEnv version=0x00010002
G4-JNI GetEnv version=0x00010002
G4-JNI GetEnv version=0x00010002
G4-JNI GetEnv version=0x00010002
G4-JNI GetEnv version=0x00010002
G4-JNI GetEnv version=0x00010002
G4-JNI GetEnv version=0x00010002
G4-JNI GetEnv version=0x00010002
G4-JNI GetEnv version=0x00010002
G4-JNI GetEnv version=0x00010002
G4-JNI GetEnv version=0x00010002
G4-JNI GetEnv version=0x00010002
G4-JNI GetEnv version=0x00010002
G4-JNI GetEnv version=0x00010002
G4-JNI GetEnv version=0x00010002
G7-FRAME enter=8700
G5-GL STATE frame=8700 framebuffer=0 status=0x8cd5 errors=0
G7-FRAME leave=8700
android[6] Sound/SoundManager/error: FMOD result of SoundManager::createSound: An error occured that wasn't supposed to.  Contact support. 

android[5] Sound/SoundManager/warn: SoundManager::createSound - 'ui/ui/swipe_info': failure.

android[2] trace: UI play sound: ui/ui/swipe_info

android[6] Sound/SoundManager/error: FMOD result of SoundManager::createSound: An error occured that wasn't supposed to.  Contact support. 

android[5] Sound/SoundManager/warn: SoundManager::createSound - 'ui/ui/event_award': failure.

android[2] trace: UI play sound: ui/ui/event_award

android[6] Sound/SoundManager/error: FMOD result of SoundManager::createSound: An error occured that wasn't supposed to.  Contact support. 

android[5] Sound/SoundManager/warn: SoundManager::createSound - 'ui/ui/swipe_info': failure.

android[2] trace: UI play sound: ui/ui/swipe_info

android[6] Sound/SoundManager/error: FMOD result of SoundManager::createSound: An error occured that wasn't supposed to.  Contact support. 

android[5] Sound/SoundManager/warn: SoundManager::createSound - 'ui/ui/event_award': failure.

android[2] trace: UI play sound: ui/ui/event_award

android[6] Sound/SoundManager/error: FMOD result of SoundManager::createSound: An error occured that wasn't supposed to.  Contact support. 

android[5] Sound/SoundManager/warn: SoundManager::createSound - 'ui/ui/swipe_info': failure.

android[2] trace: UI play sound: ui/ui/swipe_info

G6-RAW buttons=0x00000800
android[2] trace: ....................(KK) MogaController :: Inside NativeOnMotionEvent

android[2] trace: (KK) MogaController :: Inside NativeOnMotionEvent ....................

G6-MOGA motion frame=8974 axes=32767,0,0,0,0,0
G6-MOGA dpad-as-stick frame=8974 code=22 state=down
G6-RAW buttons=0x00000000
android[2] trace: ....................(KK) MogaController :: Inside NativeOnMotionEvent

android[2] trace: (KK) MogaController :: Inside NativeOnMotionEvent ....................

G6-MOGA dpad-as-stick frame=8984 code=22 state=up
G7-FRAME enter=9000
G5-GL STATE frame=9000 framebuffer=0 status=0x8cd5 errors=0
G7-FRAME leave=9000
G6-RAW buttons=0x00000002
android[2] trace: MoGaConTrOlLeR :: ....................(KK) MogaController :: Inside nativeOnKeyEvent 

android[2] trace: ....................(KK) MogaController :: Inside nativeOnKeyEvent 96

android[2] trace: MoGaConTrOlLeR :: ....................(KK) Key Event Key A AAAA .....................

android[2] trace: MoGaConTrOlLeR :: ....................(KK) Key Event Key Down .....................

android[2] trace: MoGaConTrOlLeR :: ....................(KK) Listener Key Press .....................

android[2] trace: MoGaConTrOlLeR :: ....................(KK) AndroidKeyCode :: MogaKeyCode (Start of func) .....................

android[2] trace: MoGaConTrOlLeR :: ....................(KK) AndroidKeyCode :: MogaKeyCode Key Press A .....................

android[2] trace: MoGaConTrOlLeR :: (KK) MogaController :: Inside nativeOnKeyEvent ....................

G6-MOGA key frame=9024 code=96 state=down
android[6] Sound/SoundManager/error: FMOD result of SoundManager::createSound: An error occured that wasn't supposed to.  Contact support. 

android[5] Sound/SoundManager/warn: SoundManager::createSound - 'ui/ui/btn_accept': failure.

android[2] trace: UI play sound: ui/ui/btn_accept

G6-RAW buttons=0x00000000
android[2] trace: MoGaConTrOlLeR :: ....................(KK) MogaController :: Inside nativeOnKeyEvent 

android[2] trace: ....................(KK) MogaController :: Inside nativeOnKeyEvent 96

android[2] trace: MoGaConTrOlLeR :: ....................(KK) Key Event Key A AAAA .....................

android[2] trace: MoGaConTrOlLeR :: ....................(KK) Key Event Key up .....................

android[2] trace: MoGaConTrOlLeR :: ....................(KK) Listener Key Release .....................

android[2] trace: MoGaConTrOlLeR :: ....................(KK) AndroidKeyCode :: MogaKeyCode (Start of func) .....................

android[2] trace: MoGaConTrOlLeR :: ....................(KK) AndroidKeyCode :: MogaKeyCode Key Press A .....................

android[2] trace: MoGaConTrOlLeR :: (KK) MogaController :: Inside nativeOnKeyEvent ....................

G6-MOGA key frame=9026 code=96 state=up
android[6] Sound/SoundManager/error: FMOD result of SoundManager::createSound: An error occured that wasn't supposed to.  Contact support. 

android[5] Sound/SoundManager/warn: SoundManager::createSound - 'ui/ui/swipe_info': failure.

android[2] trace: UI play sound: ui/ui/swipe_info

android[6] layouts/error: Unable to locate layout entity: _metric

android[6] layouts/error: Unable to locate layout entity: _icon

android[6] layouts/error: Unable to locate layout entity: _metric

android[6] layouts/error: Unable to locate layout entity: _icon

android[5] layouts/warning: SetAnimation: Animation _idle not found in node /[NoID]

android[5] layouts/warning: SetAnimation: Animation _idle not found in node /[NoID]

android[5] layouts/warning: SetAnimation: Animation _idle not found in node /[NoID]

android[5] layouts/warning: SetAnimation: Animation _idle not found in node /[NoID]

android[5] layouts/warning: SetAnimation: Animation _idle not found in node /[NoID]

android[5] layouts/warning: SetAnimation: Animation _idle not found in node /[NoID]

android[6] layouts/error: Unable to locate layout entity: _message

android[6] layouts/error: Unable to locate layout entity: _name_header

android[5] layouts/warning: SetAnimation: Animation result_message not found in node /_speedwall

android[6] layouts/error: Unable to locate layout entity: _icon

android[2] trace: LayoutScreen::LayoutScreen OptionsSettingsScreen != 0

android[2] trace: RaceResult::Success: WELCOME_HEADING

android[4] info: -- Most Wanted List Updated --

android[4] info: 1. MSTWNTD(40000 PTS)

android[4] info: 2. FANGD(38000 PTS)

android[4] info: 3. GDZLLR(36000 PTS)

android[4] info: 4. HONEY(34000 PTS)

android[4] info: 5. KRIEG(32000 PTS)

android[4] info: 6. GU1LTY(30000 PTS)

android[4] info: 7. SPIDER(28000 PTS)

android[4] info: 8. GTMC(26000 PTS)

android[4] info: 9. SNWBLND(24000 PTS)

android[4] info: 10. JAPAN4(22000 PTS)

android[4] info: 11. You(10000 PTS)

android[2] trace: MusicManager::SetPlaylist(): playlist=PostRace fade=true

android[6] Sound/SoundManager/error: FMOD result of SoundManager::createSound: An error occured that wasn't supposed to.  Contact support. 

android[5] Sound/SoundManager/warn: SoundManager::createSound - 'ui/ui/event_award': failure.

android[2] trace: UI play sound: ui/ui/event_award

android[2] trace: ShowMogaHighlight start

android[2] trace: ShowMogaHighlight 1

android[2] trace: ShowMogaHighlight end

G4-JNI GetEnv version=0x00010002
G4-JNI GetEnv version=0x00010002
G4-JNI GetEnv version=0x00010002
G4-JNI GetEnv version=0x00010002
G4-JNI GetEnv version=0x00010002
G4-JNI GetEnv version=0x00010002
G4-JNI GetEnv version=0x00010002
G4-JNI GetEnv version=0x00010002
G4-JNI GetEnv version=0x00010002
G4-JNI GetEnv version=0x00010002
G4-JNI GetEnv version=0x00010002
G4-JNI GetEnv version=0x00010002
G4-JNI GetEnv version=0x00010002
G4-JNI GetEnv version=0x00010002
G4-JNI GetEnv version=0x00010002
G4-JNI GetEnv version=0x00010002
G4-JNI GetEnv version=0x00010002
G4-JNI GetEnv version=0x00010002
G4-JNI GetEnv version=0x00010002
G4-JNI GetEnv version=0x00010002
G4-JNI GetEnv version=0x00010002
G4-JNI GetEnv version=0x00010002
G4-JNI GetEnv version=0x00010002
G4-JNI GetEnv version=0x00010002
G4-JNI GetEnv version=0x00010002
G4-JNI GetEnv version=0x00010002
G4-JNI GetEnv version=0x00010002
G4-JNI GetEnv version=0x00010002
G4-JNI GetEnv version=0x00010002
G4-JNI GetEnv version=0x00010002
G4-JNI GetEnv version=0x00010002
G4-JNI GetEnv version=0x00010002
G4-JNI GetEnv version=0x00010002
G4-JNI GetEnv version=0x00010002
G4-JNI GetEnv version=0x00010002
G4-JNI GetEnv version=0x00010002
G4-JNI GetEnv version=0x00010002
G4-JNI GetEnv version=0x00010002
G4-JNI GetEnv version=0x00010002
G4-JNI GetEnv version=0x00010002
G4-JNI GetEnv version=0x00010002
G4-JNI GetEnv version=0x00010002
G4-JNI GetEnv version=0x00010002
G4-JNI GetEnv version=0x00010002
G4-JNI GetEnv version=0x00010002
G4-JNI GetEnv version=0x00010002
G4-JNI GetEnv version=0x00010002
G4-JNI GetEnv version=0x00010002
G4-JNI GetEnv version=0x00010002
G4-JNI GetEnv version=0x00010002
G4-JNI GetEnv version=0x00010002
G4-JNI GetEnv version=0x00010002
G4-JNI GetEnv version=0x00010002
G4-JNI GetEnv version=0x00010002
G4-JNI GetEnv version=0x00010002
G4-JNI GetEnv version=0x00010002
G4-JNI GetEnv version=0x00010002
G4-JNI GetEnv version=0x00010002
G4-JNI GetEnv version=0x00010002
G4-JNI GetEnv version=0x00010002
G4-JNI GetEnv version=0x00010002
G4-JNI GetEnv version=0x00010002
G4-JNI GetEnv version=0x00010002
G4-JNI GetEnv version=0x00010002
G4-JNI GetEnv version=0x00010002
G4-JNI GetEnv version=0x00010002
G4-JNI GetEnv version=0x00010002
G4-JNI GetEnv version=0x00010002
G4-JNI GetEnv version=0x00010002
G4-JNI GetEnv version=0x00010002
G4-JNI GetEnv version=0x00010002
G4-JNI GetEnv version=0x00010002
G4-JNI GetEnv version=0x00010002
G4-JNI GetEnv version=0x00010002
G4-JNI GetEnv version=0x00010002
G4-JNI GetEnv version=0x00010002
G4-JNI GetEnv version=0x00010002
G4-JNI GetEnv version=0x00010002
G4-JNI GetEnv version=0x00010002
G4-JNI GetEnv version=0x00010002
G4-JNI GetEnv version=0x00010002
G4-JNI GetEnv version=0x00010002
G4-JNI GetEnv version=0x00010002
G4-JNI GetEnv version=0x00010002
G4-JNI GetEnv version=0x00010002
G4-JNI GetEnv version=0x00010002
G4-JNI GetEnv version=0x00010002
G4-JNI GetEnv version=0x00010002
G4-JNI GetEnv version=0x00010002
G4-JNI GetEnv version=0x00010002
G4-JNI GetEnv version=0x00010002
G4-JNI GetEnv version=0x00010002
G4-JNI GetEnv version=0x00010002
G4-JNI GetEnv version=0x00010002
G4-JNI GetEnv version=0x00010002
G4-JNI GetEnv version=0x00010002
G4-JNI GetEnv version=0x00010002
G4-JNI GetEnv version=0x00010002
G4-JNI GetEnv version=0x00010002
G4-JNI GetEnv version=0x00010002
G4-JNI GetEnv version=0x00010002
G4-JNI GetEnv version=0x00010002
G4-JNI GetEnv version=0x00010002
G4-JNI GetEnv version=0x00010002
G4-JNI GetEnv version=0x00010002
G4-JNI GetEnv version=0x00010002
G4-JNI GetEnv version=0x00010002
G4-JNI GetEnv version=0x00010002
G4-JNI GetEnv version=0x00010002
G4-JNI GetEnv version=0x00010002
G4-JNI GetEnv version=0x00010002
G4-JNI GetEnv version=0x00010002
G4-JNI GetEnv version=0x00010002
G4-JNI GetEnv version=0x00010002
G4-JNI GetEnv version=0x00010002
G4-JNI GetEnv version=0x00010002
G4-JNI GetEnv version=0x00010002
G4-JNI GetEnv version=0x00010002
android[5] layouts/warning: SetAnimation: Animation _idle not found in node /[NoID]

G6-RAW buttons=0x00000001
android[2] trace: MoGaConTrOlLeR :: ....................(KK) MogaController :: Inside nativeOnKeyEvent 

android[2] trace: ....................(KK) MogaController :: Inside nativeOnKeyEvent 97

android[2] trace: MoGaConTrOlLeR :: ....................(KK) Key Event Key B BBBB .....................

android[2] trace: MoGaConTrOlLeR :: ....................(KK) Key Event Key Down .....................

android[2] trace: MoGaConTrOlLeR :: ....................(KK) Listener Key Press .....................

android[2] trace: MoGaConTrOlLeR :: ....................(KK) AndroidKeyCode :: MogaKeyCode (Start of func) .....................

android[2] trace: MoGaConTrOlLeR :: ....................(KK) AndroidKeyCode :: MogaKeyCode Key Press B .....................

android[2] trace: MoGaConTrOlLeR :: (KK) MogaController :: Inside nativeOnKeyEvent ....................

G6-MOGA key frame=9163 code=97 state=down
android[6] Sound/SoundManager/error: FMOD result of SoundManager::createSound: An error occured that wasn't supposed to.  Contact support. 

android[5] Sound/SoundManager/warn: SoundManager::createSound - 'ui/ui/btn_generic_return': failure.

android[2] trace: UI play sound: ui/ui/btn_generic_return

G6-RAW buttons=0x00000000
android[2] trace: MoGaConTrOlLeR :: ....................(KK) MogaController :: Inside nativeOnKeyEvent 

android[2] trace: ....................(KK) MogaController :: Inside nativeOnKeyEvent 97

android[2] trace: MoGaConTrOlLeR :: ....................(KK) Key Event Key B BBBB .....................

android[2] trace: MoGaConTrOlLeR :: ....................(KK) Key Event Key up .....................

android[2] trace: MoGaConTrOlLeR :: ....................(KK) Listener Key Release .....................

android[2] trace: MoGaConTrOlLeR :: ....................(KK) AndroidKeyCode :: MogaKeyCode (Start of func) .....................

android[2] trace: MoGaConTrOlLeR :: ....................(KK) AndroidKeyCode :: MogaKeyCode Key Press B .....................

android[2] trace: MoGaConTrOlLeR :: (KK) MogaController :: Inside nativeOnKeyEvent ....................

G6-MOGA key frame=9165 code=97 state=up
android[2] trace: MusicManager::SetPlaylist(): playlist=InRace fade=true

android[2] trace: MusicManager::PlayNextTrack() try, fade=true, soundManager.IsInitialized()=true, soundManager.IsUserMusicPlaying()=true

android[2] trace: MusicManager::PlayNextTrack(): break, fade=true, soundManager.IsInitialized()=true, soundManager.IsUserMusicPlaying()=true

DEBUG: sendTrackingMessage!
G4-JNI GetEnv version=0x00010006
android[2] trace: MoGaConTrOlLeR :: ....................(KK) BaseDrivingControlScheme :: OnEvent .....................

android[2] trace: MoGaConTrOlLeR :: ....................(KK) BaseDrivingControlScheme :: OnEvent .....................

android[2] trace: MoGaConTrOlLeR :: ....................(KK) BaseDrivingControlScheme :: OnEvent .....................

android[6] serialization/error: Cannot remove non-existent field PendingUpgrades

DEBUG: sendTrackingMessage!
G4-JNI GetEnv version=0x00010006
DEBUG: sendTrackingMessage!
G4-JNI GetEnv version=0x00010006
DEBUG: sendTrackingMessage!
G4-JNI GetEnv version=0x00010006
DEBUG: sendTrackingMessage!
G4-JNI GetEnv version=0x00010006
android[5] layouts/warning: SetAnimation: Animation NULL not found in node /[NoID]/[NoID]

android[5] layouts/warning: SetAnimation: Animation NULL not found in node /[NoID]/[NoID]/_common

android[5] layouts/warning: SetAnimation: Animation NULL not found in node /[NoID]/[NoID]

G4-JNI GetEnv version=0x00010002
G4-JNI GetEnv version=0x00010002
G4-JNI GetEnv version=0x00010002
G4-JNI GetEnv version=0x00010002
G4-JNI GetEnv version=0x00010002
G4-JNI GetEnv version=0x00010002
G4-JNI GetEnv version=0x00010002
G4-JNI GetEnv version=0x00010002
G4-JNI GetEnv version=0x00010002
G4-JNI GetEnv version=0x00010002
G4-JNI GetEnv version=0x00010002
G4-JNI GetEnv version=0x00010002
G4-JNI GetEnv version=0x00010002
G4-JNI GetEnv version=0x00010002
G4-JNI GetEnv version=0x00010002
G4-JNI GetEnv version=0x00010002
G4-JNI GetEnv version=0x00010002
G4-JNI GetEnv version=0x00010002
G4-JNI GetEnv version=0x00010002
G4-JNI GetEnv version=0x00010002
G4-JNI GetEnv version=0x00010002
G4-JNI GetEnv version=0x00010002
G4-JNI GetEnv version=0x00010002
G4-JNI GetEnv version=0x00010002
G4-JNI GetEnv version=0x00010002
G4-JNI GetEnv version=0x00010002
G4-JNI GetEnv version=0x00010002
G4-JNI GetEnv version=0x00010002
G4-JNI GetEnv version=0x00010002
G4-JNI GetEnv version=0x00010002
G4-JNI GetEnv version=0x00010002
G4-JNI GetEnv version=0x00010002
G4-JNI GetEnv version=0x00010002
G4-JNI GetEnv version=0x00010002
G4-JNI GetEnv version=0x00010002
G4-JNI GetEnv version=0x00010002
G4-JNI GetEnv version=0x00010002
G4-JNI GetEnv version=0x00010002
G4-JNI GetEnv version=0x00010002
G4-JNI GetEnv version=0x00010002
G4-JNI GetEnv version=0x00010002
G4-JNI GetEnv version=0x00010002
G4-JNI GetEnv version=0x00010002
G4-JNI GetEnv version=0x00010002
G4-JNI GetEnv version=0x00010002
G4-JNI GetEnv version=0x00010002
G6-RAW buttons=0x00000002
android[2] trace: MoGaConTrOlLeR :: ....................(KK) MogaController :: Inside nativeOnKeyEvent 

android[2] trace: ....................(KK) MogaController :: Inside nativeOnKeyEvent 96

android[2] trace: MoGaConTrOlLeR :: ....................(KK) Key Event Key A AAAA .....................

android[2] trace: MoGaConTrOlLeR :: ....................(KK) Key Event Key Down .....................

android[2] trace: MoGaConTrOlLeR :: ....................(KK) Listener Key Press .....................

android[2] trace: MoGaConTrOlLeR :: ....................(KK) AndroidKeyCode :: MogaKeyCode (Start of func) .....................

android[2] trace: MoGaConTrOlLeR :: ....................(KK) AndroidKeyCode :: MogaKeyCode Key Press A .....................

android[2] trace: MoGaConTrOlLeR :: ....................(KK) AndroidKeyCode :: MogaKeyCode Key Press A(Drift) Racing True.....................

android[2] trace: MoGaConTrOlLeR :: (KK) MogaController :: Inside nativeOnKeyEvent ....................

G6-MOGA key frame=9266 code=96 state=down
G4-JNI GetEnv version=0x00010002
G4-JNI GetEnv version=0x00010002
G4-JNI GetEnv version=0x00010002
G4-JNI GetEnv version=0x00010002
G4-JNI GetEnv version=0x00010002
G4-JNI GetEnv version=0x00010002
G4-JNI GetEnv version=0x00010002
G4-JNI GetEnv version=0x00010002
G4-JNI GetEnv version=0x00010002
G4-JNI GetEnv version=0x00010002
G6-RAW buttons=0x00000000
android[2] trace: MoGaConTrOlLeR :: ....................(KK) MogaController :: Inside nativeOnKeyEvent 

android[2] trace: ....................(KK) MogaController :: Inside nativeOnKeyEvent 96

android[2] trace: MoGaConTrOlLeR :: ....................(KK) Key Event Key A AAAA .....................

android[2] trace: MoGaConTrOlLeR :: ....................(KK) Key Event Key up .....................

android[2] trace: MoGaConTrOlLeR :: ....................(KK) Listener Key Release .....................

android[2] trace: MoGaConTrOlLeR :: ....................(KK) AndroidKeyCode :: MogaKeyCode (Start of func) .....................

android[2] trace: MoGaConTrOlLeR :: ....................(KK) AndroidKeyCode :: MogaKeyCode Key Press A .....................

android[2] trace: MoGaConTrOlLeR :: ....................(KK) AndroidKeyCode :: MogaKeyCode Key Press A(Drift) Racing True.....................

android[2] trace: MoGaConTrOlLeR :: (KK) MogaController :: Inside nativeOnKeyEvent ....................

G6-MOGA key frame=9276 code=96 state=up
G4-JNI GetEnv version=0x00010002
G4-JNI GetEnv version=0x00010002
G4-JNI GetEnv version=0x00010002
G4-JNI GetEnv version=0x00010002
G4-JNI GetEnv version=0x00010002
G4-JNI GetEnv version=0x00010002
G4-JNI GetEnv version=0x00010002
G4-JNI GetEnv version=0x00010002
G4-JNI GetEnv version=0x00010002
G4-JNI GetEnv version=0x00010002
G4-JNI GetEnv version=0x00010002
G4-JNI GetEnv version=0x00010002
G4-JNI GetEnv version=0x00010002
G4-JNI GetEnv version=0x00010002
G4-JNI GetEnv version=0x00010002
G4-JNI GetEnv version=0x00010002
G4-JNI GetEnv version=0x00010002
G4-JNI GetEnv version=0x00010002
G4-JNI GetEnv version=0x00010002
G4-JNI GetEnv version=0x00010002
G4-JNI GetEnv version=0x00010002
G4-JNI GetEnv version=0x00010002
G4-JNI GetEnv version=0x00010002
G4-JNI GetEnv version=0x00010002
G7-FRAME enter=9300
G4-JNI GetEnv version=0x00010002
G5-GL STATE frame=9300 framebuffer=0 status=0x8cd5 errors=0
G7-FRAME leave=9300
G4-JNI GetEnv version=0x00010002
G4-JNI GetEnv version=0x00010002
G4-JNI GetEnv version=0x00010002
G4-JNI GetEnv version=0x00010002
G4-JNI GetEnv version=0x00010002
G4-JNI GetEnv version=0x00010002
G4-JNI GetEnv version=0x00010002
G4-JNI GetEnv version=0x00010002
G4-JNI GetEnv version=0x00010002
G4-JNI GetEnv version=0x00010002
G4-JNI GetEnv version=0x00010002
G4-JNI GetEnv version=0x00010002
G4-JNI GetEnv version=0x00010002
G4-JNI GetEnv version=0x00010002
G4-JNI GetEnv version=0x00010002
G4-JNI GetEnv version=0x00010002
G4-JNI GetEnv version=0x00010002
G4-JNI GetEnv version=0x00010002
G6-RAW buttons=0x00000002
android[2] trace: MoGaConTrOlLeR :: ....................(KK) MogaController :: Inside nativeOnKeyEvent 

android[2] trace: ....................(KK) MogaController :: Inside nativeOnKeyEvent 96

android[2] trace: MoGaConTrOlLeR :: ....................(KK) Key Event Key A AAAA .....................

android[2] trace: MoGaConTrOlLeR :: ....................(KK) Key Event Key Down .....................

android[2] trace: MoGaConTrOlLeR :: ....................(KK) Listener Key Press .....................

android[2] trace: MoGaConTrOlLeR :: ....................(KK) AndroidKeyCode :: MogaKeyCode (Start of func) .....................

android[2] trace: MoGaConTrOlLeR :: ....................(KK) AndroidKeyCode :: MogaKeyCode Key Press A .....................

android[2] trace: MoGaConTrOlLeR :: ....................(KK) AndroidKeyCode :: MogaKeyCode Key Press A(Drift) Racing True.....................

android[2] trace: MoGaConTrOlLeR :: (KK) MogaController :: Inside nativeOnKeyEvent ....................

G6-MOGA key frame=9319 code=96 state=down
android[2] trace: MoGaConTrOlLeR :: ....................(KK) BaseDrivingControlScheme :: OnEvent .....................

android[2] trace: MoGaConTrOlLeR :: ....................(KK) BaseDrivingControlScheme :: onKeyPress Drift.....................

G4-JNI GetEnv version=0x00010002
G4-JNI GetEnv version=0x00010002
G4-JNI GetEnv version=0x00010002
G4-JNI GetEnv version=0x00010002
G4-JNI GetEnv version=0x00010002
G4-JNI GetEnv version=0x00010002
G4-JNI GetEnv version=0x00010002
G4-JNI GetEnv version=0x00010002
G4-JNI GetEnv version=0x00010002
G4-JNI GetEnv version=0x00010002
G4-JNI GetEnv version=0x00010002
G6-RAW buttons=0x00000000
android[2] trace: MoGaConTrOlLeR :: ....................(KK) MogaController :: Inside nativeOnKeyEvent 

android[2] trace: ....................(KK) MogaController :: Inside nativeOnKeyEvent 96

android[2] trace: MoGaConTrOlLeR :: ....................(KK) Key Event Key A AAAA .....................

android[2] trace: MoGaConTrOlLeR :: ....................(KK) Key Event Key up .....................

android[2] trace: MoGaConTrOlLeR :: ....................(KK) Listener Key Release .....................

android[2] trace: MoGaConTrOlLeR :: ....................(KK) AndroidKeyCode :: MogaKeyCode (Start of func) .....................

android[2] trace: MoGaConTrOlLeR :: ....................(KK) AndroidKeyCode :: MogaKeyCode Key Press A .....................

android[2] trace: MoGaConTrOlLeR :: ....................(KK) AndroidKeyCode :: MogaKeyCode Key Press A(Drift) Racing True.....................

android[2] trace: MoGaConTrOlLeR :: (KK) MogaController :: Inside nativeOnKeyEvent ....................

G6-MOGA key frame=9330 code=96 state=up
G4-JNI GetEnv version=0x00010002
android[2] trace: MoGaConTrOlLeR :: ....................(KK) BaseDrivingControlScheme :: OnEvent .....................

G4-JNI GetEnv version=0x00010002
G4-JNI GetEnv version=0x00010002
G4-JNI GetEnv version=0x00010002
G4-JNI GetEnv version=0x00010002
G4-JNI GetEnv version=0x00010002
G4-JNI GetEnv version=0x00010002
G4-JNI GetEnv version=0x00010002
G4-JNI GetEnv version=0x00010002
G4-JNI GetEnv version=0x00010002
G4-JNI GetEnv version=0x00010002
G4-JNI GetEnv version=0x00010002
G6-RAW buttons=0x00000002
android[2] trace: MoGaConTrOlLeR :: ....................(KK) MogaController :: Inside nativeOnKeyEvent 

android[2] trace: ....................(KK) MogaController :: Inside nativeOnKeyEvent 96

android[2] trace: MoGaConTrOlLeR :: ....................(KK) Key Event Key A AAAA .....................

android[2] trace: MoGaConTrOlLeR :: ....................(KK) Key Event Key Down .....................

android[2] trace: MoGaConTrOlLeR :: ....................(KK) Listener Key Press .....................

android[2] trace: MoGaConTrOlLeR :: ....................(KK) AndroidKeyCode :: MogaKeyCode (Start of func) .....................

android[2] trace: MoGaConTrOlLeR :: ....................(KK) AndroidKeyCode :: MogaKeyCode Key Press A .....................

android[2] trace: MoGaConTrOlLeR :: ....................(KK) AndroidKeyCode :: MogaKeyCode Key Press A(Drift) Racing True.....................

android[2] trace: MoGaConTrOlLeR :: (KK) MogaController :: Inside nativeOnKeyEvent ....................

G6-MOGA key frame=9342 code=96 state=down
android[2] trace: MoGaConTrOlLeR :: ....................(KK) BaseDrivingControlScheme :: OnEvent .....................

android[2] trace: MoGaConTrOlLeR :: ....................(KK) BaseDrivingControlScheme :: onKeyPress Drift.....................

G4-JNI GetEnv version=0x00010002
G4-JNI GetEnv version=0x00010002
G4-JNI GetEnv version=0x00010002
G4-JNI GetEnv version=0x00010002
G4-JNI GetEnv version=0x00010002
G4-JNI GetEnv version=0x00010002
G4-JNI GetEnv version=0x00010002
G4-JNI GetEnv version=0x00010002
G4-JNI GetEnv version=0x00010002
G4-JNI GetEnv version=0x00010002
G4-JNI GetEnv version=0x00010002
G4-JNI GetEnv version=0x00010002
G4-JNI GetEnv version=0x00010002
G4-JNI GetEnv version=0x00010002
G4-JNI GetEnv version=0x00010002
G4-JNI GetEnv version=0x00010002
G4-JNI GetEnv version=0x00010002
G4-JNI GetEnv version=0x00010002
G4-JNI GetEnv version=0x00010002
G4-JNI GetEnv version=0x00010002
G4-JNI GetEnv version=0x00010002
G4-JNI GetEnv version=0x00010002
G4-JNI GetEnv version=0x00010002
G6-RAW buttons=0x00000000
android[2] trace: MoGaConTrOlLeR :: ....................(KK) MogaController :: Inside nativeOnKeyEvent 

android[2] trace: ....................(KK) MogaController :: Inside nativeOnKeyEvent 96

android[2] trace: MoGaConTrOlLeR :: ....................(KK) Key Event Key A AAAA .....................

android[2] trace: MoGaConTrOlLeR :: ....................(KK) Key Event Key up .....................

android[2] trace: MoGaConTrOlLeR :: ....................(KK) Listener Key Release .....................

android[2] trace: MoGaConTrOlLeR :: ....................(KK) AndroidKeyCode :: MogaKeyCode (Start of func) .....................

android[2] trace: MoGaConTrOlLeR :: ....................(KK) AndroidKeyCode :: MogaKeyCode Key Press A .....................

android[2] trace: MoGaConTrOlLeR :: ....................(KK) AndroidKeyCode :: MogaKeyCode Key Press A(Drift) Racing True.....................

android[2] trace: MoGaConTrOlLeR :: (KK) MogaController :: Inside nativeOnKeyEvent ....................

G6-MOGA key frame=9365 code=96 state=up
android[2] trace: MoGaConTrOlLeR :: ....................(KK) BaseDrivingControlScheme :: OnEvent .....................

android[2] trace: MoGaConTrOlLeR :: ....................(KK) BaseDrivingControlScheme :: OnKeyRelease Drift.....................

G4-JNI GetEnv version=0x00010002
G4-JNI GetEnv version=0x00010002
G4-JNI GetEnv version=0x00010002
G4-JNI GetEnv version=0x00010002
G4-JNI GetEnv version=0x00010002
G4-JNI GetEnv version=0x00010002
G4-JNI GetEnv version=0x00010002
G4-JNI GetEnv version=0x00010002
G4-JNI GetEnv version=0x00010002
G4-JNI GetEnv version=0x00010002
G4-JNI GetEnv version=0x00010002
G4-JNI GetEnv version=0x00010002
G4-JNI GetEnv version=0x00010002
G4-JNI GetEnv version=0x00010002
G4-JNI GetEnv version=0x00010002
G4-JNI GetEnv version=0x00010002
G4-JNI GetEnv version=0x00010002
G4-JNI GetEnv version=0x00010002
G4-JNI GetEnv version=0x00010002
G4-JNI GetEnv version=0x00010002
G4-JNI GetEnv version=0x00010002
G4-JNI GetEnv version=0x00010002
G4-JNI GetEnv version=0x00010002
android[2] trace: MoGaConTrOlLeR :: ....................(KK) BaseDrivingControlScheme :: OnEvent .....................

android[5] layouts/warning: GetAnimationTime: Animation fade not found in node /[NoID]/[NoID]

android[5] layouts/warning: SetAnimation: Animation fade not found in node /[NoID]/[NoID]/_common/driving_tutorial/_brake_xperia/[NoID]

android[5] layouts/warning: SetAnimation: Animation fade not found in node /[NoID]/[NoID]/_common/driving_tutorial/_nitro_xperia/[NoID]

android[5] layouts/warning: SetAnimation: Animation fade not found in node /[NoID]/[NoID]/_common/driving_tutorial/_steer_xperia/[NoID]

android[5] layouts/warning: SetAnimation: Animation fade not found in node /[NoID]/[NoID]/_common/hud_damageindicator_incar/damage_bar/[NoID]

android[5] layouts/warning: SetAnimation: Animation fade not found in node /[NoID]/[NoID]/_common/hud_damageindicator_offcar/damage_bar/[NoID]

android[5] layouts/warning: SetAnimation: Animation fade not found in node /[NoID]/[NoID]/_common/hud_nitro/hud_nitro_level/[NoID]

android[5] layouts/warning: SetAnimation: Animation fade not found in node /[NoID]/[NoID]/_common/[NoID]/[NoID]

android[5] layouts/warning: SetAnimation: Animation fade not found in node /[NoID]/[NoID]/_common/[NoID]/[NoID]

android[5] layouts/warning: SetAnimation: Animation fade not found in node /[NoID]/[NoID]/_common/[NoID]/[NoID]

android[5] layouts/warning: SetAnimation: Animation fade not found in node /[NoID]/[NoID]/_common/[NoID]/[NoID]

android[5] layouts/warning: SetAnimation: Animation fade not found in node /[NoID]/[NoID]/_common/[NoID]/[NoID]

android[5] layouts/warning: SetAnimation: Animation fade not found in node /[NoID]/[NoID]/_common/[NoID]/[NoID]

android[5] layouts/warning: SetAnimation: Animation fade not found in node /[NoID]/[NoID]/_common/[NoID]/[NoID]

android[5] layouts/warning: SetAnimation: Animation fade not found in node /[NoID]/[NoID]/_common/[NoID]/[NoID]

android[5] layouts/warning: SetAnimation: Animation fade not found in node /[NoID]/[NoID]/_common/[NoID]/[NoID]

android[5] layouts/warning: SetAnimation: Animation fade not found in node /[NoID]/[NoID]/_common/hud_speedo/[NoID]

android[2] trace: MoGaConTrOlLeR :: ....................(KK) BaseDrivingControlScheme :: OnEvent .....................

G4-JNI GetEnv version=0x00010002
G4-JNI GetEnv version=0x00010002
android[2] trace: MoGaConTrOlLeR :: ....................(KK) BaseDrivingControlScheme :: OnEvent .....................

G4-JNI GetEnv version=0x00010002
G4-JNI GetEnv version=0x00010002
G4-JNI GetEnv version=0x00010002
G4-JNI GetEnv version=0x00010002
G4-JNI GetEnv version=0x00010002
G4-JNI GetEnv version=0x00010002
G4-JNI GetEnv version=0x00010002
G4-JNI GetEnv version=0x00010002
G4-JNI GetEnv version=0x00010002
G4-JNI GetEnv version=0x00010002
G4-JNI GetEnv version=0x00010002
G4-JNI GetEnv version=0x00010002
G4-JNI GetEnv version=0x00010002
G4-JNI GetEnv version=0x00010002
G4-JNI GetEnv version=0x00010002
G4-JNI GetEnv version=0x00010002
G4-JNI GetEnv version=0x00010002
G4-JNI GetEnv version=0x00010002
G4-JNI GetEnv version=0x00010002
G4-JNI GetEnv version=0x00010002
G4-JNI GetEnv version=0x00010002
G4-JNI GetEnv version=0x00010002
G4-JNI GetEnv version=0x00010002
G4-JNI GetEnv version=0x00010002
G4-JNI GetEnv version=0x00010002
G4-JNI GetEnv version=0x00010002
G4-JNI GetEnv version=0x00010002
G4-JNI GetEnv version=0x00010002
G4-JNI GetEnv version=0x00010002
G4-JNI GetEnv version=0x00010002
G4-JNI GetEnv version=0x00010002
G4-JNI GetEnv version=0x00010002
G4-JNI GetEnv version=0x00010002
G4-JNI GetEnv version=0x00010002
G4-JNI GetEnv version=0x00010002
G4-JNI GetEnv version=0x00010002
G4-JNI GetEnv version=0x00010002
G4-JNI GetEnv version=0x00010002
G4-JNI GetEnv version=0x00010002
G4-JNI GetEnv version=0x00010002
G4-JNI GetEnv version=0x00010002
G4-JNI GetEnv version=0x00010002
G4-JNI GetEnv version=0x00010002
G4-JNI GetEnv version=0x00010002
G4-JNI GetEnv version=0x00010002
G4-JNI GetEnv version=0x00010002
G4-JNI GetEnv version=0x00010002
G4-JNI GetEnv version=0x00010002
G4-JNI GetEnv version=0x00010002
G6-RAW buttons=0x00000020
android[2] trace: MoGaConTrOlLeR :: ....................(KK) MogaController :: Inside nativeOnKeyEvent 

android[2] trace: ....................(KK) MogaController :: Inside nativeOnKeyEvent 103

android[2] trace: MoGaConTrOlLeR :: ....................(KK) Key Event Key R1 1111 .....................

android[2] trace: MoGaConTrOlLeR :: ....................(KK) Key Event Key Down .....................

android[2] trace: MoGaConTrOlLeR :: ....................(KK) Listener Key Press .....................

android[2] trace: MoGaConTrOlLeR :: ....................(KK) AndroidKeyCode :: MogaKeyCode (Start of func) .....................

android[2] trace: MoGaConTrOlLeR :: ....................(KK) AndroidKeyCode :: MogaKeyCode Key Press R1 .....................

android[2] trace: MoGaConTrOlLeR :: ....................(KK) AndroidKeyCode :: MogaKeyCode Key Press R1(Nitro) Racing True.....................

android[2] trace: MoGaConTrOlLeR :: (KK) MogaController :: Inside nativeOnKeyEvent ....................

G6-MOGA key frame=9439 code=103 state=down
android[2] trace: MoGaConTrOlLeR :: ....................(KK) BaseDrivingControlScheme :: OnEvent .....................

android[2] trace: MoGaConTrOlLeR :: ....................(KK) BaseDrivingControlScheme :: onKeyPress Nitro.....................

G4-JNI GetEnv version=0x00010002
G4-JNI GetEnv version=0x00010002
G4-JNI GetEnv version=0x00010002
G4-JNI GetEnv version=0x00010002
G4-JNI GetEnv version=0x00010002
G4-JNI GetEnv version=0x00010002
G4-JNI GetEnv version=0x00010002
G4-JNI GetEnv version=0x00010002
G4-JNI GetEnv version=0x00010002
G4-JNI GetEnv version=0x00010002
G4-JNI GetEnv version=0x00010002
G4-JNI GetEnv version=0x00010002
G4-JNI GetEnv version=0x00010002
G4-JNI GetEnv version=0x00010002
G4-JNI GetEnv version=0x00010002
G4-JNI GetEnv version=0x00010002
G4-JNI GetEnv version=0x00010002
G4-JNI GetEnv version=0x00010002
G4-JNI GetEnv version=0x00010002
G4-JNI GetEnv version=0x00010002
G4-JNI GetEnv version=0x00010002
G4-JNI GetEnv version=0x00010002
G4-JNI GetEnv version=0x00010002
G4-JNI GetEnv version=0x00010002
G4-JNI GetEnv version=0x00010002
G4-JNI GetEnv version=0x00010002
G4-JNI GetEnv version=0x00010002
android[2] trace: ....................(KK) MogaController :: Inside NativeOnMotionEvent

android[2] trace: (KK) MogaController :: Inside NativeOnMotionEvent ....................

G6-MOGA motion frame=9466 axes=32767,0,0,0,0,0
G4-JNI GetEnv version=0x00010002
G4-JNI GetEnv version=0x00010002
G4-JNI GetEnv version=0x00010002
G4-JNI GetEnv version=0x00010002
G4-JNI GetEnv version=0x00010002
android[2] trace: ....................(KK) MogaController :: Inside NativeOnMotionEvent

android[2] trace: (KK) MogaController :: Inside NativeOnMotionEvent ....................

G4-JNI GetEnv version=0x00010002
G4-JNI GetEnv version=0x00010002
G4-JNI GetEnv version=0x00010002
G4-JNI GetEnv version=0x00010002
G4-JNI GetEnv version=0x00010002
G4-JNI GetEnv version=0x00010002
G4-JNI GetEnv version=0x00010002
G4-JNI GetEnv version=0x00010002
G4-JNI GetEnv version=0x00010002
G4-JNI GetEnv version=0x00010002
G4-JNI GetEnv version=0x00010002
G4-JNI GetEnv version=0x00010002
G4-JNI GetEnv version=0x00010002
G4-JNI GetEnv version=0x00010002
G4-JNI GetEnv version=0x00010002
G4-JNI GetEnv version=0x00010002
G4-JNI GetEnv version=0x00010002
G4-JNI GetEnv version=0x00010002
G4-JNI GetEnv version=0x00010002
G4-JNI GetEnv version=0x00010002
G4-JNI GetEnv version=0x00010002
G4-JNI GetEnv version=0x00010002
G4-JNI GetEnv version=0x00010002
G4-JNI GetEnv version=0x00010002
G4-JNI GetEnv version=0x00010002
G4-JNI GetEnv version=0x00010002
G4-JNI GetEnv version=0x00010002
G4-JNI GetEnv version=0x00010002
G4-JNI GetEnv version=0x00010002
G4-JNI GetEnv version=0x00010002
G4-JNI GetEnv version=0x00010002
G4-JNI GetEnv version=0x00010002
G4-JNI GetEnv version=0x00010002
G4-JNI GetEnv version=0x00010002
G4-JNI GetEnv version=0x00010002
G4-JNI GetEnv version=0x00010002
G4-JNI GetEnv version=0x00010002
G4-JNI GetEnv version=0x00010002
G4-JNI GetEnv version=0x00010002
G4-JNI GetEnv version=0x00010002
G4-JNI GetEnv version=0x00010002
G4-JNI GetEnv version=0x00010002
G4-JNI GetEnv version=0x00010002
G4-JNI GetEnv version=0x00010002
G4-JNI GetEnv version=0x00010002
G4-JNI GetEnv version=0x00010002
G4-JNI GetEnv version=0x00010002
G4-JNI GetEnv version=0x00010002
G4-JNI GetEnv version=0x00010002
G4-JNI GetEnv version=0x00010002
G4-JNI GetEnv version=0x00010002
G4-JNI GetEnv version=0x00010002
G4-JNI GetEnv version=0x00010002
G4-JNI GetEnv version=0x00010002
G4-JNI GetEnv version=0x00010002
G4-JNI GetEnv version=0x00010002
G4-JNI GetEnv version=0x00010002
G4-JNI GetEnv version=0x00010002
G4-JNI GetEnv version=0x00010002
G4-JNI GetEnv version=0x00010002
G4-JNI GetEnv version=0x00010002
G4-JNI GetEnv version=0x00010002
G4-JNI GetEnv version=0x00010002
G4-JNI GetEnv version=0x00010002
G4-JNI GetEnv version=0x00010002
G4-JNI GetEnv version=0x00010002
G4-JNI GetEnv version=0x00010002
G4-JNI GetEnv version=0x00010002
G4-JNI GetEnv version=0x00010002
G4-JNI GetEnv version=0x00010002
G4-JNI GetEnv version=0x00010002
G4-JNI GetEnv version=0x00010002
G4-JNI GetEnv version=0x00010002
G4-JNI GetEnv version=0x00010002
android[2] trace: ....................(KK) MogaController :: Inside NativeOnMotionEvent

android[2] trace: (KK) MogaController :: Inside NativeOnMotionEvent ....................

G6-MOGA motion frame=9545 axes=32767,0,0,0,0,0
G4-JNI GetEnv version=0x00010002
G4-JNI GetEnv version=0x00010002
G4-JNI GetEnv version=0x00010002
G4-JNI GetEnv version=0x00010002
G4-JNI GetEnv version=0x00010002
G4-JNI GetEnv version=0x00010002
G4-JNI GetEnv version=0x00010002
android[2] trace: ....................(KK) MogaController :: Inside NativeOnMotionEvent

android[2] trace: (KK) MogaController :: Inside NativeOnMotionEvent ....................

G4-JNI GetEnv version=0x00010002
G4-JNI GetEnv version=0x00010002
G4-JNI GetEnv version=0x00010002
G4-JNI GetEnv version=0x00010002
G4-JNI GetEnv version=0x00010002
G4-JNI GetEnv version=0x00010002
G4-JNI GetEnv version=0x00010002
android[2] trace: ....................(KK) MogaController :: Inside NativeOnMotionEvent

android[2] trace: (KK) MogaController :: Inside NativeOnMotionEvent ....................

G4-JNI GetEnv version=0x00010002
G4-JNI GetEnv version=0x00010002
G4-JNI GetEnv version=0x00010002
G4-JNI GetEnv version=0x00010002
G4-JNI GetEnv version=0x00010002
G4-JNI GetEnv version=0x00010002
android[2] trace: ....................(KK) MogaController :: Inside NativeOnMotionEvent

android[2] trace: (KK) MogaController :: Inside NativeOnMotionEvent ....................

G6-MOGA motion frame=9565 axes=0,0,0,0,0,0
G4-JNI GetEnv version=0x00010002
G4-JNI GetEnv version=0x00010002
G4-JNI GetEnv version=0x00010002
G4-JNI GetEnv version=0x00010002
G4-JNI GetEnv version=0x00010002
G4-JNI GetEnv version=0x00010002
G4-JNI GetEnv version=0x00010002
android[2] trace: ....................(KK) MogaController :: Inside NativeOnMotionEvent

android[2] trace: (KK) MogaController :: Inside NativeOnMotionEvent ....................

G4-JNI GetEnv version=0x00010002
G4-JNI GetEnv version=0x00010002
G4-JNI GetEnv version=0x00010002
G4-JNI GetEnv version=0x00010002
android[6] Sound/SoundManager/error: FMOD result of SoundManager::createSound: An error occured that wasn't supposed to.  Contact support. 

android[5] Sound/SoundManager/warn: SoundManager::createSound - 'effects/collisions/scrape': failure.

android[6] Sound/SoundManager/error: FMOD result of SoundManager::createSound: An error occured that wasn't supposed to.  Contact support. 

android[5] Sound/SoundManager/warn: SoundManager::createSound - 'effects/collisions/car_light': failure.

G4-JNI GetEnv version=0x00010002
android[2] trace: ....................(KK) MogaController :: Inside NativeOnMotionEvent

android[2] trace: (KK) MogaController :: Inside NativeOnMotionEvent ....................

android[6] Sound/SoundManager/error: FMOD result of SoundManager::createSound: An error occured that wasn't supposed to.  Contact support. 

android[5] Sound/SoundManager/warn: SoundManager::createSound - 'effects/collisions/scrape': failure.

G4-JNI GetEnv version=0x00010002
G4-JNI GetEnv version=0x00010002
G4-JNI GetEnv version=0x00010002
G4-JNI GetEnv version=0x00010002
G4-JNI GetEnv version=0x00010002
G4-JNI GetEnv version=0x00010002
G4-JNI GetEnv version=0x00010002
android[2] trace: ....................(KK) MogaController :: Inside NativeOnMotionEvent

android[2] trace: (KK) MogaController :: Inside NativeOnMotionEvent ....................

G6-MOGA motion frame=9584 axes=32767,0,0,0,0,0
G4-JNI GetEnv version=0x00010002
G4-JNI GetEnv version=0x00010002
G4-JNI GetEnv version=0x00010002
G4-JNI GetEnv version=0x00010002
G4-JNI GetEnv version=0x00010002
G4-JNI GetEnv version=0x00010002
G4-JNI GetEnv version=0x00010002
G4-JNI GetEnv version=0x00010002
android[2] trace: ....................(KK) MogaController :: Inside NativeOnMotionEvent

android[2] trace: (KK) MogaController :: Inside NativeOnMotionEvent ....................

G4-JNI GetEnv version=0x00010002
G4-JNI GetEnv version=0x00010002
G4-JNI GetEnv version=0x00010002
G4-JNI GetEnv version=0x00010002
G4-JNI GetEnv version=0x00010002
android[2] trace: ....................(KK) MogaController :: Inside NativeOnMotionEvent

android[2] trace: (KK) MogaController :: Inside NativeOnMotionEvent ....................

G4-JNI GetEnv version=0x00010002
G4-JNI GetEnv version=0x00010002
G4-JNI GetEnv version=0x00010002
G7-FRAME enter=9600
G4-JNI GetEnv version=0x00010002
G5-GL STATE frame=9600 framebuffer=0 status=0x8cd5 errors=0
G7-FRAME leave=9600
G4-JNI GetEnv version=0x00010002
G4-JNI GetEnv version=0x00010002
G4-JNI GetEnv version=0x00010002
G4-JNI GetEnv version=0x00010002
android[2] trace: ....................(KK) MogaController :: Inside NativeOnMotionEvent

android[2] trace: (KK) MogaController :: Inside NativeOnMotionEvent ....................

G6-MOGA motion frame=9605 axes=0,0,0,0,0,0
G4-JNI GetEnv version=0x00010002
G4-JNI GetEnv version=0x00010002
G4-JNI GetEnv version=0x00010002
G4-JNI GetEnv version=0x00010002
android[2] trace: ....................(KK) MogaController :: Inside NativeOnMotionEvent

android[2] trace: (KK) MogaController :: Inside NativeOnMotionEvent ....................

G4-JNI GetEnv version=0x00010002
G4-JNI GetEnv version=0x00010002
G4-JNI GetEnv version=0x00010002
G4-JNI GetEnv version=0x00010002
G4-JNI GetEnv version=0x00010002
G4-JNI GetEnv version=0x00010002
G4-JNI GetEnv version=0x00010002
G4-JNI GetEnv version=0x00010002
G4-JNI GetEnv version=0x00010002
G4-JNI GetEnv version=0x00010002
G4-JNI GetEnv version=0x00010002
G4-JNI GetEnv version=0x00010002
G4-JNI GetEnv version=0x00010002
G4-JNI GetEnv version=0x00010002
G4-JNI GetEnv version=0x00010002
G4-JNI GetEnv version=0x00010002
G4-JNI GetEnv version=0x00010002
G4-JNI GetEnv version=0x00010002
G4-JNI GetEnv version=0x00010002
G4-JNI GetEnv version=0x00010002
G4-JNI GetEnv version=0x00010002
G4-JNI GetEnv version=0x00010002
android[2] trace: ....................(KK) MogaController :: Inside NativeOnMotionEvent

android[2] trace: (KK) MogaController :: Inside NativeOnMotionEvent ....................

G6-MOGA motion frame=9631 axes=0,0,0,0,0,0
G4-JNI GetEnv version=0x00010002
G4-JNI GetEnv version=0x00010002
G4-JNI GetEnv version=0x00010002
G4-JNI GetEnv version=0x00010002
android[2] trace: ....................(KK) MogaController :: Inside NativeOnMotionEvent

android[2] trace: (KK) MogaController :: Inside NativeOnMotionEvent ....................

G4-JNI GetEnv version=0x00010002
G4-JNI GetEnv version=0x00010002
G4-JNI GetEnv version=0x00010002
G4-JNI GetEnv version=0x00010002
G4-JNI GetEnv version=0x00010002
G4-JNI GetEnv version=0x00010002
G4-JNI GetEnv version=0x00010002
G4-JNI GetEnv version=0x00010002
G4-JNI GetEnv version=0x00010002
G4-JNI GetEnv version=0x00010002
G4-JNI GetEnv version=0x00010002
G4-JNI GetEnv version=0x00010002
G4-JNI GetEnv version=0x00010002
android[2] trace: ....................(KK) MogaController :: Inside NativeOnMotionEvent

android[2] trace: (KK) MogaController :: Inside NativeOnMotionEvent ....................

G6-MOGA motion frame=9648 axes=0,0,0,0,0,0
G4-JNI GetEnv version=0x00010002
G4-JNI GetEnv version=0x00010002
G4-JNI GetEnv version=0x00010002
G4-JNI GetEnv version=0x00010002
G4-JNI GetEnv version=0x00010002
G4-JNI GetEnv version=0x00010002
G4-JNI GetEnv version=0x00010002
G4-JNI GetEnv version=0x00010002
G4-JNI GetEnv version=0x00010002
G4-JNI GetEnv version=0x00010002
android[2] trace: ....................(KK) MogaController :: Inside NativeOnMotionEvent

android[2] trace: (KK) MogaController :: Inside NativeOnMotionEvent ....................

G4-JNI GetEnv version=0x00010002
G4-JNI GetEnv version=0x00010002
G4-JNI GetEnv version=0x00010002
G4-JNI GetEnv version=0x00010002
G4-JNI GetEnv version=0x00010002
G4-JNI GetEnv version=0x00010002
G4-JNI GetEnv version=0x00010002
G4-JNI GetEnv version=0x00010002
G4-JNI GetEnv version=0x00010002
G4-JNI GetEnv version=0x00010002
G4-JNI GetEnv version=0x00010002
G4-JNI GetEnv version=0x00010002
G4-JNI GetEnv version=0x00010002
G4-JNI GetEnv version=0x00010002
G4-JNI GetEnv version=0x00010002
G4-JNI GetEnv version=0x00010002
G4-JNI GetEnv version=0x00010002
android[2] trace: ....................(KK) MogaController :: Inside NativeOnMotionEvent

android[2] trace: (KK) MogaController :: Inside NativeOnMotionEvent ....................

G6-MOGA motion frame=9675 axes=0,0,0,0,0,0
G4-JNI GetEnv version=0x00010002
G4-JNI GetEnv version=0x00010002
G4-JNI GetEnv version=0x00010002
G4-JNI GetEnv version=0x00010002
G4-JNI GetEnv version=0x00010002
G4-JNI GetEnv version=0x00010002
G4-JNI GetEnv version=0x00010002
G4-JNI GetEnv version=0x00010002
android[2] trace: ....................(KK) MogaController :: Inside NativeOnMotionEvent

android[2] trace: (KK) MogaController :: Inside NativeOnMotionEvent ....................

G4-JNI GetEnv version=0x00010002
G4-JNI GetEnv version=0x00010002
G4-JNI GetEnv version=0x00010002
G4-JNI GetEnv version=0x00010002
G4-JNI GetEnv version=0x00010002
G4-JNI GetEnv version=0x00010002
android[6] Sound/SoundManager/error: FMOD result of SoundManager::createSound: An error occured that wasn't supposed to.  Contact support. 

android[5] Sound/SoundManager/warn: SoundManager::createSound - 'effects/collisions/scrape': failure.

G4-JNI GetEnv version=0x00010002
android[2] trace: ....................(KK) MogaController :: Inside NativeOnMotionEvent

android[2] trace: (KK) MogaController :: Inside NativeOnMotionEvent ....................

G6-MOGA motion frame=9690 axes=0,0,0,0,0,0
G4-JNI GetEnv version=0x00010002
G4-JNI GetEnv version=0x00010002
G6-RAW buttons=0x00000000
android[2] trace: MoGaConTrOlLeR :: ....................(KK) MogaController :: Inside nativeOnKeyEvent 

android[2] trace: ....................(KK) MogaController :: Inside nativeOnKeyEvent 103

android[2] trace: MoGaConTrOlLeR :: ....................(KK) Key Event Key R1 1111 .....................

android[2] trace: MoGaConTrOlLeR :: ....................(KK) Key Event Key up .....................

android[2] trace: MoGaConTrOlLeR :: ....................(KK) Listener Key Release .....................

android[2] trace: MoGaConTrOlLeR :: ....................(KK) AndroidKeyCode :: MogaKeyCode (Start of func) .....................

android[2] trace: MoGaConTrOlLeR :: ....................(KK) AndroidKeyCode :: MogaKeyCode Key Press R1 .....................

android[2] trace: MoGaConTrOlLeR :: ....................(KK) AndroidKeyCode :: MogaKeyCode Key Press R1(Nitro) Racing True.....................

android[2] trace: MoGaConTrOlLeR :: (KK) MogaController :: Inside nativeOnKeyEvent ....................

G6-MOGA key frame=9692 code=103 state=up
android[2] trace: MoGaConTrOlLeR :: ....................(KK) BaseDrivingControlScheme :: OnEvent .....................

android[2] trace: MoGaConTrOlLeR :: ....................(KK) BaseDrivingControlScheme :: OnKeyRelease Nothing :( .....................

G4-JNI GetEnv version=0x00010002
G4-JNI GetEnv version=0x00010002
G4-JNI GetEnv version=0x00010002
G4-JNI GetEnv version=0x00010002
G4-JNI GetEnv version=0x00010002
G4-JNI GetEnv version=0x00010002
G4-JNI GetEnv version=0x00010002
G4-JNI GetEnv version=0x00010002
G4-JNI GetEnv version=0x00010002
G4-JNI GetEnv version=0x00010002
android[2] trace: ....................(KK) MogaController :: Inside NativeOnMotionEvent

android[2] trace: (KK) MogaController :: Inside NativeOnMotionEvent ....................

G4-JNI GetEnv version=0x00010002
G4-JNI GetEnv version=0x00010002
G4-JNI GetEnv version=0x00010002
G4-JNI GetEnv version=0x00010002
G4-JNI GetEnv version=0x00010002
G4-JNI GetEnv version=0x00010002
G4-JNI GetEnv version=0x00010002
G4-JNI GetEnv version=0x00010002
G4-JNI GetEnv version=0x00010002
G4-JNI GetEnv version=0x00010002
android[2] trace: ....................(KK) MogaController :: Inside NativeOnMotionEvent

android[2] trace: (KK) MogaController :: Inside NativeOnMotionEvent ....................

G6-MOGA motion frame=9712 axes=0,0,0,0,0,0
G4-JNI GetEnv version=0x00010002
G4-JNI GetEnv version=0x00010002
G4-JNI GetEnv version=0x00010002
G4-JNI GetEnv version=0x00010002
G4-JNI GetEnv version=0x00010002
G4-JNI GetEnv version=0x00010002
G4-JNI GetEnv version=0x00010002
G4-JNI GetEnv version=0x00010002
G4-JNI GetEnv version=0x00010002
G4-JNI GetEnv version=0x00010002
G4-JNI GetEnv version=0x00010002
G4-JNI GetEnv version=0x00010002
G4-JNI GetEnv version=0x00010002
G4-JNI GetEnv version=0x00010002
G4-JNI GetEnv version=0x00010002
G4-JNI GetEnv version=0x00010002
G4-JNI GetEnv version=0x00010002
G4-JNI GetEnv version=0x00010002
G4-JNI GetEnv version=0x00010002
G4-JNI GetEnv version=0x00010002
G4-JNI GetEnv version=0x00010002
G4-JNI GetEnv version=0x00010002
G4-JNI GetEnv version=0x00010002
G4-JNI GetEnv version=0x00010002
G4-JNI GetEnv version=0x00010002
G4-JNI GetEnv version=0x00010002
android[2] trace: ....................(KK) MogaController :: Inside NativeOnMotionEvent

android[2] trace: (KK) MogaController :: Inside NativeOnMotionEvent ....................

G6-MOGA motion frame=9738 axes=-32767,0,0,0,0,0
G4-JNI GetEnv version=0x00010002
G4-JNI GetEnv version=0x00010002
G4-JNI GetEnv version=0x00010002
G4-JNI GetEnv version=0x00010002
G4-JNI GetEnv version=0x00010002
G4-JNI GetEnv version=0x00010002
android[2] trace: ....................(KK) MogaController :: Inside NativeOnMotionEvent

android[2] trace: (KK) MogaController :: Inside NativeOnMotionEvent ....................

G4-JNI GetEnv version=0x00010002
G4-JNI GetEnv version=0x00010002
G4-JNI GetEnv version=0x00010002
G4-JNI GetEnv version=0x00010002
G4-JNI GetEnv version=0x00010002
G4-JNI GetEnv version=0x00010002
G4-JNI GetEnv version=0x00010002
G4-JNI GetEnv version=0x00010002
android[6] Sound/SoundManager/error: FMOD result of SoundManager::createSound: An error occured that wasn't supposed to.  Contact support. 

android[5] Sound/SoundManager/warn: SoundManager::createSound - 'effects/collisions/work_barrier': failure.

G4-JNI GetEnv version=0x00010002
G4-JNI GetEnv version=0x00010002
android[2] trace: ....................(KK) MogaController :: Inside NativeOnMotionEvent

android[2] trace: (KK) MogaController :: Inside NativeOnMotionEvent ....................

G6-MOGA motion frame=9754 axes=32767,0,0,0,0,0
android[6] Sound/SoundManager/error: FMOD result of SoundManager::createSound: An error occured that wasn't supposed to.  Contact support. 

android[5] Sound/SoundManager/warn: SoundManager::createSound - 'effects/collisions/scrape': failure.

G4-JNI GetEnv version=0x00010002
G4-JNI GetEnv version=0x00010002
android[2] trace: ....................(KK) MogaController :: Inside NativeOnMotionEvent

android[2] trace: (KK) MogaController :: Inside NativeOnMotionEvent ....................

G4-JNI GetEnv version=0x00010002
G4-JNI GetEnv version=0x00010002
G4-JNI GetEnv version=0x00010002
G4-JNI GetEnv version=0x00010002
G4-JNI GetEnv version=0x00010002
G4-JNI GetEnv version=0x00010002
G4-JNI GetEnv version=0x00010002
G4-JNI GetEnv version=0x00010002
G4-JNI GetEnv version=0x00010002
G4-JNI GetEnv version=0x00010002
G4-JNI GetEnv version=0x00010002
G4-JNI GetEnv version=0x00010002
G4-JNI GetEnv version=0x00010002
G4-JNI GetEnv version=0x00010002
G4-JNI GetEnv version=0x00010002
G4-JNI GetEnv version=0x00010002
G4-JNI GetEnv version=0x00010002
G4-JNI GetEnv version=0x00010002
G4-JNI GetEnv version=0x00010002
G4-JNI GetEnv version=0x00010002
G4-JNI GetEnv version=0x00010002
G4-JNI GetEnv version=0x00010002
G4-JNI GetEnv version=0x00010002
G4-JNI GetEnv version=0x00010002
G4-JNI GetEnv version=0x00010002
G4-JNI GetEnv version=0x00010002
G4-JNI GetEnv version=0x00010002
G4-JNI GetEnv version=0x00010002
G4-JNI GetEnv version=0x00010002
G4-JNI GetEnv version=0x00010002
G4-JNI GetEnv version=0x00010002
G4-JNI GetEnv version=0x00010002
G4-JNI GetEnv version=0x00010002
G4-JNI GetEnv version=0x00010002
G4-JNI GetEnv version=0x00010002
G4-JNI GetEnv version=0x00010002
G4-JNI GetEnv version=0x00010002
G4-JNI GetEnv version=0x00010002
G4-JNI GetEnv version=0x00010002
G4-JNI GetEnv version=0x00010002
G4-JNI GetEnv version=0x00010002
G4-JNI GetEnv version=0x00010002
G4-JNI GetEnv version=0x00010002
G4-JNI GetEnv version=0x00010002
G4-JNI GetEnv version=0x00010002
G4-JNI GetEnv version=0x00010002
G4-JNI GetEnv version=0x00010002
G4-JNI GetEnv version=0x00010002
G4-JNI GetEnv version=0x00010002
G4-JNI GetEnv version=0x00010002
G4-JNI GetEnv version=0x00010002
G4-JNI GetEnv version=0x00010002
G4-JNI GetEnv version=0x00010002
G4-JNI GetEnv version=0x00010002
G4-JNI GetEnv version=0x00010002
G4-JNI GetEnv version=0x00010002
G4-JNI GetEnv version=0x00010002
G4-JNI GetEnv version=0x00010002
G4-JNI GetEnv version=0x00010002
G4-JNI GetEnv version=0x00010002
G4-JNI GetEnv version=0x00010002
G4-JNI GetEnv version=0x00010002
G4-JNI GetEnv version=0x00010002
G4-JNI GetEnv version=0x00010002
G4-JNI GetEnv version=0x00010002
G4-JNI GetEnv version=0x00010002
G4-JNI GetEnv version=0x00010002
G4-JNI GetEnv version=0x00010002
G4-JNI GetEnv version=0x00010002
G4-JNI GetEnv version=0x00010002
G4-JNI GetEnv version=0x00010002
G4-JNI GetEnv version=0x00010002
G4-JNI GetEnv version=0x00010002
G4-JNI GetEnv version=0x00010002
G4-JNI GetEnv version=0x00010002
G4-JNI GetEnv version=0x00010002
G4-JNI GetEnv version=0x00010002
G4-JNI GetEnv version=0x00010002
G4-JNI GetEnv version=0x00010002
G4-JNI GetEnv version=0x00010002
G4-JNI GetEnv version=0x00010002
G4-JNI GetEnv version=0x00010002
G4-JNI GetEnv version=0x00010002
G4-JNI GetEnv version=0x00010002
G4-JNI GetEnv version=0x00010002
G4-JNI GetEnv version=0x00010002
G4-JNI GetEnv version=0x00010002
G4-JNI GetEnv version=0x00010002
android[2] trace: ....................(KK) MogaController :: Inside NativeOnMotionEvent

android[2] trace: (KK) MogaController :: Inside NativeOnMotionEvent ....................

G6-MOGA motion frame=9844 axes=-32767,0,0,0,0,0
G4-JNI GetEnv version=0x00010002
G4-JNI GetEnv version=0x00010002
G4-JNI GetEnv version=0x00010002
G4-JNI GetEnv version=0x00010002
G4-JNI GetEnv version=0x00010002
G4-JNI GetEnv version=0x00010002
android[2] trace: ....................(KK) MogaController :: Inside NativeOnMotionEvent

android[2] trace: (KK) MogaController :: Inside NativeOnMotionEvent ....................

G4-JNI GetEnv version=0x00010002
G4-JNI GetEnv version=0x00010002
G4-JNI GetEnv version=0x00010002
G4-JNI GetEnv version=0x00010002
G4-JNI GetEnv version=0x00010002
G4-JNI GetEnv version=0x00010002
G4-JNI GetEnv version=0x00010002
G4-JNI GetEnv version=0x00010002
G4-JNI GetEnv version=0x00010002
G4-JNI GetEnv version=0x00010002
G4-JNI GetEnv version=0x00010002
android[6] Sound/SoundManager/error: FMOD result of SoundManager::createSound: An error occured that wasn't supposed to.  Contact support. 

android[5] Sound/SoundManager/warn: SoundManager::createSound - 'effects/collisions/scrape': failure.

G4-JNI GetEnv version=0x00010002
G6-RAW buttons=0x00000020
android[2] trace: MoGaConTrOlLeR :: ....................(KK) MogaController :: Inside nativeOnKeyEvent 

android[2] trace: ....................(KK) MogaController :: Inside nativeOnKeyEvent 103

android[2] trace: MoGaConTrOlLeR :: ....................(KK) Key Event Key R1 1111 .....................

android[2] trace: MoGaConTrOlLeR :: ....................(KK) Key Event Key Down .....................

android[2] trace: MoGaConTrOlLeR :: ....................(KK) Listener Key Press .....................

android[2] trace: MoGaConTrOlLeR :: ....................(KK) AndroidKeyCode :: MogaKeyCode (Start of func) .....................

android[2] trace: MoGaConTrOlLeR :: ....................(KK) AndroidKeyCode :: MogaKeyCode Key Press R1 .....................

android[2] trace: MoGaConTrOlLeR :: ....................(KK) AndroidKeyCode :: MogaKeyCode Key Press R1(Nitro) Racing True.....................

android[2] trace: MoGaConTrOlLeR :: (KK) MogaController :: Inside nativeOnKeyEvent ....................

G6-MOGA key frame=9862 code=103 state=down
android[2] trace: MoGaConTrOlLeR :: ....................(KK) BaseDrivingControlScheme :: OnEvent .....................

android[2] trace: MoGaConTrOlLeR :: ....................(KK) BaseDrivingControlScheme :: onKeyPress Nitro.....................

G4-JNI GetEnv version=0x00010002
G4-JNI GetEnv version=0x00010002
G4-JNI GetEnv version=0x00010002
G4-JNI GetEnv version=0x00010002
G4-JNI GetEnv version=0x00010002
G4-JNI GetEnv version=0x00010002
G4-JNI GetEnv version=0x00010002
G4-JNI GetEnv version=0x00010002
G4-JNI GetEnv version=0x00010002
G4-JNI GetEnv version=0x00010002
G4-JNI GetEnv version=0x00010002
G4-JNI GetEnv version=0x00010002
G4-JNI GetEnv version=0x00010002
G4-JNI GetEnv version=0x00010002
G4-JNI GetEnv version=0x00010002
G4-JNI GetEnv version=0x00010002
G4-JNI GetEnv version=0x00010002
G4-JNI GetEnv version=0x00010002
G4-JNI GetEnv version=0x00010002
G4-JNI GetEnv version=0x00010002
G4-JNI GetEnv version=0x00010002
G4-JNI GetEnv version=0x00010002
G4-JNI GetEnv version=0x00010002
G4-JNI GetEnv version=0x00010002
G4-JNI GetEnv version=0x00010002
G4-JNI GetEnv version=0x00010002
G4-JNI GetEnv version=0x00010002
G4-JNI GetEnv version=0x00010002
G4-JNI GetEnv version=0x00010002
G4-JNI GetEnv version=0x00010002
G4-JNI GetEnv version=0x00010002
G4-JNI GetEnv version=0x00010002
G4-JNI GetEnv version=0x00010002
G4-JNI GetEnv version=0x00010002
G4-JNI GetEnv version=0x00010002
G4-JNI GetEnv version=0x00010002
G4-JNI GetEnv version=0x00010002
G4-JNI GetEnv version=0x00010002
G7-FRAME enter=9900
G4-JNI GetEnv version=0x00010002
G5-GL STATE frame=9900 framebuffer=0 status=0x8cd5 errors=0
G7-FRAME leave=9900
G4-JNI GetEnv version=0x00010002
G4-JNI GetEnv version=0x00010002
G4-JNI GetEnv version=0x00010002
G4-JNI GetEnv version=0x00010002
G4-JNI GetEnv version=0x00010002
G4-JNI GetEnv version=0x00010002
G4-JNI GetEnv version=0x00010002
G4-JNI GetEnv version=0x00010002
G4-JNI GetEnv version=0x00010002
G4-JNI GetEnv version=0x00010002
G4-JNI GetEnv version=0x00010002
G4-JNI GetEnv version=0x00010002
G4-JNI GetEnv version=0x00010002
G4-JNI GetEnv version=0x00010002
G4-JNI GetEnv version=0x00010002
G4-JNI GetEnv version=0x00010002
G4-JNI GetEnv version=0x00010002
G4-JNI GetEnv version=0x00010002
G4-JNI GetEnv version=0x00010002
G4-JNI GetEnv version=0x00010002
G4-JNI GetEnv version=0x00010002
G4-JNI GetEnv version=0x00010002
G4-JNI GetEnv version=0x00010002
G4-JNI GetEnv version=0x00010002
G4-JNI GetEnv version=0x00010002
G4-JNI GetEnv version=0x00010002
G4-JNI GetEnv version=0x00010002
G4-JNI GetEnv version=0x00010002
G4-JNI GetEnv version=0x00010002
G4-JNI GetEnv version=0x00010002
G4-JNI GetEnv version=0x00010002
G4-JNI GetEnv version=0x00010002
G4-JNI GetEnv version=0x00010002
G4-JNI GetEnv version=0x00010002
G4-JNI GetEnv version=0x00010002
G4-JNI GetEnv version=0x00010002
G4-JNI GetEnv version=0x00010002
android[2] trace: ....................(KK) MogaController :: Inside NativeOnMotionEvent

android[2] trace: (KK) MogaController :: Inside NativeOnMotionEvent ....................

G6-MOGA motion frame=9938 axes=-32767,0,0,0,0,0
G4-JNI GetEnv version=0x00010002
G4-JNI GetEnv version=0x00010002
G4-JNI GetEnv version=0x00010002
G4-JNI GetEnv version=0x00010002
G4-JNI GetEnv version=0x00010002
G4-JNI GetEnv version=0x00010002
G4-JNI GetEnv version=0x00010002
G4-JNI GetEnv version=0x00010002
G4-JNI GetEnv version=0x00010002
G4-JNI GetEnv version=0x00010002
G4-JNI GetEnv version=0x00010002
android[2] trace: ....................(KK) MogaController :: Inside NativeOnMotionEvent

android[2] trace: (KK) MogaController :: Inside NativeOnMotionEvent ....................

G4-JNI GetEnv version=0x00010002
G4-JNI GetEnv version=0x00010002
G4-JNI GetEnv version=0x00010002
android[2] trace: ....................(KK) MogaController :: Inside NativeOnMotionEvent

android[2] trace: (KK) MogaController :: Inside NativeOnMotionEvent ....................

G4-JNI GetEnv version=0x00010002
G4-JNI GetEnv version=0x00010002
G4-JNI GetEnv version=0x00010002
G4-JNI GetEnv version=0x00010002
G4-JNI GetEnv version=0x00010002
G4-JNI GetEnv version=0x00010002
G4-JNI GetEnv version=0x00010002
G4-JNI GetEnv version=0x00010002
G4-JNI GetEnv version=0x00010002
G4-JNI GetEnv version=0x00010002
android[2] trace: ....................(KK) MogaController :: Inside NativeOnMotionEvent

android[2] trace: (KK) MogaController :: Inside NativeOnMotionEvent ....................

G6-MOGA motion frame=9962 axes=0,0,0,0,0,0
G4-JNI GetEnv version=0x00010002
G4-JNI GetEnv version=0x00010002
G4-JNI GetEnv version=0x00010002
G4-JNI GetEnv version=0x00010002
G4-JNI GetEnv version=0x00010002
G4-JNI GetEnv version=0x00010002
G4-JNI GetEnv version=0x00010002
G4-JNI GetEnv version=0x00010002
G4-JNI GetEnv version=0x00010002
G4-JNI GetEnv version=0x00010002
G4-JNI GetEnv version=0x00010002
G4-JNI GetEnv version=0x00010002
G4-JNI GetEnv version=0x00010002
G4-JNI GetEnv version=0x00010002
android[2] trace: ....................(KK) MogaController :: Inside NativeOnMotionEvent

android[2] trace: (KK) MogaController :: Inside NativeOnMotionEvent ....................

G4-JNI GetEnv version=0x00010002
G4-JNI GetEnv version=0x00010002
G4-JNI GetEnv version=0x00010002
G4-JNI GetEnv version=0x00010002
G4-JNI GetEnv version=0x00010002
G4-JNI GetEnv version=0x00010002
G4-JNI GetEnv version=0x00010002
android[2] trace: ....................(KK) MogaController :: Inside NativeOnMotionEvent

android[2] trace: (KK) MogaController :: Inside NativeOnMotionEvent ....................

G6-MOGA motion frame=9983 axes=0,0,0,0,0,0
G4-JNI GetEnv version=0x00010002
G4-JNI GetEnv version=0x00010002
G4-JNI GetEnv version=0x00010002
G4-JNI GetEnv version=0x00010002
G4-JNI GetEnv version=0x00010002
G4-JNI GetEnv version=0x00010002
G4-JNI GetEnv version=0x00010002
G4-JNI GetEnv version=0x00010002
G4-JNI GetEnv version=0x00010002
G4-JNI GetEnv version=0x00010002
G4-JNI GetEnv version=0x00010002
G4-JNI GetEnv version=0x00010002
G4-JNI GetEnv version=0x00010002
G4-JNI GetEnv version=0x00010002
G4-JNI GetEnv version=0x00010002
G4-JNI GetEnv version=0x00010002
G4-JNI GetEnv version=0x00010002
G4-JNI GetEnv version=0x00010002
G4-JNI GetEnv version=0x00010002
G4-JNI GetEnv version=0x00010002
G4-JNI GetEnv version=0x00010002
G4-JNI GetEnv version=0x00010002
G4-JNI GetEnv version=0x00010002
G4-JNI GetEnv version=0x00010002
G4-JNI GetEnv version=0x00010002
G4-JNI GetEnv version=0x00010002
G4-JNI GetEnv version=0x00010002
G6-RAW buttons=0x00000000
android[2] trace: MoGaConTrOlLeR :: ....................(KK) MogaController :: Inside nativeOnKeyEvent 

android[2] trace: ....................(KK) MogaController :: Inside nativeOnKeyEvent 103

android[2] trace: MoGaConTrOlLeR :: ....................(KK) Key Event Key R1 1111 .....................

android[2] trace: MoGaConTrOlLeR :: ....................(KK) Key Event Key up .....................

android[2] trace: MoGaConTrOlLeR :: ....................(KK) Listener Key Release .....................

android[2] trace: MoGaConTrOlLeR :: ....................(KK) AndroidKeyCode :: MogaKeyCode (Start of func) .....................

android[2] trace: MoGaConTrOlLeR :: ....................(KK) AndroidKeyCode :: MogaKeyCode Key Press R1 .....................

android[2] trace: MoGaConTrOlLeR :: ....................(KK) AndroidKeyCode :: MogaKeyCode Key Press R1(Nitro) Racing True.....................

android[2] trace: MoGaConTrOlLeR :: (KK) MogaController :: Inside nativeOnKeyEvent ....................

G6-MOGA key frame=10010 code=103 state=up
android[2] trace: MoGaConTrOlLeR :: ....................(KK) BaseDrivingControlScheme :: OnEvent .....................

android[2] trace: MoGaConTrOlLeR :: ....................(KK) BaseDrivingControlScheme :: OnKeyRelease Nothing :( .....................

G4-JNI GetEnv version=0x00010002
G4-JNI GetEnv version=0x00010002
G4-JNI GetEnv version=0x00010002
G4-JNI GetEnv version=0x00010002
android[2] trace: ....................(KK) MogaController :: Inside NativeOnMotionEvent

android[2] trace: (KK) MogaController :: Inside NativeOnMotionEvent ....................

G6-MOGA motion frame=10014 axes=-32767,0,0,0,0,0
G4-JNI GetEnv version=0x00010002
G4-JNI GetEnv version=0x00010002
G4-JNI GetEnv version=0x00010002
G4-JNI GetEnv version=0x00010002
G4-JNI GetEnv version=0x00010002
G4-JNI GetEnv version=0x00010002
android[2] trace: ....................(KK) MogaController :: Inside NativeOnMotionEvent

android[2] trace: (KK) MogaController :: Inside NativeOnMotionEvent ....................

G4-JNI GetEnv version=0x00010002
G4-JNI GetEnv version=0x00010002
G4-JNI GetEnv version=0x00010002
G4-JNI GetEnv version=0x00010002
G4-JNI GetEnv version=0x00010002
G4-JNI GetEnv version=0x00010002
G4-JNI GetEnv version=0x00010002
G4-JNI GetEnv version=0x00010002
G4-JNI GetEnv version=0x00010002
G4-JNI GetEnv version=0x00010002
G4-JNI GetEnv version=0x00010002
G4-JNI GetEnv version=0x00010002
G4-JNI GetEnv version=0x00010002
G4-JNI GetEnv version=0x00010002
G4-JNI GetEnv version=0x00010002
G4-JNI GetEnv version=0x00010002
G4-JNI GetEnv version=0x00010002
G4-JNI GetEnv version=0x00010002
G4-JNI GetEnv version=0x00010002
G4-JNI GetEnv version=0x00010002
G4-JNI GetEnv version=0x00010002
G4-JNI GetEnv version=0x00010002
G4-JNI GetEnv version=0x00010002
G4-JNI GetEnv version=0x00010002
G4-JNI GetEnv version=0x00010002
G4-JNI GetEnv version=0x00010002
G4-JNI GetEnv version=0x00010002
G4-JNI GetEnv version=0x00010002
G4-JNI GetEnv version=0x00010002
G4-JNI GetEnv version=0x00010002
G4-JNI GetEnv version=0x00010002
G4-JNI GetEnv version=0x00010002
G4-JNI GetEnv version=0x00010002
android[2] trace: ....................(KK) MogaController :: Inside NativeOnMotionEvent

android[2] trace: (KK) MogaController :: Inside NativeOnMotionEvent ....................

G6-MOGA motion frame=10053 axes=-32767,0,0,0,0,0
G4-JNI GetEnv version=0x00010002
G4-JNI GetEnv version=0x00010002
G4-JNI GetEnv version=0x00010002
G4-JNI GetEnv version=0x00010002
G4-JNI GetEnv version=0x00010002
G4-JNI GetEnv version=0x00010002
G4-JNI GetEnv version=0x00010002
G4-JNI GetEnv version=0x00010002
G4-JNI GetEnv version=0x00010002
android[2] trace: ....................(KK) MogaController :: Inside NativeOnMotionEvent

android[2] trace: (KK) MogaController :: Inside NativeOnMotionEvent ....................

G4-JNI GetEnv version=0x00010002
G4-JNI GetEnv version=0x00010002
G4-JNI GetEnv version=0x00010002
G4-JNI GetEnv version=0x00010002
G4-JNI GetEnv version=0x00010002
G4-JNI GetEnv version=0x00010002
G4-JNI GetEnv version=0x00010002
android[2] trace: ....................(KK) MogaController :: Inside NativeOnMotionEvent

android[2] trace: (KK) MogaController :: Inside NativeOnMotionEvent ....................

G6-MOGA motion frame=10069 axes=-32767,0,0,0,0,0
G4-JNI GetEnv version=0x00010002
G4-JNI GetEnv version=0x00010002
G4-JNI GetEnv version=0x00010002
G4-JNI GetEnv version=0x00010002
G4-JNI GetEnv version=0x00010002
G4-JNI GetEnv version=0x00010002
G4-JNI GetEnv version=0x00010002
G4-JNI GetEnv version=0x00010002
G4-JNI GetEnv version=0x00010002
G4-JNI GetEnv version=0x00010002
G4-JNI GetEnv version=0x00010002
G4-JNI GetEnv version=0x00010002
G4-JNI GetEnv version=0x00010002
G4-JNI GetEnv version=0x00010002
G4-JNI GetEnv version=0x00010002
G4-JNI GetEnv version=0x00010002
G4-JNI GetEnv version=0x00010002
G4-JNI GetEnv version=0x00010002
G4-JNI GetEnv version=0x00010002
G4-JNI GetEnv version=0x00010002
G4-JNI GetEnv version=0x00010002
G4-JNI GetEnv version=0x00010002
android[2] trace: ....................(KK) MogaController :: Inside NativeOnMotionEvent

android[2] trace: (KK) MogaController :: Inside NativeOnMotionEvent ....................

G6-MOGA motion frame=10091 axes=0,0,0,0,0,0
G4-JNI GetEnv version=0x00010002
G4-JNI GetEnv version=0x00010002
G4-JNI GetEnv version=0x00010002
G4-JNI GetEnv version=0x00010002
G4-JNI GetEnv version=0x00010002
G4-JNI GetEnv version=0x00010002
G4-JNI GetEnv version=0x00010002
G4-JNI GetEnv version=0x00010002
G4-JNI GetEnv version=0x00010002
android[2] trace: ....................(KK) MogaController :: Inside NativeOnMotionEvent

android[2] trace: (KK) MogaController :: Inside NativeOnMotionEvent ....................

G4-JNI GetEnv version=0x00010002
G4-JNI GetEnv version=0x00010002
G4-JNI GetEnv version=0x00010002
G4-JNI GetEnv version=0x00010002
G4-JNI GetEnv version=0x00010002
G4-JNI GetEnv version=0x00010002
G4-JNI GetEnv version=0x00010002
G4-JNI GetEnv version=0x00010002
G4-JNI GetEnv version=0x00010002
G4-JNI GetEnv version=0x00010002
G4-JNI GetEnv version=0x00010002
G4-JNI GetEnv version=0x00010002
G4-JNI GetEnv version=0x00010002
G4-JNI GetEnv version=0x00010002
G4-JNI GetEnv version=0x00010002
G4-JNI GetEnv version=0x00010002
G4-JNI GetEnv version=0x00010002
G4-JNI GetEnv version=0x00010002
G4-JNI GetEnv version=0x00010002
G4-JNI GetEnv version=0x00010002
G4-JNI GetEnv version=0x00010002
G4-JNI GetEnv version=0x00010002
G4-JNI GetEnv version=0x00010002
G4-JNI GetEnv version=0x00010002
G4-JNI GetEnv version=0x00010002
G4-JNI GetEnv version=0x00010002
G4-JNI GetEnv version=0x00010002
G4-JNI GetEnv version=0x00010002
G4-JNI GetEnv version=0x00010002
G4-JNI GetEnv version=0x00010002
G4-JNI GetEnv version=0x00010002
G4-JNI GetEnv version=0x00010002
android[2] trace: ....................(KK) MogaController :: Inside NativeOnMotionEvent

android[2] trace: (KK) MogaController :: Inside NativeOnMotionEvent ....................

G6-MOGA motion frame=10132 axes=0,0,0,0,0,0
G4-JNI GetEnv version=0x00010002
G4-JNI GetEnv version=0x00010002
G4-JNI GetEnv version=0x00010002
G4-JNI GetEnv version=0x00010002
G4-JNI GetEnv version=0x00010002
G4-JNI GetEnv version=0x00010002
G4-JNI GetEnv version=0x00010002
G4-JNI GetEnv version=0x00010002
G4-JNI GetEnv version=0x00010002
G4-JNI GetEnv version=0x00010002
G4-JNI GetEnv version=0x00010002
G4-JNI GetEnv version=0x00010002
G4-JNI GetEnv version=0x00010002
G4-JNI GetEnv version=0x00010002
G4-JNI GetEnv version=0x00010002
G4-JNI GetEnv version=0x00010002
G4-JNI GetEnv version=0x00010002
G4-JNI GetEnv version=0x00010002
G4-JNI GetEnv version=0x00010002
G4-JNI GetEnv version=0x00010002
G4-JNI GetEnv version=0x00010002
G4-JNI GetEnv version=0x00010002
G4-JNI GetEnv version=0x00010002
G4-JNI GetEnv version=0x00010002
G4-JNI GetEnv version=0x00010002
G4-JNI GetEnv version=0x00010002
android[2] trace: ....................(KK) MogaController :: Inside NativeOnMotionEvent

android[2] trace: (KK) MogaController :: Inside NativeOnMotionEvent ....................

G6-MOGA motion frame=10158 axes=-32767,0,0,0,0,0
G4-JNI GetEnv version=0x00010002
G4-JNI GetEnv version=0x00010002
G4-JNI GetEnv version=0x00010002
G4-JNI GetEnv version=0x00010002
android[2] trace: ....................(KK) MogaController :: Inside NativeOnMotionEvent

android[2] trace: (KK) MogaController :: Inside NativeOnMotionEvent ....................

G4-JNI GetEnv version=0x00010002
G4-JNI GetEnv version=0x00010002
G4-JNI GetEnv version=0x00010002
G4-JNI GetEnv version=0x00010002
G4-JNI GetEnv version=0x00010002
G4-JNI GetEnv version=0x00010002
G4-JNI GetEnv version=0x00010002
G4-JNI GetEnv version=0x00010002
G4-JNI GetEnv version=0x00010002
G4-JNI GetEnv version=0x00010002
G4-JNI GetEnv version=0x00010002
G4-JNI GetEnv version=0x00010002
G4-JNI GetEnv version=0x00010002
G4-JNI GetEnv version=0x00010002
G4-JNI GetEnv version=0x00010002
G4-JNI GetEnv version=0x00010002
G4-JNI GetEnv version=0x00010002
G4-JNI GetEnv version=0x00010002
android[2] trace: ....................(KK) MogaController :: Inside NativeOnMotionEvent

android[2] trace: (KK) MogaController :: Inside NativeOnMotionEvent ....................

G6-MOGA motion frame=10180 axes=-32767,0,0,0,0,0
G4-JNI GetEnv version=0x00010002
G4-JNI GetEnv version=0x00010002
G4-JNI GetEnv version=0x00010002
G4-JNI GetEnv version=0x00010002
G4-JNI GetEnv version=0x00010002
G4-JNI GetEnv version=0x00010002
G4-JNI GetEnv version=0x00010002
G4-JNI GetEnv version=0x00010002
G4-JNI GetEnv version=0x00010002
G4-JNI GetEnv version=0x00010002
G4-JNI GetEnv version=0x00010002
G4-JNI GetEnv version=0x00010002
G4-JNI GetEnv version=0x00010002
G4-JNI GetEnv version=0x00010002
G4-JNI GetEnv version=0x00010002
G4-JNI GetEnv version=0x00010002
G4-JNI GetEnv version=0x00010002
G4-JNI GetEnv version=0x00010002
G4-JNI GetEnv version=0x00010002
G4-JNI GetEnv version=0x00010002
G7-FRAME enter=10200
G4-JNI GetEnv version=0x00010002
G5-GL STATE frame=10200 framebuffer=0 status=0x8cd5 errors=0
G7-FRAME leave=10200
G4-JNI GetEnv version=0x00010002
G4-JNI GetEnv version=0x00010002
G4-JNI GetEnv version=0x00010002
G4-JNI GetEnv version=0x00010002
G4-JNI GetEnv version=0x00010002
G4-JNI GetEnv version=0x00010002
G4-JNI GetEnv version=0x00010002
G4-JNI GetEnv version=0x00010002
G4-JNI GetEnv version=0x00010002
G4-JNI GetEnv version=0x00010002
G4-JNI GetEnv version=0x00010002
G4-JNI GetEnv version=0x00010002
G4-JNI GetEnv version=0x00010002
G4-JNI GetEnv version=0x00010002
G4-JNI GetEnv version=0x00010002
G4-JNI GetEnv version=0x00010002
G4-JNI GetEnv version=0x00010002
G4-JNI GetEnv version=0x00010002
G4-JNI GetEnv version=0x00010002
G4-JNI GetEnv version=0x00010002
G4-JNI GetEnv version=0x00010002
G4-JNI GetEnv version=0x00010002
G4-JNI GetEnv version=0x00010002
G4-JNI GetEnv version=0x00010002
G4-JNI GetEnv version=0x00010002
G4-JNI GetEnv version=0x00010002
G4-JNI GetEnv version=0x00010002
G4-JNI GetEnv version=0x00010002
G4-JNI GetEnv version=0x00010002
G4-JNI GetEnv version=0x00010002
G4-JNI GetEnv version=0x00010002
G4-JNI GetEnv version=0x00010002
G4-JNI GetEnv version=0x00010002
G4-JNI GetEnv version=0x00010002
G4-JNI GetEnv version=0x00010002
G4-JNI GetEnv version=0x00010002
G4-JNI GetEnv version=0x00010002
G4-JNI GetEnv version=0x00010002
G4-JNI GetEnv version=0x00010002
android[2] trace: ....................(KK) MogaController :: Inside NativeOnMotionEvent

android[2] trace: (KK) MogaController :: Inside NativeOnMotionEvent ....................

G6-MOGA motion frame=10240 axes=0,0,0,0,0,0
G4-JNI GetEnv version=0x00010002
G4-JNI GetEnv version=0x00010002
G4-JNI GetEnv version=0x00010002
G4-JNI GetEnv version=0x00010002
G4-JNI GetEnv version=0x00010002
G4-JNI GetEnv version=0x00010002
G4-JNI GetEnv version=0x00010002
G4-JNI GetEnv version=0x00010002
G4-JNI GetEnv version=0x00010002
G4-JNI GetEnv version=0x00010002
G4-JNI GetEnv version=0x00010002
G4-JNI GetEnv version=0x00010002
G4-JNI GetEnv version=0x00010002
G4-JNI GetEnv version=0x00010002
G4-JNI GetEnv version=0x00010002
G4-JNI GetEnv version=0x00010002
G4-JNI GetEnv version=0x00010002
G4-JNI GetEnv version=0x00010002
G4-JNI GetEnv version=0x00010002
G4-JNI GetEnv version=0x00010002
G4-JNI GetEnv version=0x00010002
G4-JNI GetEnv version=0x00010002
G4-JNI GetEnv version=0x00010002
G4-JNI GetEnv version=0x00010002
G4-JNI GetEnv version=0x00010002
G4-JNI GetEnv version=0x00010002
G4-JNI GetEnv version=0x00010002
G4-JNI GetEnv version=0x00010002
G4-JNI GetEnv version=0x00010002
G4-JNI GetEnv version=0x00010002
G4-JNI GetEnv version=0x00010002
G4-JNI GetEnv version=0x00010002
G4-JNI GetEnv version=0x00010002
G4-JNI GetEnv version=0x00010002
G4-JNI GetEnv version=0x00010002
G4-JNI GetEnv version=0x00010002
G4-JNI GetEnv version=0x00010002
G4-JNI GetEnv version=0x00010002
G4-JNI GetEnv version=0x00010002
G4-JNI GetEnv version=0x00010002
G4-JNI GetEnv version=0x00010002
G4-JNI GetEnv version=0x00010002
G4-JNI GetEnv version=0x00010002
G4-JNI GetEnv version=0x00010002
G4-JNI GetEnv version=0x00010002
G4-JNI GetEnv version=0x00010002
G4-JNI GetEnv version=0x00010002
G4-JNI GetEnv version=0x00010002
G4-JNI GetEnv version=0x00010002
G4-JNI GetEnv version=0x00010002
G4-JNI GetEnv version=0x00010002
G4-JNI GetEnv version=0x00010002
G4-JNI GetEnv version=0x00010002
G4-JNI GetEnv version=0x00010002
G4-JNI GetEnv version=0x00010002
G4-JNI GetEnv version=0x00010002
G4-JNI GetEnv version=0x00010002
G4-JNI GetEnv version=0x00010002
G4-JNI GetEnv version=0x00010002
G4-JNI GetEnv version=0x00010002
G4-JNI GetEnv version=0x00010002
G4-JNI GetEnv version=0x00010002
G4-JNI GetEnv version=0x00010002
G4-JNI GetEnv version=0x00010002
G4-JNI GetEnv version=0x00010002
G4-JNI GetEnv version=0x00010002
G4-JNI GetEnv version=0x00010002
G4-JNI GetEnv version=0x00010002
G4-JNI GetEnv version=0x00010002
G4-JNI GetEnv version=0x00010002
G4-JNI GetEnv version=0x00010002
G4-JNI GetEnv version=0x00010002
G4-JNI GetEnv version=0x00010002
G4-JNI GetEnv version=0x00010002
G4-JNI GetEnv version=0x00010002
G4-JNI GetEnv version=0x00010002
G4-JNI GetEnv version=0x00010002
G4-JNI GetEnv version=0x00010002
G4-JNI GetEnv version=0x00010002
G4-JNI GetEnv version=0x00010002
G4-JNI GetEnv version=0x00010002
G4-JNI GetEnv version=0x00010002
G4-JNI GetEnv version=0x00010002
G4-JNI GetEnv version=0x00010002
G4-JNI GetEnv version=0x00010002
G4-JNI GetEnv version=0x00010002
G4-JNI GetEnv version=0x00010002
G4-JNI GetEnv version=0x00010002
G4-JNI GetEnv version=0x00010002
G4-JNI GetEnv version=0x00010002
G4-JNI GetEnv version=0x00010002
android[2] trace: ....................(KK) MogaController :: Inside NativeOnMotionEvent

android[2] trace: (KK) MogaController :: Inside NativeOnMotionEvent ....................

G6-MOGA motion frame=10331 axes=-32767,0,0,0,0,0
G4-JNI GetEnv version=0x00010002
G4-JNI GetEnv version=0x00010002
G4-JNI GetEnv version=0x00010002
android[2] trace: ....................(KK) MogaController :: Inside NativeOnMotionEvent

android[2] trace: (KK) MogaController :: Inside NativeOnMotionEvent ....................

G4-JNI GetEnv version=0x00010002
G4-JNI GetEnv version=0x00010002
G4-JNI GetEnv version=0x00010002
G4-JNI GetEnv version=0x00010002
G4-JNI GetEnv version=0x00010002
G4-JNI GetEnv version=0x00010002
G4-JNI GetEnv version=0x00010002
G4-JNI GetEnv version=0x00010002
G4-JNI GetEnv version=0x00010002
G4-JNI GetEnv version=0x00010002
G4-JNI GetEnv version=0x00010002
G4-JNI GetEnv version=0x00010002
G4-JNI GetEnv version=0x00010002
G4-JNI GetEnv version=0x00010002
G4-JNI GetEnv version=0x00010002
G4-JNI GetEnv version=0x00010002
G4-JNI GetEnv version=0x00010002
G4-JNI GetEnv version=0x00010002
G4-JNI GetEnv version=0x00010002
G4-JNI GetEnv version=0x00010002
G4-JNI GetEnv version=0x00010002
G4-JNI GetEnv version=0x00010002
G4-JNI GetEnv version=0x00010002
G4-JNI GetEnv version=0x00010002
G4-JNI GetEnv version=0x00010002
G4-JNI GetEnv version=0x00010002
G4-JNI GetEnv version=0x00010002
android[2] trace: ....................(KK) MogaController :: Inside NativeOnMotionEvent

android[2] trace: (KK) MogaController :: Inside NativeOnMotionEvent ....................

G6-MOGA motion frame=10361 axes=-32767,0,0,0,0,0
G4-JNI GetEnv version=0x00010002
G4-JNI GetEnv version=0x00010002
G4-JNI GetEnv version=0x00010002
G4-JNI GetEnv version=0x00010002
G4-JNI GetEnv version=0x00010002
G4-JNI GetEnv version=0x00010002
G4-JNI GetEnv version=0x00010002
G4-JNI GetEnv version=0x00010002
G4-JNI GetEnv version=0x00010002
G4-JNI GetEnv version=0x00010002
G4-JNI GetEnv version=0x00010002
G4-JNI GetEnv version=0x00010002
G4-JNI GetEnv version=0x00010002
G4-JNI GetEnv version=0x00010002
G4-JNI GetEnv version=0x00010002
G4-JNI GetEnv version=0x00010002
G4-JNI GetEnv version=0x00010002
G4-JNI GetEnv version=0x00010002
G4-JNI GetEnv version=0x00010002
G4-JNI GetEnv version=0x00010002
android[2] trace: ....................(KK) MogaController :: Inside NativeOnMotionEvent

android[2] trace: (KK) MogaController :: Inside NativeOnMotionEvent ....................

G6-MOGA motion frame=10381 axes=0,0,0,0,0,0
G4-JNI GetEnv version=0x00010002
G4-JNI GetEnv version=0x00010002
G4-JNI GetEnv version=0x00010002
G4-JNI GetEnv version=0x00010002
G4-JNI GetEnv version=0x00010002
G4-JNI GetEnv version=0x00010002
G4-JNI GetEnv version=0x00010002
G4-JNI GetEnv version=0x00010002
G4-JNI GetEnv version=0x00010002
G4-JNI GetEnv version=0x00010002
G4-JNI GetEnv version=0x00010002
G4-JNI GetEnv version=0x00010002
G4-JNI GetEnv version=0x00010002
G4-JNI GetEnv version=0x00010002
G4-JNI GetEnv version=0x00010002
G4-JNI GetEnv version=0x00010002
G4-JNI GetEnv version=0x00010002
G4-JNI GetEnv version=0x00010002
G4-JNI GetEnv version=0x00010002
G4-JNI GetEnv version=0x00010002
G4-JNI GetEnv version=0x00010002
android[2] trace: ....................(KK) MogaController :: Inside NativeOnMotionEvent

android[2] trace: (KK) MogaController :: Inside NativeOnMotionEvent ....................

G6-MOGA motion frame=10402 axes=-32767,0,0,0,0,0
G4-JNI GetEnv version=0x00010002
G4-JNI GetEnv version=0x00010002
G4-JNI GetEnv version=0x00010002
G4-JNI GetEnv version=0x00010002
G4-JNI GetEnv version=0x00010002
G4-JNI GetEnv version=0x00010002
G4-JNI GetEnv version=0x00010002
G4-JNI GetEnv version=0x00010002
android[2] trace: ....................(KK) MogaController :: Inside NativeOnMotionEvent

android[2] trace: (KK) MogaController :: Inside NativeOnMotionEvent ....................

G4-JNI GetEnv version=0x00010002
G4-JNI GetEnv version=0x00010002
G4-JNI GetEnv version=0x00010002
G4-JNI GetEnv version=0x00010002
G4-JNI GetEnv version=0x00010002
G4-JNI GetEnv version=0x00010002
G4-JNI GetEnv version=0x00010002
G4-JNI GetEnv version=0x00010002
G4-JNI GetEnv version=0x00010002
android[2] trace: ....................(KK) MogaController :: Inside NativeOnMotionEvent

android[2] trace: (KK) MogaController :: Inside NativeOnMotionEvent ....................

G6-MOGA motion frame=10419 axes=-32767,0,0,0,0,0
G4-JNI GetEnv version=0x00010002
G4-JNI GetEnv version=0x00010002
G4-JNI GetEnv version=0x00010002
G4-JNI GetEnv version=0x00010002
G4-JNI GetEnv version=0x00010002
G4-JNI GetEnv version=0x00010002
android[2] trace: ....................(KK) MogaController :: Inside NativeOnMotionEvent

android[2] trace: (KK) MogaController :: Inside NativeOnMotionEvent ....................

G4-JNI GetEnv version=0x00010002
G4-JNI GetEnv version=0x00010002
G4-JNI GetEnv version=0x00010002
G4-JNI GetEnv version=0x00010002
G4-JNI GetEnv version=0x00010002
G4-JNI GetEnv version=0x00010002
G4-JNI GetEnv version=0x00010002
G4-JNI GetEnv version=0x00010002
G4-JNI GetEnv version=0x00010002
G4-JNI GetEnv version=0x00010002
G4-JNI GetEnv version=0x00010002
G4-JNI GetEnv version=0x00010002
G4-JNI GetEnv version=0x00010002
G4-JNI GetEnv version=0x00010002
G4-JNI GetEnv version=0x00010002
G4-JNI GetEnv version=0x00010002
G4-JNI GetEnv version=0x00010002
G4-JNI GetEnv version=0x00010002
G4-JNI GetEnv version=0x00010002
G4-JNI GetEnv version=0x00010002
G4-JNI GetEnv version=0x00010002
G4-JNI GetEnv version=0x00010002
G4-JNI GetEnv version=0x00010002
G4-JNI GetEnv version=0x00010002
G4-JNI GetEnv version=0x00010002
G4-JNI GetEnv version=0x00010002
G4-JNI GetEnv version=0x00010002
G4-JNI GetEnv version=0x00010002
G4-JNI GetEnv version=0x00010002
G4-JNI GetEnv version=0x00010002
G4-JNI GetEnv version=0x00010002
G4-JNI GetEnv version=0x00010002
G4-JNI GetEnv version=0x00010002
android[2] trace: ....................(KK) MogaController :: Inside NativeOnMotionEvent

android[2] trace: (KK) MogaController :: Inside NativeOnMotionEvent ....................

G6-MOGA motion frame=10458 axes=-32767,0,0,0,0,0
G4-JNI GetEnv version=0x00010002
G4-JNI GetEnv version=0x00010002
G4-JNI GetEnv version=0x00010002
G4-JNI GetEnv version=0x00010002
G4-JNI GetEnv version=0x00010002
G4-JNI GetEnv version=0x00010002
android[2] trace: ....................(KK) MogaController :: Inside NativeOnMotionEvent

android[2] trace: (KK) MogaController :: Inside NativeOnMotionEvent ....................

G4-JNI GetEnv version=0x00010002
G4-JNI GetEnv version=0x00010002
G4-JNI GetEnv version=0x00010002
G4-JNI GetEnv version=0x00010002
G4-JNI GetEnv version=0x00010002
G4-JNI GetEnv version=0x00010002
G4-JNI GetEnv version=0x00010002
G4-JNI GetEnv version=0x00010002
G4-JNI GetEnv version=0x00010002
G4-JNI GetEnv version=0x00010002
G4-JNI GetEnv version=0x00010002
G4-JNI GetEnv version=0x00010002
G4-JNI GetEnv version=0x00010002
G4-JNI GetEnv version=0x00010002
G4-JNI GetEnv version=0x00010002
G4-JNI GetEnv version=0x00010002
G4-JNI GetEnv version=0x00010002
G4-JNI GetEnv version=0x00010002
G4-JNI GetEnv version=0x00010002
G4-JNI GetEnv version=0x00010002
G4-JNI GetEnv version=0x00010002
G4-JNI GetEnv version=0x00010002
G4-JNI GetEnv version=0x00010002
G4-JNI GetEnv version=0x00010002
G4-JNI GetEnv version=0x00010002
G4-JNI GetEnv version=0x00010002
G4-JNI GetEnv version=0x00010002
G4-JNI GetEnv version=0x00010002
G4-JNI GetEnv version=0x00010002
G4-JNI GetEnv version=0x00010002
G4-JNI GetEnv version=0x00010002
G4-JNI GetEnv version=0x00010002
G4-JNI GetEnv version=0x00010002
G4-JNI GetEnv version=0x00010002
G4-JNI GetEnv version=0x00010002
G4-JNI GetEnv version=0x00010002
G7-FRAME enter=10500
G4-JNI GetEnv version=0x00010002
G5-GL STATE frame=10500 framebuffer=0 status=0x8cd5 errors=0
G7-FRAME leave=10500
G4-JNI GetEnv version=0x00010002
G4-JNI GetEnv version=0x00010002
G4-JNI GetEnv version=0x00010002
G4-JNI GetEnv version=0x00010002
G4-JNI GetEnv version=0x00010002
G4-JNI GetEnv version=0x00010002
G4-JNI GetEnv version=0x00010002
G4-JNI GetEnv version=0x00010002
G4-JNI GetEnv version=0x00010002
G4-JNI GetEnv version=0x00010002
G4-JNI GetEnv version=0x00010002
G4-JNI GetEnv version=0x00010002
G4-JNI GetEnv version=0x00010002
G4-JNI GetEnv version=0x00010002
G4-JNI GetEnv version=0x00010002
G4-JNI GetEnv version=0x00010002
G4-JNI GetEnv version=0x00010002
G4-JNI GetEnv version=0x00010002
G4-JNI GetEnv version=0x00010002
G4-JNI GetEnv version=0x00010002
G4-JNI GetEnv version=0x00010002
G4-JNI GetEnv version=0x00010002
G4-JNI GetEnv version=0x00010002
G4-JNI GetEnv version=0x00010002
G4-JNI GetEnv version=0x00010002
G4-JNI GetEnv version=0x00010002
G4-JNI GetEnv version=0x00010002
G4-JNI GetEnv version=0x00010002
G4-JNI GetEnv version=0x00010002
G4-JNI GetEnv version=0x00010002
G4-JNI GetEnv version=0x00010002
android[2] trace: ....................(KK) MogaController :: Inside NativeOnMotionEvent

android[2] trace: (KK) MogaController :: Inside NativeOnMotionEvent ....................

G6-MOGA motion frame=10532 axes=-32767,0,0,0,0,0
G4-JNI GetEnv version=0x00010002
G4-JNI GetEnv version=0x00010002
G4-JNI GetEnv version=0x00010002
G4-JNI GetEnv version=0x00010002
G4-JNI GetEnv version=0x00010002
G4-JNI GetEnv version=0x00010002
G4-JNI GetEnv version=0x00010002
G4-JNI GetEnv version=0x00010002
android[2] trace: ....................(KK) MogaController :: Inside NativeOnMotionEvent

android[2] trace: (KK) MogaController :: Inside NativeOnMotionEvent ....................

G4-JNI GetEnv version=0x00010002
G4-JNI GetEnv version=0x00010002
G4-JNI GetEnv version=0x00010002
G4-JNI GetEnv version=0x00010002
G4-JNI GetEnv version=0x00010002
G4-JNI GetEnv version=0x00010002
G4-JNI GetEnv version=0x00010002
G4-JNI GetEnv version=0x00010002
G4-JNI GetEnv version=0x00010002
G4-JNI GetEnv version=0x00010002
G4-JNI GetEnv version=0x00010002
G4-JNI GetEnv version=0x00010002
G4-JNI GetEnv version=0x00010002
G4-JNI GetEnv version=0x00010002
G4-JNI GetEnv version=0x00010002
G4-JNI GetEnv version=0x00010002
G4-JNI GetEnv version=0x00010002
G4-JNI GetEnv version=0x00010002
G4-JNI GetEnv version=0x00010002
G4-JNI GetEnv version=0x00010002
G4-JNI GetEnv version=0x00010002
G4-JNI GetEnv version=0x00010002
G4-JNI GetEnv version=0x00010002
G4-JNI GetEnv version=0x00010002
G4-JNI GetEnv version=0x00010002
G4-JNI GetEnv version=0x00010002
G4-JNI GetEnv version=0x00010002
G4-JNI GetEnv version=0x00010002
G4-JNI GetEnv version=0x00010002
G4-JNI GetEnv version=0x00010002
G4-JNI GetEnv version=0x00010002
G4-JNI GetEnv version=0x00010002
G4-JNI GetEnv version=0x00010002
G4-JNI GetEnv version=0x00010002
G4-JNI GetEnv version=0x00010002
G4-JNI GetEnv version=0x00010002
G4-JNI GetEnv version=0x00010002
G4-JNI GetEnv version=0x00010002
G4-JNI GetEnv version=0x00010002
G4-JNI GetEnv version=0x00010002
G4-JNI GetEnv version=0x00010002
G4-JNI GetEnv version=0x00010002
G4-JNI GetEnv version=0x00010002
G4-JNI GetEnv version=0x00010002
G4-JNI GetEnv version=0x00010002
G4-JNI GetEnv version=0x00010002
G4-JNI GetEnv version=0x00010002
G4-JNI GetEnv version=0x00010002
android[2] trace: ....................(KK) MogaController :: Inside NativeOnMotionEvent

android[2] trace: (KK) MogaController :: Inside NativeOnMotionEvent ....................

G6-MOGA motion frame=10588 axes=32767,0,0,0,0,0
G4-JNI GetEnv version=0x00010002
G4-JNI GetEnv version=0x00010002
G4-JNI GetEnv version=0x00010002
G4-JNI GetEnv version=0x00010002
G4-JNI GetEnv version=0x00010002
G4-JNI GetEnv version=0x00010002
G4-JNI GetEnv version=0x00010002
G4-JNI GetEnv version=0x00010002
G4-JNI GetEnv version=0x00010002
G4-JNI GetEnv version=0x00010002
G4-JNI GetEnv version=0x00010002
G4-JNI GetEnv version=0x00010002
G4-JNI GetEnv version=0x00010002
G4-JNI GetEnv version=0x00010002
G4-JNI GetEnv version=0x00010002
G4-JNI GetEnv version=0x00010002
android[2] trace: ....................(KK) MogaController :: Inside NativeOnMotionEvent

android[2] trace: (KK) MogaController :: Inside NativeOnMotionEvent ....................

G6-MOGA motion frame=10604 axes=0,0,0,0,0,0
G4-JNI GetEnv version=0x00010002
G4-JNI GetEnv version=0x00010002
G4-JNI GetEnv version=0x00010002
G4-JNI GetEnv version=0x00010002
G4-JNI GetEnv version=0x00010002
G4-JNI GetEnv version=0x00010002
G4-JNI GetEnv version=0x00010002
G4-JNI GetEnv version=0x00010002
G4-JNI GetEnv version=0x00010002
G4-JNI GetEnv version=0x00010002
G6-RAW buttons=0x00000020
android[2] trace: MoGaConTrOlLeR :: ....................(KK) MogaController :: Inside nativeOnKeyEvent 

android[2] trace: ....................(KK) MogaController :: Inside nativeOnKeyEvent 103

android[2] trace: MoGaConTrOlLeR :: ....................(KK) Key Event Key R1 1111 .....................

android[2] trace: MoGaConTrOlLeR :: ....................(KK) Key Event Key Down .....................

android[2] trace: MoGaConTrOlLeR :: ....................(KK) Listener Key Press .....................

android[2] trace: MoGaConTrOlLeR :: ....................(KK) AndroidKeyCode :: MogaKeyCode (Start of func) .....................

android[2] trace: MoGaConTrOlLeR :: ....................(KK) AndroidKeyCode :: MogaKeyCode Key Press R1 .....................

android[2] trace: MoGaConTrOlLeR :: ....................(KK) AndroidKeyCode :: MogaKeyCode Key Press R1(Nitro) Racing True.....................

android[2] trace: MoGaConTrOlLeR :: (KK) MogaController :: Inside nativeOnKeyEvent ....................

G6-MOGA key frame=10614 code=103 state=down
android[2] trace: MoGaConTrOlLeR :: ....................(KK) BaseDrivingControlScheme :: OnEvent .....................

android[2] trace: MoGaConTrOlLeR :: ....................(KK) BaseDrivingControlScheme :: onKeyPress Nitro.....................

G4-JNI GetEnv version=0x00010002
G4-JNI GetEnv version=0x00010002
G4-JNI GetEnv version=0x00010002
G4-JNI GetEnv version=0x00010002
G4-JNI GetEnv version=0x00010002
G4-JNI GetEnv version=0x00010002
G4-JNI GetEnv version=0x00010002
G4-JNI GetEnv version=0x00010002
G4-JNI GetEnv version=0x00010002
G4-JNI GetEnv version=0x00010002
G4-JNI GetEnv version=0x00010002
G4-JNI GetEnv version=0x00010002
G4-JNI GetEnv version=0x00010002
G4-JNI GetEnv version=0x00010002
G4-JNI GetEnv version=0x00010002
android[2] trace: ....................(KK) MogaController :: Inside NativeOnMotionEvent

android[2] trace: (KK) MogaController :: Inside NativeOnMotionEvent ....................

G6-MOGA motion frame=10629 axes=32767,0,0,0,0,0
G4-JNI GetEnv version=0x00010002
G4-JNI GetEnv version=0x00010002
G4-JNI GetEnv version=0x00010002
G4-JNI GetEnv version=0x00010002
G4-JNI GetEnv version=0x00010002
G4-JNI GetEnv version=0x00010002
G4-JNI GetEnv version=0x00010002
android[2] trace: ....................(KK) MogaController :: Inside NativeOnMotionEvent

android[2] trace: (KK) MogaController :: Inside NativeOnMotionEvent ....................

G4-JNI GetEnv version=0x00010002
G4-JNI GetEnv version=0x00010002
G4-JNI GetEnv version=0x00010002
G4-JNI GetEnv version=0x00010002
G4-JNI GetEnv version=0x00010002
G4-JNI GetEnv version=0x00010002
G4-JNI GetEnv version=0x00010002
G4-JNI GetEnv version=0x00010002
android[2] trace: ....................(KK) MogaController :: Inside NativeOnMotionEvent

android[2] trace: (KK) MogaController :: Inside NativeOnMotionEvent ....................

G6-MOGA motion frame=10644 axes=32767,0,0,0,0,0
G4-JNI GetEnv version=0x00010002
G4-JNI GetEnv version=0x00010002
G4-JNI GetEnv version=0x00010002
G4-JNI GetEnv version=0x00010002
G4-JNI GetEnv version=0x00010002
G4-JNI GetEnv version=0x00010002
G4-JNI GetEnv version=0x00010002
G4-JNI GetEnv version=0x00010002
G4-JNI GetEnv version=0x00010002
android[2] trace: ....................(KK) MogaController :: Inside NativeOnMotionEvent

android[2] trace: (KK) MogaController :: Inside NativeOnMotionEvent ....................

G4-JNI GetEnv version=0x00010002
G4-JNI GetEnv version=0x00010002
G4-JNI GetEnv version=0x00010002
G4-JNI GetEnv version=0x00010002
G4-JNI GetEnv version=0x00010002
G4-JNI GetEnv version=0x00010002
G4-JNI GetEnv version=0x00010002
G4-JNI GetEnv version=0x00010002
G4-JNI GetEnv version=0x00010002
G4-JNI GetEnv version=0x00010002
G4-JNI GetEnv version=0x00010002
G4-JNI GetEnv version=0x00010002
G4-JNI GetEnv version=0x00010002
G4-JNI GetEnv version=0x00010002
G4-JNI GetEnv version=0x00010002
G4-JNI GetEnv version=0x00010002
G4-JNI GetEnv version=0x00010002
G4-JNI GetEnv version=0x00010002
G4-JNI GetEnv version=0x00010002
G4-JNI GetEnv version=0x00010002
G4-JNI GetEnv version=0x00010002
G4-JNI GetEnv version=0x00010002
G4-JNI GetEnv version=0x00010002
G4-JNI GetEnv version=0x00010002
G4-JNI GetEnv version=0x00010002
G4-JNI GetEnv version=0x00010002
G4-JNI GetEnv version=0x00010002
G4-JNI GetEnv version=0x00010002
android[2] trace: ....................(KK) MogaController :: Inside NativeOnMotionEvent

android[2] trace: (KK) MogaController :: Inside NativeOnMotionEvent ....................

G6-MOGA motion frame=10681 axes=32767,0,0,0,0,0
G4-JNI GetEnv version=0x00010002
G4-JNI GetEnv version=0x00010002
G4-JNI GetEnv version=0x00010002
G4-JNI GetEnv version=0x00010002
G4-JNI GetEnv version=0x00010002
android[2] trace: ....................(KK) MogaController :: Inside NativeOnMotionEvent

android[2] trace: (KK) MogaController :: Inside NativeOnMotionEvent ....................

G4-JNI GetEnv version=0x00010002
G4-JNI GetEnv version=0x00010002
G4-JNI GetEnv version=0x00010002
G4-JNI GetEnv version=0x00010002
G4-JNI GetEnv version=0x00010002
G4-JNI GetEnv version=0x00010002
G4-JNI GetEnv version=0x00010002
G4-JNI GetEnv version=0x00010002
G4-JNI GetEnv version=0x00010002
G4-JNI GetEnv version=0x00010002
G4-JNI GetEnv version=0x00010002
G4-JNI GetEnv version=0x00010002
G4-JNI GetEnv version=0x00010002
G4-JNI GetEnv version=0x00010002
G4-JNI GetEnv version=0x00010002
G4-JNI GetEnv version=0x00010002
G4-JNI GetEnv version=0x00010002
G4-JNI GetEnv version=0x00010002
G4-JNI GetEnv version=0x00010002
G4-JNI GetEnv version=0x00010002
G4-JNI GetEnv version=0x00010002
G4-JNI GetEnv version=0x00010002
G4-JNI GetEnv version=0x00010002
G4-JNI GetEnv version=0x00010002
G4-JNI GetEnv version=0x00010002
G4-JNI GetEnv version=0x00010002
G4-JNI GetEnv version=0x00010002
android[2] trace: ....................(KK) MogaController :: Inside NativeOnMotionEvent

android[2] trace: (KK) MogaController :: Inside NativeOnMotionEvent ....................

G6-MOGA motion frame=10713 axes=32767,0,0,0,0,0
G4-JNI GetEnv version=0x00010002
G4-JNI GetEnv version=0x00010002
G4-JNI GetEnv version=0x00010002
G4-JNI GetEnv version=0x00010002
G4-JNI GetEnv version=0x00010002
G4-JNI GetEnv version=0x00010002
android[2] trace: ....................(KK) MogaController :: Inside NativeOnMotionEvent

android[2] trace: (KK) MogaController :: Inside NativeOnMotionEvent ....................

G4-JNI GetEnv version=0x00010002
G4-JNI GetEnv version=0x00010002
G4-JNI GetEnv version=0x00010002
G4-JNI GetEnv version=0x00010002
G4-JNI GetEnv version=0x00010002
G4-JNI GetEnv version=0x00010002
G4-JNI GetEnv version=0x00010002
G4-JNI GetEnv version=0x00010002
G4-JNI GetEnv version=0x00010002
G4-JNI GetEnv version=0x00010002
G4-JNI GetEnv version=0x00010002
G4-JNI GetEnv version=0x00010002
G4-JNI GetEnv version=0x00010002
G4-JNI GetEnv version=0x00010002
G4-JNI GetEnv version=0x00010002
G4-JNI GetEnv version=0x00010002
G4-JNI GetEnv version=0x00010002
G4-JNI GetEnv version=0x00010002
G4-JNI GetEnv version=0x00010002
G4-JNI GetEnv version=0x00010002
G4-JNI GetEnv version=0x00010002
G4-JNI GetEnv version=0x00010002
G4-JNI GetEnv version=0x00010002
G4-JNI GetEnv version=0x00010002
G4-JNI GetEnv version=0x00010002
G4-JNI GetEnv version=0x00010002
G4-JNI GetEnv version=0x00010002
G4-JNI GetEnv version=0x00010002
G4-JNI GetEnv version=0x00010002
G4-JNI GetEnv version=0x00010002
G4-JNI GetEnv version=0x00010002
G4-JNI GetEnv version=0x00010002
android[2] trace: ....................(KK) MogaController :: Inside NativeOnMotionEvent

android[2] trace: (KK) MogaController :: Inside NativeOnMotionEvent ....................

G6-MOGA motion frame=10751 axes=32767,0,0,0,0,0
G4-JNI GetEnv version=0x00010002
G4-JNI GetEnv version=0x00010002
G4-JNI GetEnv version=0x00010002
G4-JNI GetEnv version=0x00010002
G4-JNI GetEnv version=0x00010002
G4-JNI GetEnv version=0x00010002
G4-JNI GetEnv version=0x00010002
G4-JNI GetEnv version=0x00010002
G4-JNI GetEnv version=0x00010002
android[2] trace: ....................(KK) MogaController :: Inside NativeOnMotionEvent

android[2] trace: (KK) MogaController :: Inside NativeOnMotionEvent ....................

G4-JNI GetEnv version=0x00010002
G4-JNI GetEnv version=0x00010002
G4-JNI GetEnv version=0x00010002
G4-JNI GetEnv version=0x00010002
G4-JNI GetEnv version=0x00010002
G4-JNI GetEnv version=0x00010002
android[2] trace: ....................(KK) MogaController :: Inside NativeOnMotionEvent

android[2] trace: (KK) MogaController :: Inside NativeOnMotionEvent ....................

G6-MOGA motion frame=10766 axes=32767,0,0,0,0,0
G4-JNI GetEnv version=0x00010002
G4-JNI GetEnv version=0x00010002
G4-JNI GetEnv version=0x00010002
G4-JNI GetEnv version=0x00010002
G4-JNI GetEnv version=0x00010002
G4-JNI GetEnv version=0x00010002
G4-JNI GetEnv version=0x00010002
G4-JNI GetEnv version=0x00010002
G4-JNI GetEnv version=0x00010002
G4-JNI GetEnv version=0x00010002
android[2] trace: ....................(KK) MogaController :: Inside NativeOnMotionEvent

android[2] trace: (KK) MogaController :: Inside NativeOnMotionEvent ....................

G4-JNI GetEnv version=0x00010002
G4-JNI GetEnv version=0x00010002
G4-JNI GetEnv version=0x00010002
G4-JNI GetEnv version=0x00010002
G4-JNI GetEnv version=0x00010002
android[2] trace: ....................(KK) MogaController :: Inside NativeOnMotionEvent

android[2] trace: (KK) MogaController :: Inside NativeOnMotionEvent ....................

G6-MOGA motion frame=10781 axes=32767,0,0,0,0,0
G4-JNI GetEnv version=0x00010002
G4-JNI GetEnv version=0x00010002
G4-JNI GetEnv version=0x00010002
G4-JNI GetEnv version=0x00010002
G4-JNI GetEnv version=0x00010002
G4-JNI GetEnv version=0x00010002
G4-JNI GetEnv version=0x00010002
G4-JNI GetEnv version=0x00010002
G4-JNI GetEnv version=0x00010002
G4-JNI GetEnv version=0x00010002
G4-JNI GetEnv version=0x00010002
G4-JNI GetEnv version=0x00010002
G4-JNI GetEnv version=0x00010002
G4-JNI GetEnv version=0x00010002
G4-JNI GetEnv version=0x00010002
android[2] trace: ....................(KK) MogaController :: Inside NativeOnMotionEvent

android[2] trace: (KK) MogaController :: Inside NativeOnMotionEvent ....................

G6-MOGA motion frame=10796 axes=0,0,0,0,0,0
G4-JNI GetEnv version=0x00010002
G4-JNI GetEnv version=0x00010002
G4-JNI GetEnv version=0x00010002
G4-JNI GetEnv version=0x00010002
android[2] trace: ....................(KK) MogaController :: Inside NativeOnMotionEvent

android[2] trace: (KK) MogaController :: Inside NativeOnMotionEvent ....................

G6-MOGA motion frame=10800 axes=32767,0,0,0,0,0
G7-FRAME enter=10800
G4-JNI GetEnv version=0x00010002
G5-GL STATE frame=10800 framebuffer=0 status=0x8cd5 errors=0
G7-FRAME leave=10800
G4-JNI GetEnv version=0x00010002
G4-JNI GetEnv version=0x00010002
G4-JNI GetEnv version=0x00010002
G4-JNI GetEnv version=0x00010002
G4-JNI GetEnv version=0x00010002
G4-JNI GetEnv version=0x00010002
G4-JNI GetEnv version=0x00010002
G4-JNI GetEnv version=0x00010002
G4-JNI GetEnv version=0x00010002
G4-JNI GetEnv version=0x00010002
G4-JNI GetEnv version=0x00010002
android[2] trace: ....................(KK) MogaController :: Inside NativeOnMotionEvent

android[2] trace: (KK) MogaController :: Inside NativeOnMotionEvent ....................

G4-JNI GetEnv version=0x00010002
G4-JNI GetEnv version=0x00010002
G4-JNI GetEnv version=0x00010002
G4-JNI GetEnv version=0x00010002
android[2] trace: ....................(KK) MogaController :: Inside NativeOnMotionEvent

android[2] trace: (KK) MogaController :: Inside NativeOnMotionEvent ....................

G6-MOGA motion frame=10816 axes=32767,0,0,0,0,0
G4-JNI GetEnv version=0x00010002
G4-JNI GetEnv version=0x00010002
G4-JNI GetEnv version=0x00010002
G4-JNI GetEnv version=0x00010002
G4-JNI GetEnv version=0x00010002
android[2] trace: ....................(KK) MogaController :: Inside NativeOnMotionEvent

android[2] trace: (KK) MogaController :: Inside NativeOnMotionEvent ....................

G4-JNI GetEnv version=0x00010002
G4-JNI GetEnv version=0x00010002
G4-JNI GetEnv version=0x00010002
G4-JNI GetEnv version=0x00010002
G4-JNI GetEnv version=0x00010002
G4-JNI GetEnv version=0x00010002
G4-JNI GetEnv version=0x00010002
G4-JNI GetEnv version=0x00010002
G4-JNI GetEnv version=0x00010002
G4-JNI GetEnv version=0x00010002
G6-RAW buttons=0x00000000
android[2] trace: ....................(KK) MogaController :: Inside NativeOnMotionEvent

android[2] trace: (KK) MogaController :: Inside NativeOnMotionEvent ....................

G6-MOGA motion frame=10831 axes=-32767,0,0,0,0,0
android[2] trace: MoGaConTrOlLeR :: ....................(KK) MogaController :: Inside nativeOnKeyEvent 

android[2] trace: ....................(KK) MogaController :: Inside nativeOnKeyEvent 103

android[2] trace: MoGaConTrOlLeR :: ....................(KK) Key Event Key R1 1111 .....................

android[2] trace: MoGaConTrOlLeR :: ....................(KK) Key Event Key up .....................

android[2] trace: MoGaConTrOlLeR :: ....................(KK) Listener Key Release .....................

android[2] trace: MoGaConTrOlLeR :: ....................(KK) AndroidKeyCode :: MogaKeyCode (Start of func) .....................

android[2] trace: MoGaConTrOlLeR :: ....................(KK) AndroidKeyCode :: MogaKeyCode Key Press R1 .....................

android[2] trace: MoGaConTrOlLeR :: ....................(KK) AndroidKeyCode :: MogaKeyCode Key Press R1(Nitro) Racing True.....................

android[2] trace: MoGaConTrOlLeR :: (KK) MogaController :: Inside nativeOnKeyEvent ....................

G6-MOGA key frame=10831 code=103 state=up
android[2] trace: MoGaConTrOlLeR :: ....................(KK) BaseDrivingControlScheme :: OnEvent .....................

android[2] trace: MoGaConTrOlLeR :: ....................(KK) BaseDrivingControlScheme :: OnKeyRelease Nothing :( .....................

G4-JNI GetEnv version=0x00010002
G4-JNI GetEnv version=0x00010002
G4-JNI GetEnv version=0x00010002
G4-JNI GetEnv version=0x00010002
G4-JNI GetEnv version=0x00010002
G4-JNI GetEnv version=0x00010002
android[2] trace: ....................(KK) MogaController :: Inside NativeOnMotionEvent

android[2] trace: (KK) MogaController :: Inside NativeOnMotionEvent ....................

G4-JNI GetEnv version=0x00010002
G4-JNI GetEnv version=0x00010002
G4-JNI GetEnv version=0x00010002
G4-JNI GetEnv version=0x00010002
G4-JNI GetEnv version=0x00010002
G4-JNI GetEnv version=0x00010002
G4-JNI GetEnv version=0x00010002
G4-JNI GetEnv version=0x00010002
G4-JNI GetEnv version=0x00010002
android[2] trace: ....................(KK) MogaController :: Inside NativeOnMotionEvent

android[2] trace: (KK) MogaController :: Inside NativeOnMotionEvent ....................

G6-MOGA motion frame=10846 axes=-32767,0,0,0,0,0
G4-JNI GetEnv version=0x00010002
G4-JNI GetEnv version=0x00010002
G4-JNI GetEnv version=0x00010002
G4-JNI GetEnv version=0x00010002
G4-JNI GetEnv version=0x00010002
G4-JNI GetEnv version=0x00010002
G4-JNI GetEnv version=0x00010002
android[2] trace: ....................(KK) MogaController :: Inside NativeOnMotionEvent

android[2] trace: (KK) MogaController :: Inside NativeOnMotionEvent ....................

G4-JNI GetEnv version=0x00010002
G4-JNI GetEnv version=0x00010002
G4-JNI GetEnv version=0x00010002
G4-JNI GetEnv version=0x00010002
G4-JNI GetEnv version=0x00010002
G4-JNI GetEnv version=0x00010002
G4-JNI GetEnv version=0x00010002
G4-JNI GetEnv version=0x00010002
G4-JNI GetEnv version=0x00010002
G4-JNI GetEnv version=0x00010002
android[2] trace: ....................(KK) MogaController :: Inside NativeOnMotionEvent

android[2] trace: (KK) MogaController :: Inside NativeOnMotionEvent ....................

G6-MOGA motion frame=10863 axes=32767,0,0,0,0,0
G4-JNI GetEnv version=0x00010002
G4-JNI GetEnv version=0x00010002
G4-JNI GetEnv version=0x00010002
G4-JNI GetEnv version=0x00010002
G4-JNI GetEnv version=0x00010002
G4-JNI GetEnv version=0x00010002
G4-JNI GetEnv version=0x00010002
G4-JNI GetEnv version=0x00010002
G4-JNI GetEnv version=0x00010002
G4-JNI GetEnv version=0x00010002
android[2] trace: ....................(KK) MogaController :: Inside NativeOnMotionEvent

android[2] trace: (KK) MogaController :: Inside NativeOnMotionEvent ....................

G4-JNI GetEnv version=0x00010002
G4-JNI GetEnv version=0x00010002
G4-JNI GetEnv version=0x00010002
G4-JNI GetEnv version=0x00010002
G4-JNI GetEnv version=0x00010002
G4-JNI GetEnv version=0x00010002
G4-JNI GetEnv version=0x00010002
G4-JNI GetEnv version=0x00010002
G4-JNI GetEnv version=0x00010002
G4-JNI GetEnv version=0x00010002
G4-JNI GetEnv version=0x00010002
android[2] trace: ....................(KK) MogaController :: Inside NativeOnMotionEvent

android[2] trace: (KK) MogaController :: Inside NativeOnMotionEvent ....................

G6-MOGA motion frame=10884 axes=-32767,0,0,0,0,0
G4-JNI GetEnv version=0x00010002
G4-JNI GetEnv version=0x00010002
G4-JNI GetEnv version=0x00010002
G4-JNI GetEnv version=0x00010002
G4-JNI GetEnv version=0x00010002
G4-JNI GetEnv version=0x00010002
G4-JNI GetEnv version=0x00010002
android[2] trace: ....................(KK) MogaController :: Inside NativeOnMotionEvent

android[2] trace: (KK) MogaController :: Inside NativeOnMotionEvent ....................

G4-JNI GetEnv version=0x00010002
G4-JNI GetEnv version=0x00010002
G4-JNI GetEnv version=0x00010002
G4-JNI GetEnv version=0x00010002
G4-JNI GetEnv version=0x00010002
G4-JNI GetEnv version=0x00010002
G4-JNI GetEnv version=0x00010002
G4-JNI GetEnv version=0x00010002
G4-JNI GetEnv version=0x00010002
G4-JNI GetEnv version=0x00010002
G4-JNI GetEnv version=0x00010002
G4-JNI GetEnv version=0x00010002
G4-JNI GetEnv version=0x00010002
G4-JNI GetEnv version=0x00010002
G4-JNI GetEnv version=0x00010002
G4-JNI GetEnv version=0x00010002
G4-JNI GetEnv version=0x00010002
G4-JNI GetEnv version=0x00010002
G4-JNI GetEnv version=0x00010002
G4-JNI GetEnv version=0x00010002
G4-JNI GetEnv version=0x00010002
G4-JNI GetEnv version=0x00010002
G4-JNI GetEnv version=0x00010002
G4-JNI GetEnv version=0x00010002
G4-JNI GetEnv version=0x00010002
G4-JNI GetEnv version=0x00010002
G4-JNI GetEnv version=0x00010002
G4-JNI GetEnv version=0x00010002
G4-JNI GetEnv version=0x00010002
G4-JNI GetEnv version=0x00010002
G4-JNI GetEnv version=0x00010002
G4-JNI GetEnv version=0x00010002
G4-JNI GetEnv version=0x00010002
G4-JNI GetEnv version=0x00010002
G4-JNI GetEnv version=0x00010002
G4-JNI GetEnv version=0x00010002
G4-JNI GetEnv version=0x00010002
G4-JNI GetEnv version=0x00010002
G4-JNI GetEnv version=0x00010002
G4-JNI GetEnv version=0x00010002
G4-JNI GetEnv version=0x00010002
G4-JNI GetEnv version=0x00010002
G4-JNI GetEnv version=0x00010002
G4-JNI GetEnv version=0x00010002
G4-JNI GetEnv version=0x00010002
G4-JNI GetEnv version=0x00010002
G4-JNI GetEnv version=0x00010002
G4-JNI GetEnv version=0x00010002
G4-JNI GetEnv version=0x00010002
android[2] trace: ....................(KK) MogaController :: Inside NativeOnMotionEvent

android[2] trace: (KK) MogaController :: Inside NativeOnMotionEvent ....................

G6-MOGA motion frame=10940 axes=-32767,0,0,0,0,0
G4-JNI GetEnv version=0x00010002
G4-JNI GetEnv version=0x00010002
G4-JNI GetEnv version=0x00010002
G4-JNI GetEnv version=0x00010002
G4-JNI GetEnv version=0x00010002
G4-JNI GetEnv version=0x00010002
G4-JNI GetEnv version=0x00010002
G4-JNI GetEnv version=0x00010002
G4-JNI GetEnv version=0x00010002
android[2] trace: ....................(KK) MogaController :: Inside NativeOnMotionEvent

android[2] trace: (KK) MogaController :: Inside NativeOnMotionEvent ....................

G4-JNI GetEnv version=0x00010002
G4-JNI GetEnv version=0x00010002
G4-JNI GetEnv version=0x00010002
G4-JNI GetEnv version=0x00010002
G4-JNI GetEnv version=0x00010002
G4-JNI GetEnv version=0x00010002
G4-JNI GetEnv version=0x00010002
G4-JNI GetEnv version=0x00010002
G4-JNI GetEnv version=0x00010002
G4-JNI GetEnv version=0x00010002
G4-JNI GetEnv version=0x00010002
G4-JNI GetEnv version=0x00010002
G4-JNI GetEnv version=0x00010002
G4-JNI GetEnv version=0x00010002
G4-JNI GetEnv version=0x00010002
G4-JNI GetEnv version=0x00010002
G4-JNI GetEnv version=0x00010002
G4-JNI GetEnv version=0x00010002
G4-JNI GetEnv version=0x00010002
G4-JNI GetEnv version=0x00010002
G4-JNI GetEnv version=0x00010002
G4-JNI GetEnv version=0x00010002
G4-JNI GetEnv version=0x00010002
G4-JNI GetEnv version=0x00010002
G4-JNI GetEnv version=0x00010002
G4-JNI GetEnv version=0x00010002
G4-JNI GetEnv version=0x00010002
G4-JNI GetEnv version=0x00010002
G4-JNI GetEnv version=0x00010002
G4-JNI GetEnv version=0x00010002
G4-JNI GetEnv version=0x00010002
G4-JNI GetEnv version=0x00010002
G4-JNI GetEnv version=0x00010002
G4-JNI GetEnv version=0x00010002
G4-JNI GetEnv version=0x00010002
G4-JNI GetEnv version=0x00010002
G4-JNI GetEnv version=0x00010002
G4-JNI GetEnv version=0x00010002
G4-JNI GetEnv version=0x00010002
G4-JNI GetEnv version=0x00010002
G4-JNI GetEnv version=0x00010002
G4-JNI GetEnv version=0x00010002
G4-JNI GetEnv version=0x00010002
G4-JNI GetEnv version=0x00010002
G4-JNI GetEnv version=0x00010002
G4-JNI GetEnv version=0x00010002
G4-JNI GetEnv version=0x00010002
G4-JNI GetEnv version=0x00010002
G4-JNI GetEnv version=0x00010002
G4-JNI GetEnv version=0x00010002
G4-JNI GetEnv version=0x00010002
G4-JNI GetEnv version=0x00010002
G4-JNI GetEnv version=0x00010002
G4-JNI GetEnv version=0x00010002
G4-JNI GetEnv version=0x00010002
G4-JNI GetEnv version=0x00010002
G4-JNI GetEnv version=0x00010002
G4-JNI GetEnv version=0x00010002
G4-JNI GetEnv version=0x00010002
G4-JNI GetEnv version=0x00010002
G4-JNI GetEnv version=0x00010002
G4-JNI GetEnv version=0x00010002
android[2] trace: MoGaConTrOlLeR :: ....................(KK) BaseDrivingControlScheme :: OnEvent .....................

G4-JNI GetEnv version=0x00010002
G4-JNI GetEnv version=0x00010002
G4-JNI GetEnv version=0x00010002
G4-JNI GetEnv version=0x00010002
G4-JNI GetEnv version=0x00010002
G4-JNI GetEnv version=0x00010002
G4-JNI GetEnv version=0x00010002
G4-JNI GetEnv version=0x00010002
G4-JNI GetEnv version=0x00010002
G4-JNI GetEnv version=0x00010002
G4-JNI GetEnv version=0x00010002
G4-JNI GetEnv version=0x00010002
G4-JNI GetEnv version=0x00010002
G4-JNI GetEnv version=0x00010002
G4-JNI GetEnv version=0x00010002
G4-JNI GetEnv version=0x00010002
G4-JNI GetEnv version=0x00010002
G4-JNI GetEnv version=0x00010002
G4-JNI GetEnv version=0x00010002
G4-JNI GetEnv version=0x00010002
G4-JNI GetEnv version=0x00010002
G4-JNI GetEnv version=0x00010002
G4-JNI GetEnv version=0x00010002
G4-JNI GetEnv version=0x00010002
G4-JNI GetEnv version=0x00010002
android[2] trace: ....................(KK) MogaController :: Inside NativeOnMotionEvent

android[2] trace: (KK) MogaController :: Inside NativeOnMotionEvent ....................

G6-MOGA motion frame=11036 axes=32767,0,0,0,0,0
G4-JNI GetEnv version=0x00010002
G4-JNI GetEnv version=0x00010002
G4-JNI GetEnv version=0x00010002
G4-JNI GetEnv version=0x00010002
G4-JNI GetEnv version=0x00010002
G4-JNI GetEnv version=0x00010002
G4-JNI GetEnv version=0x00010002
G4-JNI GetEnv version=0x00010002
G4-JNI GetEnv version=0x00010002
G4-JNI GetEnv version=0x00010002
G4-JNI GetEnv version=0x00010002
G4-JNI GetEnv version=0x00010002
G4-JNI GetEnv version=0x00010002
G4-JNI GetEnv version=0x00010002
G4-JNI GetEnv version=0x00010002
G4-JNI GetEnv version=0x00010002
G4-JNI GetEnv version=0x00010002
G4-JNI GetEnv version=0x00010002
G4-JNI GetEnv version=0x00010002
android[2] trace: ....................(KK) MogaController :: Inside NativeOnMotionEvent

android[2] trace: (KK) MogaController :: Inside NativeOnMotionEvent ....................

G6-MOGA motion frame=11055 axes=0,0,0,0,0,0
G4-JNI GetEnv version=0x00010002
G4-JNI GetEnv version=0x00010002
android[2] trace: ....................(KK) MogaController :: Inside NativeOnMotionEvent

android[2] trace: (KK) MogaController :: Inside NativeOnMotionEvent ....................

G4-JNI GetEnv version=0x00010002
G4-JNI GetEnv version=0x00010002
G4-JNI GetEnv version=0x00010002
G4-JNI GetEnv version=0x00010002
G4-JNI GetEnv version=0x00010002
G4-JNI GetEnv version=0x00010002
G4-JNI GetEnv version=0x00010002
G4-JNI GetEnv version=0x00010002
G4-JNI GetEnv version=0x00010002
G4-JNI GetEnv version=0x00010002
G4-JNI GetEnv version=0x00010002
android[2] trace: ....................(KK) MogaController :: Inside NativeOnMotionEvent

android[2] trace: (KK) MogaController :: Inside NativeOnMotionEvent ....................

G4-JNI GetEnv version=0x00010002
G4-JNI GetEnv version=0x00010002
G4-JNI GetEnv version=0x00010002
G4-JNI GetEnv version=0x00010002
android[2] trace: ....................(KK) MogaController :: Inside NativeOnMotionEvent

android[2] trace: (KK) MogaController :: Inside NativeOnMotionEvent ....................

G6-MOGA motion frame=11072 axes=32767,0,0,0,0,0
G4-JNI GetEnv version=0x00010002
G4-JNI GetEnv version=0x00010002
G4-JNI GetEnv version=0x00010002
G4-JNI GetEnv version=0x00010002
G4-JNI GetEnv version=0x00010002
G4-JNI GetEnv version=0x00010002
G4-JNI GetEnv version=0x00010002
G4-JNI GetEnv version=0x00010002
G4-JNI GetEnv version=0x00010002
G4-JNI GetEnv version=0x00010002
G4-JNI GetEnv version=0x00010002
G4-JNI GetEnv version=0x00010002
G4-JNI GetEnv version=0x00010002
G4-JNI GetEnv version=0x00010002
G4-JNI GetEnv version=0x00010002
G4-JNI GetEnv version=0x00010002
G4-JNI GetEnv version=0x00010002
G4-JNI GetEnv version=0x00010002
G4-JNI GetEnv version=0x00010002
G4-JNI GetEnv version=0x00010002
G4-JNI GetEnv version=0x00010002
G4-JNI GetEnv version=0x00010002
G4-JNI GetEnv version=0x00010002
G4-JNI GetEnv version=0x00010002
G4-JNI GetEnv version=0x00010002
G4-JNI GetEnv version=0x00010002
G4-JNI GetEnv version=0x00010002
G4-JNI GetEnv version=0x00010002
G7-FRAME enter=11100
G4-JNI GetEnv version=0x00010002
G5-GL STATE frame=11100 framebuffer=0 status=0x8cd5 errors=0
G7-FRAME leave=11100
G4-JNI GetEnv version=0x00010002
G4-JNI GetEnv version=0x00010002
G4-JNI GetEnv version=0x00010002
G4-JNI GetEnv version=0x00010002
G4-JNI GetEnv version=0x00010002
G4-JNI GetEnv version=0x00010002
G4-JNI GetEnv version=0x00010002
G4-JNI GetEnv version=0x00010002
G4-JNI GetEnv version=0x00010002
G4-JNI GetEnv version=0x00010002
G4-JNI GetEnv version=0x00010002
G4-JNI GetEnv version=0x00010002
G4-JNI GetEnv version=0x00010002
G4-JNI GetEnv version=0x00010002
G4-JNI GetEnv version=0x00010002
G4-JNI GetEnv version=0x00010002
G4-JNI GetEnv version=0x00010002
G4-JNI GetEnv version=0x00010002
G4-JNI GetEnv version=0x00010002
G4-JNI GetEnv version=0x00010002
G4-JNI GetEnv version=0x00010002
G4-JNI GetEnv version=0x00010002
G4-JNI GetEnv version=0x00010002
G4-JNI GetEnv version=0x00010002
G4-JNI GetEnv version=0x00010002
G4-JNI GetEnv version=0x00010002
G4-JNI GetEnv version=0x00010002
G4-JNI GetEnv version=0x00010002
G4-JNI GetEnv version=0x00010002
G4-JNI GetEnv version=0x00010002
G4-JNI GetEnv version=0x00010002
G4-JNI GetEnv version=0x00010002
G4-JNI GetEnv version=0x00010002
G4-JNI GetEnv version=0x00010002
G4-JNI GetEnv version=0x00010002
android[2] trace: ....................(KK) MogaController :: Inside NativeOnMotionEvent

android[2] trace: (KK) MogaController :: Inside NativeOnMotionEvent ....................

G6-MOGA motion frame=11136 axes=0,0,0,0,0,0
G4-JNI GetEnv version=0x00010002
G4-JNI GetEnv version=0x00010002
G4-JNI GetEnv version=0x00010002
G4-JNI GetEnv version=0x00010002
G4-JNI GetEnv version=0x00010002
G4-JNI GetEnv version=0x00010002
G4-JNI GetEnv version=0x00010002
G4-JNI GetEnv version=0x00010002
G6-RAW buttons=0x00000020
android[2] trace: MoGaConTrOlLeR :: ....................(KK) MogaController :: Inside nativeOnKeyEvent 

android[2] trace: ....................(KK) MogaController :: Inside nativeOnKeyEvent 103

android[2] trace: MoGaConTrOlLeR :: ....................(KK) Key Event Key R1 1111 .....................

android[2] trace: MoGaConTrOlLeR :: ....................(KK) Key Event Key Down .....................

android[2] trace: MoGaConTrOlLeR :: ....................(KK) Listener Key Press .....................

android[2] trace: MoGaConTrOlLeR :: ....................(KK) AndroidKeyCode :: MogaKeyCode (Start of func) .....................

android[2] trace: MoGaConTrOlLeR :: ....................(KK) AndroidKeyCode :: MogaKeyCode Key Press R1 .....................

android[2] trace: MoGaConTrOlLeR :: ....................(KK) AndroidKeyCode :: MogaKeyCode Key Press R1(Nitro) Racing True.....................

android[2] trace: MoGaConTrOlLeR :: (KK) MogaController :: Inside nativeOnKeyEvent ....................

G6-MOGA key frame=11144 code=103 state=down
android[2] trace: MoGaConTrOlLeR :: ....................(KK) BaseDrivingControlScheme :: OnEvent .....................

android[2] trace: MoGaConTrOlLeR :: ....................(KK) BaseDrivingControlScheme :: onKeyPress Nitro.....................

G4-JNI GetEnv version=0x00010002
G4-JNI GetEnv version=0x00010002
G4-JNI GetEnv version=0x00010002
G4-JNI GetEnv version=0x00010002
G4-JNI GetEnv version=0x00010002
G4-JNI GetEnv version=0x00010002
android[2] trace: ....................(KK) MogaController :: Inside NativeOnMotionEvent

android[2] trace: (KK) MogaController :: Inside NativeOnMotionEvent ....................

G4-JNI GetEnv version=0x00010002
G4-JNI GetEnv version=0x00010002
G4-JNI GetEnv version=0x00010002
G4-JNI GetEnv version=0x00010002
G4-JNI GetEnv version=0x00010002
G4-JNI GetEnv version=0x00010002
G4-JNI GetEnv version=0x00010002
G4-JNI GetEnv version=0x00010002
G4-JNI GetEnv version=0x00010002
android[2] trace: ....................(KK) MogaController :: Inside NativeOnMotionEvent

android[2] trace: (KK) MogaController :: Inside NativeOnMotionEvent ....................

G6-MOGA motion frame=11159 axes=0,0,0,0,0,0
G4-JNI GetEnv version=0x00010002
G4-JNI GetEnv version=0x00010002
android[2] trace: ....................(KK) MogaController :: Inside NativeOnMotionEvent

android[2] trace: (KK) MogaController :: Inside NativeOnMotionEvent ....................

G4-JNI GetEnv version=0x00010002
G4-JNI GetEnv version=0x00010002
G4-JNI GetEnv version=0x00010002
G4-JNI GetEnv version=0x00010002
G4-JNI GetEnv version=0x00010002
G4-JNI GetEnv version=0x00010002
G4-JNI GetEnv version=0x00010002
android[2] trace: ....................(KK) MogaController :: Inside NativeOnMotionEvent

android[2] trace: (KK) MogaController :: Inside NativeOnMotionEvent ....................

G4-JNI GetEnv version=0x00010002
G4-JNI GetEnv version=0x00010002
G4-JNI GetEnv version=0x00010002
G4-JNI GetEnv version=0x00010002
G4-JNI GetEnv version=0x00010002
G4-JNI GetEnv version=0x00010002
G4-JNI GetEnv version=0x00010002
android[2] trace: ....................(KK) MogaController :: Inside NativeOnMotionEvent

android[2] trace: (KK) MogaController :: Inside NativeOnMotionEvent ....................

G6-MOGA motion frame=11175 axes=32767,0,0,0,0,0
G4-JNI GetEnv version=0x00010002
G4-JNI GetEnv version=0x00010002
G4-JNI GetEnv version=0x00010002
G4-JNI GetEnv version=0x00010002
android[2] trace: ....................(KK) MogaController :: Inside NativeOnMotionEvent

android[2] trace: (KK) MogaController :: Inside NativeOnMotionEvent ....................

G4-JNI GetEnv version=0x00010002
G4-JNI GetEnv version=0x00010002
G4-JNI GetEnv version=0x00010002
G4-JNI GetEnv version=0x00010002
G4-JNI GetEnv version=0x00010002
G4-JNI GetEnv version=0x00010002
G4-JNI GetEnv version=0x00010002
G4-JNI GetEnv version=0x00010002
G4-JNI GetEnv version=0x00010002
android[2] trace: ....................(KK) MogaController :: Inside NativeOnMotionEvent

android[2] trace: (KK) MogaController :: Inside NativeOnMotionEvent ....................

G4-JNI GetEnv version=0x00010002
G4-JNI GetEnv version=0x00010002
G4-JNI GetEnv version=0x00010002
G4-JNI GetEnv version=0x00010002
G4-JNI GetEnv version=0x00010002
G4-JNI GetEnv version=0x00010002
G4-JNI GetEnv version=0x00010002
G4-JNI GetEnv version=0x00010002
G4-JNI GetEnv version=0x00010002
G4-JNI GetEnv version=0x00010002
android[2] trace: ....................(KK) MogaController :: Inside NativeOnMotionEvent

android[2] trace: (KK) MogaController :: Inside NativeOnMotionEvent ....................

G6-MOGA motion frame=11198 axes=0,0,0,0,0,0
G4-JNI GetEnv version=0x00010002
G4-JNI GetEnv version=0x00010002
G4-JNI GetEnv version=0x00010002
G4-JNI GetEnv version=0x00010002
G4-JNI GetEnv version=0x00010002
G4-JNI GetEnv version=0x00010002
G4-JNI GetEnv version=0x00010002
G4-JNI GetEnv version=0x00010002
G4-JNI GetEnv version=0x00010002
android[2] trace: ....................(KK) MogaController :: Inside NativeOnMotionEvent

android[2] trace: (KK) MogaController :: Inside NativeOnMotionEvent ....................

G4-JNI GetEnv version=0x00010002
G4-JNI GetEnv version=0x00010002
G4-JNI GetEnv version=0x00010002
G4-JNI GetEnv version=0x00010002
G4-JNI GetEnv version=0x00010002
G4-JNI GetEnv version=0x00010002
G4-JNI GetEnv version=0x00010002
G4-JNI GetEnv version=0x00010002
G4-JNI GetEnv version=0x00010002
G4-JNI GetEnv version=0x00010002
android[2] trace: ....................(KK) MogaController :: Inside NativeOnMotionEvent

android[2] trace: (KK) MogaController :: Inside NativeOnMotionEvent ....................

G6-MOGA motion frame=11217 axes=0,0,0,0,0,0
G4-JNI GetEnv version=0x00010002
G4-JNI GetEnv version=0x00010002
G4-JNI GetEnv version=0x00010002
G4-JNI GetEnv version=0x00010002
android[2] trace: ....................(KK) MogaController :: Inside NativeOnMotionEvent

android[2] trace: (KK) MogaController :: Inside NativeOnMotionEvent ....................

G4-JNI GetEnv version=0x00010002
G4-JNI GetEnv version=0x00010002
G4-JNI GetEnv version=0x00010002
G4-JNI GetEnv version=0x00010002
G4-JNI GetEnv version=0x00010002
G4-JNI GetEnv version=0x00010002
G4-JNI GetEnv version=0x00010002
G4-JNI GetEnv version=0x00010002
android[2] trace: ....................(KK) MogaController :: Inside NativeOnMotionEvent

android[2] trace: (KK) MogaController :: Inside NativeOnMotionEvent ....................

G4-JNI GetEnv version=0x00010002
G4-JNI GetEnv version=0x00010002
G4-JNI GetEnv version=0x00010002
G4-JNI GetEnv version=0x00010002
G4-JNI GetEnv version=0x00010002
G4-JNI GetEnv version=0x00010002
G4-JNI GetEnv version=0x00010002
G4-JNI GetEnv version=0x00010002
G4-JNI GetEnv version=0x00010002
G4-JNI GetEnv version=0x00010002
G4-JNI GetEnv version=0x00010002
G4-JNI GetEnv version=0x00010002
G4-JNI GetEnv version=0x00010002
G4-JNI GetEnv version=0x00010002
G4-JNI GetEnv version=0x00010002
G4-JNI GetEnv version=0x00010002
G4-JNI GetEnv version=0x00010002
android[2] trace: ....................(KK) MogaController :: Inside NativeOnMotionEvent

android[2] trace: (KK) MogaController :: Inside NativeOnMotionEvent ....................

G6-MOGA motion frame=11246 axes=-32767,0,0,0,0,0
G4-JNI GetEnv version=0x00010002
G4-JNI GetEnv version=0x00010002
G4-JNI GetEnv version=0x00010002
G4-JNI GetEnv version=0x00010002
G4-JNI GetEnv version=0x00010002
G4-JNI GetEnv version=0x00010002
G4-JNI GetEnv version=0x00010002
android[2] trace: ....................(KK) MogaController :: Inside NativeOnMotionEvent

android[2] trace: (KK) MogaController :: Inside NativeOnMotionEvent ....................

G4-JNI GetEnv version=0x00010002
G4-JNI GetEnv version=0x00010002
G4-JNI GetEnv version=0x00010002
G4-JNI GetEnv version=0x00010002
G4-JNI GetEnv version=0x00010002
G4-JNI GetEnv version=0x00010002
G4-JNI GetEnv version=0x00010002
G4-JNI GetEnv version=0x00010002
G4-JNI GetEnv version=0x00010002
android[2] trace: ....................(KK) MogaController :: Inside NativeOnMotionEvent

android[2] trace: (KK) MogaController :: Inside NativeOnMotionEvent ....................

G6-MOGA motion frame=11262 axes=32767,0,0,0,0,0
G4-JNI GetEnv version=0x00010002
G4-JNI GetEnv version=0x00010002
G4-JNI GetEnv version=0x00010002
G4-JNI GetEnv version=0x00010002
G4-JNI GetEnv version=0x00010002
G4-JNI GetEnv version=0x00010002
G4-JNI GetEnv version=0x00010002
android[2] trace: ....................(KK) MogaController :: Inside NativeOnMotionEvent

android[2] trace: (KK) MogaController :: Inside NativeOnMotionEvent ....................

G4-JNI GetEnv version=0x00010002
G4-JNI GetEnv version=0x00010002
G4-JNI GetEnv version=0x00010002
G4-JNI GetEnv version=0x00010002
G4-JNI GetEnv version=0x00010002
G4-JNI GetEnv version=0x00010002
G4-JNI GetEnv version=0x00010002
G4-JNI GetEnv version=0x00010002
G4-JNI GetEnv version=0x00010002
G4-JNI GetEnv version=0x00010002
G4-JNI GetEnv version=0x00010002
G4-JNI GetEnv version=0x00010002
G4-JNI GetEnv version=0x00010002
G4-JNI GetEnv version=0x00010002
G4-JNI GetEnv version=0x00010002
G4-JNI GetEnv version=0x00010002
G4-JNI GetEnv version=0x00010002
G4-JNI GetEnv version=0x00010002
G4-JNI GetEnv version=0x00010002
G4-JNI GetEnv version=0x00010002
G4-JNI GetEnv version=0x00010002
G4-JNI GetEnv version=0x00010002
G4-JNI GetEnv version=0x00010002
G4-JNI GetEnv version=0x00010002
G4-JNI GetEnv version=0x00010002
G4-JNI GetEnv version=0x00010002
G4-JNI GetEnv version=0x00010002
G4-JNI GetEnv version=0x00010002
G4-JNI GetEnv version=0x00010002
G4-JNI GetEnv version=0x00010002
G4-JNI GetEnv version=0x00010002
G4-JNI GetEnv version=0x00010002
G4-JNI GetEnv version=0x00010002
G4-JNI GetEnv version=0x00010002
G4-JNI GetEnv version=0x00010002
G4-JNI GetEnv version=0x00010002
G4-JNI GetEnv version=0x00010002
G4-JNI GetEnv version=0x00010002
G4-JNI GetEnv version=0x00010002
G4-JNI GetEnv version=0x00010002
G4-JNI GetEnv version=0x00010002
G4-JNI GetEnv version=0x00010002
android[2] trace: ....................(KK) MogaController :: Inside NativeOnMotionEvent

android[2] trace: (KK) MogaController :: Inside NativeOnMotionEvent ....................

G6-MOGA motion frame=11311 axes=32767,0,0,0,0,0
G4-JNI GetEnv version=0x00010002
G4-JNI GetEnv version=0x00010002
G4-JNI GetEnv version=0x00010002
G4-JNI GetEnv version=0x00010002
G4-JNI GetEnv version=0x00010002
G4-JNI GetEnv version=0x00010002
G4-JNI GetEnv version=0x00010002
android[2] trace: ....................(KK) MogaController :: Inside NativeOnMotionEvent

android[2] trace: (KK) MogaController :: Inside NativeOnMotionEvent ....................

G4-JNI GetEnv version=0x00010002
G4-JNI GetEnv version=0x00010002
G4-JNI GetEnv version=0x00010002
G4-JNI GetEnv version=0x00010002
G4-JNI GetEnv version=0x00010002
G4-JNI GetEnv version=0x00010002
G4-JNI GetEnv version=0x00010002
G4-JNI GetEnv version=0x00010002
G4-JNI GetEnv version=0x00010002
G4-JNI GetEnv version=0x00010002
G4-JNI GetEnv version=0x00010002
G4-JNI GetEnv version=0x00010002
G4-JNI GetEnv version=0x00010002
G6-RAW buttons=0x00000000
android[2] trace: MoGaConTrOlLeR :: ....................(KK) MogaController :: Inside nativeOnKeyEvent 

android[2] trace: ....................(KK) MogaController :: Inside nativeOnKeyEvent 103

android[2] trace: MoGaConTrOlLeR :: ....................(KK) Key Event Key R1 1111 .....................

android[2] trace: MoGaConTrOlLeR :: ....................(KK) Key Event Key up .....................

android[2] trace: MoGaConTrOlLeR :: ....................(KK) Listener Key Release .....................

android[2] trace: MoGaConTrOlLeR :: ....................(KK) AndroidKeyCode :: MogaKeyCode (Start of func) .....................

android[2] trace: MoGaConTrOlLeR :: ....................(KK) AndroidKeyCode :: MogaKeyCode Key Press R1 .....................

android[2] trace: MoGaConTrOlLeR :: ....................(KK) AndroidKeyCode :: MogaKeyCode Key Press R1(Nitro) Racing True.....................

android[2] trace: MoGaConTrOlLeR :: (KK) MogaController :: Inside nativeOnKeyEvent ....................

G6-MOGA key frame=11331 code=103 state=up
android[2] trace: MoGaConTrOlLeR :: ....................(KK) BaseDrivingControlScheme :: OnEvent .....................

android[2] trace: MoGaConTrOlLeR :: ....................(KK) BaseDrivingControlScheme :: OnKeyRelease Nothing :( .....................

G4-JNI GetEnv version=0x00010002
G4-JNI GetEnv version=0x00010002
G4-JNI GetEnv version=0x00010002
G4-JNI GetEnv version=0x00010002
G4-JNI GetEnv version=0x00010002
G4-JNI GetEnv version=0x00010002
G4-JNI GetEnv version=0x00010002
android[2] trace: ....................(KK) MogaController :: Inside NativeOnMotionEvent

android[2] trace: (KK) MogaController :: Inside NativeOnMotionEvent ....................

G6-MOGA motion frame=11338 axes=-32767,0,0,0,0,0
G4-JNI GetEnv version=0x00010002
G4-JNI GetEnv version=0x00010002
G4-JNI GetEnv version=0x00010002
G4-JNI GetEnv version=0x00010002
G4-JNI GetEnv version=0x00010002
G4-JNI GetEnv version=0x00010002
android[2] trace: ....................(KK) MogaController :: Inside NativeOnMotionEvent

android[2] trace: (KK) MogaController :: Inside NativeOnMotionEvent ....................

G4-JNI GetEnv version=0x00010002
G4-JNI GetEnv version=0x00010002
G4-JNI GetEnv version=0x00010002
G4-JNI GetEnv version=0x00010002
G4-JNI GetEnv version=0x00010002
G4-JNI GetEnv version=0x00010002
G4-JNI GetEnv version=0x00010002
G4-JNI GetEnv version=0x00010002
G4-JNI GetEnv version=0x00010002
G4-JNI GetEnv version=0x00010002
G4-JNI GetEnv version=0x00010002
G4-JNI GetEnv version=0x00010002
G4-JNI GetEnv version=0x00010002
G4-JNI GetEnv version=0x00010002
G4-JNI GetEnv version=0x00010002
G4-JNI GetEnv version=0x00010002
G4-JNI GetEnv version=0x00010002
G4-JNI GetEnv version=0x00010002
G4-JNI GetEnv version=0x00010002
G4-JNI GetEnv version=0x00010002
G4-JNI GetEnv version=0x00010002
G4-JNI GetEnv version=0x00010002
G4-JNI GetEnv version=0x00010002
G4-JNI GetEnv version=0x00010002
G4-JNI GetEnv version=0x00010002
G4-JNI GetEnv version=0x00010002
G4-JNI GetEnv version=0x00010002
G4-JNI GetEnv version=0x00010002
G4-JNI GetEnv version=0x00010002
G4-JNI GetEnv version=0x00010002
G4-JNI GetEnv version=0x00010002
G4-JNI GetEnv version=0x00010002
G4-JNI GetEnv version=0x00010002
G4-JNI GetEnv version=0x00010002
G4-JNI GetEnv version=0x00010002
G4-JNI GetEnv version=0x00010002
G4-JNI GetEnv version=0x00010002
G4-JNI GetEnv version=0x00010002
G4-JNI GetEnv version=0x00010002
G4-JNI GetEnv version=0x00010002
G4-JNI GetEnv version=0x00010002
G4-JNI GetEnv version=0x00010002
G4-JNI GetEnv version=0x00010002
G4-JNI GetEnv version=0x00010002
G4-JNI GetEnv version=0x00010002
G4-JNI GetEnv version=0x00010002
G4-JNI GetEnv version=0x00010002
G4-JNI GetEnv version=0x00010002
G4-JNI GetEnv version=0x00010002
G4-JNI GetEnv version=0x00010002
G4-JNI GetEnv version=0x00010002
G4-JNI GetEnv version=0x00010002
G4-JNI GetEnv version=0x00010002
G4-JNI GetEnv version=0x00010002
G4-JNI GetEnv version=0x00010002
G4-JNI GetEnv version=0x00010002
G7-FRAME enter=11400
G4-JNI GetEnv version=0x00010002
G5-GL STATE frame=11400 framebuffer=0 status=0x8cd5 errors=0
G7-FRAME leave=11400
G4-JNI GetEnv version=0x00010002
G4-JNI GetEnv version=0x00010002
G4-JNI GetEnv version=0x00010002
G4-JNI GetEnv version=0x00010002
G4-JNI GetEnv version=0x00010002
G4-JNI GetEnv version=0x00010002
G4-JNI GetEnv version=0x00010002
G4-JNI GetEnv version=0x00010002
G4-JNI GetEnv version=0x00010002
G4-JNI GetEnv version=0x00010002
G4-JNI GetEnv version=0x00010002
G4-JNI GetEnv version=0x00010002
G4-JNI GetEnv version=0x00010002
G4-JNI GetEnv version=0x00010002
G4-JNI GetEnv version=0x00010002
G4-JNI GetEnv version=0x00010002
G4-JNI GetEnv version=0x00010002
G4-JNI GetEnv version=0x00010002
G4-JNI GetEnv version=0x00010002
G4-JNI GetEnv version=0x00010002
G4-JNI GetEnv version=0x00010002
G4-JNI GetEnv version=0x00010002
G4-JNI GetEnv version=0x00010002
G4-JNI GetEnv version=0x00010002
G4-JNI GetEnv version=0x00010002
G4-JNI GetEnv version=0x00010002
G4-JNI GetEnv version=0x00010002
G4-JNI GetEnv version=0x00010002
G4-JNI GetEnv version=0x00010002
G4-JNI GetEnv version=0x00010002
G4-JNI GetEnv version=0x00010002
G4-JNI GetEnv version=0x00010002
G4-JNI GetEnv version=0x00010002
G4-JNI GetEnv version=0x00010002
G4-JNI GetEnv version=0x00010002
G4-JNI GetEnv version=0x00010002
G4-JNI GetEnv version=0x00010002
G4-JNI GetEnv version=0x00010002
android[2] trace: ....................(KK) MogaController :: Inside NativeOnMotionEvent

android[2] trace: (KK) MogaController :: Inside NativeOnMotionEvent ....................

G6-MOGA motion frame=11439 axes=32767,0,0,0,0,0
G4-JNI GetEnv version=0x00010002
G4-JNI GetEnv version=0x00010002
G4-JNI GetEnv version=0x00010002
G4-JNI GetEnv version=0x00010002
android[2] trace: ....................(KK) MogaController :: Inside NativeOnMotionEvent

android[2] trace: (KK) MogaController :: Inside NativeOnMotionEvent ....................

G4-JNI GetEnv version=0x00010002
G4-JNI GetEnv version=0x00010002
G4-JNI GetEnv version=0x00010002
G4-JNI GetEnv version=0x00010002
G4-JNI GetEnv version=0x00010002
G4-JNI GetEnv version=0x00010002
G4-JNI GetEnv version=0x00010002
G4-JNI GetEnv version=0x00010002
G4-JNI GetEnv version=0x00010002
G4-JNI GetEnv version=0x00010002
G4-JNI GetEnv version=0x00010002
G4-JNI GetEnv version=0x00010002
G4-JNI GetEnv version=0x00010002
G4-JNI GetEnv version=0x00010002
G4-JNI GetEnv version=0x00010002
G4-JNI GetEnv version=0x00010002
G4-JNI GetEnv version=0x00010002
G4-JNI GetEnv version=0x00010002
G4-JNI GetEnv version=0x00010002
G4-JNI GetEnv version=0x00010002
G4-JNI GetEnv version=0x00010002
G4-JNI GetEnv version=0x00010002
G4-JNI GetEnv version=0x00010002
G4-JNI GetEnv version=0x00010002
G4-JNI GetEnv version=0x00010002
G4-JNI GetEnv version=0x00010002
G4-JNI GetEnv version=0x00010002
G4-JNI GetEnv version=0x00010002
G4-JNI GetEnv version=0x00010002
G4-JNI GetEnv version=0x00010002
G4-JNI GetEnv version=0x00010002
G4-JNI GetEnv version=0x00010002
G4-JNI GetEnv version=0x00010002
G4-JNI GetEnv version=0x00010002
G4-JNI GetEnv version=0x00010002
G4-JNI GetEnv version=0x00010002
G4-JNI GetEnv version=0x00010002
G4-JNI GetEnv version=0x00010002
G4-JNI GetEnv version=0x00010002
G4-JNI GetEnv version=0x00010002
G4-JNI GetEnv version=0x00010002
G4-JNI GetEnv version=0x00010002
G4-JNI GetEnv version=0x00010002
G4-JNI GetEnv version=0x00010002
G4-JNI GetEnv version=0x00010002
G4-JNI GetEnv version=0x00010002
G4-JNI GetEnv version=0x00010002
G4-JNI GetEnv version=0x00010002
G4-JNI GetEnv version=0x00010002
G4-JNI GetEnv version=0x00010002
G4-JNI GetEnv version=0x00010002
G4-JNI GetEnv version=0x00010002
G4-JNI GetEnv version=0x00010002
G4-JNI GetEnv version=0x00010002
G4-JNI GetEnv version=0x00010002
G4-JNI GetEnv version=0x00010002
G4-JNI GetEnv version=0x00010002
G4-JNI GetEnv version=0x00010002
G4-JNI GetEnv version=0x00010002
G4-JNI GetEnv version=0x00010002
G4-JNI GetEnv version=0x00010002
G4-JNI GetEnv version=0x00010002
G4-JNI GetEnv version=0x00010002
G4-JNI GetEnv version=0x00010002
G4-JNI GetEnv version=0x00010002
G4-JNI GetEnv version=0x00010002
G4-JNI GetEnv version=0x00010002
G4-JNI GetEnv version=0x00010002
G4-JNI GetEnv version=0x00010002
G4-JNI GetEnv version=0x00010002
G4-JNI GetEnv version=0x00010002
G4-JNI GetEnv version=0x00010002
G4-JNI GetEnv version=0x00010002
G4-JNI GetEnv version=0x00010002
G4-JNI GetEnv version=0x00010002
G4-JNI GetEnv version=0x00010002
G4-JNI GetEnv version=0x00010002
G4-JNI GetEnv version=0x00010002
G4-JNI GetEnv version=0x00010002
G4-JNI GetEnv version=0x00010002
G4-JNI GetEnv version=0x00010002
G4-JNI GetEnv version=0x00010002
G4-JNI GetEnv version=0x00010002
android[2] trace: ....................(KK) MogaController :: Inside NativeOnMotionEvent

android[2] trace: (KK) MogaController :: Inside NativeOnMotionEvent ....................

G6-MOGA motion frame=11526 axes=32767,0,0,0,0,0
G4-JNI GetEnv version=0x00010002
G4-JNI GetEnv version=0x00010002
G4-JNI GetEnv version=0x00010002
G4-JNI GetEnv version=0x00010002
G4-JNI GetEnv version=0x00010002
G4-JNI GetEnv version=0x00010002
G4-JNI GetEnv version=0x00010002
G4-JNI GetEnv version=0x00010002
G4-JNI GetEnv version=0x00010002
android[2] trace: ....................(KK) MogaController :: Inside NativeOnMotionEvent

android[2] trace: (KK) MogaController :: Inside NativeOnMotionEvent ....................

G4-JNI GetEnv version=0x00010002
G4-JNI GetEnv version=0x00010002
G4-JNI GetEnv version=0x00010002
G4-JNI GetEnv version=0x00010002
G4-JNI GetEnv version=0x00010002
G4-JNI GetEnv version=0x00010002
G4-JNI GetEnv version=0x00010002
G4-JNI GetEnv version=0x00010002
G4-JNI GetEnv version=0x00010002
G4-JNI GetEnv version=0x00010002
G4-JNI GetEnv version=0x00010002
G4-JNI GetEnv version=0x00010002
G4-JNI GetEnv version=0x00010002
G4-JNI GetEnv version=0x00010002
G4-JNI GetEnv version=0x00010002
G4-JNI GetEnv version=0x00010002
G4-JNI GetEnv version=0x00010002
G4-JNI GetEnv version=0x00010002
G4-JNI GetEnv version=0x00010002
G4-JNI GetEnv version=0x00010002
G4-JNI GetEnv version=0x00010002
G4-JNI GetEnv version=0x00010002
G4-JNI GetEnv version=0x00010002
G4-JNI GetEnv version=0x00010002
G4-JNI GetEnv version=0x00010002
G4-JNI GetEnv version=0x00010002
G4-JNI GetEnv version=0x00010002
G4-JNI GetEnv version=0x00010002
G4-JNI GetEnv version=0x00010002
G4-JNI GetEnv version=0x00010002
G4-JNI GetEnv version=0x00010002
G4-JNI GetEnv version=0x00010002
G4-JNI GetEnv version=0x00010002
G4-JNI GetEnv version=0x00010002
G4-JNI GetEnv version=0x00010002
G4-JNI GetEnv version=0x00010002
G4-JNI GetEnv version=0x00010002
G4-JNI GetEnv version=0x00010002
G4-JNI GetEnv version=0x00010002
G4-JNI GetEnv version=0x00010002
android[2] trace: ....................(KK) MogaController :: Inside NativeOnMotionEvent

android[2] trace: (KK) MogaController :: Inside NativeOnMotionEvent ....................

G6-MOGA motion frame=11575 axes=32767,0,0,0,0,0
G4-JNI GetEnv version=0x00010002
G4-JNI GetEnv version=0x00010002
G4-JNI GetEnv version=0x00010002
G4-JNI GetEnv version=0x00010002
G4-JNI GetEnv version=0x00010002
G4-JNI GetEnv version=0x00010002
G4-JNI GetEnv version=0x00010002
G4-JNI GetEnv version=0x00010002
G4-JNI GetEnv version=0x00010002
G4-JNI GetEnv version=0x00010002
G4-JNI GetEnv version=0x00010002
G4-JNI GetEnv version=0x00010002
G4-JNI GetEnv version=0x00010002
G4-JNI GetEnv version=0x00010002
G4-JNI GetEnv version=0x00010002
G4-JNI GetEnv version=0x00010002
G4-JNI GetEnv version=0x00010002
G4-JNI GetEnv version=0x00010002
android[2] trace: ....................(KK) MogaController :: Inside NativeOnMotionEvent

android[2] trace: (KK) MogaController :: Inside NativeOnMotionEvent ....................

G6-MOGA motion frame=11593 axes=0,0,0,0,0,0
G4-JNI GetEnv version=0x00010002
G4-JNI GetEnv version=0x00010002
G4-JNI GetEnv version=0x00010002
android[2] trace: ....................(KK) MogaController :: Inside NativeOnMotionEvent

android[2] trace: (KK) MogaController :: Inside NativeOnMotionEvent ....................

G4-JNI GetEnv version=0x00010002
G4-JNI GetEnv version=0x00010002
G4-JNI GetEnv version=0x00010002
G4-JNI GetEnv version=0x00010002
G4-JNI GetEnv version=0x00010002
G4-JNI GetEnv version=0x00010002
G4-JNI GetEnv version=0x00010002
G4-JNI GetEnv version=0x00010002
G4-JNI GetEnv version=0x00010002
G4-JNI GetEnv version=0x00010002
G4-JNI GetEnv version=0x00010002
android[2] trace: ....................(KK) MogaController :: Inside NativeOnMotionEvent

android[2] trace: (KK) MogaController :: Inside NativeOnMotionEvent ....................

G4-JNI GetEnv version=0x00010002
G4-JNI GetEnv version=0x00010002
G4-JNI GetEnv version=0x00010002
G4-JNI GetEnv version=0x00010002
G4-JNI GetEnv version=0x00010002
G4-JNI GetEnv version=0x00010002
G4-JNI GetEnv version=0x00010002
G4-JNI GetEnv version=0x00010002
G4-JNI GetEnv version=0x00010002
G4-JNI GetEnv version=0x00010002
G4-JNI GetEnv version=0x00010002
G4-JNI GetEnv version=0x00010002
G4-JNI GetEnv version=0x00010002
G4-JNI GetEnv version=0x00010002
android[2] trace: ....................(KK) MogaController :: Inside NativeOnMotionEvent

android[2] trace: (KK) MogaController :: Inside NativeOnMotionEvent ....................

G6-MOGA motion frame=11621 axes=-32767,0,0,0,0,0
G4-JNI GetEnv version=0x00010002
G4-JNI GetEnv version=0x00010002
G4-JNI GetEnv version=0x00010002
G4-JNI GetEnv version=0x00010002
G4-JNI GetEnv version=0x00010002
G4-JNI GetEnv version=0x00010002
G4-JNI GetEnv version=0x00010002
G4-JNI GetEnv version=0x00010002
android[2] trace: ....................(KK) MogaController :: Inside NativeOnMotionEvent

android[2] trace: (KK) MogaController :: Inside NativeOnMotionEvent ....................

G4-JNI GetEnv version=0x00010002
G4-JNI GetEnv version=0x00010002
G4-JNI GetEnv version=0x00010002
G4-JNI GetEnv version=0x00010002
G4-JNI GetEnv version=0x00010002
G4-JNI GetEnv version=0x00010002
android[2] trace: ....................(KK) MogaController :: Inside NativeOnMotionEvent

android[2] trace: (KK) MogaController :: Inside NativeOnMotionEvent ....................

G4-JNI GetEnv version=0x00010002
G4-JNI GetEnv version=0x00010002
G4-JNI GetEnv version=0x00010002
G4-JNI GetEnv version=0x00010002
G4-JNI GetEnv version=0x00010002
G4-JNI GetEnv version=0x00010002
G4-JNI GetEnv version=0x00010002
G4-JNI GetEnv version=0x00010002
G4-JNI GetEnv version=0x00010002
G4-JNI GetEnv version=0x00010002
G4-JNI GetEnv version=0x00010002
G4-JNI GetEnv version=0x00010002
android[2] trace: ....................(KK) MogaController :: Inside NativeOnMotionEvent

android[2] trace: (KK) MogaController :: Inside NativeOnMotionEvent ....................

G6-MOGA motion frame=11647 axes=0,0,0,0,0,0
G4-JNI GetEnv version=0x00010002
G4-JNI GetEnv version=0x00010002
G4-JNI GetEnv version=0x00010002
G4-JNI GetEnv version=0x00010002
G4-JNI GetEnv version=0x00010002
G4-JNI GetEnv version=0x00010002
G4-JNI GetEnv version=0x00010002
G4-JNI GetEnv version=0x00010002
G4-JNI GetEnv version=0x00010002
G4-JNI GetEnv version=0x00010002
G4-JNI GetEnv version=0x00010002
G4-JNI GetEnv version=0x00010002
G4-JNI GetEnv version=0x00010002
G4-JNI GetEnv version=0x00010002
G4-JNI GetEnv version=0x00010002
G4-JNI GetEnv version=0x00010002
android[6] Sound/SoundManager/error: FMOD result of SoundManager::createSound: An error occured that wasn't supposed to.  Contact support. 

android[5] Sound/SoundManager/warn: SoundManager::createSound - 'effects/collisions/work_barrier': failure.

G4-JNI GetEnv version=0x00010002
G4-JNI GetEnv version=0x00010002
G4-JNI GetEnv version=0x00010002
G4-JNI GetEnv version=0x00010002
G4-JNI GetEnv version=0x00010002
G4-JNI GetEnv version=0x00010002
G4-JNI GetEnv version=0x00010002
G4-JNI GetEnv version=0x00010002
G4-JNI GetEnv version=0x00010002
G4-JNI GetEnv version=0x00010002
G4-JNI GetEnv version=0x00010002
G4-JNI GetEnv version=0x00010002
G4-JNI GetEnv version=0x00010002
G4-JNI GetEnv version=0x00010002
G4-JNI GetEnv version=0x00010002
G4-JNI GetEnv version=0x00010002
G4-JNI GetEnv version=0x00010002
android[6] Sound/SoundManager/error: FMOD result of SoundManager::createSound: An error occured that wasn't supposed to.  Contact support. 

android[5] Sound/SoundManager/warn: SoundManager::createSound - 'effects/collisions/work_barrier': failure.

G4-JNI GetEnv version=0x00010002
android[2] trace: ....................(KK) MogaController :: Inside NativeOnMotionEvent

android[2] trace: (KK) MogaController :: Inside NativeOnMotionEvent ....................

G6-MOGA motion frame=11681 axes=32767,0,0,0,0,0
G4-JNI GetEnv version=0x00010002
G4-JNI GetEnv version=0x00010002
G4-JNI GetEnv version=0x00010002
G4-JNI GetEnv version=0x00010002
G4-JNI GetEnv version=0x00010002
G4-JNI GetEnv version=0x00010002
G4-JNI GetEnv version=0x00010002
android[2] trace: ....................(KK) MogaController :: Inside NativeOnMotionEvent

android[2] trace: (KK) MogaController :: Inside NativeOnMotionEvent ....................

G4-JNI GetEnv version=0x00010002
G4-JNI GetEnv version=0x00010002
G4-JNI GetEnv version=0x00010002
G4-JNI GetEnv version=0x00010002
G4-JNI GetEnv version=0x00010002
G4-JNI GetEnv version=0x00010002
G4-JNI GetEnv version=0x00010002
G4-JNI GetEnv version=0x00010002
G4-JNI GetEnv version=0x00010002
G4-JNI GetEnv version=0x00010002
G4-JNI GetEnv version=0x00010002
G4-JNI GetEnv version=0x00010002
G7-FRAME enter=11700
G4-JNI GetEnv version=0x00010002
G5-GL STATE frame=11700 framebuffer=0 status=0x8cd5 errors=0
G7-FRAME leave=11700
G4-JNI GetEnv version=0x00010002
G4-JNI GetEnv version=0x00010002
G4-JNI GetEnv version=0x00010002
G4-JNI GetEnv version=0x00010002
G4-JNI GetEnv version=0x00010002
G4-JNI GetEnv version=0x00010002
G4-JNI GetEnv version=0x00010002
G4-JNI GetEnv version=0x00010002
G4-JNI GetEnv version=0x00010002
G4-JNI GetEnv version=0x00010002
G4-JNI GetEnv version=0x00010002
G4-JNI GetEnv version=0x00010002
G4-JNI GetEnv version=0x00010002
G4-JNI GetEnv version=0x00010002
G4-JNI GetEnv version=0x00010002
G4-JNI GetEnv version=0x00010002
G4-JNI GetEnv version=0x00010002
G4-JNI GetEnv version=0x00010002
G4-JNI GetEnv version=0x00010002
G4-JNI GetEnv version=0x00010002
G4-JNI GetEnv version=0x00010002
G4-JNI GetEnv version=0x00010002
G4-JNI GetEnv version=0x00010002
android[2] trace: ....................(KK) MogaController :: Inside NativeOnMotionEvent

android[2] trace: (KK) MogaController :: Inside NativeOnMotionEvent ....................

G6-MOGA motion frame=11724 axes=32767,0,0,0,0,0
G4-JNI GetEnv version=0x00010002
G4-JNI GetEnv version=0x00010002
G4-JNI GetEnv version=0x00010002
G4-JNI GetEnv version=0x00010002
G4-JNI GetEnv version=0x00010002
G4-JNI GetEnv version=0x00010002
G4-JNI GetEnv version=0x00010002
G4-JNI GetEnv version=0x00010002
G4-JNI GetEnv version=0x00010002
G4-JNI GetEnv version=0x00010002
android[2] trace: ....................(KK) MogaController :: Inside NativeOnMotionEvent

android[2] trace: (KK) MogaController :: Inside NativeOnMotionEvent ....................

G4-JNI GetEnv version=0x00010002
G4-JNI GetEnv version=0x00010002
G4-JNI GetEnv version=0x00010002
G4-JNI GetEnv version=0x00010002
G4-JNI GetEnv version=0x00010002
G4-JNI GetEnv version=0x00010002
G4-JNI GetEnv version=0x00010002
G4-JNI GetEnv version=0x00010002
G4-JNI GetEnv version=0x00010002
G4-JNI GetEnv version=0x00010002
G4-JNI GetEnv version=0x00010002
G4-JNI GetEnv version=0x00010002
G4-JNI GetEnv version=0x00010002
G4-JNI GetEnv version=0x00010002
G4-JNI GetEnv version=0x00010002
G4-JNI GetEnv version=0x00010002
G4-JNI GetEnv version=0x00010002
G4-JNI GetEnv version=0x00010002
G4-JNI GetEnv version=0x00010002
G4-JNI GetEnv version=0x00010002
G4-JNI GetEnv version=0x00010002
G4-JNI GetEnv version=0x00010002
G4-JNI GetEnv version=0x00010002
android[6] Sound/SoundManager/error: FMOD result of SoundManager::createSound: An error occured that wasn't supposed to.  Contact support. 

android[5] Sound/SoundManager/warn: SoundManager::createSound - 'effects/collisions/work_barrier': failure.

G4-JNI GetEnv version=0x00010002
G4-JNI GetEnv version=0x00010002
G4-JNI GetEnv version=0x00010002
G4-JNI GetEnv version=0x00010002
G4-JNI GetEnv version=0x00010002
G4-JNI GetEnv version=0x00010002
G4-JNI GetEnv version=0x00010002
G4-JNI GetEnv version=0x00010002
G4-JNI GetEnv version=0x00010002
G4-JNI GetEnv version=0x00010002
G4-JNI GetEnv version=0x00010002
G4-JNI GetEnv version=0x00010002
G4-JNI GetEnv version=0x00010002
G4-JNI GetEnv version=0x00010002
G4-JNI GetEnv version=0x00010002
G4-JNI GetEnv version=0x00010002
G4-JNI GetEnv version=0x00010002
G4-JNI GetEnv version=0x00010002
G4-JNI GetEnv version=0x00010002
G4-JNI GetEnv version=0x00010002
G4-JNI GetEnv version=0x00010002
G4-JNI GetEnv version=0x00010002
G4-JNI GetEnv version=0x00010002
G4-JNI GetEnv version=0x00010002
G4-JNI GetEnv version=0x00010002
G4-JNI GetEnv version=0x00010002
G4-JNI GetEnv version=0x00010002
G4-JNI GetEnv version=0x00010002
G4-JNI GetEnv version=0x00010002
G4-JNI GetEnv version=0x00010002
G4-JNI GetEnv version=0x00010002
G4-JNI GetEnv version=0x00010002
G4-JNI GetEnv version=0x00010002
G4-JNI GetEnv version=0x00010002
android[2] trace: ....................(KK) MogaController :: Inside NativeOnMotionEvent

android[2] trace: (KK) MogaController :: Inside NativeOnMotionEvent ....................

G6-MOGA motion frame=11791 axes=-32767,0,0,0,0,0
G4-JNI GetEnv version=0x00010002
G4-JNI GetEnv version=0x00010002
G4-JNI GetEnv version=0x00010002
G4-JNI GetEnv version=0x00010002
G4-JNI GetEnv version=0x00010002
G4-JNI GetEnv version=0x00010002
android[2] trace: ....................(KK) MogaController :: Inside NativeOnMotionEvent

android[2] trace: (KK) MogaController :: Inside NativeOnMotionEvent ....................

G4-JNI GetEnv version=0x00010002
G4-JNI GetEnv version=0x00010002
G4-JNI GetEnv version=0x00010002
G4-JNI GetEnv version=0x00010002
G4-JNI GetEnv version=0x00010002
G4-JNI GetEnv version=0x00010002
G4-JNI GetEnv version=0x00010002
G4-JNI GetEnv version=0x00010002
G4-JNI GetEnv version=0x00010002
G4-JNI GetEnv version=0x00010002
G4-JNI GetEnv version=0x00010002
G4-JNI GetEnv version=0x00010002
G4-JNI GetEnv version=0x00010002
G4-JNI GetEnv version=0x00010002
android[2] trace: ....................(KK) MogaController :: Inside NativeOnMotionEvent

android[2] trace: (KK) MogaController :: Inside NativeOnMotionEvent ....................

G6-MOGA motion frame=11811 axes=-32767,0,0,0,0,0
G4-JNI GetEnv version=0x00010002
G4-JNI GetEnv version=0x00010002
G4-JNI GetEnv version=0x00010002
G4-JNI GetEnv version=0x00010002
G4-JNI GetEnv version=0x00010002
G4-JNI GetEnv version=0x00010002
G4-JNI GetEnv version=0x00010002
G4-JNI GetEnv version=0x00010002
android[2] trace: ....................(KK) MogaController :: Inside NativeOnMotionEvent

android[2] trace: (KK) MogaController :: Inside NativeOnMotionEvent ....................

G4-JNI GetEnv version=0x00010002
G4-JNI GetEnv version=0x00010002
G4-JNI GetEnv version=0x00010002
G4-JNI GetEnv version=0x00010002
G4-JNI GetEnv version=0x00010002
G4-JNI GetEnv version=0x00010002
G4-JNI GetEnv version=0x00010002
G4-JNI GetEnv version=0x00010002
G4-JNI GetEnv version=0x00010002
G4-JNI GetEnv version=0x00010002
G4-JNI GetEnv version=0x00010002
G4-JNI GetEnv version=0x00010002
G4-JNI GetEnv version=0x00010002
G4-JNI GetEnv version=0x00010002
G4-JNI GetEnv version=0x00010002
G4-JNI GetEnv version=0x00010002
G4-JNI GetEnv version=0x00010002
G4-JNI GetEnv version=0x00010002
G4-JNI GetEnv version=0x00010002
G4-JNI GetEnv version=0x00010002
G4-JNI GetEnv version=0x00010002
G4-JNI GetEnv version=0x00010002
G4-JNI GetEnv version=0x00010002
android[2] trace: ....................(KK) MogaController :: Inside NativeOnMotionEvent

android[2] trace: (KK) MogaController :: Inside NativeOnMotionEvent ....................

G6-MOGA motion frame=11842 axes=-32767,0,0,0,0,0
G4-JNI GetEnv version=0x00010002
G4-JNI GetEnv version=0x00010002
G4-JNI GetEnv version=0x00010002
G4-JNI GetEnv version=0x00010002
G4-JNI GetEnv version=0x00010002
G4-JNI GetEnv version=0x00010002
G4-JNI GetEnv version=0x00010002
G4-JNI GetEnv version=0x00010002
G4-JNI GetEnv version=0x00010002
G4-JNI GetEnv version=0x00010002
G4-JNI GetEnv version=0x00010002
G4-JNI GetEnv version=0x00010002
G4-JNI GetEnv version=0x00010002
G4-JNI GetEnv version=0x00010002
G4-JNI GetEnv version=0x00010002
android[2] trace: ....................(KK) MogaController :: Inside NativeOnMotionEvent

android[2] trace: (KK) MogaController :: Inside NativeOnMotionEvent ....................

G6-MOGA motion frame=11857 axes=0,0,0,0,0,0
G4-JNI GetEnv version=0x00010002
G4-JNI GetEnv version=0x00010002
G4-JNI GetEnv version=0x00010002
G4-JNI GetEnv version=0x00010002
G4-JNI GetEnv version=0x00010002
G4-JNI GetEnv version=0x00010002
G4-JNI GetEnv version=0x00010002
G4-JNI GetEnv version=0x00010002
G4-JNI GetEnv version=0x00010002
G4-JNI GetEnv version=0x00010002
G4-JNI GetEnv version=0x00010002
android[2] trace: ....................(KK) MogaController :: Inside NativeOnMotionEvent

android[2] trace: (KK) MogaController :: Inside NativeOnMotionEvent ....................

G4-JNI GetEnv version=0x00010002
G4-JNI GetEnv version=0x00010002
G4-JNI GetEnv version=0x00010002
G4-JNI GetEnv version=0x00010002
G4-JNI GetEnv version=0x00010002
G4-JNI GetEnv version=0x00010002
G4-JNI GetEnv version=0x00010002
G4-JNI GetEnv version=0x00010002
G4-JNI GetEnv version=0x00010002
G4-JNI GetEnv version=0x00010002
G4-JNI GetEnv version=0x00010002
G4-JNI GetEnv version=0x00010002
G4-JNI GetEnv version=0x00010002
android[2] trace: ....................(KK) MogaController :: Inside NativeOnMotionEvent

android[2] trace: (KK) MogaController :: Inside NativeOnMotionEvent ....................

G6-MOGA motion frame=11881 axes=0,0,0,0,0,0
G4-JNI GetEnv version=0x00010002
G4-JNI GetEnv version=0x00010002
G4-JNI GetEnv version=0x00010002
G4-JNI GetEnv version=0x00010002
G4-JNI GetEnv version=0x00010002
G4-JNI GetEnv version=0x00010002
G4-JNI GetEnv version=0x00010002
G4-JNI GetEnv version=0x00010002
G4-JNI GetEnv version=0x00010002
android[2] trace: ....................(KK) MogaController :: Inside NativeOnMotionEvent

android[2] trace: (KK) MogaController :: Inside NativeOnMotionEvent ....................

G4-JNI GetEnv version=0x00010002
G4-JNI GetEnv version=0x00010002
G4-JNI GetEnv version=0x00010002
G4-JNI GetEnv version=0x00010002
G4-JNI GetEnv version=0x00010002
G4-JNI GetEnv version=0x00010002
G4-JNI GetEnv version=0x00010002
G4-JNI GetEnv version=0x00010002
G4-JNI GetEnv version=0x00010002
G4-JNI GetEnv version=0x00010002
G4-JNI GetEnv version=0x00010002
G4-JNI GetEnv version=0x00010002
G4-JNI GetEnv version=0x00010002
android[2] trace: ....................(KK) MogaController :: Inside NativeOnMotionEvent

android[2] trace: (KK) MogaController :: Inside NativeOnMotionEvent ....................

G6-MOGA motion frame=11903 axes=0,0,0,0,0,0
G4-JNI GetEnv version=0x00010002
G4-JNI GetEnv version=0x00010002
G4-JNI GetEnv version=0x00010002
G4-JNI GetEnv version=0x00010002
android[2] trace: ....................(KK) MogaController :: Inside NativeOnMotionEvent

android[2] trace: (KK) MogaController :: Inside NativeOnMotionEvent ....................

G4-JNI GetEnv version=0x00010002
G4-JNI GetEnv version=0x00010002
G4-JNI GetEnv version=0x00010002
G4-JNI GetEnv version=0x00010002
G4-JNI GetEnv version=0x00010002
G4-JNI GetEnv version=0x00010002
G4-JNI GetEnv version=0x00010002
G4-JNI GetEnv version=0x00010002
G4-JNI GetEnv version=0x00010002
G4-JNI GetEnv version=0x00010002
G4-JNI GetEnv version=0x00010002
G4-JNI GetEnv version=0x00010002
G4-JNI GetEnv version=0x00010002
G4-JNI GetEnv version=0x00010002
G4-JNI GetEnv version=0x00010002
android[2] trace: ....................(KK) MogaController :: Inside NativeOnMotionEvent

android[2] trace: (KK) MogaController :: Inside NativeOnMotionEvent ....................

G6-MOGA motion frame=11922 axes=0,0,0,0,0,0
G4-JNI GetEnv version=0x00010002
G4-JNI GetEnv version=0x00010002
G4-JNI GetEnv version=0x00010002
G4-JNI GetEnv version=0x00010002
G4-JNI GetEnv version=0x00010002
android[2] trace: ....................(KK) MogaController :: Inside NativeOnMotionEvent

android[2] trace: (KK) MogaController :: Inside NativeOnMotionEvent ....................

G4-JNI GetEnv version=0x00010002
G4-JNI GetEnv version=0x00010002
G4-JNI GetEnv version=0x00010002
G4-JNI GetEnv version=0x00010002
G4-JNI GetEnv version=0x00010002
G4-JNI GetEnv version=0x00010002
G4-JNI GetEnv version=0x00010002
G4-JNI GetEnv version=0x00010002
G4-JNI GetEnv version=0x00010002
G4-JNI GetEnv version=0x00010002
G4-JNI GetEnv version=0x00010002
G4-JNI GetEnv version=0x00010002
G4-JNI GetEnv version=0x00010002
G4-JNI GetEnv version=0x00010002
G4-JNI GetEnv version=0x00010002
G4-JNI GetEnv version=0x00010002
G4-JNI GetEnv version=0x00010002
G4-JNI GetEnv version=0x00010002
G4-JNI GetEnv version=0x00010002
G4-JNI GetEnv version=0x00010002
G4-JNI GetEnv version=0x00010002
G4-JNI GetEnv version=0x00010002
G4-JNI GetEnv version=0x00010002
G4-JNI GetEnv version=0x00010002
G4-JNI GetEnv version=0x00010002
G4-JNI GetEnv version=0x00010002
G4-JNI GetEnv version=0x00010002
G4-JNI GetEnv version=0x00010002
G4-JNI GetEnv version=0x00010002
android[2] trace: ....................(KK) MogaController :: Inside NativeOnMotionEvent

android[2] trace: (KK) MogaController :: Inside NativeOnMotionEvent ....................

G6-MOGA motion frame=11956 axes=0,0,0,0,0,0
G4-JNI GetEnv version=0x00010002
G4-JNI GetEnv version=0x00010002
G4-JNI GetEnv version=0x00010002
G4-JNI GetEnv version=0x00010002
G4-JNI GetEnv version=0x00010002
G4-JNI GetEnv version=0x00010002
G4-JNI GetEnv version=0x00010002
G4-JNI GetEnv version=0x00010002
G4-JNI GetEnv version=0x00010002
G4-JNI GetEnv version=0x00010002
G4-JNI GetEnv version=0x00010002
G4-JNI GetEnv version=0x00010002
android[2] trace: ....................(KK) MogaController :: Inside NativeOnMotionEvent

android[2] trace: (KK) MogaController :: Inside NativeOnMotionEvent ....................

G4-JNI GetEnv version=0x00010002
G4-JNI GetEnv version=0x00010002
G4-JNI GetEnv version=0x00010002
G4-JNI GetEnv version=0x00010002
G4-JNI GetEnv version=0x00010002
G4-JNI GetEnv version=0x00010002
G4-JNI GetEnv version=0x00010002
G4-JNI GetEnv version=0x00010002
G4-JNI GetEnv version=0x00010002
G4-JNI GetEnv version=0x00010002
android[2] trace: ....................(KK) MogaController :: Inside NativeOnMotionEvent

android[2] trace: (KK) MogaController :: Inside NativeOnMotionEvent ....................

G6-MOGA motion frame=11978 axes=0,0,0,0,0,0
G4-JNI GetEnv version=0x00010002
G4-JNI GetEnv version=0x00010002
G4-JNI GetEnv version=0x00010002
G4-JNI GetEnv version=0x00010002
G4-JNI GetEnv version=0x00010002
G6-RAW buttons=0x00000020
android[2] trace: MoGaConTrOlLeR :: ....................(KK) MogaController :: Inside nativeOnKeyEvent 

android[2] trace: ....................(KK) MogaController :: Inside nativeOnKeyEvent 103

android[2] trace: MoGaConTrOlLeR :: ....................(KK) Key Event Key R1 1111 .....................

android[2] trace: MoGaConTrOlLeR :: ....................(KK) Key Event Key Down .....................

android[2] trace: MoGaConTrOlLeR :: ....................(KK) Listener Key Press .....................

android[2] trace: MoGaConTrOlLeR :: ....................(KK) AndroidKeyCode :: MogaKeyCode (Start of func) .....................

android[2] trace: MoGaConTrOlLeR :: ....................(KK) AndroidKeyCode :: MogaKeyCode Key Press R1 .....................

android[2] trace: MoGaConTrOlLeR :: ....................(KK) AndroidKeyCode :: MogaKeyCode Key Press R1(Nitro) Racing True.....................

android[2] trace: MoGaConTrOlLeR :: (KK) MogaController :: Inside nativeOnKeyEvent ....................

G6-MOGA key frame=11983 code=103 state=down
android[2] trace: MoGaConTrOlLeR :: ....................(KK) BaseDrivingControlScheme :: OnEvent .....................

android[2] trace: MoGaConTrOlLeR :: ....................(KK) BaseDrivingControlScheme :: onKeyPress Nitro.....................

G4-JNI GetEnv version=0x00010002
G4-JNI GetEnv version=0x00010002
G4-JNI GetEnv version=0x00010002
G4-JNI GetEnv version=0x00010002
G4-JNI GetEnv version=0x00010002
G4-JNI GetEnv version=0x00010002
G4-JNI GetEnv version=0x00010002
G4-JNI GetEnv version=0x00010002
G4-JNI GetEnv version=0x00010002
G4-JNI GetEnv version=0x00010002
G4-JNI GetEnv version=0x00010002
G4-JNI GetEnv version=0x00010002
G4-JNI GetEnv version=0x00010002
G4-JNI GetEnv version=0x00010002
G4-JNI GetEnv version=0x00010002
G4-JNI GetEnv version=0x00010002
G4-JNI GetEnv version=0x00010002
G7-FRAME enter=12000
G4-JNI GetEnv version=0x00010002
G5-GL STATE frame=12000 framebuffer=0 status=0x8cd5 errors=0
G7-FRAME leave=12000
G4-JNI GetEnv version=0x00010002
G4-JNI GetEnv version=0x00010002
G4-JNI GetEnv version=0x00010002
G4-JNI GetEnv version=0x00010002
G4-JNI GetEnv version=0x00010002
G4-JNI GetEnv version=0x00010002
G4-JNI GetEnv version=0x00010002
G4-JNI GetEnv version=0x00010002
G4-JNI GetEnv version=0x00010002
G4-JNI GetEnv version=0x00010002
G4-JNI GetEnv version=0x00010002
G4-JNI GetEnv version=0x00010002
G4-JNI GetEnv version=0x00010002
G4-JNI GetEnv version=0x00010002
G4-JNI GetEnv version=0x00010002
G4-JNI GetEnv version=0x00010002
G4-JNI GetEnv version=0x00010002
G4-JNI GetEnv version=0x00010002
G4-JNI GetEnv version=0x00010002
android[2] trace: ....................(KK) MogaController :: Inside NativeOnMotionEvent

android[2] trace: (KK) MogaController :: Inside NativeOnMotionEvent ....................

G6-MOGA motion frame=12020 axes=32767,0,0,0,0,0
G4-JNI GetEnv version=0x00010002
G4-JNI GetEnv version=0x00010002
G4-JNI GetEnv version=0x00010002
G4-JNI GetEnv version=0x00010002
G4-JNI GetEnv version=0x00010002
G4-JNI GetEnv version=0x00010002
G4-JNI GetEnv version=0x00010002
android[2] trace: ....................(KK) MogaController :: Inside NativeOnMotionEvent

android[2] trace: (KK) MogaController :: Inside NativeOnMotionEvent ....................

G4-JNI GetEnv version=0x00010002
G4-JNI GetEnv version=0x00010002
G4-JNI GetEnv version=0x00010002
G4-JNI GetEnv version=0x00010002
G4-JNI GetEnv version=0x00010002
G4-JNI GetEnv version=0x00010002
G4-JNI GetEnv version=0x00010002
G4-JNI GetEnv version=0x00010002
G4-JNI GetEnv version=0x00010002
G4-JNI GetEnv version=0x00010002
G4-JNI GetEnv version=0x00010002
G4-JNI GetEnv version=0x00010002
G4-JNI GetEnv version=0x00010002
G4-JNI GetEnv version=0x00010002
G4-JNI GetEnv version=0x00010002
G4-JNI GetEnv version=0x00010002
G4-JNI GetEnv version=0x00010002
G4-JNI GetEnv version=0x00010002
G4-JNI GetEnv version=0x00010002
G4-JNI GetEnv version=0x00010002
G4-JNI GetEnv version=0x00010002
G4-JNI GetEnv version=0x00010002
G4-JNI GetEnv version=0x00010002
android[2] trace: ....................(KK) MogaController :: Inside NativeOnMotionEvent

android[2] trace: (KK) MogaController :: Inside NativeOnMotionEvent ....................

G6-MOGA motion frame=12050 axes=32767,0,0,0,0,0
G4-JNI GetEnv version=0x00010002
G4-JNI GetEnv version=0x00010002
G4-JNI GetEnv version=0x00010002
G4-JNI GetEnv version=0x00010002
G4-JNI GetEnv version=0x00010002
G4-JNI GetEnv version=0x00010002
G4-JNI GetEnv version=0x00010002
G4-JNI GetEnv version=0x00010002
G4-JNI GetEnv version=0x00010002
G4-JNI GetEnv version=0x00010002
G4-JNI GetEnv version=0x00010002
android[2] trace: ....................(KK) MogaController :: Inside NativeOnMotionEvent

android[2] trace: (KK) MogaController :: Inside NativeOnMotionEvent ....................

G4-JNI GetEnv version=0x00010002
G4-JNI GetEnv version=0x00010002
G4-JNI GetEnv version=0x00010002
G4-JNI GetEnv version=0x00010002
G4-JNI GetEnv version=0x00010002
G4-JNI GetEnv version=0x00010002
G4-JNI GetEnv version=0x00010002
G4-JNI GetEnv version=0x00010002
android[6] Sound/SoundManager/error: FMOD result of SoundManager::createSound: An error occured that wasn't supposed to.  Contact support. 

android[5] Sound/SoundManager/warn: SoundManager::createSound - 'effects/traffic/horn': failure.

android[7] fatal: Assertion failed (m_HornSound) in function PlayHornSoundCould not create Horn sound

android[6] Sound/SoundManager/error: FMOD result of SoundManager::createSound: An error occured that wasn't supposed to.  Contact support. 

android[5] Sound/SoundManager/warn: SoundManager::createSound - 'effects/collisions/car_light': failure.

G4-JNI GetEnv version=0x00010002
G4-JNI GetEnv version=0x00010002
G4-JNI GetEnv version=0x00010002
G4-JNI GetEnv version=0x00010002
G4-JNI GetEnv version=0x00010002
G4-JNI GetEnv version=0x00010002
G4-JNI GetEnv version=0x00010002
G4-JNI GetEnv version=0x00010002
G4-JNI GetEnv version=0x00010002
G4-JNI GetEnv version=0x00010002
G4-JNI GetEnv version=0x00010002
G4-JNI GetEnv version=0x00010002
G4-JNI GetEnv version=0x00010002
G4-JNI GetEnv version=0x00010002
G4-JNI GetEnv version=0x00010002
G4-JNI GetEnv version=0x00010002
G4-JNI GetEnv version=0x00010002
android[2] trace: ....................(KK) MogaController :: Inside NativeOnMotionEvent

android[2] trace: (KK) MogaController :: Inside NativeOnMotionEvent ....................

G6-MOGA motion frame=12086 axes=32767,0,0,0,0,0
G4-JNI GetEnv version=0x00010002
G4-JNI GetEnv version=0x00010002
G4-JNI GetEnv version=0x00010002
G4-JNI GetEnv version=0x00010002
G4-JNI GetEnv version=0x00010002
G4-JNI GetEnv version=0x00010002
G4-JNI GetEnv version=0x00010002
G4-JNI GetEnv version=0x00010002
G4-JNI GetEnv version=0x00010002
G4-JNI GetEnv version=0x00010002
G4-JNI GetEnv version=0x00010002
android[2] trace: ....................(KK) MogaController :: Inside NativeOnMotionEvent

android[2] trace: (KK) MogaController :: Inside NativeOnMotionEvent ....................

G4-JNI GetEnv version=0x00010002
G4-JNI GetEnv version=0x00010002
G4-JNI GetEnv version=0x00010002
G4-JNI GetEnv version=0x00010002
G4-JNI GetEnv version=0x00010002
G4-JNI GetEnv version=0x00010002
G4-JNI GetEnv version=0x00010002
G4-JNI GetEnv version=0x00010002
G4-JNI GetEnv version=0x00010002
G4-JNI GetEnv version=0x00010002
G4-JNI GetEnv version=0x00010002
G4-JNI GetEnv version=0x00010002
G4-JNI GetEnv version=0x00010002
android[2] trace: ....................(KK) MogaController :: Inside NativeOnMotionEvent

android[2] trace: (KK) MogaController :: Inside NativeOnMotionEvent ....................

G6-MOGA motion frame=12110 axes=-32767,0,0,0,0,0
G4-JNI GetEnv version=0x00010002
G4-JNI GetEnv version=0x00010002
G4-JNI GetEnv version=0x00010002
G4-JNI GetEnv version=0x00010002
G4-JNI GetEnv version=0x00010002
G4-JNI GetEnv version=0x00010002
G4-JNI GetEnv version=0x00010002
android[2] trace: ....................(KK) MogaController :: Inside NativeOnMotionEvent

android[2] trace: (KK) MogaController :: Inside NativeOnMotionEvent ....................

G4-JNI GetEnv version=0x00010002
G4-JNI GetEnv version=0x00010002
G4-JNI GetEnv version=0x00010002
G4-JNI GetEnv version=0x00010002
G4-JNI GetEnv version=0x00010002
G4-JNI GetEnv version=0x00010002
G4-JNI GetEnv version=0x00010002
G4-JNI GetEnv version=0x00010002
G4-JNI GetEnv version=0x00010002
G4-JNI GetEnv version=0x00010002
G4-JNI GetEnv version=0x00010002
G4-JNI GetEnv version=0x00010002
G4-JNI GetEnv version=0x00010002
G4-JNI GetEnv version=0x00010002
G4-JNI GetEnv version=0x00010002
android[2] trace: ....................(KK) MogaController :: Inside NativeOnMotionEvent

android[2] trace: (KK) MogaController :: Inside NativeOnMotionEvent ....................

G6-MOGA motion frame=12128 axes=32767,0,0,0,0,0
G4-JNI GetEnv version=0x00010002
G4-JNI GetEnv version=0x00010002
G4-JNI GetEnv version=0x00010002
G4-JNI GetEnv version=0x00010002
G4-JNI GetEnv version=0x00010002
G4-JNI GetEnv version=0x00010002
G4-JNI GetEnv version=0x00010002
G4-JNI GetEnv version=0x00010002
android[2] trace: ....................(KK) MogaController :: Inside NativeOnMotionEvent

android[2] trace: (KK) MogaController :: Inside NativeOnMotionEvent ....................

G4-JNI GetEnv version=0x00010002
G4-JNI GetEnv version=0x00010002
G4-JNI GetEnv version=0x00010002
G4-JNI GetEnv version=0x00010002
G4-JNI GetEnv version=0x00010002
G4-JNI GetEnv version=0x00010002
G4-JNI GetEnv version=0x00010002
G4-JNI GetEnv version=0x00010002
G4-JNI GetEnv version=0x00010002
G4-JNI GetEnv version=0x00010002
G4-JNI GetEnv version=0x00010002
G4-JNI GetEnv version=0x00010002
G4-JNI GetEnv version=0x00010002
G4-JNI GetEnv version=0x00010002
G4-JNI GetEnv version=0x00010002
G4-JNI GetEnv version=0x00010002
G4-JNI GetEnv version=0x00010002
G4-JNI GetEnv version=0x00010002
G4-JNI GetEnv version=0x00010002
G4-JNI GetEnv version=0x00010002
G4-JNI GetEnv version=0x00010002
G4-JNI GetEnv version=0x00010002
G4-JNI GetEnv version=0x00010002
G4-JNI GetEnv version=0x00010002
G4-JNI GetEnv version=0x00010002
G4-JNI GetEnv version=0x00010002
G4-JNI GetEnv version=0x00010002
G4-JNI GetEnv version=0x00010002
G4-JNI GetEnv version=0x00010002
G4-JNI GetEnv version=0x00010002
G4-JNI GetEnv version=0x00010002
G4-JNI GetEnv version=0x00010002
G4-JNI GetEnv version=0x00010002
android[2] trace: ....................(KK) MogaController :: Inside NativeOnMotionEvent

android[2] trace: (KK) MogaController :: Inside NativeOnMotionEvent ....................

G6-MOGA motion frame=12169 axes=-32767,0,0,0,0,0
G4-JNI GetEnv version=0x00010002
G4-JNI GetEnv version=0x00010002
G4-JNI GetEnv version=0x00010002
G6-RAW buttons=0x00000000
android[2] trace: MoGaConTrOlLeR :: ....................(KK) MogaController :: Inside nativeOnKeyEvent 

android[2] trace: ....................(KK) MogaController :: Inside nativeOnKeyEvent 103

android[2] trace: MoGaConTrOlLeR :: ....................(KK) Key Event Key R1 1111 .....................

android[2] trace: MoGaConTrOlLeR :: ....................(KK) Key Event Key up .....................

android[2] trace: MoGaConTrOlLeR :: ....................(KK) Listener Key Release .....................

android[2] trace: MoGaConTrOlLeR :: ....................(KK) AndroidKeyCode :: MogaKeyCode (Start of func) .....................

android[2] trace: MoGaConTrOlLeR :: ....................(KK) AndroidKeyCode :: MogaKeyCode Key Press R1 .....................

android[2] trace: MoGaConTrOlLeR :: ....................(KK) AndroidKeyCode :: MogaKeyCode Key Press R1(Nitro) Racing True.....................

android[2] trace: MoGaConTrOlLeR :: (KK) MogaController :: Inside nativeOnKeyEvent ....................

G6-MOGA key frame=12172 code=103 state=up
android[2] trace: MoGaConTrOlLeR :: ....................(KK) BaseDrivingControlScheme :: OnEvent .....................

android[2] trace: MoGaConTrOlLeR :: ....................(KK) BaseDrivingControlScheme :: OnKeyRelease Nothing :( .....................

G4-JNI GetEnv version=0x00010002
G4-JNI GetEnv version=0x00010002
G4-JNI GetEnv version=0x00010002
G4-JNI GetEnv version=0x00010002
G4-JNI GetEnv version=0x00010002
G4-JNI GetEnv version=0x00010002
android[2] trace: ....................(KK) MogaController :: Inside NativeOnMotionEvent

android[2] trace: (KK) MogaController :: Inside NativeOnMotionEvent ....................

G4-JNI GetEnv version=0x00010002
G4-JNI GetEnv version=0x00010002
G4-JNI GetEnv version=0x00010002
G4-JNI GetEnv version=0x00010002
G4-JNI GetEnv version=0x00010002
G4-JNI GetEnv version=0x00010002
G4-JNI GetEnv version=0x00010002
G4-JNI GetEnv version=0x00010002
G4-JNI GetEnv version=0x00010002
G4-JNI GetEnv version=0x00010002
G4-JNI GetEnv version=0x00010002
G4-JNI GetEnv version=0x00010002
G4-JNI GetEnv version=0x00010002
G4-JNI GetEnv version=0x00010002
G4-JNI GetEnv version=0x00010002
G4-JNI GetEnv version=0x00010002
G4-JNI GetEnv version=0x00010002
G4-JNI GetEnv version=0x00010002
G4-JNI GetEnv version=0x00010002
G4-JNI GetEnv version=0x00010002
G4-JNI GetEnv version=0x00010002
G4-JNI GetEnv version=0x00010002
G4-JNI GetEnv version=0x00010002
G4-JNI GetEnv version=0x00010002
G4-JNI GetEnv version=0x00010002
G4-JNI GetEnv version=0x00010002
G4-JNI GetEnv version=0x00010002
G4-JNI GetEnv version=0x00010002
G4-JNI GetEnv version=0x00010002
G4-JNI GetEnv version=0x00010002
G4-JNI GetEnv version=0x00010002
G4-JNI GetEnv version=0x00010002
G4-JNI GetEnv version=0x00010002
G4-JNI GetEnv version=0x00010002
G4-JNI GetEnv version=0x00010002
G4-JNI GetEnv version=0x00010002
G4-JNI GetEnv version=0x00010002
android[2] trace: ....................(KK) MogaController :: Inside NativeOnMotionEvent

android[2] trace: (KK) MogaController :: Inside NativeOnMotionEvent ....................

G6-MOGA motion frame=12215 axes=32767,0,0,0,0,0
G4-JNI GetEnv version=0x00010002
G4-JNI GetEnv version=0x00010002
G4-JNI GetEnv version=0x00010002
G4-JNI GetEnv version=0x00010002
G4-JNI GetEnv version=0x00010002
G4-JNI GetEnv version=0x00010002
G4-JNI GetEnv version=0x00010002
G4-JNI GetEnv version=0x00010002
G4-JNI GetEnv version=0x00010002
G4-JNI GetEnv version=0x00010002
android[2] trace: ....................(KK) MogaController :: Inside NativeOnMotionEvent

android[2] trace: (KK) MogaController :: Inside NativeOnMotionEvent ....................

G4-JNI GetEnv version=0x00010002
G4-JNI GetEnv version=0x00010002
G4-JNI GetEnv version=0x00010002
G4-JNI GetEnv version=0x00010002
G4-JNI GetEnv version=0x00010002
G4-JNI GetEnv version=0x00010002
G4-JNI GetEnv version=0x00010002
G4-JNI GetEnv version=0x00010002
G4-JNI GetEnv version=0x00010002
G4-JNI GetEnv version=0x00010002
G4-JNI GetEnv version=0x00010002
G4-JNI GetEnv version=0x00010002
G4-JNI GetEnv version=0x00010002
android[2] trace: ....................(KK) MogaController :: Inside NativeOnMotionEvent

android[2] trace: (KK) MogaController :: Inside NativeOnMotionEvent ....................

G6-MOGA motion frame=12238 axes=32767,0,0,0,0,0
G4-JNI GetEnv version=0x00010002
G4-JNI GetEnv version=0x00010002
G4-JNI GetEnv version=0x00010002
G4-JNI GetEnv version=0x00010002
G4-JNI GetEnv version=0x00010002
G4-JNI GetEnv version=0x00010002
G4-JNI GetEnv version=0x00010002
G4-JNI GetEnv version=0x00010002
G4-JNI GetEnv version=0x00010002
G4-JNI GetEnv version=0x00010002
G4-JNI GetEnv version=0x00010002
G4-JNI GetEnv version=0x00010002
android[2] trace: ....................(KK) MogaController :: Inside NativeOnMotionEvent

android[2] trace: (KK) MogaController :: Inside NativeOnMotionEvent ....................

G4-JNI GetEnv version=0x00010002
G4-JNI GetEnv version=0x00010002
G4-JNI GetEnv version=0x00010002
G4-JNI GetEnv version=0x00010002
G4-JNI GetEnv version=0x00010002
G4-JNI GetEnv version=0x00010002
G4-JNI GetEnv version=0x00010002
G4-JNI GetEnv version=0x00010002
G4-JNI GetEnv version=0x00010002
G4-JNI GetEnv version=0x00010002
G4-JNI GetEnv version=0x00010002
android[2] trace: ....................(KK) MogaController :: Inside NativeOnMotionEvent

android[2] trace: (KK) MogaController :: Inside NativeOnMotionEvent ....................

G6-MOGA motion frame=12261 axes=32767,0,0,0,0,0
G4-JNI GetEnv version=0x00010002
G4-JNI GetEnv version=0x00010002
G4-JNI GetEnv version=0x00010002
G4-JNI GetEnv version=0x00010002
G4-JNI GetEnv version=0x00010002
G4-JNI GetEnv version=0x00010002
G4-JNI GetEnv version=0x00010002
G4-JNI GetEnv version=0x00010002
G4-JNI GetEnv version=0x00010002
G4-JNI GetEnv version=0x00010002
G4-JNI GetEnv version=0x00010002
G4-JNI GetEnv version=0x00010002
G4-JNI GetEnv version=0x00010002
G4-JNI GetEnv version=0x00010002
android[2] trace: ....................(KK) MogaController :: Inside NativeOnMotionEvent

android[2] trace: (KK) MogaController :: Inside NativeOnMotionEvent ....................

G4-JNI GetEnv version=0x00010002
G4-JNI GetEnv version=0x00010002
G4-JNI GetEnv version=0x00010002
G4-JNI GetEnv version=0x00010002
android[2] trace: ....................(KK) MogaController :: Inside NativeOnMotionEvent

android[2] trace: (KK) MogaController :: Inside NativeOnMotionEvent ....................

G6-MOGA motion frame=12279 axes=32767,0,0,0,0,0
G4-JNI GetEnv version=0x00010002
G4-JNI GetEnv version=0x00010002
G4-JNI GetEnv version=0x00010002
G4-JNI GetEnv version=0x00010002
G4-JNI GetEnv version=0x00010002
G4-JNI GetEnv version=0x00010002
G4-JNI GetEnv version=0x00010002
G4-JNI GetEnv version=0x00010002
G4-JNI GetEnv version=0x00010002
G4-JNI GetEnv version=0x00010002
G4-JNI GetEnv version=0x00010002
G4-JNI GetEnv version=0x00010002
android[2] trace: ....................(KK) MogaController :: Inside NativeOnMotionEvent

android[2] trace: (KK) MogaController :: Inside NativeOnMotionEvent ....................

G4-JNI GetEnv version=0x00010002
G4-JNI GetEnv version=0x00010002
G4-JNI GetEnv version=0x00010002
G4-JNI GetEnv version=0x00010002
G4-JNI GetEnv version=0x00010002
G4-JNI GetEnv version=0x00010002
G4-JNI GetEnv version=0x00010002
G4-JNI GetEnv version=0x00010002
G4-JNI GetEnv version=0x00010002
G7-FRAME enter=12300
G4-JNI GetEnv version=0x00010002
G5-GL STATE frame=12300 framebuffer=0 status=0x8cd5 errors=0
G7-FRAME leave=12300
G4-JNI GetEnv version=0x00010002
G4-JNI GetEnv version=0x00010002
G4-JNI GetEnv version=0x00010002
G4-JNI GetEnv version=0x00010002
G4-JNI GetEnv version=0x00010002
G4-JNI GetEnv version=0x00010002
G4-JNI GetEnv version=0x00010002
G4-JNI GetEnv version=0x00010002
G4-JNI GetEnv version=0x00010002
G4-JNI GetEnv version=0x00010002
android[2] trace: ....................(KK) MogaController :: Inside NativeOnMotionEvent

android[2] trace: (KK) MogaController :: Inside NativeOnMotionEvent ....................

G6-MOGA motion frame=12311 axes=32767,0,0,0,0,0
G4-JNI GetEnv version=0x00010002
G4-JNI GetEnv version=0x00010002
G4-JNI GetEnv version=0x00010002
G4-JNI GetEnv version=0x00010002
G4-JNI GetEnv version=0x00010002
G4-JNI GetEnv version=0x00010002
G4-JNI GetEnv version=0x00010002
G4-JNI GetEnv version=0x00010002
G4-JNI GetEnv version=0x00010002
G4-JNI GetEnv version=0x00010002
G4-JNI GetEnv version=0x00010002
G4-JNI GetEnv version=0x00010002
G4-JNI GetEnv version=0x00010002
G4-JNI GetEnv version=0x00010002
G4-JNI GetEnv version=0x00010002
G4-JNI GetEnv version=0x00010002
android[2] trace: ....................(KK) MogaController :: Inside NativeOnMotionEvent

android[2] trace: (KK) MogaController :: Inside NativeOnMotionEvent ....................

G6-MOGA motion frame=12327 axes=0,0,0,0,0,0
G4-JNI GetEnv version=0x00010002
G4-JNI GetEnv version=0x00010002
G4-JNI GetEnv version=0x00010002
G4-JNI GetEnv version=0x00010002
G4-JNI GetEnv version=0x00010002
G4-JNI GetEnv version=0x00010002
G4-JNI GetEnv version=0x00010002
G4-JNI GetEnv version=0x00010002
android[2] trace: ....................(KK) MogaController :: Inside NativeOnMotionEvent

android[2] trace: (KK) MogaController :: Inside NativeOnMotionEvent ....................

G4-JNI GetEnv version=0x00010002
G4-JNI GetEnv version=0x00010002
G4-JNI GetEnv version=0x00010002
G4-JNI GetEnv version=0x00010002
G4-JNI GetEnv version=0x00010002
G4-JNI GetEnv version=0x00010002
G4-JNI GetEnv version=0x00010002
G4-JNI GetEnv version=0x00010002
G4-JNI GetEnv version=0x00010002
android[2] trace: ....................(KK) MogaController :: Inside NativeOnMotionEvent

android[2] trace: (KK) MogaController :: Inside NativeOnMotionEvent ....................

G6-MOGA motion frame=12344 axes=0,0,0,0,0,0
G4-JNI GetEnv version=0x00010002
G4-JNI GetEnv version=0x00010002
G4-JNI GetEnv version=0x00010002
G4-JNI GetEnv version=0x00010002
G4-JNI GetEnv version=0x00010002
G4-JNI GetEnv version=0x00010002
G4-JNI GetEnv version=0x00010002
G4-JNI GetEnv version=0x00010002
G4-JNI GetEnv version=0x00010002
G4-JNI GetEnv version=0x00010002
G4-JNI GetEnv version=0x00010002
G4-JNI GetEnv version=0x00010002
G4-JNI GetEnv version=0x00010002
G4-JNI GetEnv version=0x00010002
G4-JNI GetEnv version=0x00010002
android[2] trace: ....................(KK) MogaController :: Inside NativeOnMotionEvent

android[2] trace: (KK) MogaController :: Inside NativeOnMotionEvent ....................

G6-MOGA motion frame=12359 axes=32767,0,0,0,0,0
G4-JNI GetEnv version=0x00010002
G4-JNI GetEnv version=0x00010002
G4-JNI GetEnv version=0x00010002
android[2] trace: ....................(KK) MogaController :: Inside NativeOnMotionEvent

android[2] trace: (KK) MogaController :: Inside NativeOnMotionEvent ....................

G4-JNI GetEnv version=0x00010002
G4-JNI GetEnv version=0x00010002
G4-JNI GetEnv version=0x00010002
G4-JNI GetEnv version=0x00010002
G4-JNI GetEnv version=0x00010002
G4-JNI GetEnv version=0x00010002
G4-JNI GetEnv version=0x00010002
G4-JNI GetEnv version=0x00010002
G4-JNI GetEnv version=0x00010002
G4-JNI GetEnv version=0x00010002
G4-JNI GetEnv version=0x00010002
android[2] trace: ....................(KK) MogaController :: Inside NativeOnMotionEvent

android[2] trace: (KK) MogaController :: Inside NativeOnMotionEvent ....................

G4-JNI GetEnv version=0x00010002
G4-JNI GetEnv version=0x00010002
G4-JNI GetEnv version=0x00010002
G4-JNI GetEnv version=0x00010002
G4-JNI GetEnv version=0x00010002
G4-JNI GetEnv version=0x00010002
G4-JNI GetEnv version=0x00010002
G4-JNI GetEnv version=0x00010002
android[2] trace: ....................(KK) MogaController :: Inside NativeOnMotionEvent

android[2] trace: (KK) MogaController :: Inside NativeOnMotionEvent ....................

G6-MOGA motion frame=12381 axes=0,0,0,0,0,0
G4-JNI GetEnv version=0x00010002
G4-JNI GetEnv version=0x00010002
G4-JNI GetEnv version=0x00010002
G4-JNI GetEnv version=0x00010002
G4-JNI GetEnv version=0x00010002
G4-JNI GetEnv version=0x00010002
G4-JNI GetEnv version=0x00010002
G4-JNI GetEnv version=0x00010002
G4-JNI GetEnv version=0x00010002
G4-JNI GetEnv version=0x00010002
G4-JNI GetEnv version=0x00010002
G4-JNI GetEnv version=0x00010002
G4-JNI GetEnv version=0x00010002
G4-JNI GetEnv version=0x00010002
G4-JNI GetEnv version=0x00010002
android[2] trace: ....................(KK) MogaController :: Inside NativeOnMotionEvent

android[2] trace: (KK) MogaController :: Inside NativeOnMotionEvent ....................

G6-MOGA motion frame=12396 axes=-32767,0,0,0,0,0
G4-JNI GetEnv version=0x00010002
G4-JNI GetEnv version=0x00010002
G4-JNI GetEnv version=0x00010002
G4-JNI GetEnv version=0x00010002
G4-JNI GetEnv version=0x00010002
G4-JNI GetEnv version=0x00010002
android[2] trace: ....................(KK) MogaController :: Inside NativeOnMotionEvent

android[2] trace: (KK) MogaController :: Inside NativeOnMotionEvent ....................

G4-JNI GetEnv version=0x00010002
G4-JNI GetEnv version=0x00010002
G4-JNI GetEnv version=0x00010002
G4-JNI GetEnv version=0x00010002
G4-JNI GetEnv version=0x00010002
G4-JNI GetEnv version=0x00010002
G4-JNI GetEnv version=0x00010002
G4-JNI GetEnv version=0x00010002
G4-JNI GetEnv version=0x00010002
G4-JNI GetEnv version=0x00010002
G4-JNI GetEnv version=0x00010002
G4-JNI GetEnv version=0x00010002
G4-JNI GetEnv version=0x00010002
G4-JNI GetEnv version=0x00010002
G4-JNI GetEnv version=0x00010002
G4-JNI GetEnv version=0x00010002
G4-JNI GetEnv version=0x00010002
G4-JNI GetEnv version=0x00010002
G4-JNI GetEnv version=0x00010002
G4-JNI GetEnv version=0x00010002
G4-JNI GetEnv version=0x00010002
G4-JNI GetEnv version=0x00010002
G4-JNI GetEnv version=0x00010002
G4-JNI GetEnv version=0x00010002
G4-JNI GetEnv version=0x00010002
G4-JNI GetEnv version=0x00010002
G4-JNI GetEnv version=0x00010002
G4-JNI GetEnv version=0x00010002
G4-JNI GetEnv version=0x00010002
G4-JNI GetEnv version=0x00010002
G4-JNI GetEnv version=0x00010002
G4-JNI GetEnv version=0x00010002
G4-JNI GetEnv version=0x00010002
G4-JNI GetEnv version=0x00010002
G4-JNI GetEnv version=0x00010002
G4-JNI GetEnv version=0x00010002
G4-JNI GetEnv version=0x00010002
G4-JNI GetEnv version=0x00010002
G4-JNI GetEnv version=0x00010002
G4-JNI GetEnv version=0x00010002
G4-JNI GetEnv version=0x00010002
G4-JNI GetEnv version=0x00010002
android[2] trace: ....................(KK) MogaController :: Inside NativeOnMotionEvent

android[2] trace: (KK) MogaController :: Inside NativeOnMotionEvent ....................

G6-MOGA motion frame=12444 axes=-32767,0,0,0,0,0
G4-JNI GetEnv version=0x00010002
G4-JNI GetEnv version=0x00010002
G4-JNI GetEnv version=0x00010002
G4-JNI GetEnv version=0x00010002
G4-JNI GetEnv version=0x00010002
G4-JNI GetEnv version=0x00010002
G4-JNI GetEnv version=0x00010002
G4-JNI GetEnv version=0x00010002
G4-JNI GetEnv version=0x00010002
G4-JNI GetEnv version=0x00010002
G4-JNI GetEnv version=0x00010002
android[2] trace: ....................(KK) MogaController :: Inside NativeOnMotionEvent

android[2] trace: (KK) MogaController :: Inside NativeOnMotionEvent ....................

G4-JNI GetEnv version=0x00010002
G4-JNI GetEnv version=0x00010002
G4-JNI GetEnv version=0x00010002
G4-JNI GetEnv version=0x00010002
G4-JNI GetEnv version=0x00010002
G4-JNI GetEnv version=0x00010002
G4-JNI GetEnv version=0x00010002
G4-JNI GetEnv version=0x00010002
G4-JNI GetEnv version=0x00010002
G4-JNI GetEnv version=0x00010002
android[2] trace: ....................(KK) MogaController :: Inside NativeOnMotionEvent

android[2] trace: (KK) MogaController :: Inside NativeOnMotionEvent ....................

G6-MOGA motion frame=12465 axes=-32767,0,0,0,0,0
G4-JNI GetEnv version=0x00010002
G4-JNI GetEnv version=0x00010002
G4-JNI GetEnv version=0x00010002
G4-JNI GetEnv version=0x00010002
G4-JNI GetEnv version=0x00010002
G4-JNI GetEnv version=0x00010002
G4-JNI GetEnv version=0x00010002
G4-JNI GetEnv version=0x00010002
G4-JNI GetEnv version=0x00010002
G4-JNI GetEnv version=0x00010002
G4-JNI GetEnv version=0x00010002
G4-JNI GetEnv version=0x00010002
G4-JNI GetEnv version=0x00010002
android[2] trace: ....................(KK) MogaController :: Inside NativeOnMotionEvent

android[2] trace: (KK) MogaController :: Inside NativeOnMotionEvent ....................

G4-JNI GetEnv version=0x00010002
G4-JNI GetEnv version=0x00010002
G4-JNI GetEnv version=0x00010002
G4-JNI GetEnv version=0x00010002
G4-JNI GetEnv version=0x00010002
G4-JNI GetEnv version=0x00010002
G4-JNI GetEnv version=0x00010002
G4-JNI GetEnv version=0x00010002
G4-JNI GetEnv version=0x00010002
G4-JNI GetEnv version=0x00010002
G4-JNI GetEnv version=0x00010002
G4-JNI GetEnv version=0x00010002
G4-JNI GetEnv version=0x00010002
android[2] trace: ....................(KK) MogaController :: Inside NativeOnMotionEvent

android[2] trace: (KK) MogaController :: Inside NativeOnMotionEvent ....................

G6-MOGA motion frame=12491 axes=-32767,0,0,0,0,0
G4-JNI GetEnv version=0x00010002
G4-JNI GetEnv version=0x00010002
G4-JNI GetEnv version=0x00010002
G4-JNI GetEnv version=0x00010002
G4-JNI GetEnv version=0x00010002
G4-JNI GetEnv version=0x00010002
G4-JNI GetEnv version=0x00010002
G4-JNI GetEnv version=0x00010002
android[2] trace: ....................(KK) MogaController :: Inside NativeOnMotionEvent

android[2] trace: (KK) MogaController :: Inside NativeOnMotionEvent ....................

G4-JNI GetEnv version=0x00010002
G4-JNI GetEnv version=0x00010002
G4-JNI GetEnv version=0x00010002
G4-JNI GetEnv version=0x00010002
G4-JNI GetEnv version=0x00010002
G4-JNI GetEnv version=0x00010002
G4-JNI GetEnv version=0x00010002
G4-JNI GetEnv version=0x00010002
G4-JNI GetEnv version=0x00010002
G4-JNI GetEnv version=0x00010002
G4-JNI GetEnv version=0x00010002
G4-JNI GetEnv version=0x00010002
G4-JNI GetEnv version=0x00010002
G4-JNI GetEnv version=0x00010002
G4-JNI GetEnv version=0x00010002
G4-JNI GetEnv version=0x00010002
G4-JNI GetEnv version=0x00010002
G4-JNI GetEnv version=0x00010002
G4-JNI GetEnv version=0x00010002
G4-JNI GetEnv version=0x00010002
G4-JNI GetEnv version=0x00010002
G4-JNI GetEnv version=0x00010002
G4-JNI GetEnv version=0x00010002
G4-JNI GetEnv version=0x00010002
G4-JNI GetEnv version=0x00010002
G4-JNI GetEnv version=0x00010002
G4-JNI GetEnv version=0x00010002
G4-JNI GetEnv version=0x00010002
G4-JNI GetEnv version=0x00010002
G4-JNI GetEnv version=0x00010002
G4-JNI GetEnv version=0x00010002
G4-JNI GetEnv version=0x00010002
G4-JNI GetEnv version=0x00010002
G4-JNI GetEnv version=0x00010002
G4-JNI GetEnv version=0x00010002
G4-JNI GetEnv version=0x00010002
G4-JNI GetEnv version=0x00010002
G4-JNI GetEnv version=0x00010002
android[2] trace: ....................(KK) MogaController :: Inside NativeOnMotionEvent

android[2] trace: (KK) MogaController :: Inside NativeOnMotionEvent ....................

G6-MOGA motion frame=12537 axes=-32767,0,0,0,0,0
G4-JNI GetEnv version=0x00010002
G4-JNI GetEnv version=0x00010002
G4-JNI GetEnv version=0x00010002
G4-JNI GetEnv version=0x00010002
G4-JNI GetEnv version=0x00010002
G4-JNI GetEnv version=0x00010002
G4-JNI GetEnv version=0x00010002
android[2] trace: ....................(KK) MogaController :: Inside NativeOnMotionEvent

android[2] trace: (KK) MogaController :: Inside NativeOnMotionEvent ....................

G4-JNI GetEnv version=0x00010002
G4-JNI GetEnv version=0x00010002
G4-JNI GetEnv version=0x00010002
G4-JNI GetEnv version=0x00010002
G4-JNI GetEnv version=0x00010002
G4-JNI GetEnv version=0x00010002
G4-JNI GetEnv version=0x00010002
G4-JNI GetEnv version=0x00010002
G4-JNI GetEnv version=0x00010002
G4-JNI GetEnv version=0x00010002
G4-JNI GetEnv version=0x00010002
G4-JNI GetEnv version=0x00010002
G4-JNI GetEnv version=0x00010002
G4-JNI GetEnv version=0x00010002
G4-JNI GetEnv version=0x00010002
G4-JNI GetEnv version=0x00010002
G4-JNI GetEnv version=0x00010002
G4-JNI GetEnv version=0x00010002
android[2] trace: ....................(KK) MogaController :: Inside NativeOnMotionEvent

android[2] trace: (KK) MogaController :: Inside NativeOnMotionEvent ....................

G6-MOGA motion frame=12562 axes=-32767,0,0,0,0,0
G4-JNI GetEnv version=0x00010002
G4-JNI GetEnv version=0x00010002
G4-JNI GetEnv version=0x00010002
G4-JNI GetEnv version=0x00010002
G4-JNI GetEnv version=0x00010002
G4-JNI GetEnv version=0x00010002
G4-JNI GetEnv version=0x00010002
android[2] trace: ....................(KK) MogaController :: Inside NativeOnMotionEvent

android[2] trace: (KK) MogaController :: Inside NativeOnMotionEvent ....................

G4-JNI GetEnv version=0x00010002
G4-JNI GetEnv version=0x00010002
G4-JNI GetEnv version=0x00010002
G4-JNI GetEnv version=0x00010002
G4-JNI GetEnv version=0x00010002
G4-JNI GetEnv version=0x00010002
G4-JNI GetEnv version=0x00010002
G4-JNI GetEnv version=0x00010002
G4-JNI GetEnv version=0x00010002
G4-JNI GetEnv version=0x00010002
G4-JNI GetEnv version=0x00010002
G4-JNI GetEnv version=0x00010002
G4-JNI GetEnv version=0x00010002
G4-JNI GetEnv version=0x00010002
G4-JNI GetEnv version=0x00010002
G4-JNI GetEnv version=0x00010002
G4-JNI GetEnv version=0x00010002
G4-JNI GetEnv version=0x00010002
G4-JNI GetEnv version=0x00010002
android[2] trace: ....................(KK) MogaController :: Inside NativeOnMotionEvent

android[2] trace: (KK) MogaController :: Inside NativeOnMotionEvent ....................

G6-MOGA motion frame=12588 axes=-32767,0,0,0,0,0
G4-JNI GetEnv version=0x00010002
G4-JNI GetEnv version=0x00010002
G4-JNI GetEnv version=0x00010002
G4-JNI GetEnv version=0x00010002
G4-JNI GetEnv version=0x00010002
G4-JNI GetEnv version=0x00010002
G4-JNI GetEnv version=0x00010002
android[2] trace: ....................(KK) MogaController :: Inside NativeOnMotionEvent

android[2] trace: (KK) MogaController :: Inside NativeOnMotionEvent ....................

G4-JNI GetEnv version=0x00010002
G4-JNI GetEnv version=0x00010002
G4-JNI GetEnv version=0x00010002
G4-JNI GetEnv version=0x00010002
G4-JNI GetEnv version=0x00010002
G7-FRAME enter=12600
G4-JNI GetEnv version=0x00010002
G5-GL STATE frame=12600 framebuffer=0 status=0x8cd5 errors=0
G7-FRAME leave=12600
G4-JNI GetEnv version=0x00010002
G4-JNI GetEnv version=0x00010002
G4-JNI GetEnv version=0x00010002
G4-JNI GetEnv version=0x00010002
G4-JNI GetEnv version=0x00010002
G4-JNI GetEnv version=0x00010002
G4-JNI GetEnv version=0x00010002
G4-JNI GetEnv version=0x00010002
G4-JNI GetEnv version=0x00010002
android[2] trace: ....................(KK) MogaController :: Inside NativeOnMotionEvent

android[2] trace: (KK) MogaController :: Inside NativeOnMotionEvent ....................

G6-MOGA motion frame=12610 axes=-32767,0,0,0,0,0
G4-JNI GetEnv version=0x00010002
G4-JNI GetEnv version=0x00010002
G4-JNI GetEnv version=0x00010002
G4-JNI GetEnv version=0x00010002
G4-JNI GetEnv version=0x00010002
G4-JNI GetEnv version=0x00010002
G4-JNI GetEnv version=0x00010002
G4-JNI GetEnv version=0x00010002
G4-JNI GetEnv version=0x00010002
G4-JNI GetEnv version=0x00010002
android[2] trace: ....................(KK) MogaController :: Inside NativeOnMotionEvent

android[2] trace: (KK) MogaController :: Inside NativeOnMotionEvent ....................

G4-JNI GetEnv version=0x00010002
G4-JNI GetEnv version=0x00010002
G4-JNI GetEnv version=0x00010002
G4-JNI GetEnv version=0x00010002
G4-JNI GetEnv version=0x00010002
G4-JNI GetEnv version=0x00010002
G4-JNI GetEnv version=0x00010002
G4-JNI GetEnv version=0x00010002
G4-JNI GetEnv version=0x00010002
G4-JNI GetEnv version=0x00010002
G4-JNI GetEnv version=0x00010002
G4-JNI GetEnv version=0x00010002
G4-JNI GetEnv version=0x00010002
G4-JNI GetEnv version=0x00010002
G4-JNI GetEnv version=0x00010002
G4-JNI GetEnv version=0x00010002
G4-JNI GetEnv version=0x00010002
G4-JNI GetEnv version=0x00010002
G4-JNI GetEnv version=0x00010002
G4-JNI GetEnv version=0x00010002
G4-JNI GetEnv version=0x00010002
G4-JNI GetEnv version=0x00010002
G4-JNI GetEnv version=0x00010002
G4-JNI GetEnv version=0x00010002
G4-JNI GetEnv version=0x00010002
android[2] trace: ....................(KK) MogaController :: Inside NativeOnMotionEvent

android[2] trace: (KK) MogaController :: Inside NativeOnMotionEvent ....................

G6-MOGA motion frame=12645 axes=-32767,0,0,0,0,0
G4-JNI GetEnv version=0x00010002
G4-JNI GetEnv version=0x00010002
G4-JNI GetEnv version=0x00010002
G4-JNI GetEnv version=0x00010002
G4-JNI GetEnv version=0x00010002
G4-JNI GetEnv version=0x00010002
android[2] trace: ....................(KK) MogaController :: Inside NativeOnMotionEvent

android[2] trace: (KK) MogaController :: Inside NativeOnMotionEvent ....................

G4-JNI GetEnv version=0x00010002
G4-JNI GetEnv version=0x00010002
G4-JNI GetEnv version=0x00010002
G4-JNI GetEnv version=0x00010002
G4-JNI GetEnv version=0x00010002
G4-JNI GetEnv version=0x00010002
G4-JNI GetEnv version=0x00010002
G4-JNI GetEnv version=0x00010002
G4-JNI GetEnv version=0x00010002
G4-JNI GetEnv version=0x00010002
G4-JNI GetEnv version=0x00010002
G4-JNI GetEnv version=0x00010002
G4-JNI GetEnv version=0x00010002
G4-JNI GetEnv version=0x00010002
G4-JNI GetEnv version=0x00010002
G4-JNI GetEnv version=0x00010002
G4-JNI GetEnv version=0x00010002
G4-JNI GetEnv version=0x00010002
G4-JNI GetEnv version=0x00010002
G4-JNI GetEnv version=0x00010002
G4-JNI GetEnv version=0x00010002
G4-JNI GetEnv version=0x00010002
G4-JNI GetEnv version=0x00010002
G4-JNI GetEnv version=0x00010002
G4-JNI GetEnv version=0x00010002
G4-JNI GetEnv version=0x00010002
G4-JNI GetEnv version=0x00010002
G4-JNI GetEnv version=0x00010002
G4-JNI GetEnv version=0x00010002
G4-JNI GetEnv version=0x00010002
G4-JNI GetEnv version=0x00010002
G4-JNI GetEnv version=0x00010002
G4-JNI GetEnv version=0x00010002
G4-JNI GetEnv version=0x00010002
G4-JNI GetEnv version=0x00010002
G4-JNI GetEnv version=0x00010002
G4-JNI GetEnv version=0x00010002
G4-JNI GetEnv version=0x00010002
G4-JNI GetEnv version=0x00010002
G4-JNI GetEnv version=0x00010002
G4-JNI GetEnv version=0x00010002
G4-JNI GetEnv version=0x00010002
G4-JNI GetEnv version=0x00010002
G4-JNI GetEnv version=0x00010002
G4-JNI GetEnv version=0x00010002
G4-JNI GetEnv version=0x00010002
G4-JNI GetEnv version=0x00010002
G4-JNI GetEnv version=0x00010002
G4-JNI GetEnv version=0x00010002
G4-JNI GetEnv version=0x00010002
G4-JNI GetEnv version=0x00010002
G4-JNI GetEnv version=0x00010002
G4-JNI GetEnv version=0x00010002
G4-JNI GetEnv version=0x00010002
G4-JNI GetEnv version=0x00010002
G4-JNI GetEnv version=0x00010002
G4-JNI GetEnv version=0x00010002
G4-JNI GetEnv version=0x00010002
G4-JNI GetEnv version=0x00010002
G4-JNI GetEnv version=0x00010002
G4-JNI GetEnv version=0x00010002
G4-JNI GetEnv version=0x00010002
G4-JNI GetEnv version=0x00010002
G4-JNI GetEnv version=0x00010002
G4-JNI GetEnv version=0x00010002
G4-JNI GetEnv version=0x00010002
G4-JNI GetEnv version=0x00010002
G4-JNI GetEnv version=0x00010002
G4-JNI GetEnv version=0x00010002
G4-JNI GetEnv version=0x00010002
G4-JNI GetEnv version=0x00010002
G4-JNI GetEnv version=0x00010002
G4-JNI GetEnv version=0x00010002
G4-JNI GetEnv version=0x00010002
G4-JNI GetEnv version=0x00010002
G4-JNI GetEnv version=0x00010002
G4-JNI GetEnv version=0x00010002
G4-JNI GetEnv version=0x00010002
android[2] trace: ....................(KK) MogaController :: Inside NativeOnMotionEvent

android[2] trace: (KK) MogaController :: Inside NativeOnMotionEvent ....................

G6-MOGA motion frame=12729 axes=-32767,0,0,0,0,0
G4-JNI GetEnv version=0x00010002
G4-JNI GetEnv version=0x00010002
G4-JNI GetEnv version=0x00010002
G4-JNI GetEnv version=0x00010002
G4-JNI GetEnv version=0x00010002
G4-JNI GetEnv version=0x00010002
android[2] trace: ....................(KK) MogaController :: Inside NativeOnMotionEvent

android[2] trace: (KK) MogaController :: Inside NativeOnMotionEvent ....................

G4-JNI GetEnv version=0x00010002
G4-JNI GetEnv version=0x00010002
G4-JNI GetEnv version=0x00010002
G4-JNI GetEnv version=0x00010002
G4-JNI GetEnv version=0x00010002
G4-JNI GetEnv version=0x00010002
G4-JNI GetEnv version=0x00010002
G4-JNI GetEnv version=0x00010002
G4-JNI GetEnv version=0x00010002
G4-JNI GetEnv version=0x00010002
G4-JNI GetEnv version=0x00010002
android[2] trace: ....................(KK) MogaController :: Inside NativeOnMotionEvent

android[2] trace: (KK) MogaController :: Inside NativeOnMotionEvent ....................

G6-MOGA motion frame=12746 axes=-32767,0,0,0,0,0
G4-JNI GetEnv version=0x00010002
G4-JNI GetEnv version=0x00010002
G4-JNI GetEnv version=0x00010002
G4-JNI GetEnv version=0x00010002
G4-JNI GetEnv version=0x00010002
G4-JNI GetEnv version=0x00010002
G4-JNI GetEnv version=0x00010002
android[2] trace: ....................(KK) MogaController :: Inside NativeOnMotionEvent

android[2] trace: (KK) MogaController :: Inside NativeOnMotionEvent ....................

G4-JNI GetEnv version=0x00010002
G4-JNI GetEnv version=0x00010002
G4-JNI GetEnv version=0x00010002
G4-JNI GetEnv version=0x00010002
G4-JNI GetEnv version=0x00010002
G4-JNI GetEnv version=0x00010002
G4-JNI GetEnv version=0x00010002
G4-JNI GetEnv version=0x00010002
android[2] trace: ....................(KK) MogaController :: Inside NativeOnMotionEvent

android[2] trace: (KK) MogaController :: Inside NativeOnMotionEvent ....................

G6-MOGA motion frame=12761 axes=-32767,0,0,0,0,0
G4-JNI GetEnv version=0x00010002
G4-JNI GetEnv version=0x00010002
G4-JNI GetEnv version=0x00010002
G4-JNI GetEnv version=0x00010002
G4-JNI GetEnv version=0x00010002
G4-JNI GetEnv version=0x00010002
G4-JNI GetEnv version=0x00010002
G4-JNI GetEnv version=0x00010002
G4-JNI GetEnv version=0x00010002
G4-JNI GetEnv version=0x00010002
android[2] trace: ....................(KK) MogaController :: Inside NativeOnMotionEvent

android[2] trace: (KK) MogaController :: Inside NativeOnMotionEvent ....................

G4-JNI GetEnv version=0x00010002
G4-JNI GetEnv version=0x00010002
G4-JNI GetEnv version=0x00010002
G4-JNI GetEnv version=0x00010002
G4-JNI GetEnv version=0x00010002
G4-JNI GetEnv version=0x00010002
G4-JNI GetEnv version=0x00010002
G4-JNI GetEnv version=0x00010002
G4-JNI GetEnv version=0x00010002
G4-JNI GetEnv version=0x00010002
G4-JNI GetEnv version=0x00010002
G4-JNI GetEnv version=0x00010002
G4-JNI GetEnv version=0x00010002
G4-JNI GetEnv version=0x00010002
G4-JNI GetEnv version=0x00010002
G4-JNI GetEnv version=0x00010002
G4-JNI GetEnv version=0x00010002
G4-JNI GetEnv version=0x00010002
G4-JNI GetEnv version=0x00010002
android[2] trace: ....................(KK) MogaController :: Inside NativeOnMotionEvent

android[2] trace: (KK) MogaController :: Inside NativeOnMotionEvent ....................

G6-MOGA motion frame=12790 axes=-32767,0,0,0,0,0
G4-JNI GetEnv version=0x00010002
G4-JNI GetEnv version=0x00010002
G4-JNI GetEnv version=0x00010002
G4-JNI GetEnv version=0x00010002
G4-JNI GetEnv version=0x00010002
G4-JNI GetEnv version=0x00010002
G4-JNI GetEnv version=0x00010002
android[2] trace: ....................(KK) MogaController :: Inside NativeOnMotionEvent

android[2] trace: (KK) MogaController :: Inside NativeOnMotionEvent ....................

G4-JNI GetEnv version=0x00010002
G4-JNI GetEnv version=0x00010002
G4-JNI GetEnv version=0x00010002
G4-JNI GetEnv version=0x00010002
G4-JNI GetEnv version=0x00010002
G4-JNI GetEnv version=0x00010002
G4-JNI GetEnv version=0x00010002
G4-JNI GetEnv version=0x00010002
G4-JNI GetEnv version=0x00010002
android[2] trace: ....................(KK) MogaController :: Inside NativeOnMotionEvent

android[2] trace: (KK) MogaController :: Inside NativeOnMotionEvent ....................

G6-MOGA motion frame=12806 axes=-32767,0,0,0,0,0
G4-JNI GetEnv version=0x00010002
G4-JNI GetEnv version=0x00010002
G4-JNI GetEnv version=0x00010002
G4-JNI GetEnv version=0x00010002
G4-JNI GetEnv version=0x00010002
G4-JNI GetEnv version=0x00010002
G4-JNI GetEnv version=0x00010002
G4-JNI GetEnv version=0x00010002
G4-JNI GetEnv version=0x00010002
android[2] trace: ....................(KK) MogaController :: Inside NativeOnMotionEvent

android[2] trace: (KK) MogaController :: Inside NativeOnMotionEvent ....................

G4-JNI GetEnv version=0x00010002
G4-JNI GetEnv version=0x00010002
G4-JNI GetEnv version=0x00010002
G4-JNI GetEnv version=0x00010002
G4-JNI GetEnv version=0x00010002
G4-JNI GetEnv version=0x00010002
G4-JNI GetEnv version=0x00010002
android[2] trace: ....................(KK) MogaController :: Inside NativeOnMotionEvent

android[2] trace: (KK) MogaController :: Inside NativeOnMotionEvent ....................

G6-MOGA motion frame=12822 axes=-32767,0,0,0,0,0
G4-JNI GetEnv version=0x00010002
G4-JNI GetEnv version=0x00010002
G4-JNI GetEnv version=0x00010002
G4-JNI GetEnv version=0x00010002
G4-JNI GetEnv version=0x00010002
G4-JNI GetEnv version=0x00010002
G4-JNI GetEnv version=0x00010002
G4-JNI GetEnv version=0x00010002
android[2] trace: ....................(KK) MogaController :: Inside NativeOnMotionEvent

android[2] trace: (KK) MogaController :: Inside NativeOnMotionEvent ....................

G4-JNI GetEnv version=0x00010002
G4-JNI GetEnv version=0x00010002
G4-JNI GetEnv version=0x00010002
G4-JNI GetEnv version=0x00010002
G4-JNI GetEnv version=0x00010002
G4-JNI GetEnv version=0x00010002
G4-JNI GetEnv version=0x00010002
G4-JNI GetEnv version=0x00010002
G4-JNI GetEnv version=0x00010002
G4-JNI GetEnv version=0x00010002
G4-JNI GetEnv version=0x00010002
G4-JNI GetEnv version=0x00010002
G4-JNI GetEnv version=0x00010002
G4-JNI GetEnv version=0x00010002
G4-JNI GetEnv version=0x00010002
G4-JNI GetEnv version=0x00010002
G4-JNI GetEnv version=0x00010002
G4-JNI GetEnv version=0x00010002
G4-JNI GetEnv version=0x00010002
G4-JNI GetEnv version=0x00010002
android[2] trace: ....................(KK) MogaController :: Inside NativeOnMotionEvent

android[2] trace: (KK) MogaController :: Inside NativeOnMotionEvent ....................

G6-MOGA motion frame=12850 axes=32767,0,0,0,0,0
G4-JNI GetEnv version=0x00010002
G4-JNI GetEnv version=0x00010002
G4-JNI GetEnv version=0x00010002
G4-JNI GetEnv version=0x00010002
G4-JNI GetEnv version=0x00010002
G4-JNI GetEnv version=0x00010002
G4-JNI GetEnv version=0x00010002
G4-JNI GetEnv version=0x00010002
G4-JNI GetEnv version=0x00010002
G4-JNI GetEnv version=0x00010002
android[2] trace: ....................(KK) MogaController :: Inside NativeOnMotionEvent

android[2] trace: (KK) MogaController :: Inside NativeOnMotionEvent ....................

G4-JNI GetEnv version=0x00010002
G4-JNI GetEnv version=0x00010002
G4-JNI GetEnv version=0x00010002
G4-JNI GetEnv version=0x00010002
G4-JNI GetEnv version=0x00010002
G4-JNI GetEnv version=0x00010002
G4-JNI GetEnv version=0x00010002
G4-JNI GetEnv version=0x00010002
G4-JNI GetEnv version=0x00010002
G4-JNI GetEnv version=0x00010002
G4-JNI GetEnv version=0x00010002
G4-JNI GetEnv version=0x00010002
G4-JNI GetEnv version=0x00010002
G4-JNI GetEnv version=0x00010002
G4-JNI GetEnv version=0x00010002
G4-JNI GetEnv version=0x00010002
G4-JNI GetEnv version=0x00010002
G4-JNI GetEnv version=0x00010002
G4-JNI GetEnv version=0x00010002
G4-JNI GetEnv version=0x00010002
G4-JNI GetEnv version=0x00010002
G4-JNI GetEnv version=0x00010002
G4-JNI GetEnv version=0x00010002
G4-JNI GetEnv version=0x00010002
G4-JNI GetEnv version=0x00010002
G4-JNI GetEnv version=0x00010002
G4-JNI GetEnv version=0x00010002
G4-JNI GetEnv version=0x00010002
G4-JNI GetEnv version=0x00010002
G4-JNI GetEnv version=0x00010002
G4-JNI GetEnv version=0x00010002
G4-JNI GetEnv version=0x00010002
G4-JNI GetEnv version=0x00010002
G4-JNI GetEnv version=0x00010002
G4-JNI GetEnv version=0x00010002
G4-JNI GetEnv version=0x00010002
G4-JNI GetEnv version=0x00010002
G4-JNI GetEnv version=0x00010002
G4-JNI GetEnv version=0x00010002
G4-JNI GetEnv version=0x00010002
G7-FRAME enter=12900
G4-JNI GetEnv version=0x00010002
G5-GL STATE frame=12900 framebuffer=0 status=0x8cd5 errors=0
G7-FRAME leave=12900
G4-JNI GetEnv version=0x00010002
G4-JNI GetEnv version=0x00010002
G4-JNI GetEnv version=0x00010002
G4-JNI GetEnv version=0x00010002
G4-JNI GetEnv version=0x00010002
G4-JNI GetEnv version=0x00010002
G4-JNI GetEnv version=0x00010002
G4-JNI GetEnv version=0x00010002
G4-JNI GetEnv version=0x00010002
G4-JNI GetEnv version=0x00010002
G4-JNI GetEnv version=0x00010002
G4-JNI GetEnv version=0x00010002
G4-JNI GetEnv version=0x00010002
G4-JNI GetEnv version=0x00010002
G4-JNI GetEnv version=0x00010002
G4-JNI GetEnv version=0x00010002
G4-JNI GetEnv version=0x00010002
G4-JNI GetEnv version=0x00010002
android[2] trace: ....................(KK) MogaController :: Inside NativeOnMotionEvent

android[2] trace: (KK) MogaController :: Inside NativeOnMotionEvent ....................

G6-MOGA motion frame=12919 axes=32767,0,0,0,0,0
G4-JNI GetEnv version=0x00010002
G4-JNI GetEnv version=0x00010002
G4-JNI GetEnv version=0x00010002
G4-JNI GetEnv version=0x00010002
G4-JNI GetEnv version=0x00010002
G4-JNI GetEnv version=0x00010002
G4-JNI GetEnv version=0x00010002
G4-JNI GetEnv version=0x00010002
G4-JNI GetEnv version=0x00010002
G4-JNI GetEnv version=0x00010002
android[2] trace: ....................(KK) MogaController :: Inside NativeOnMotionEvent

android[2] trace: (KK) MogaController :: Inside NativeOnMotionEvent ....................

G4-JNI GetEnv version=0x00010002
G4-JNI GetEnv version=0x00010002
G4-JNI GetEnv version=0x00010002
G4-JNI GetEnv version=0x00010002
G4-JNI GetEnv version=0x00010002
G4-JNI GetEnv version=0x00010002
G4-JNI GetEnv version=0x00010002
G4-JNI GetEnv version=0x00010002
G4-JNI GetEnv version=0x00010002
G4-JNI GetEnv version=0x00010002
G4-JNI GetEnv version=0x00010002
G4-JNI GetEnv version=0x00010002
G4-JNI GetEnv version=0x00010002
G4-JNI GetEnv version=0x00010002
G4-JNI GetEnv version=0x00010002
G4-JNI GetEnv version=0x00010002
G4-JNI GetEnv version=0x00010002
android[2] trace: ....................(KK) MogaController :: Inside NativeOnMotionEvent

android[2] trace: (KK) MogaController :: Inside NativeOnMotionEvent ....................

G6-MOGA motion frame=12946 axes=32767,0,0,0,0,0
G4-JNI GetEnv version=0x00010002
G4-JNI GetEnv version=0x00010002
G4-JNI GetEnv version=0x00010002
G4-JNI GetEnv version=0x00010002
G4-JNI GetEnv version=0x00010002
G4-JNI GetEnv version=0x00010002
G4-JNI GetEnv version=0x00010002
G4-JNI GetEnv version=0x00010002
android[2] trace: ....................(KK) MogaController :: Inside NativeOnMotionEvent

android[2] trace: (KK) MogaController :: Inside NativeOnMotionEvent ....................

G4-JNI GetEnv version=0x00010002
G4-JNI GetEnv version=0x00010002
G4-JNI GetEnv version=0x00010002
G4-JNI GetEnv version=0x00010002
G4-JNI GetEnv version=0x00010002
G4-JNI GetEnv version=0x00010002
G4-JNI GetEnv version=0x00010002
G4-JNI GetEnv version=0x00010002
G4-JNI GetEnv version=0x00010002
G4-JNI GetEnv version=0x00010002
G4-JNI GetEnv version=0x00010002
G4-JNI GetEnv version=0x00010002
G4-JNI GetEnv version=0x00010002
G4-JNI GetEnv version=0x00010002
G4-JNI GetEnv version=0x00010002
G4-JNI GetEnv version=0x00010002
G4-JNI GetEnv version=0x00010002
G4-JNI GetEnv version=0x00010002
G4-JNI GetEnv version=0x00010002
android[2] trace: ....................(KK) MogaController :: Inside NativeOnMotionEvent

android[2] trace: (KK) MogaController :: Inside NativeOnMotionEvent ....................

G6-MOGA motion frame=12973 axes=32767,0,0,0,0,0
G4-JNI GetEnv version=0x00010002
G4-JNI GetEnv version=0x00010002
G4-JNI GetEnv version=0x00010002
G4-JNI GetEnv version=0x00010002
G4-JNI GetEnv version=0x00010002
G4-JNI GetEnv version=0x00010002
G4-JNI GetEnv version=0x00010002
G4-JNI GetEnv version=0x00010002
G4-JNI GetEnv version=0x00010002
android[2] trace: ....................(KK) MogaController :: Inside NativeOnMotionEvent

android[2] trace: (KK) MogaController :: Inside NativeOnMotionEvent ....................

G4-JNI GetEnv version=0x00010002
G4-JNI GetEnv version=0x00010002
G4-JNI GetEnv version=0x00010002
G4-JNI GetEnv version=0x00010002
G4-JNI GetEnv version=0x00010002
android[2] trace: ....................(KK) MogaController :: Inside NativeOnMotionEvent

android[2] trace: (KK) MogaController :: Inside NativeOnMotionEvent ....................

G4-JNI GetEnv version=0x00010002
G4-JNI GetEnv version=0x00010002
G4-JNI GetEnv version=0x00010002
G4-JNI GetEnv version=0x00010002
G4-JNI GetEnv version=0x00010002
G4-JNI GetEnv version=0x00010002
G4-JNI GetEnv version=0x00010002
G4-JNI GetEnv version=0x00010002
G4-JNI GetEnv version=0x00010002
android[2] trace: ....................(KK) MogaController :: Inside NativeOnMotionEvent

android[2] trace: (KK) MogaController :: Inside NativeOnMotionEvent ....................

G6-MOGA motion frame=12996 axes=0,0,0,0,0,0
G4-JNI GetEnv version=0x00010002
G4-JNI GetEnv version=0x00010002
G4-JNI GetEnv version=0x00010002
G4-JNI GetEnv version=0x00010002
G4-JNI GetEnv version=0x00010002
G4-JNI GetEnv version=0x00010002
G4-JNI GetEnv version=0x00010002
G4-JNI GetEnv version=0x00010002
G4-JNI GetEnv version=0x00010002
G4-JNI GetEnv version=0x00010002
G4-JNI GetEnv version=0x00010002
G4-JNI GetEnv version=0x00010002
G4-JNI GetEnv version=0x00010002
G4-JNI GetEnv version=0x00010002
G4-JNI GetEnv version=0x00010002
G4-JNI GetEnv version=0x00010002
G4-JNI GetEnv version=0x00010002
G4-JNI GetEnv version=0x00010002
G4-JNI GetEnv version=0x00010002
G4-JNI GetEnv version=0x00010002
G4-JNI GetEnv version=0x00010002
G4-JNI GetEnv version=0x00010002
G4-JNI GetEnv version=0x00010002
G4-JNI GetEnv version=0x00010002
G4-JNI GetEnv version=0x00010002
G4-JNI GetEnv version=0x00010002
G4-JNI GetEnv version=0x00010002
G4-JNI GetEnv version=0x00010002
G4-JNI GetEnv version=0x00010002
G4-JNI GetEnv version=0x00010002
G4-JNI GetEnv version=0x00010002
G4-JNI GetEnv version=0x00010002
G4-JNI GetEnv version=0x00010002
G4-JNI GetEnv version=0x00010002
G4-JNI GetEnv version=0x00010002
G4-JNI GetEnv version=0x00010002
G4-JNI GetEnv version=0x00010002
G4-JNI GetEnv version=0x00010002
G4-JNI GetEnv version=0x00010002
G4-JNI GetEnv version=0x00010002
G4-JNI GetEnv version=0x00010002
G4-JNI GetEnv version=0x00010002
G4-JNI GetEnv version=0x00010002
G4-JNI GetEnv version=0x00010002
G4-JNI GetEnv version=0x00010002
G4-JNI GetEnv version=0x00010002
G4-JNI GetEnv version=0x00010002
G4-JNI GetEnv version=0x00010002
G4-JNI GetEnv version=0x00010002
G4-JNI GetEnv version=0x00010002
G4-JNI GetEnv version=0x00010002
G4-JNI GetEnv version=0x00010002
G4-JNI GetEnv version=0x00010002
G4-JNI GetEnv version=0x00010002
G4-JNI GetEnv version=0x00010002
G4-JNI GetEnv version=0x00010002
G4-JNI GetEnv version=0x00010002
G4-JNI GetEnv version=0x00010002
G4-JNI GetEnv version=0x00010002
G4-JNI GetEnv version=0x00010002
G4-JNI GetEnv version=0x00010002
G4-JNI GetEnv version=0x00010002
G4-JNI GetEnv version=0x00010002
G4-JNI GetEnv version=0x00010002
G4-JNI GetEnv version=0x00010002
G4-JNI GetEnv version=0x00010002
G4-JNI GetEnv version=0x00010002
G4-JNI GetEnv version=0x00010002
G4-JNI GetEnv version=0x00010002
G4-JNI GetEnv version=0x00010002
G4-JNI GetEnv version=0x00010002
G4-JNI GetEnv version=0x00010002
G4-JNI GetEnv version=0x00010002
G4-JNI GetEnv version=0x00010002
G4-JNI GetEnv version=0x00010002
G4-JNI GetEnv version=0x00010002
G4-JNI GetEnv version=0x00010002
G4-JNI GetEnv version=0x00010002
G4-JNI GetEnv version=0x00010002
G4-JNI GetEnv version=0x00010002
G4-JNI GetEnv version=0x00010002
G4-JNI GetEnv version=0x00010002
G4-JNI GetEnv version=0x00010002
G4-JNI GetEnv version=0x00010002
G4-JNI GetEnv version=0x00010002
G4-JNI GetEnv version=0x00010002
G4-JNI GetEnv version=0x00010002
G4-JNI GetEnv version=0x00010002
android[2] trace: ....................(KK) MogaController :: Inside NativeOnMotionEvent

android[2] trace: (KK) MogaController :: Inside NativeOnMotionEvent ....................

G6-MOGA motion frame=13084 axes=32767,0,0,0,0,0
G4-JNI GetEnv version=0x00010002
G4-JNI GetEnv version=0x00010002
G4-JNI GetEnv version=0x00010002
G4-JNI GetEnv version=0x00010002
G4-JNI GetEnv version=0x00010002
G4-JNI GetEnv version=0x00010002
G4-JNI GetEnv version=0x00010002
G4-JNI GetEnv version=0x00010002
G4-JNI GetEnv version=0x00010002
G4-JNI GetEnv version=0x00010002
G4-JNI GetEnv version=0x00010002
G4-JNI GetEnv version=0x00010002
android[2] trace: ....................(KK) MogaController :: Inside NativeOnMotionEvent

android[2] trace: (KK) MogaController :: Inside NativeOnMotionEvent ....................

G4-JNI GetEnv version=0x00010002
G4-JNI GetEnv version=0x00010002
G4-JNI GetEnv version=0x00010002
G4-JNI GetEnv version=0x00010002
G4-JNI GetEnv version=0x00010002
G4-JNI GetEnv version=0x00010002
G4-JNI GetEnv version=0x00010002
G4-JNI GetEnv version=0x00010002
G4-JNI GetEnv version=0x00010002
G4-JNI GetEnv version=0x00010002
G4-JNI GetEnv version=0x00010002
G4-JNI GetEnv version=0x00010002
G4-JNI GetEnv version=0x00010002
G4-JNI GetEnv version=0x00010002
G4-JNI GetEnv version=0x00010002
G4-JNI GetEnv version=0x00010002
G4-JNI GetEnv version=0x00010002
G4-JNI GetEnv version=0x00010002
G4-JNI GetEnv version=0x00010002
G4-JNI GetEnv version=0x00010002
G4-JNI GetEnv version=0x00010002
G4-JNI GetEnv version=0x00010002
G4-JNI GetEnv version=0x00010002
G4-JNI GetEnv version=0x00010002
G4-JNI GetEnv version=0x00010002
G4-JNI GetEnv version=0x00010002
G4-JNI GetEnv version=0x00010002
G4-JNI GetEnv version=0x00010002
G4-JNI GetEnv version=0x00010002
android[2] trace: ....................(KK) MogaController :: Inside NativeOnMotionEvent

android[2] trace: (KK) MogaController :: Inside NativeOnMotionEvent ....................

G6-MOGA motion frame=13125 axes=32767,0,0,0,0,0
G4-JNI GetEnv version=0x00010002
G4-JNI GetEnv version=0x00010002
G4-JNI GetEnv version=0x00010002
G4-JNI GetEnv version=0x00010002
G4-JNI GetEnv version=0x00010002
G4-JNI GetEnv version=0x00010002
G4-JNI GetEnv version=0x00010002
G4-JNI GetEnv version=0x00010002
G4-JNI GetEnv version=0x00010002
G4-JNI GetEnv version=0x00010002
G4-JNI GetEnv version=0x00010002
G4-JNI GetEnv version=0x00010002
G4-JNI GetEnv version=0x00010002
G4-JNI GetEnv version=0x00010002
G4-JNI GetEnv version=0x00010002
G4-JNI GetEnv version=0x00010002
G4-JNI GetEnv version=0x00010002
android[2] trace: ....................(KK) MogaController :: Inside NativeOnMotionEvent

android[2] trace: (KK) MogaController :: Inside NativeOnMotionEvent ....................

G6-MOGA motion frame=13142 axes=0,0,0,0,0,0
G4-JNI GetEnv version=0x00010002
G4-JNI GetEnv version=0x00010002
G4-JNI GetEnv version=0x00010002
G4-JNI GetEnv version=0x00010002
G4-JNI GetEnv version=0x00010002
G4-JNI GetEnv version=0x00010002
G4-JNI GetEnv version=0x00010002
G4-JNI GetEnv version=0x00010002
G4-JNI GetEnv version=0x00010002
G4-JNI GetEnv version=0x00010002
G4-JNI GetEnv version=0x00010002
G4-JNI GetEnv version=0x00010002
G4-JNI GetEnv version=0x00010002
G4-JNI GetEnv version=0x00010002
G4-JNI GetEnv version=0x00010002
G4-JNI GetEnv version=0x00010002
G4-JNI GetEnv version=0x00010002
G4-JNI GetEnv version=0x00010002
G4-JNI GetEnv version=0x00010002
G4-JNI GetEnv version=0x00010002
G4-JNI GetEnv version=0x00010002
G4-JNI GetEnv version=0x00010002
G4-JNI GetEnv version=0x00010002
G4-JNI GetEnv version=0x00010002
android[2] trace: ....................(KK) MogaController :: Inside NativeOnMotionEvent

android[2] trace: (KK) MogaController :: Inside NativeOnMotionEvent ....................

G6-MOGA motion frame=13166 axes=32767,0,0,0,0,0
G4-JNI GetEnv version=0x00010002
G4-JNI GetEnv version=0x00010002
G4-JNI GetEnv version=0x00010002
G4-JNI GetEnv version=0x00010002
G4-JNI GetEnv version=0x00010002
G4-JNI GetEnv version=0x00010002
G4-JNI GetEnv version=0x00010002
G4-JNI GetEnv version=0x00010002
G4-JNI GetEnv version=0x00010002
G4-JNI GetEnv version=0x00010002
G4-JNI GetEnv version=0x00010002
G4-JNI GetEnv version=0x00010002
G4-JNI GetEnv version=0x00010002
G4-JNI GetEnv version=0x00010002
G4-JNI GetEnv version=0x00010002
G4-JNI GetEnv version=0x00010002
G4-JNI GetEnv version=0x00010002
G4-JNI GetEnv version=0x00010002
G4-JNI GetEnv version=0x00010002
G4-JNI GetEnv version=0x00010002
G4-JNI GetEnv version=0x00010002
G4-JNI GetEnv version=0x00010002
G4-JNI GetEnv version=0x00010002
G4-JNI GetEnv version=0x00010002
G4-JNI GetEnv version=0x00010002
android[2] trace: ....................(KK) MogaController :: Inside NativeOnMotionEvent

android[2] trace: (KK) MogaController :: Inside NativeOnMotionEvent ....................

G6-MOGA motion frame=13191 axes=0,0,0,0,0,0
G4-JNI GetEnv version=0x00010002
G4-JNI GetEnv version=0x00010002
G4-JNI GetEnv version=0x00010002
G4-JNI GetEnv version=0x00010002
android[2] trace: ....................(KK) MogaController :: Inside NativeOnMotionEvent

android[2] trace: (KK) MogaController :: Inside NativeOnMotionEvent ....................

G4-JNI GetEnv version=0x00010002
G4-JNI GetEnv version=0x00010002
G4-JNI GetEnv version=0x00010002
G4-JNI GetEnv version=0x00010002
G4-JNI GetEnv version=0x00010002
G7-FRAME enter=13200
G4-JNI GetEnv version=0x00010002
G5-GL STATE frame=13200 framebuffer=0 status=0x8cd5 errors=0
G7-FRAME leave=13200
G4-JNI GetEnv version=0x00010002
G4-JNI GetEnv version=0x00010002
G4-JNI GetEnv version=0x00010002
G4-JNI GetEnv version=0x00010002
G4-JNI GetEnv version=0x00010002
G4-JNI GetEnv version=0x00010002
G4-JNI GetEnv version=0x00010002
G4-JNI GetEnv version=0x00010002
G4-JNI GetEnv version=0x00010002
android[2] trace: ....................(KK) MogaController :: Inside NativeOnMotionEvent

android[2] trace: (KK) MogaController :: Inside NativeOnMotionEvent ....................

G6-MOGA motion frame=13210 axes=0,0,0,0,0,0
G4-JNI GetEnv version=0x00010002
G4-JNI GetEnv version=0x00010002
G4-JNI GetEnv version=0x00010002
G4-JNI GetEnv version=0x00010002
G4-JNI GetEnv version=0x00010002
G4-JNI GetEnv version=0x00010002
G4-JNI GetEnv version=0x00010002
G4-JNI GetEnv version=0x00010002
G4-JNI GetEnv version=0x00010002
android[2] trace: ....................(KK) MogaController :: Inside NativeOnMotionEvent

android[2] trace: (KK) MogaController :: Inside NativeOnMotionEvent ....................

G4-JNI GetEnv version=0x00010002
G4-JNI GetEnv version=0x00010002
G4-JNI GetEnv version=0x00010002
G4-JNI GetEnv version=0x00010002
G4-JNI GetEnv version=0x00010002
G4-JNI GetEnv version=0x00010002
G4-JNI GetEnv version=0x00010002
G4-JNI GetEnv version=0x00010002
G4-JNI GetEnv version=0x00010002
G4-JNI GetEnv version=0x00010002
G4-JNI GetEnv version=0x00010002
G4-JNI GetEnv version=0x00010002
G4-JNI GetEnv version=0x00010002
G4-JNI GetEnv version=0x00010002
G4-JNI GetEnv version=0x00010002
G4-JNI GetEnv version=0x00010002
G4-JNI GetEnv version=0x00010002
G4-JNI GetEnv version=0x00010002
G4-JNI GetEnv version=0x00010002
G4-JNI GetEnv version=0x00010002
G4-JNI GetEnv version=0x00010002
G4-JNI GetEnv version=0x00010002
G4-JNI GetEnv version=0x00010002
G4-JNI GetEnv version=0x00010002
G4-JNI GetEnv version=0x00010002
G4-JNI GetEnv version=0x00010002
G4-JNI GetEnv version=0x00010002
G4-JNI GetEnv version=0x00010002
G4-JNI GetEnv version=0x00010002
G4-JNI GetEnv version=0x00010002
G4-JNI GetEnv version=0x00010002
G4-JNI GetEnv version=0x00010002
G4-JNI GetEnv version=0x00010002
G4-JNI GetEnv version=0x00010002
G4-JNI GetEnv version=0x00010002
G4-JNI GetEnv version=0x00010002
G4-JNI GetEnv version=0x00010002
G4-JNI GetEnv version=0x00010002
G4-JNI GetEnv version=0x00010002
G4-JNI GetEnv version=0x00010002
G4-JNI GetEnv version=0x00010002
G4-JNI GetEnv version=0x00010002
G4-JNI GetEnv version=0x00010002
G4-JNI GetEnv version=0x00010002
G4-JNI GetEnv version=0x00010002
G4-JNI GetEnv version=0x00010002
G4-JNI GetEnv version=0x00010002
G4-JNI GetEnv version=0x00010002
G4-JNI GetEnv version=0x00010002
G4-JNI GetEnv version=0x00010002
android[2] trace: ....................(KK) MogaController :: Inside NativeOnMotionEvent

android[2] trace: (KK) MogaController :: Inside NativeOnMotionEvent ....................

G6-MOGA motion frame=13269 axes=0,0,0,0,0,0
G4-JNI GetEnv version=0x00010002
G4-JNI GetEnv version=0x00010002
G4-JNI GetEnv version=0x00010002
G4-JNI GetEnv version=0x00010002
G4-JNI GetEnv version=0x00010002
G4-JNI GetEnv version=0x00010002
G4-JNI GetEnv version=0x00010002
G4-JNI GetEnv version=0x00010002
G4-JNI GetEnv version=0x00010002
G4-JNI GetEnv version=0x00010002
G4-JNI GetEnv version=0x00010002
G4-JNI GetEnv version=0x00010002
android[2] trace: ....................(KK) MogaController :: Inside NativeOnMotionEvent

android[2] trace: (KK) MogaController :: Inside NativeOnMotionEvent ....................

G4-JNI GetEnv version=0x00010002
G4-JNI GetEnv version=0x00010002
G4-JNI GetEnv version=0x00010002
G4-JNI GetEnv version=0x00010002
G4-JNI GetEnv version=0x00010002
G4-JNI GetEnv version=0x00010002
G4-JNI GetEnv version=0x00010002
G4-JNI GetEnv version=0x00010002
G4-JNI GetEnv version=0x00010002
android[2] trace: ....................(KK) MogaController :: Inside NativeOnMotionEvent

android[2] trace: (KK) MogaController :: Inside NativeOnMotionEvent ....................

G6-MOGA motion frame=13290 axes=0,0,0,0,0,0
G4-JNI GetEnv version=0x00010002
G4-JNI GetEnv version=0x00010002
G4-JNI GetEnv version=0x00010002
G4-JNI GetEnv version=0x00010002
G4-JNI GetEnv version=0x00010002
android[2] trace: ....................(KK) MogaController :: Inside NativeOnMotionEvent

android[2] trace: (KK) MogaController :: Inside NativeOnMotionEvent ....................

G4-JNI GetEnv version=0x00010002
G4-JNI GetEnv version=0x00010002
G4-JNI GetEnv version=0x00010002
G4-JNI GetEnv version=0x00010002
G4-JNI GetEnv version=0x00010002
G4-JNI GetEnv version=0x00010002
G4-JNI GetEnv version=0x00010002
G4-JNI GetEnv version=0x00010002
G4-JNI GetEnv version=0x00010002
G4-JNI GetEnv version=0x00010002
G4-JNI GetEnv version=0x00010002
G4-JNI GetEnv version=0x00010002
G4-JNI GetEnv version=0x00010002
G4-JNI GetEnv version=0x00010002
G4-JNI GetEnv version=0x00010002
G4-JNI GetEnv version=0x00010002
G4-JNI GetEnv version=0x00010002
G4-JNI GetEnv version=0x00010002
G4-JNI GetEnv version=0x00010002
G4-JNI GetEnv version=0x00010002
G4-JNI GetEnv version=0x00010002
G4-JNI GetEnv version=0x00010002
G4-JNI GetEnv version=0x00010002
G4-JNI GetEnv version=0x00010002
G4-JNI GetEnv version=0x00010002
G4-JNI GetEnv version=0x00010002
android[2] trace: ....................(KK) MogaController :: Inside NativeOnMotionEvent

android[2] trace: (KK) MogaController :: Inside NativeOnMotionEvent ....................

G6-MOGA motion frame=13321 axes=0,0,0,0,0,0
G4-JNI GetEnv version=0x00010002
G4-JNI GetEnv version=0x00010002
G4-JNI GetEnv version=0x00010002
G4-JNI GetEnv version=0x00010002
G4-JNI GetEnv version=0x00010002
G4-JNI GetEnv version=0x00010002
G4-JNI GetEnv version=0x00010002
G4-JNI GetEnv version=0x00010002
G4-JNI GetEnv version=0x00010002
G4-JNI GetEnv version=0x00010002
G4-JNI GetEnv version=0x00010002
G4-JNI GetEnv version=0x00010002
G4-JNI GetEnv version=0x00010002
G4-JNI GetEnv version=0x00010002
G4-JNI GetEnv version=0x00010002
G4-JNI GetEnv version=0x00010002
G4-JNI GetEnv version=0x00010002
G4-JNI GetEnv version=0x00010002
G4-JNI GetEnv version=0x00010002
G4-JNI GetEnv version=0x00010002
G4-JNI GetEnv version=0x00010002
G4-JNI GetEnv version=0x00010002
G4-JNI GetEnv version=0x00010002
G4-JNI GetEnv version=0x00010002
android[2] trace: ....................(KK) MogaController :: Inside NativeOnMotionEvent

android[2] trace: (KK) MogaController :: Inside NativeOnMotionEvent ....................

G6-MOGA motion frame=13345 axes=32767,0,0,0,0,0
G4-JNI GetEnv version=0x00010002
G4-JNI GetEnv version=0x00010002
G4-JNI GetEnv version=0x00010002
G4-JNI GetEnv version=0x00010002
G4-JNI GetEnv version=0x00010002
G4-JNI GetEnv version=0x00010002
G4-JNI GetEnv version=0x00010002
G4-JNI GetEnv version=0x00010002
G4-JNI GetEnv version=0x00010002
G4-JNI GetEnv version=0x00010002
G4-JNI GetEnv version=0x00010002
G4-JNI GetEnv version=0x00010002
android[2] trace: ....................(KK) MogaController :: Inside NativeOnMotionEvent

android[2] trace: (KK) MogaController :: Inside NativeOnMotionEvent ....................

G4-JNI GetEnv version=0x00010002
G4-JNI GetEnv version=0x00010002
G4-JNI GetEnv version=0x00010002
G4-JNI GetEnv version=0x00010002
G4-JNI GetEnv version=0x00010002
G4-JNI GetEnv version=0x00010002
android[2] trace: ....................(KK) MogaController :: Inside NativeOnMotionEvent

android[2] trace: (KK) MogaController :: Inside NativeOnMotionEvent ....................

G6-MOGA motion frame=13363 axes=32767,0,0,0,0,0
G4-JNI GetEnv version=0x00010002
G4-JNI GetEnv version=0x00010002
G4-JNI GetEnv version=0x00010002
G4-JNI GetEnv version=0x00010002
G4-JNI GetEnv version=0x00010002
G4-JNI GetEnv version=0x00010002
G6-RAW buttons=0x00000020
android[2] trace: MoGaConTrOlLeR :: ....................(KK) MogaController :: Inside nativeOnKeyEvent 

android[2] trace: ....................(KK) MogaController :: Inside nativeOnKeyEvent 103

android[2] trace: MoGaConTrOlLeR :: ....................(KK) Key Event Key R1 1111 .....................

android[2] trace: MoGaConTrOlLeR :: ....................(KK) Key Event Key Down .....................

android[2] trace: MoGaConTrOlLeR :: ....................(KK) Listener Key Press .....................

android[2] trace: MoGaConTrOlLeR :: ....................(KK) AndroidKeyCode :: MogaKeyCode (Start of func) .....................

android[2] trace: MoGaConTrOlLeR :: ....................(KK) AndroidKeyCode :: MogaKeyCode Key Press R1 .....................

android[2] trace: MoGaConTrOlLeR :: ....................(KK) AndroidKeyCode :: MogaKeyCode Key Press R1(Nitro) Racing True.....................

android[2] trace: MoGaConTrOlLeR :: (KK) MogaController :: Inside nativeOnKeyEvent ....................

G6-MOGA key frame=13369 code=103 state=down
android[2] trace: MoGaConTrOlLeR :: ....................(KK) BaseDrivingControlScheme :: OnEvent .....................

android[2] trace: MoGaConTrOlLeR :: ....................(KK) BaseDrivingControlScheme :: onKeyPress Nitro.....................

G4-JNI GetEnv version=0x00010002
G4-JNI GetEnv version=0x00010002
G4-JNI GetEnv version=0x00010002
G4-JNI GetEnv version=0x00010002
G4-JNI GetEnv version=0x00010002
android[2] trace: ....................(KK) MogaController :: Inside NativeOnMotionEvent

android[2] trace: (KK) MogaController :: Inside NativeOnMotionEvent ....................

G4-JNI GetEnv version=0x00010002
G4-JNI GetEnv version=0x00010002
G4-JNI GetEnv version=0x00010002
G4-JNI GetEnv version=0x00010002
G4-JNI GetEnv version=0x00010002
G4-JNI GetEnv version=0x00010002
G4-JNI GetEnv version=0x00010002
android[2] trace: ....................(KK) MogaController :: Inside NativeOnMotionEvent

android[2] trace: (KK) MogaController :: Inside NativeOnMotionEvent ....................

G6-MOGA motion frame=13381 axes=32767,0,0,0,0,0
G4-JNI GetEnv version=0x00010002
G4-JNI GetEnv version=0x00010002
G4-JNI GetEnv version=0x00010002
G4-JNI GetEnv version=0x00010002
G4-JNI GetEnv version=0x00010002
G4-JNI GetEnv version=0x00010002
G4-JNI GetEnv version=0x00010002
G4-JNI GetEnv version=0x00010002
G4-JNI GetEnv version=0x00010002
android[2] trace: ....................(KK) MogaController :: Inside NativeOnMotionEvent

android[2] trace: (KK) MogaController :: Inside NativeOnMotionEvent ....................

G4-JNI GetEnv version=0x00010002
G4-JNI GetEnv version=0x00010002
G4-JNI GetEnv version=0x00010002
G4-JNI GetEnv version=0x00010002
android[2] trace: ....................(KK) MogaController :: Inside NativeOnMotionEvent

android[2] trace: (KK) MogaController :: Inside NativeOnMotionEvent ....................

G4-JNI GetEnv version=0x00010002
G4-JNI GetEnv version=0x00010002
G4-JNI GetEnv version=0x00010002
G4-JNI GetEnv version=0x00010002
G4-JNI GetEnv version=0x00010002
G4-JNI GetEnv version=0x00010002
G4-JNI GetEnv version=0x00010002
G4-JNI GetEnv version=0x00010002
G4-JNI GetEnv version=0x00010002
G4-JNI GetEnv version=0x00010002
G4-JNI GetEnv version=0x00010002
G4-JNI GetEnv version=0x00010002
android[2] trace: ....................(KK) MogaController :: Inside NativeOnMotionEvent

android[2] trace: (KK) MogaController :: Inside NativeOnMotionEvent ....................

G6-MOGA motion frame=13406 axes=0,0,0,0,0,0
G4-JNI GetEnv version=0x00010002
G4-JNI GetEnv version=0x00010002
G4-JNI GetEnv version=0x00010002
G4-JNI GetEnv version=0x00010002
G4-JNI GetEnv version=0x00010002
G4-JNI GetEnv version=0x00010002
G4-JNI GetEnv version=0x00010002
G4-JNI GetEnv version=0x00010002
G4-JNI GetEnv version=0x00010002
G4-JNI GetEnv version=0x00010002
G4-JNI GetEnv version=0x00010002
G4-JNI GetEnv version=0x00010002
G4-JNI GetEnv version=0x00010002
G4-JNI GetEnv version=0x00010002
G4-JNI GetEnv version=0x00010002
G4-JNI GetEnv version=0x00010002
G4-JNI GetEnv version=0x00010002
G4-JNI GetEnv version=0x00010002
G4-JNI GetEnv version=0x00010002
G4-JNI GetEnv version=0x00010002
G4-JNI GetEnv version=0x00010002
G4-JNI GetEnv version=0x00010002
G4-JNI GetEnv version=0x00010002
G4-JNI GetEnv version=0x00010002
android[2] trace: ....................(KK) MogaController :: Inside NativeOnMotionEvent

android[2] trace: (KK) MogaController :: Inside NativeOnMotionEvent ....................

G6-MOGA motion frame=13430 axes=32767,0,0,0,0,0
G4-JNI GetEnv version=0x00010002
G4-JNI GetEnv version=0x00010002
G4-JNI GetEnv version=0x00010002
G4-JNI GetEnv version=0x00010002
G4-JNI GetEnv version=0x00010002
G4-JNI GetEnv version=0x00010002
G4-JNI GetEnv version=0x00010002
G4-JNI GetEnv version=0x00010002
android[2] trace: ....................(KK) MogaController :: Inside NativeOnMotionEvent

android[2] trace: (KK) MogaController :: Inside NativeOnMotionEvent ....................

G4-JNI GetEnv version=0x00010002
G4-JNI GetEnv version=0x00010002
G4-JNI GetEnv version=0x00010002
G4-JNI GetEnv version=0x00010002
android[2] trace: ....................(KK) MogaController :: Inside NativeOnMotionEvent

android[2] trace: (KK) MogaController :: Inside NativeOnMotionEvent ....................

G4-JNI GetEnv version=0x00010002
G4-JNI GetEnv version=0x00010002
G4-JNI GetEnv version=0x00010002
G4-JNI GetEnv version=0x00010002
G4-JNI GetEnv version=0x00010002
G4-JNI GetEnv version=0x00010002
G4-JNI GetEnv version=0x00010002
android[2] trace: ....................(KK) MogaController :: Inside NativeOnMotionEvent

android[2] trace: (KK) MogaController :: Inside NativeOnMotionEvent ....................

G6-MOGA motion frame=13449 axes=0,0,0,0,0,0
G4-JNI GetEnv version=0x00010002
G4-JNI GetEnv version=0x00010002
G4-JNI GetEnv version=0x00010002
G4-JNI GetEnv version=0x00010002
G4-JNI GetEnv version=0x00010002
G4-JNI GetEnv version=0x00010002
G4-JNI GetEnv version=0x00010002
G4-JNI GetEnv version=0x00010002
android[2] trace: ....................(KK) MogaController :: Inside NativeOnMotionEvent

android[2] trace: (KK) MogaController :: Inside NativeOnMotionEvent ....................

G4-JNI GetEnv version=0x00010002
G4-JNI GetEnv version=0x00010002
G4-JNI GetEnv version=0x00010002
G4-JNI GetEnv version=0x00010002
G4-JNI GetEnv version=0x00010002
G4-JNI GetEnv version=0x00010002
G4-JNI GetEnv version=0x00010002
G4-JNI GetEnv version=0x00010002
G4-JNI GetEnv version=0x00010002
G4-JNI GetEnv version=0x00010002
G4-JNI GetEnv version=0x00010002
android[2] trace: ....................(KK) MogaController :: Inside NativeOnMotionEvent

android[2] trace: (KK) MogaController :: Inside NativeOnMotionEvent ....................

G6-MOGA motion frame=13468 axes=0,0,0,0,0,0
G4-JNI GetEnv version=0x00010002
G4-JNI GetEnv version=0x00010002
G4-JNI GetEnv version=0x00010002
G4-JNI GetEnv version=0x00010002
G4-JNI GetEnv version=0x00010002
G4-JNI GetEnv version=0x00010002
G4-JNI GetEnv version=0x00010002
G4-JNI GetEnv version=0x00010002
G4-JNI GetEnv version=0x00010002
G4-JNI GetEnv version=0x00010002
G4-JNI GetEnv version=0x00010002
G4-JNI GetEnv version=0x00010002
G4-JNI GetEnv version=0x00010002
G4-JNI GetEnv version=0x00010002
G4-JNI GetEnv version=0x00010002
G4-JNI GetEnv version=0x00010002
G4-JNI GetEnv version=0x00010002
G4-JNI GetEnv version=0x00010002
G4-JNI GetEnv version=0x00010002
G4-JNI GetEnv version=0x00010002
G4-JNI GetEnv version=0x00010002
G4-JNI GetEnv version=0x00010002
G4-JNI GetEnv version=0x00010002
G4-JNI GetEnv version=0x00010002
G4-JNI GetEnv version=0x00010002
G4-JNI GetEnv version=0x00010002
android[2] trace: ....................(KK) MogaController :: Inside NativeOnMotionEvent

android[2] trace: (KK) MogaController :: Inside NativeOnMotionEvent ....................

G6-MOGA motion frame=13494 axes=-32767,0,0,0,0,0
G4-JNI GetEnv version=0x00010002
G4-JNI GetEnv version=0x00010002
G4-JNI GetEnv version=0x00010002
G4-JNI GetEnv version=0x00010002
G4-JNI GetEnv version=0x00010002
G4-JNI GetEnv version=0x00010002
android[2] trace: ....................(KK) MogaController :: Inside NativeOnMotionEvent

android[2] trace: (KK) MogaController :: Inside NativeOnMotionEvent ....................

G6-MOGA motion frame=13500 axes=0,0,0,0,0,0
G7-FRAME enter=13500
G4-JNI GetEnv version=0x00010002
G5-GL STATE frame=13500 framebuffer=0 status=0x8cd5 errors=0
G7-FRAME leave=13500
G4-JNI GetEnv version=0x00010002
G4-JNI GetEnv version=0x00010002
G4-JNI GetEnv version=0x00010002
G4-JNI GetEnv version=0x00010002
G4-JNI GetEnv version=0x00010002
G4-JNI GetEnv version=0x00010002
G4-JNI GetEnv version=0x00010002
G4-JNI GetEnv version=0x00010002
G4-JNI GetEnv version=0x00010002
G4-JNI GetEnv version=0x00010002
G4-JNI GetEnv version=0x00010002
G4-JNI GetEnv version=0x00010002
G4-JNI GetEnv version=0x00010002
G4-JNI GetEnv version=0x00010002
G4-JNI GetEnv version=0x00010002
G4-JNI GetEnv version=0x00010002
G4-JNI GetEnv version=0x00010002
G4-JNI GetEnv version=0x00010002
G4-JNI GetEnv version=0x00010002
G4-JNI GetEnv version=0x00010002
G4-JNI GetEnv version=0x00010002
G4-JNI GetEnv version=0x00010002
G4-JNI GetEnv version=0x00010002
G4-JNI GetEnv version=0x00010002
G4-JNI GetEnv version=0x00010002
G4-JNI GetEnv version=0x00010002
G4-JNI GetEnv version=0x00010002
G4-JNI GetEnv version=0x00010002
G4-JNI GetEnv version=0x00010002
G4-JNI GetEnv version=0x00010002
G4-JNI GetEnv version=0x00010002
G4-JNI GetEnv version=0x00010002
G4-JNI GetEnv version=0x00010002
G4-JNI GetEnv version=0x00010002
G4-JNI GetEnv version=0x00010002
android[2] trace: ....................(KK) MogaController :: Inside NativeOnMotionEvent

android[2] trace: (KK) MogaController :: Inside NativeOnMotionEvent ....................

G6-MOGA motion frame=13536 axes=-32767,0,0,0,0,0
G4-JNI GetEnv version=0x00010002
G4-JNI GetEnv version=0x00010002
G4-JNI GetEnv version=0x00010002
G4-JNI GetEnv version=0x00010002
G4-JNI GetEnv version=0x00010002
android[2] trace: ....................(KK) MogaController :: Inside NativeOnMotionEvent

android[2] trace: (KK) MogaController :: Inside NativeOnMotionEvent ....................

G4-JNI GetEnv version=0x00010002
G4-JNI GetEnv version=0x00010002
G4-JNI GetEnv version=0x00010002
G4-JNI GetEnv version=0x00010002
G4-JNI GetEnv version=0x00010002
G4-JNI GetEnv version=0x00010002
G4-JNI GetEnv version=0x00010002
G4-JNI GetEnv version=0x00010002
G4-JNI GetEnv version=0x00010002
G4-JNI GetEnv version=0x00010002
G4-JNI GetEnv version=0x00010002
G4-JNI GetEnv version=0x00010002
G4-JNI GetEnv version=0x00010002
G4-JNI GetEnv version=0x00010002
G4-JNI GetEnv version=0x00010002
G4-JNI GetEnv version=0x00010002
G4-JNI GetEnv version=0x00010002
G4-JNI GetEnv version=0x00010002
G4-JNI GetEnv version=0x00010002
G4-JNI GetEnv version=0x00010002
G4-JNI GetEnv version=0x00010002
G4-JNI GetEnv version=0x00010002
G4-JNI GetEnv version=0x00010002
G4-JNI GetEnv version=0x00010002
G4-JNI GetEnv version=0x00010002
android[2] trace: ....................(KK) MogaController :: Inside NativeOnMotionEvent

android[2] trace: (KK) MogaController :: Inside NativeOnMotionEvent ....................

G6-MOGA motion frame=13566 axes=32767,0,0,0,0,0
G4-JNI GetEnv version=0x00010002
G4-JNI GetEnv version=0x00010002
G4-JNI GetEnv version=0x00010002
G4-JNI GetEnv version=0x00010002
G4-JNI GetEnv version=0x00010002
G4-JNI GetEnv version=0x00010002
G4-JNI GetEnv version=0x00010002
android[2] trace: ....................(KK) MogaController :: Inside NativeOnMotionEvent

android[2] trace: (KK) MogaController :: Inside NativeOnMotionEvent ....................

G4-JNI GetEnv version=0x00010002
G4-JNI GetEnv version=0x00010002
G4-JNI GetEnv version=0x00010002
G4-JNI GetEnv version=0x00010002
G4-JNI GetEnv version=0x00010002
G4-JNI GetEnv version=0x00010002
G4-JNI GetEnv version=0x00010002
G4-JNI GetEnv version=0x00010002
G4-JNI GetEnv version=0x00010002
G4-JNI GetEnv version=0x00010002
android[2] trace: ....................(KK) MogaController :: Inside NativeOnMotionEvent

android[2] trace: (KK) MogaController :: Inside NativeOnMotionEvent ....................

G6-MOGA motion frame=13583 axes=-32767,0,0,0,0,0
G4-JNI GetEnv version=0x00010002
G4-JNI GetEnv version=0x00010002
G4-JNI GetEnv version=0x00010002
G4-JNI GetEnv version=0x00010002
G4-JNI GetEnv version=0x00010002
G4-JNI GetEnv version=0x00010002
G4-JNI GetEnv version=0x00010002
G4-JNI GetEnv version=0x00010002
G4-JNI GetEnv version=0x00010002
G4-JNI GetEnv version=0x00010002
G4-JNI GetEnv version=0x00010002
G4-JNI GetEnv version=0x00010002
G4-JNI GetEnv version=0x00010002
G4-JNI GetEnv version=0x00010002
G4-JNI GetEnv version=0x00010002
G4-JNI GetEnv version=0x00010002
G4-JNI GetEnv version=0x00010002
G4-JNI GetEnv version=0x00010002
G4-JNI GetEnv version=0x00010002
G4-JNI GetEnv version=0x00010002
G4-JNI GetEnv version=0x00010002
G4-JNI GetEnv version=0x00010002
android[2] trace: ....................(KK) MogaController :: Inside NativeOnMotionEvent

android[2] trace: (KK) MogaController :: Inside NativeOnMotionEvent ....................

G6-MOGA motion frame=13605 axes=0,0,0,0,0,0
G4-JNI GetEnv version=0x00010002
G4-JNI GetEnv version=0x00010002
G4-JNI GetEnv version=0x00010002
G4-JNI GetEnv version=0x00010002
G4-JNI GetEnv version=0x00010002
G4-JNI GetEnv version=0x00010002
G4-JNI GetEnv version=0x00010002
G4-JNI GetEnv version=0x00010002
G4-JNI GetEnv version=0x00010002
G4-JNI GetEnv version=0x00010002
G4-JNI GetEnv version=0x00010002
G4-JNI GetEnv version=0x00010002
G4-JNI GetEnv version=0x00010002
G4-JNI GetEnv version=0x00010002
G4-JNI GetEnv version=0x00010002
G4-JNI GetEnv version=0x00010002
G4-JNI GetEnv version=0x00010002
G4-JNI GetEnv version=0x00010002
G4-JNI GetEnv version=0x00010002
G4-JNI GetEnv version=0x00010002
G4-JNI GetEnv version=0x00010002
android[2] trace: ....................(KK) MogaController :: Inside NativeOnMotionEvent

android[2] trace: (KK) MogaController :: Inside NativeOnMotionEvent ....................

G6-MOGA motion frame=13626 axes=-32767,0,0,0,0,0
G4-JNI GetEnv version=0x00010002
G4-JNI GetEnv version=0x00010002
G4-JNI GetEnv version=0x00010002
G4-JNI GetEnv version=0x00010002
G4-JNI GetEnv version=0x00010002
G4-JNI GetEnv version=0x00010002
G4-JNI GetEnv version=0x00010002
G4-JNI GetEnv version=0x00010002
android[2] trace: ....................(KK) MogaController :: Inside NativeOnMotionEvent

android[2] trace: (KK) MogaController :: Inside NativeOnMotionEvent ....................

G4-JNI GetEnv version=0x00010002
G4-JNI GetEnv version=0x00010002
G4-JNI GetEnv version=0x00010002
G4-JNI GetEnv version=0x00010002
G4-JNI GetEnv version=0x00010002
G4-JNI GetEnv version=0x00010002
G4-JNI GetEnv version=0x00010002
G4-JNI GetEnv version=0x00010002
android[2] trace: ....................(KK) MogaController :: Inside NativeOnMotionEvent

android[2] trace: (KK) MogaController :: Inside NativeOnMotionEvent ....................

G6-MOGA motion frame=13642 axes=-32767,0,0,0,0,0
G4-JNI GetEnv version=0x00010002
G4-JNI GetEnv version=0x00010002
G4-JNI GetEnv version=0x00010002
G4-JNI GetEnv version=0x00010002
G4-JNI GetEnv version=0x00010002
G4-JNI GetEnv version=0x00010002
G4-JNI GetEnv version=0x00010002
android[2] trace: ....................(KK) MogaController :: Inside NativeOnMotionEvent

android[2] trace: (KK) MogaController :: Inside NativeOnMotionEvent ....................

G4-JNI GetEnv version=0x00010002
G4-JNI GetEnv version=0x00010002
G4-JNI GetEnv version=0x00010002
G4-JNI GetEnv version=0x00010002
G4-JNI GetEnv version=0x00010002
G4-JNI GetEnv version=0x00010002
G4-JNI GetEnv version=0x00010002
G4-JNI GetEnv version=0x00010002
G4-JNI GetEnv version=0x00010002
G4-JNI GetEnv version=0x00010002
G4-JNI GetEnv version=0x00010002
G4-JNI GetEnv version=0x00010002
G4-JNI GetEnv version=0x00010002
G4-JNI GetEnv version=0x00010002
G4-JNI GetEnv version=0x00010002
G4-JNI GetEnv version=0x00010002
G4-JNI GetEnv version=0x00010002
G4-JNI GetEnv version=0x00010002
G4-JNI GetEnv version=0x00010002
G4-JNI GetEnv version=0x00010002
G4-JNI GetEnv version=0x00010002
G4-JNI GetEnv version=0x00010002
G4-JNI GetEnv version=0x00010002
G4-JNI GetEnv version=0x00010002
android[2] trace: ....................(KK) MogaController :: Inside NativeOnMotionEvent

android[2] trace: (KK) MogaController :: Inside NativeOnMotionEvent ....................

G6-MOGA motion frame=13673 axes=-32767,0,0,0,0,0
G4-JNI GetEnv version=0x00010002
G4-JNI GetEnv version=0x00010002
G4-JNI GetEnv version=0x00010002
G4-JNI GetEnv version=0x00010002
G4-JNI GetEnv version=0x00010002
G4-JNI GetEnv version=0x00010002
G4-JNI GetEnv version=0x00010002
G4-JNI GetEnv version=0x00010002
G4-JNI GetEnv version=0x00010002
G4-JNI GetEnv version=0x00010002
G4-JNI GetEnv version=0x00010002
G4-JNI GetEnv version=0x00010002
G4-JNI GetEnv version=0x00010002
G4-JNI GetEnv version=0x00010002
G4-JNI GetEnv version=0x00010002
G4-JNI GetEnv version=0x00010002
G4-JNI GetEnv version=0x00010002
G4-JNI GetEnv version=0x00010002
G4-JNI GetEnv version=0x00010002
G4-JNI GetEnv version=0x00010002
G4-JNI GetEnv version=0x00010002
G4-JNI GetEnv version=0x00010002
G4-JNI GetEnv version=0x00010002
G4-JNI GetEnv version=0x00010002
G4-JNI GetEnv version=0x00010002
G4-JNI GetEnv version=0x00010002
G4-JNI GetEnv version=0x00010002
G4-JNI GetEnv version=0x00010002
G4-JNI GetEnv version=0x00010002
G4-JNI GetEnv version=0x00010002
G4-JNI GetEnv version=0x00010002
G4-JNI GetEnv version=0x00010002
G4-JNI GetEnv version=0x00010002
G4-JNI GetEnv version=0x00010002
G4-JNI GetEnv version=0x00010002
G4-JNI GetEnv version=0x00010002
G4-JNI GetEnv version=0x00010002
G4-JNI GetEnv version=0x00010002
G4-JNI GetEnv version=0x00010002
G4-JNI GetEnv version=0x00010002
G4-JNI GetEnv version=0x00010002
G4-JNI GetEnv version=0x00010002
G4-JNI GetEnv version=0x00010002
G4-JNI GetEnv version=0x00010002
G4-JNI GetEnv version=0x00010002
G4-JNI GetEnv version=0x00010002
G4-JNI GetEnv version=0x00010002
G4-JNI GetEnv version=0x00010002
G4-JNI GetEnv version=0x00010002
G4-JNI GetEnv version=0x00010002
G4-JNI GetEnv version=0x00010002
android[2] trace: ....................(KK) MogaController :: Inside NativeOnMotionEvent

android[2] trace: (KK) MogaController :: Inside NativeOnMotionEvent ....................

G6-MOGA motion frame=13724 axes=0,0,0,0,0,0
G4-JNI GetEnv version=0x00010002
G4-JNI GetEnv version=0x00010002
G4-JNI GetEnv version=0x00010002
G4-JNI GetEnv version=0x00010002
G4-JNI GetEnv version=0x00010002
G4-JNI GetEnv version=0x00010002
G4-JNI GetEnv version=0x00010002
G4-JNI GetEnv version=0x00010002
G4-JNI GetEnv version=0x00010002
G4-JNI GetEnv version=0x00010002
G4-JNI GetEnv version=0x00010002
G4-JNI GetEnv version=0x00010002
android[2] trace: MoGaConTrOlLeR :: ....................(KK) BaseDrivingControlScheme :: OnEvent .....................

G4-JNI GetEnv version=0x00010002
G4-JNI GetEnv version=0x00010002
G4-JNI GetEnv version=0x00010002
G4-JNI GetEnv version=0x00010002
G4-JNI GetEnv version=0x00010002
G4-JNI GetEnv version=0x00010002
G4-JNI GetEnv version=0x00010002
G4-JNI GetEnv version=0x00010002
G4-JNI GetEnv version=0x00010002
G4-JNI GetEnv version=0x00010002
G4-JNI GetEnv version=0x00010002
G4-JNI GetEnv version=0x00010002
G4-JNI GetEnv version=0x00010002
G4-JNI GetEnv version=0x00010002
G4-JNI GetEnv version=0x00010002
G4-JNI GetEnv version=0x00010002
G4-JNI GetEnv version=0x00010002
G4-JNI GetEnv version=0x00010002
G4-JNI GetEnv version=0x00010002
G4-JNI GetEnv version=0x00010002
G4-JNI GetEnv version=0x00010002
G4-JNI GetEnv version=0x00010002
G4-JNI GetEnv version=0x00010002
G4-JNI GetEnv version=0x00010002
G4-JNI GetEnv version=0x00010002
G4-JNI GetEnv version=0x00010002
G4-JNI GetEnv version=0x00010002
G4-JNI GetEnv version=0x00010002
android[2] trace: ....................(KK) MogaController :: Inside NativeOnMotionEvent

android[2] trace: (KK) MogaController :: Inside NativeOnMotionEvent ....................

G6-MOGA motion frame=13764 axes=-32767,0,0,0,0,0
G4-JNI GetEnv version=0x00010002
G4-JNI GetEnv version=0x00010002
G4-JNI GetEnv version=0x00010002
G4-JNI GetEnv version=0x00010002
G4-JNI GetEnv version=0x00010002
G4-JNI GetEnv version=0x00010002
G4-JNI GetEnv version=0x00010002
G4-JNI GetEnv version=0x00010002
G4-JNI GetEnv version=0x00010002
android[2] trace: ....................(KK) MogaController :: Inside NativeOnMotionEvent

android[2] trace: (KK) MogaController :: Inside NativeOnMotionEvent ....................

G4-JNI GetEnv version=0x00010002
G4-JNI GetEnv version=0x00010002
G4-JNI GetEnv version=0x00010002
G4-JNI GetEnv version=0x00010002
G6-RAW buttons=0x00000000
android[2] trace: MoGaConTrOlLeR :: ....................(KK) MogaController :: Inside nativeOnKeyEvent 

android[2] trace: ....................(KK) MogaController :: Inside nativeOnKeyEvent 103

android[2] trace: MoGaConTrOlLeR :: ....................(KK) Key Event Key R1 1111 .....................

android[2] trace: MoGaConTrOlLeR :: ....................(KK) Key Event Key up .....................

android[2] trace: MoGaConTrOlLeR :: ....................(KK) Listener Key Release .....................

android[2] trace: MoGaConTrOlLeR :: ....................(KK) AndroidKeyCode :: MogaKeyCode (Start of func) .....................

android[2] trace: MoGaConTrOlLeR :: ....................(KK) AndroidKeyCode :: MogaKeyCode Key Press R1 .....................

android[2] trace: MoGaConTrOlLeR :: ....................(KK) AndroidKeyCode :: MogaKeyCode Key Press R1(Nitro) Racing True.....................

android[2] trace: MoGaConTrOlLeR :: (KK) MogaController :: Inside nativeOnKeyEvent ....................

G6-MOGA key frame=13777 code=103 state=up
android[2] trace: MoGaConTrOlLeR :: ....................(KK) BaseDrivingControlScheme :: OnEvent .....................

android[2] trace: MoGaConTrOlLeR :: ....................(KK) BaseDrivingControlScheme :: OnKeyRelease Nothing :( .....................

G4-JNI GetEnv version=0x00010002
G4-JNI GetEnv version=0x00010002
G4-JNI GetEnv version=0x00010002
G4-JNI GetEnv version=0x00010002
G4-JNI GetEnv version=0x00010002
G4-JNI GetEnv version=0x00010002
G4-JNI GetEnv version=0x00010002
G4-JNI GetEnv version=0x00010002
G4-JNI GetEnv version=0x00010002
G4-JNI GetEnv version=0x00010002
G4-JNI GetEnv version=0x00010002
G4-JNI GetEnv version=0x00010002
G4-JNI GetEnv version=0x00010002
G4-JNI GetEnv version=0x00010002
G4-JNI GetEnv version=0x00010002
G4-JNI GetEnv version=0x00010002
G4-JNI GetEnv version=0x00010002
G4-JNI GetEnv version=0x00010002
G4-JNI GetEnv version=0x00010002
G4-JNI GetEnv version=0x00010002
android[2] trace: ....................(KK) MogaController :: Inside NativeOnMotionEvent

android[2] trace: (KK) MogaController :: Inside NativeOnMotionEvent ....................

G6-MOGA motion frame=13797 axes=-32767,0,0,0,0,0
G4-JNI GetEnv version=0x00010002
G4-JNI GetEnv version=0x00010002
G4-JNI GetEnv version=0x00010002
G7-FRAME enter=13800
G4-JNI GetEnv version=0x00010002
G5-GL STATE frame=13800 framebuffer=0 status=0x8cd5 errors=0
G7-FRAME leave=13800
G4-JNI GetEnv version=0x00010002
G4-JNI GetEnv version=0x00010002
G4-JNI GetEnv version=0x00010002
G4-JNI GetEnv version=0x00010002
android[2] trace: ....................(KK) MogaController :: Inside NativeOnMotionEvent

android[2] trace: (KK) MogaController :: Inside NativeOnMotionEvent ....................

G4-JNI GetEnv version=0x00010002
G4-JNI GetEnv version=0x00010002
G4-JNI GetEnv version=0x00010002
G4-JNI GetEnv version=0x00010002
G4-JNI GetEnv version=0x00010002
G4-JNI GetEnv version=0x00010002
G4-JNI GetEnv version=0x00010002
G4-JNI GetEnv version=0x00010002
G4-JNI GetEnv version=0x00010002
G4-JNI GetEnv version=0x00010002
G4-JNI GetEnv version=0x00010002
G4-JNI GetEnv version=0x00010002
G4-JNI GetEnv version=0x00010002
G4-JNI GetEnv version=0x00010002
G4-JNI GetEnv version=0x00010002
G4-JNI GetEnv version=0x00010002
G4-JNI GetEnv version=0x00010002
G4-JNI GetEnv version=0x00010002
G4-JNI GetEnv version=0x00010002
G4-JNI GetEnv version=0x00010002
G4-JNI GetEnv version=0x00010002
G4-JNI GetEnv version=0x00010002
G4-JNI GetEnv version=0x00010002
G4-JNI GetEnv version=0x00010002
G4-JNI GetEnv version=0x00010002
G4-JNI GetEnv version=0x00010002
G4-JNI GetEnv version=0x00010002
G4-JNI GetEnv version=0x00010002
G4-JNI GetEnv version=0x00010002
G4-JNI GetEnv version=0x00010002
G4-JNI GetEnv version=0x00010002
G4-JNI GetEnv version=0x00010002
G4-JNI GetEnv version=0x00010002
G4-JNI GetEnv version=0x00010002
G4-JNI GetEnv version=0x00010002
G4-JNI GetEnv version=0x00010002
G4-JNI GetEnv version=0x00010002
G4-JNI GetEnv version=0x00010002
G4-JNI GetEnv version=0x00010002
G4-JNI GetEnv version=0x00010002
G4-JNI GetEnv version=0x00010002
G4-JNI GetEnv version=0x00010002
G4-JNI GetEnv version=0x00010002
G4-JNI GetEnv version=0x00010002
G4-JNI GetEnv version=0x00010002
G4-JNI GetEnv version=0x00010002
G4-JNI GetEnv version=0x00010002
G4-JNI GetEnv version=0x00010002
G4-JNI GetEnv version=0x00010002
G4-JNI GetEnv version=0x00010002
G4-JNI GetEnv version=0x00010002
G4-JNI GetEnv version=0x00010002
G4-JNI GetEnv version=0x00010002
G4-JNI GetEnv version=0x00010002
G4-JNI GetEnv version=0x00010002
G4-JNI GetEnv version=0x00010002
android[2] trace: ....................(KK) MogaController :: Inside NativeOnMotionEvent

android[2] trace: (KK) MogaController :: Inside NativeOnMotionEvent ....................

G6-MOGA motion frame=13861 axes=-32767,0,0,0,0,0
G4-JNI GetEnv version=0x00010002
G4-JNI GetEnv version=0x00010002
G4-JNI GetEnv version=0x00010002
G4-JNI GetEnv version=0x00010002
G4-JNI GetEnv version=0x00010002
G4-JNI GetEnv version=0x00010002
G4-JNI GetEnv version=0x00010002
G4-JNI GetEnv version=0x00010002
G4-JNI GetEnv version=0x00010002
G4-JNI GetEnv version=0x00010002
G4-JNI GetEnv version=0x00010002
G4-JNI GetEnv version=0x00010002
G4-JNI GetEnv version=0x00010002
G4-JNI GetEnv version=0x00010002
G4-JNI GetEnv version=0x00010002
G4-JNI GetEnv version=0x00010002
G4-JNI GetEnv version=0x00010002
G4-JNI GetEnv version=0x00010002
G4-JNI GetEnv version=0x00010002
G4-JNI GetEnv version=0x00010002
G4-JNI GetEnv version=0x00010002
G4-JNI GetEnv version=0x00010002
G4-JNI GetEnv version=0x00010002
G4-JNI GetEnv version=0x00010002
G4-JNI GetEnv version=0x00010002
G4-JNI GetEnv version=0x00010002
G4-JNI GetEnv version=0x00010002
G4-JNI GetEnv version=0x00010002
G4-JNI GetEnv version=0x00010002
G4-JNI GetEnv version=0x00010002
G4-JNI GetEnv version=0x00010002
G4-JNI GetEnv version=0x00010002
G4-JNI GetEnv version=0x00010002
android[2] trace: ....................(KK) MogaController :: Inside NativeOnMotionEvent

android[2] trace: (KK) MogaController :: Inside NativeOnMotionEvent ....................

G6-MOGA motion frame=13894 axes=0,0,0,0,0,0
G4-JNI GetEnv version=0x00010002
G4-JNI GetEnv version=0x00010002
G4-JNI GetEnv version=0x00010002
G4-JNI GetEnv version=0x00010002
G4-JNI GetEnv version=0x00010002
G4-JNI GetEnv version=0x00010002
G4-JNI GetEnv version=0x00010002
G4-JNI GetEnv version=0x00010002
G4-JNI GetEnv version=0x00010002
G4-JNI GetEnv version=0x00010002
G4-JNI GetEnv version=0x00010002
G4-JNI GetEnv version=0x00010002
G4-JNI GetEnv version=0x00010002
G4-JNI GetEnv version=0x00010002
G4-JNI GetEnv version=0x00010002
G4-JNI GetEnv version=0x00010002
G4-JNI GetEnv version=0x00010002
G4-JNI GetEnv version=0x00010002
G4-JNI GetEnv version=0x00010002
G4-JNI GetEnv version=0x00010002
G4-JNI GetEnv version=0x00010002
G4-JNI GetEnv version=0x00010002
G4-JNI GetEnv version=0x00010002
G4-JNI GetEnv version=0x00010002
G4-JNI GetEnv version=0x00010002
G4-JNI GetEnv version=0x00010002
G4-JNI GetEnv version=0x00010002
G4-JNI GetEnv version=0x00010002
G4-JNI GetEnv version=0x00010002
G4-JNI GetEnv version=0x00010002
G4-JNI GetEnv version=0x00010002
G4-JNI GetEnv version=0x00010002
G4-JNI GetEnv version=0x00010002
G4-JNI GetEnv version=0x00010002
G4-JNI GetEnv version=0x00010002
G4-JNI GetEnv version=0x00010002
G4-JNI GetEnv version=0x00010002
G4-JNI GetEnv version=0x00010002
G4-JNI GetEnv version=0x00010002
G4-JNI GetEnv version=0x00010002
android[2] trace: ....................(KK) MogaController :: Inside NativeOnMotionEvent

android[2] trace: (KK) MogaController :: Inside NativeOnMotionEvent ....................

G6-MOGA motion frame=13934 axes=-32767,0,0,0,0,0
G4-JNI GetEnv version=0x00010002
G4-JNI GetEnv version=0x00010002
G4-JNI GetEnv version=0x00010002
G4-JNI GetEnv version=0x00010002
G4-JNI GetEnv version=0x00010002
G4-JNI GetEnv version=0x00010002
G4-JNI GetEnv version=0x00010002
android[2] trace: ....................(KK) MogaController :: Inside NativeOnMotionEvent

android[2] trace: (KK) MogaController :: Inside NativeOnMotionEvent ....................

G4-JNI GetEnv version=0x00010002
G4-JNI GetEnv version=0x00010002
G4-JNI GetEnv version=0x00010002
G4-JNI GetEnv version=0x00010002
G4-JNI GetEnv version=0x00010002
G4-JNI GetEnv version=0x00010002
G4-JNI GetEnv version=0x00010002
G4-JNI GetEnv version=0x00010002
G4-JNI GetEnv version=0x00010002
G4-JNI GetEnv version=0x00010002
G4-JNI GetEnv version=0x00010002
G4-JNI GetEnv version=0x00010002
G4-JNI GetEnv version=0x00010002
G4-JNI GetEnv version=0x00010002
G4-JNI GetEnv version=0x00010002
G4-JNI GetEnv version=0x00010002
G4-JNI GetEnv version=0x00010002
G4-JNI GetEnv version=0x00010002
G4-JNI GetEnv version=0x00010002
G4-JNI GetEnv version=0x00010002
G4-JNI GetEnv version=0x00010002
G4-JNI GetEnv version=0x00010002
G4-JNI GetEnv version=0x00010002
G4-JNI GetEnv version=0x00010002
G4-JNI GetEnv version=0x00010002
G4-JNI GetEnv version=0x00010002
G4-JNI GetEnv version=0x00010002
G4-JNI GetEnv version=0x00010002
G4-JNI GetEnv version=0x00010002
G4-JNI GetEnv version=0x00010002
G4-JNI GetEnv version=0x00010002
G4-JNI GetEnv version=0x00010002
G4-JNI GetEnv version=0x00010002
G4-JNI GetEnv version=0x00010002
G4-JNI GetEnv version=0x00010002
G4-JNI GetEnv version=0x00010002
G4-JNI GetEnv version=0x00010002
G4-JNI GetEnv version=0x00010002
G4-JNI GetEnv version=0x00010002
G4-JNI GetEnv version=0x00010002
G4-JNI GetEnv version=0x00010002
G4-JNI GetEnv version=0x00010002
G4-JNI GetEnv version=0x00010002
G4-JNI GetEnv version=0x00010002
G4-JNI GetEnv version=0x00010002
G4-JNI GetEnv version=0x00010002
G4-JNI GetEnv version=0x00010002
G4-JNI GetEnv version=0x00010002
G4-JNI GetEnv version=0x00010002
G4-JNI GetEnv version=0x00010002
G4-JNI GetEnv version=0x00010002
G4-JNI GetEnv version=0x00010002
G4-JNI GetEnv version=0x00010002
G4-JNI GetEnv version=0x00010002
G4-JNI GetEnv version=0x00010002
G4-JNI GetEnv version=0x00010002
G4-JNI GetEnv version=0x00010002
G4-JNI GetEnv version=0x00010002
G4-JNI GetEnv version=0x00010002
G4-JNI GetEnv version=0x00010002
G4-JNI GetEnv version=0x00010002
G4-JNI GetEnv version=0x00010002
G4-JNI GetEnv version=0x00010002
G4-JNI GetEnv version=0x00010002
G4-JNI GetEnv version=0x00010002
G4-JNI GetEnv version=0x00010002
G4-JNI GetEnv version=0x00010002
G4-JNI GetEnv version=0x00010002
G4-JNI GetEnv version=0x00010002
G4-JNI GetEnv version=0x00010002
G4-JNI GetEnv version=0x00010002
G4-JNI GetEnv version=0x00010002
G6-RAW buttons=0x00000800
android[2] trace: ....................(KK) MogaController :: Inside NativeOnMotionEvent

android[2] trace: (KK) MogaController :: Inside NativeOnMotionEvent ....................

G6-MOGA motion frame=14013 axes=32767,0,0,0,0,0
G6-MOGA dpad-as-stick frame=14013 code=22 state=down
G4-JNI GetEnv version=0x00010002
G4-JNI GetEnv version=0x00010002
G4-JNI GetEnv version=0x00010002
G4-JNI GetEnv version=0x00010002
G4-JNI GetEnv version=0x00010002
G4-JNI GetEnv version=0x00010002
G4-JNI GetEnv version=0x00010002
G6-RAW buttons=0x00000000
android[2] trace: ....................(KK) MogaController :: Inside NativeOnMotionEvent

android[2] trace: (KK) MogaController :: Inside NativeOnMotionEvent ....................

G6-MOGA dpad-as-stick frame=14020 code=22 state=up
G4-JNI GetEnv version=0x00010002
G4-JNI GetEnv version=0x00010002
G4-JNI GetEnv version=0x00010002
G4-JNI GetEnv version=0x00010002
G4-JNI GetEnv version=0x00010002
G4-JNI GetEnv version=0x00010002
G4-JNI GetEnv version=0x00010002
G6-RAW buttons=0x00000800
android[2] trace: ....................(KK) MogaController :: Inside NativeOnMotionEvent

android[2] trace: (KK) MogaController :: Inside NativeOnMotionEvent ....................

G6-MOGA dpad-as-stick frame=14027 code=22 state=down
G4-JNI GetEnv version=0x00010002
G4-JNI GetEnv version=0x00010002
G4-JNI GetEnv version=0x00010002
G4-JNI GetEnv version=0x00010002
G4-JNI GetEnv version=0x00010002
G4-JNI GetEnv version=0x00010002
G6-RAW buttons=0x00000000
android[2] trace: ....................(KK) MogaController :: Inside NativeOnMotionEvent

android[2] trace: (KK) MogaController :: Inside NativeOnMotionEvent ....................

G6-MOGA motion frame=14033 axes=0,0,0,0,0,0
G6-MOGA dpad-as-stick frame=14033 code=22 state=up
G4-JNI GetEnv version=0x00010002
G4-JNI GetEnv version=0x00010002
G4-JNI GetEnv version=0x00010002
G4-JNI GetEnv version=0x00010002
G4-JNI GetEnv version=0x00010002
G4-JNI GetEnv version=0x00010002
G4-JNI GetEnv version=0x00010002
G6-RAW buttons=0x00000800
android[2] trace: ....................(KK) MogaController :: Inside NativeOnMotionEvent

android[2] trace: (KK) MogaController :: Inside NativeOnMotionEvent ....................

G6-MOGA dpad-as-stick frame=14040 code=22 state=down
G4-JNI GetEnv version=0x00010002
G4-JNI GetEnv version=0x00010002
G4-JNI GetEnv version=0x00010002
G4-JNI GetEnv version=0x00010002
G4-JNI GetEnv version=0x00010002
G6-RAW buttons=0x00000000
android[2] trace: ....................(KK) MogaController :: Inside NativeOnMotionEvent

android[2] trace: (KK) MogaController :: Inside NativeOnMotionEvent ....................

G6-MOGA dpad-as-stick frame=14045 code=22 state=up
G4-JNI GetEnv version=0x00010002
G4-JNI GetEnv version=0x00010002
G4-JNI GetEnv version=0x00010002
G4-JNI GetEnv version=0x00010002
G4-JNI GetEnv version=0x00010002
G4-JNI GetEnv version=0x00010002
G6-RAW buttons=0x00000800
android[2] trace: ....................(KK) MogaController :: Inside NativeOnMotionEvent

android[2] trace: (KK) MogaController :: Inside NativeOnMotionEvent ....................

G6-MOGA motion frame=14051 axes=32767,0,0,0,0,0
G6-MOGA dpad-as-stick frame=14051 code=22 state=down
G4-JNI GetEnv version=0x00010002
G4-JNI GetEnv version=0x00010002
G4-JNI GetEnv version=0x00010002
G4-JNI GetEnv version=0x00010002
G4-JNI GetEnv version=0x00010002
G4-JNI GetEnv version=0x00010002
G6-RAW buttons=0x00000000
android[2] trace: ....................(KK) MogaController :: Inside NativeOnMotionEvent

android[2] trace: (KK) MogaController :: Inside NativeOnMotionEvent ....................

G6-MOGA dpad-as-stick frame=14057 code=22 state=up
G4-JNI GetEnv version=0x00010002
G4-JNI GetEnv version=0x00010002
G4-JNI GetEnv version=0x00010002
G4-JNI GetEnv version=0x00010002
G4-JNI GetEnv version=0x00010002
G4-JNI GetEnv version=0x00010002
G6-RAW buttons=0x00000800
android[2] trace: ....................(KK) MogaController :: Inside NativeOnMotionEvent

android[2] trace: (KK) MogaController :: Inside NativeOnMotionEvent ....................

G6-MOGA dpad-as-stick frame=14063 code=22 state=down
G4-JNI GetEnv version=0x00010002
G4-JNI GetEnv version=0x00010002
G4-JNI GetEnv version=0x00010002
G4-JNI GetEnv version=0x00010002
G4-JNI GetEnv version=0x00010002
G6-RAW buttons=0x00000000
android[2] trace: ....................(KK) MogaController :: Inside NativeOnMotionEvent

android[2] trace: (KK) MogaController :: Inside NativeOnMotionEvent ....................

G6-MOGA motion frame=14068 axes=0,0,0,0,0,0
G6-MOGA dpad-as-stick frame=14068 code=22 state=up
G4-JNI GetEnv version=0x00010002
G4-JNI GetEnv version=0x00010002
G4-JNI GetEnv version=0x00010002
G4-JNI GetEnv version=0x00010002
G4-JNI GetEnv version=0x00010002
G4-JNI GetEnv version=0x00010002
G6-RAW buttons=0x00000800
android[2] trace: ....................(KK) MogaController :: Inside NativeOnMotionEvent

android[2] trace: (KK) MogaController :: Inside NativeOnMotionEvent ....................

G6-MOGA dpad-as-stick frame=14074 code=22 state=down
G4-JNI GetEnv version=0x00010002
G4-JNI GetEnv version=0x00010002
G4-JNI GetEnv version=0x00010002
G4-JNI GetEnv version=0x00010002
G4-JNI GetEnv version=0x00010002
G4-JNI GetEnv version=0x00010002
G6-RAW buttons=0x00000000
android[2] trace: ....................(KK) MogaController :: Inside NativeOnMotionEvent

android[2] trace: (KK) MogaController :: Inside NativeOnMotionEvent ....................

G6-MOGA dpad-as-stick frame=14080 code=22 state=up
G4-JNI GetEnv version=0x00010002
G4-JNI GetEnv version=0x00010002
G4-JNI GetEnv version=0x00010002
G4-JNI GetEnv version=0x00010002
G6-RAW buttons=0x00000800
android[2] trace: ....................(KK) MogaController :: Inside NativeOnMotionEvent

android[2] trace: (KK) MogaController :: Inside NativeOnMotionEvent ....................

G6-MOGA motion frame=14084 axes=32767,0,0,0,0,0
G6-MOGA dpad-as-stick frame=14084 code=22 state=down
G4-JNI GetEnv version=0x00010002
G4-JNI GetEnv version=0x00010002
G4-JNI GetEnv version=0x00010002
G4-JNI GetEnv version=0x00010002
G4-JNI GetEnv version=0x00010002
G4-JNI GetEnv version=0x00010002
G4-JNI GetEnv version=0x00010002
G4-JNI GetEnv version=0x00010002
G4-JNI GetEnv version=0x00010002
G4-JNI GetEnv version=0x00010002
G4-JNI GetEnv version=0x00010002
G4-JNI GetEnv version=0x00010002
G4-JNI GetEnv version=0x00010002
G4-JNI GetEnv version=0x00010002
G4-JNI GetEnv version=0x00010002
G4-JNI GetEnv version=0x00010002
G7-FRAME enter=14100
G4-JNI GetEnv version=0x00010002
G5-GL STATE frame=14100 framebuffer=0 status=0x8cd5 errors=0
G7-FRAME leave=14100
G4-JNI GetEnv version=0x00010002
G4-JNI GetEnv version=0x00010002
G4-JNI GetEnv version=0x00010002
G6-RAW buttons=0x00000000
android[2] trace: ....................(KK) MogaController :: Inside NativeOnMotionEvent

android[2] trace: (KK) MogaController :: Inside NativeOnMotionEvent ....................

G6-MOGA motion frame=14104 axes=0,0,0,0,0,0
G6-MOGA dpad-as-stick frame=14104 code=22 state=up
G4-JNI GetEnv version=0x00010002
G4-JNI GetEnv version=0x00010002
G4-JNI GetEnv version=0x00010002
G4-JNI GetEnv version=0x00010002
G4-JNI GetEnv version=0x00010002
G4-JNI GetEnv version=0x00010002
G4-JNI GetEnv version=0x00010002
G4-JNI GetEnv version=0x00010002
G4-JNI GetEnv version=0x00010002
G4-JNI GetEnv version=0x00010002
G4-JNI GetEnv version=0x00010002
G6-RAW buttons=0x00000800
android[2] trace: ....................(KK) MogaController :: Inside NativeOnMotionEvent

android[2] trace: (KK) MogaController :: Inside NativeOnMotionEvent ....................

G6-MOGA dpad-as-stick frame=14115 code=22 state=down
G4-JNI GetEnv version=0x00010002
G4-JNI GetEnv version=0x00010002
G4-JNI GetEnv version=0x00010002
G4-JNI GetEnv version=0x00010002
G4-JNI GetEnv version=0x00010002
G4-JNI GetEnv version=0x00010002
G4-JNI GetEnv version=0x00010002
G6-RAW buttons=0x00000000
android[2] trace: ....................(KK) MogaController :: Inside NativeOnMotionEvent

android[2] trace: (KK) MogaController :: Inside NativeOnMotionEvent ....................

G6-MOGA motion frame=14122 axes=0,0,0,0,0,0
G6-MOGA dpad-as-stick frame=14122 code=22 state=up
G4-JNI GetEnv version=0x00010002
G4-JNI GetEnv version=0x00010002
G4-JNI GetEnv version=0x00010002
G4-JNI GetEnv version=0x00010002
G4-JNI GetEnv version=0x00010002
G6-RAW buttons=0x00000800
android[2] trace: ....................(KK) MogaController :: Inside NativeOnMotionEvent

android[2] trace: (KK) MogaController :: Inside NativeOnMotionEvent ....................

G6-MOGA dpad-as-stick frame=14127 code=22 state=down
G4-JNI GetEnv version=0x00010002
G4-JNI GetEnv version=0x00010002
G4-JNI GetEnv version=0x00010002
G4-JNI GetEnv version=0x00010002
G4-JNI GetEnv version=0x00010002
G4-JNI GetEnv version=0x00010002
G4-JNI GetEnv version=0x00010002
G4-JNI GetEnv version=0x00010002
G4-JNI GetEnv version=0x00010002
G4-JNI GetEnv version=0x00010002
G4-JNI GetEnv version=0x00010002
G4-JNI GetEnv version=0x00010002
G4-JNI GetEnv version=0x00010002
G4-JNI GetEnv version=0x00010002
G4-JNI GetEnv version=0x00010002
G4-JNI GetEnv version=0x00010002
G6-RAW buttons=0x00000000
android[2] trace: ....................(KK) MogaController :: Inside NativeOnMotionEvent

android[2] trace: (KK) MogaController :: Inside NativeOnMotionEvent ....................

G6-MOGA motion frame=14143 axes=0,0,0,0,0,0
G6-MOGA dpad-as-stick frame=14143 code=22 state=up
G4-JNI GetEnv version=0x00010002
G4-JNI GetEnv version=0x00010002
G4-JNI GetEnv version=0x00010002
G4-JNI GetEnv version=0x00010002
G4-JNI GetEnv version=0x00010002
G4-JNI GetEnv version=0x00010002
G4-JNI GetEnv version=0x00010002
G6-RAW buttons=0x00000800
android[2] trace: ....................(KK) MogaController :: Inside NativeOnMotionEvent

android[2] trace: (KK) MogaController :: Inside NativeOnMotionEvent ....................

G6-MOGA dpad-as-stick frame=14150 code=22 state=down
G4-JNI GetEnv version=0x00010002
G4-JNI GetEnv version=0x00010002
G4-JNI GetEnv version=0x00010002
G4-JNI GetEnv version=0x00010002
G4-JNI GetEnv version=0x00010002
G4-JNI GetEnv version=0x00010002
G6-RAW buttons=0x00000000
android[2] trace: ....................(KK) MogaController :: Inside NativeOnMotionEvent

android[2] trace: (KK) MogaController :: Inside NativeOnMotionEvent ....................

G6-MOGA dpad-as-stick frame=14156 code=22 state=up
G4-JNI GetEnv version=0x00010002
G4-JNI GetEnv version=0x00010002
G4-JNI GetEnv version=0x00010002
G4-JNI GetEnv version=0x00010002
G4-JNI GetEnv version=0x00010002
G6-RAW buttons=0x00000800
android[2] trace: ....................(KK) MogaController :: Inside NativeOnMotionEvent

android[2] trace: (KK) MogaController :: Inside NativeOnMotionEvent ....................

G6-MOGA motion frame=14161 axes=32767,0,0,0,0,0
G6-MOGA dpad-as-stick frame=14161 code=22 state=down
G4-JNI GetEnv version=0x00010002
G4-JNI GetEnv version=0x00010002
G4-JNI GetEnv version=0x00010002
G4-JNI GetEnv version=0x00010002
G4-JNI GetEnv version=0x00010002
G4-JNI GetEnv version=0x00010002
G6-RAW buttons=0x00000000
android[2] trace: ....................(KK) MogaController :: Inside NativeOnMotionEvent

android[2] trace: (KK) MogaController :: Inside NativeOnMotionEvent ....................

G6-MOGA dpad-as-stick frame=14167 code=22 state=up
G4-JNI GetEnv version=0x00010002
G4-JNI GetEnv version=0x00010002
G4-JNI GetEnv version=0x00010002
G4-JNI GetEnv version=0x00010002
G4-JNI GetEnv version=0x00010002
G4-JNI GetEnv version=0x00010002
G6-RAW buttons=0x00000800
android[2] trace: ....................(KK) MogaController :: Inside NativeOnMotionEvent

android[2] trace: (KK) MogaController :: Inside NativeOnMotionEvent ....................

G6-MOGA dpad-as-stick frame=14173 code=22 state=down
G4-JNI GetEnv version=0x00010002
G4-JNI GetEnv version=0x00010002
G4-JNI GetEnv version=0x00010002
G4-JNI GetEnv version=0x00010002
G6-RAW buttons=0x00000000
android[2] trace: ....................(KK) MogaController :: Inside NativeOnMotionEvent

android[2] trace: (KK) MogaController :: Inside NativeOnMotionEvent ....................

G6-MOGA motion frame=14177 axes=0,0,0,0,0,0
G6-MOGA dpad-as-stick frame=14177 code=22 state=up
G4-JNI GetEnv version=0x00010002
G4-JNI GetEnv version=0x00010002
G4-JNI GetEnv version=0x00010002
G4-JNI GetEnv version=0x00010002
G4-JNI GetEnv version=0x00010002
G4-JNI GetEnv version=0x00010002
G6-RAW buttons=0x00000800
android[2] trace: ....................(KK) MogaController :: Inside NativeOnMotionEvent

android[2] trace: (KK) MogaController :: Inside NativeOnMotionEvent ....................

G6-MOGA dpad-as-stick frame=14183 code=22 state=down
G4-JNI GetEnv version=0x00010002
G4-JNI GetEnv version=0x00010002
G4-JNI GetEnv version=0x00010002
G4-JNI GetEnv version=0x00010002
G4-JNI GetEnv version=0x00010002
G6-RAW buttons=0x00000000
android[2] trace: ....................(KK) MogaController :: Inside NativeOnMotionEvent

android[2] trace: (KK) MogaController :: Inside NativeOnMotionEvent ....................

G6-MOGA dpad-as-stick frame=14188 code=22 state=up
G4-JNI GetEnv version=0x00010002
G4-JNI GetEnv version=0x00010002
G4-JNI GetEnv version=0x00010002
G4-JNI GetEnv version=0x00010002
G6-RAW buttons=0x00000800
android[2] trace: ....................(KK) MogaController :: Inside NativeOnMotionEvent

android[2] trace: (KK) MogaController :: Inside NativeOnMotionEvent ....................

G6-MOGA motion frame=14192 axes=32767,0,0,0,0,0
G6-MOGA dpad-as-stick frame=14192 code=22 state=down
G4-JNI GetEnv version=0x00010002
G4-JNI GetEnv version=0x00010002
G4-JNI GetEnv version=0x00010002
G4-JNI GetEnv version=0x00010002
G4-JNI GetEnv version=0x00010002
G6-RAW buttons=0x00000000
android[2] trace: ....................(KK) MogaController :: Inside NativeOnMotionEvent

android[2] trace: (KK) MogaController :: Inside NativeOnMotionEvent ....................

G6-MOGA dpad-as-stick frame=14197 code=22 state=up
G4-JNI GetEnv version=0x00010002
G4-JNI GetEnv version=0x00010002
G4-JNI GetEnv version=0x00010002
G4-JNI GetEnv version=0x00010002
G4-JNI GetEnv version=0x00010002
G6-RAW buttons=0x00000800
android[2] trace: ....................(KK) MogaController :: Inside NativeOnMotionEvent

android[2] trace: (KK) MogaController :: Inside NativeOnMotionEvent ....................

G6-MOGA dpad-as-stick frame=14202 code=22 state=down
G4-JNI GetEnv version=0x00010002
G4-JNI GetEnv version=0x00010002
G4-JNI GetEnv version=0x00010002
G4-JNI GetEnv version=0x00010002
G4-JNI GetEnv version=0x00010002
G4-JNI GetEnv version=0x00010002
G6-RAW buttons=0x00000000
android[2] trace: ....................(KK) MogaController :: Inside NativeOnMotionEvent

android[2] trace: (KK) MogaController :: Inside NativeOnMotionEvent ....................

G6-MOGA motion frame=14208 axes=0,0,0,0,0,0
G6-MOGA dpad-as-stick frame=14208 code=22 state=up
G4-JNI GetEnv version=0x00010002
G4-JNI GetEnv version=0x00010002
G4-JNI GetEnv version=0x00010002
G4-JNI GetEnv version=0x00010002
G6-RAW buttons=0x00000800
android[2] trace: ....................(KK) MogaController :: Inside NativeOnMotionEvent

android[2] trace: (KK) MogaController :: Inside NativeOnMotionEvent ....................

G6-MOGA dpad-as-stick frame=14212 code=22 state=down
G4-JNI GetEnv version=0x00010002
G4-JNI GetEnv version=0x00010002
G4-JNI GetEnv version=0x00010002
G4-JNI GetEnv version=0x00010002
G4-JNI GetEnv version=0x00010002
G4-JNI GetEnv version=0x00010002
G4-JNI GetEnv version=0x00010002
G4-JNI GetEnv version=0x00010002
G4-JNI GetEnv version=0x00010002
G4-JNI GetEnv version=0x00010002
G4-JNI GetEnv version=0x00010002
G4-JNI GetEnv version=0x00010002
G4-JNI GetEnv version=0x00010002
G4-JNI GetEnv version=0x00010002
G4-JNI GetEnv version=0x00010002
G4-JNI GetEnv version=0x00010002
G4-JNI GetEnv version=0x00010002
G4-JNI GetEnv version=0x00010002
G4-JNI GetEnv version=0x00010002
G4-JNI GetEnv version=0x00010002
G4-JNI GetEnv version=0x00010002
G6-RAW buttons=0x00000000
android[2] trace: ....................(KK) MogaController :: Inside NativeOnMotionEvent

android[2] trace: (KK) MogaController :: Inside NativeOnMotionEvent ....................

G6-MOGA motion frame=14233 axes=0,0,0,0,0,0
G6-MOGA dpad-as-stick frame=14233 code=22 state=up
G4-JNI GetEnv version=0x00010002
G4-JNI GetEnv version=0x00010002
G4-JNI GetEnv version=0x00010002
G4-JNI GetEnv version=0x00010002
G4-JNI GetEnv version=0x00010002
G4-JNI GetEnv version=0x00010002
G4-JNI GetEnv version=0x00010002
G4-JNI GetEnv version=0x00010002
G4-JNI GetEnv version=0x00010002
G4-JNI GetEnv version=0x00010002
G4-JNI GetEnv version=0x00010002
G4-JNI GetEnv version=0x00010002
G4-JNI GetEnv version=0x00010002
G4-JNI GetEnv version=0x00010002
G4-JNI GetEnv version=0x00010002
G4-JNI GetEnv version=0x00010002
G4-JNI GetEnv version=0x00010002
G4-JNI GetEnv version=0x00010002
G4-JNI GetEnv version=0x00010002
G4-JNI GetEnv version=0x00010002
G4-JNI GetEnv version=0x00010002
G4-JNI GetEnv version=0x00010002
G4-JNI GetEnv version=0x00010002
G4-JNI GetEnv version=0x00010002
G4-JNI GetEnv version=0x00010002
G4-JNI GetEnv version=0x00010002
G4-JNI GetEnv version=0x00010002
G4-JNI GetEnv version=0x00010002
G4-JNI GetEnv version=0x00010002
G4-JNI GetEnv version=0x00010002
G4-JNI GetEnv version=0x00010002
G6-RAW buttons=0x00000800
android[2] trace: ....................(KK) MogaController :: Inside NativeOnMotionEvent

android[2] trace: (KK) MogaController :: Inside NativeOnMotionEvent ....................

G6-MOGA motion frame=14264 axes=32767,0,0,0,0,0
G6-MOGA dpad-as-stick frame=14264 code=22 state=down
G4-JNI GetEnv version=0x00010002
G4-JNI GetEnv version=0x00010002
G4-JNI GetEnv version=0x00010002
G4-JNI GetEnv version=0x00010002
G4-JNI GetEnv version=0x00010002
G4-JNI GetEnv version=0x00010002
G4-JNI GetEnv version=0x00010002
G4-JNI GetEnv version=0x00010002
G4-JNI GetEnv version=0x00010002
G4-JNI GetEnv version=0x00010002
G4-JNI GetEnv version=0x00010002
G4-JNI GetEnv version=0x00010002
G4-JNI GetEnv version=0x00010002
G4-JNI GetEnv version=0x00010002
G4-JNI GetEnv version=0x00010002
G6-RAW buttons=0x00000000
android[2] trace: ....................(KK) MogaController :: Inside NativeOnMotionEvent

android[2] trace: (KK) MogaController :: Inside NativeOnMotionEvent ....................

G6-MOGA motion frame=14279 axes=0,0,0,0,0,0
G6-MOGA dpad-as-stick frame=14279 code=22 state=up
G4-JNI GetEnv version=0x00010002
G4-JNI GetEnv version=0x00010002
G4-JNI GetEnv version=0x00010002
G4-JNI GetEnv version=0x00010002
G4-JNI GetEnv version=0x00010002
G4-JNI GetEnv version=0x00010002
G4-JNI GetEnv version=0x00010002
G4-JNI GetEnv version=0x00010002
G4-JNI GetEnv version=0x00010002
G4-JNI GetEnv version=0x00010002
G4-JNI GetEnv version=0x00010002
G4-JNI GetEnv version=0x00010002
G4-JNI GetEnv version=0x00010002
G4-JNI GetEnv version=0x00010002
G4-JNI GetEnv version=0x00010002
G4-JNI GetEnv version=0x00010002
G6-RAW buttons=0x00000800
android[2] trace: ....................(KK) MogaController :: Inside NativeOnMotionEvent

android[2] trace: (KK) MogaController :: Inside NativeOnMotionEvent ....................

G6-MOGA motion frame=14295 axes=32767,0,0,0,0,0
G6-MOGA dpad-as-stick frame=14295 code=22 state=down
G4-JNI GetEnv version=0x00010002
G4-JNI GetEnv version=0x00010002
G4-JNI GetEnv version=0x00010002
G4-JNI GetEnv version=0x00010002
G4-JNI GetEnv version=0x00010002
G4-JNI GetEnv version=0x00010002
G4-JNI GetEnv version=0x00010002
G4-JNI GetEnv version=0x00010002
G4-JNI GetEnv version=0x00010002
G4-JNI GetEnv version=0x00010002
G4-JNI GetEnv version=0x00010002
G4-JNI GetEnv version=0x00010002
G4-JNI GetEnv version=0x00010002
G6-RAW buttons=0x00000000
android[2] trace: ....................(KK) MogaController :: Inside NativeOnMotionEvent

android[2] trace: (KK) MogaController :: Inside NativeOnMotionEvent ....................

G6-MOGA dpad-as-stick frame=14308 code=22 state=up
G4-JNI GetEnv version=0x00010002
G4-JNI GetEnv version=0x00010002
G4-JNI GetEnv version=0x00010002
G4-JNI GetEnv version=0x00010002
G4-JNI GetEnv version=0x00010002
G4-JNI GetEnv version=0x00010002
G4-JNI GetEnv version=0x00010002
G4-JNI GetEnv version=0x00010002
G4-JNI GetEnv version=0x00010002
G4-JNI GetEnv version=0x00010002
G6-RAW buttons=0x00000800
android[2] trace: ....................(KK) MogaController :: Inside NativeOnMotionEvent

android[2] trace: (KK) MogaController :: Inside NativeOnMotionEvent ....................

G6-MOGA motion frame=14318 axes=32767,0,0,0,0,0
G6-MOGA dpad-as-stick frame=14318 code=22 state=down
G4-JNI GetEnv version=0x00010002
G4-JNI GetEnv version=0x00010002
G4-JNI GetEnv version=0x00010002
G4-JNI GetEnv version=0x00010002
G4-JNI GetEnv version=0x00010002
G4-JNI GetEnv version=0x00010002
G6-RAW buttons=0x00000000
android[2] trace: ....................(KK) MogaController :: Inside NativeOnMotionEvent

android[2] trace: (KK) MogaController :: Inside NativeOnMotionEvent ....................

G6-MOGA dpad-as-stick frame=14324 code=22 state=up
G4-JNI GetEnv version=0x00010002
G4-JNI GetEnv version=0x00010002
G4-JNI GetEnv version=0x00010002
G4-JNI GetEnv version=0x00010002
G4-JNI GetEnv version=0x00010002
G4-JNI GetEnv version=0x00010002
G6-RAW buttons=0x00000800
android[2] trace: ....................(KK) MogaController :: Inside NativeOnMotionEvent

android[2] trace: (KK) MogaController :: Inside NativeOnMotionEvent ....................

G6-MOGA dpad-as-stick frame=14330 code=22 state=down
G4-JNI GetEnv version=0x00010002
G4-JNI GetEnv version=0x00010002
G4-JNI GetEnv version=0x00010002
G4-JNI GetEnv version=0x00010002
G4-JNI GetEnv version=0x00010002
G6-RAW buttons=0x00000000
android[2] trace: ....................(KK) MogaController :: Inside NativeOnMotionEvent

android[2] trace: (KK) MogaController :: Inside NativeOnMotionEvent ....................

G6-MOGA motion frame=14335 axes=0,0,0,0,0,0
G6-MOGA dpad-as-stick frame=14335 code=22 state=up
G4-JNI GetEnv version=0x00010002
G4-JNI GetEnv version=0x00010002
G4-JNI GetEnv version=0x00010002
G4-JNI GetEnv version=0x00010002
G4-JNI GetEnv version=0x00010002
G6-RAW buttons=0x00000800
android[2] trace: ....................(KK) MogaController :: Inside NativeOnMotionEvent

android[2] trace: (KK) MogaController :: Inside NativeOnMotionEvent ....................

G6-MOGA dpad-as-stick frame=14340 code=22 state=down
G4-JNI GetEnv version=0x00010002
G4-JNI GetEnv version=0x00010002
G4-JNI GetEnv version=0x00010002
G4-JNI GetEnv version=0x00010002
G4-JNI GetEnv version=0x00010002
G6-RAW buttons=0x00000000
android[2] trace: ....................(KK) MogaController :: Inside NativeOnMotionEvent

android[2] trace: (KK) MogaController :: Inside NativeOnMotionEvent ....................

G6-MOGA dpad-as-stick frame=14345 code=22 state=up
G4-JNI GetEnv version=0x00010002
G4-JNI GetEnv version=0x00010002
G4-JNI GetEnv version=0x00010002
G4-JNI GetEnv version=0x00010002
G4-JNI GetEnv version=0x00010002
G6-RAW buttons=0x00000800
android[2] trace: ....................(KK) MogaController :: Inside NativeOnMotionEvent

android[2] trace: (KK) MogaController :: Inside NativeOnMotionEvent ....................

G6-MOGA motion frame=14350 axes=32767,0,0,0,0,0
G6-MOGA dpad-as-stick frame=14350 code=22 state=down
G4-JNI GetEnv version=0x00010002
G4-JNI GetEnv version=0x00010002
G4-JNI GetEnv version=0x00010002
G4-JNI GetEnv version=0x00010002
G6-RAW buttons=0x00000000
android[2] trace: ....................(KK) MogaController :: Inside NativeOnMotionEvent

android[2] trace: (KK) MogaController :: Inside NativeOnMotionEvent ....................

G6-MOGA dpad-as-stick frame=14354 code=22 state=up
G4-JNI GetEnv version=0x00010002
G4-JNI GetEnv version=0x00010002
G4-JNI GetEnv version=0x00010002
G4-JNI GetEnv version=0x00010002
G4-JNI GetEnv version=0x00010002
G4-JNI GetEnv version=0x00010002
G6-RAW buttons=0x00000800
android[2] trace: ....................(KK) MogaController :: Inside NativeOnMotionEvent

android[2] trace: (KK) MogaController :: Inside NativeOnMotionEvent ....................

G6-MOGA dpad-as-stick frame=14360 code=22 state=down
G4-JNI GetEnv version=0x00010002
G4-JNI GetEnv version=0x00010002
G4-JNI GetEnv version=0x00010002
G4-JNI GetEnv version=0x00010002
G6-RAW buttons=0x00000000
android[2] trace: ....................(KK) MogaController :: Inside NativeOnMotionEvent

android[2] trace: (KK) MogaController :: Inside NativeOnMotionEvent ....................

G6-MOGA dpad-as-stick frame=14364 code=22 state=up
G4-JNI GetEnv version=0x00010002
G4-JNI GetEnv version=0x00010002
G4-JNI GetEnv version=0x00010002
G4-JNI GetEnv version=0x00010002
G4-JNI GetEnv version=0x00010002
G4-JNI GetEnv version=0x00010002
G4-JNI GetEnv version=0x00010002
G6-RAW buttons=0x00000800
android[2] trace: ....................(KK) MogaController :: Inside NativeOnMotionEvent

android[2] trace: (KK) MogaController :: Inside NativeOnMotionEvent ....................

G6-MOGA motion frame=14371 axes=32767,0,0,0,0,0
G6-MOGA dpad-as-stick frame=14371 code=22 state=down
G4-JNI GetEnv version=0x00010002
G4-JNI GetEnv version=0x00010002
G4-JNI GetEnv version=0x00010002
G4-JNI GetEnv version=0x00010002
G6-RAW buttons=0x00000000
android[2] trace: ....................(KK) MogaController :: Inside NativeOnMotionEvent

android[2] trace: (KK) MogaController :: Inside NativeOnMotionEvent ....................

G6-MOGA dpad-as-stick frame=14375 code=22 state=up
G4-JNI GetEnv version=0x00010002
G4-JNI GetEnv version=0x00010002
G4-JNI GetEnv version=0x00010002
G4-JNI GetEnv version=0x00010002
G4-JNI GetEnv version=0x00010002
G6-RAW buttons=0x00000800
android[2] trace: ....................(KK) MogaController :: Inside NativeOnMotionEvent

android[2] trace: (KK) MogaController :: Inside NativeOnMotionEvent ....................

G6-MOGA dpad-as-stick frame=14380 code=22 state=down
G4-JNI GetEnv version=0x00010002
G4-JNI GetEnv version=0x00010002
G4-JNI GetEnv version=0x00010002
G6-RAW buttons=0x00000000
android[2] trace: ....................(KK) MogaController :: Inside NativeOnMotionEvent

android[2] trace: (KK) MogaController :: Inside NativeOnMotionEvent ....................

G6-MOGA dpad-as-stick frame=14383 code=22 state=up
G4-JNI GetEnv version=0x00010002
G4-JNI GetEnv version=0x00010002
G4-JNI GetEnv version=0x00010002
G4-JNI GetEnv version=0x00010002
G4-JNI GetEnv version=0x00010002
G4-JNI GetEnv version=0x00010002
G6-RAW buttons=0x00000800
android[2] trace: ....................(KK) MogaController :: Inside NativeOnMotionEvent

android[2] trace: (KK) MogaController :: Inside NativeOnMotionEvent ....................

G6-MOGA motion frame=14389 axes=32767,0,0,0,0,0
G6-MOGA dpad-as-stick frame=14389 code=22 state=down
G4-JNI GetEnv version=0x00010002
G4-JNI GetEnv version=0x00010002
G4-JNI GetEnv version=0x00010002
G6-RAW buttons=0x00000000
android[2] trace: ....................(KK) MogaController :: Inside NativeOnMotionEvent

android[2] trace: (KK) MogaController :: Inside NativeOnMotionEvent ....................

G6-MOGA dpad-as-stick frame=14392 code=22 state=up
G4-JNI GetEnv version=0x00010002
G4-JNI GetEnv version=0x00010002
G4-JNI GetEnv version=0x00010002
G4-JNI GetEnv version=0x00010002
G4-JNI GetEnv version=0x00010002
G4-JNI GetEnv version=0x00010002
G4-JNI GetEnv version=0x00010002
G4-JNI GetEnv version=0x00010002
G7-FRAME enter=14400
G4-JNI GetEnv version=0x00010002
G5-GL STATE frame=14400 framebuffer=0 status=0x8cd5 errors=0
G7-FRAME leave=14400
G6-RAW buttons=0x00000020
android[2] trace: MoGaConTrOlLeR :: ....................(KK) MogaController :: Inside nativeOnKeyEvent 

android[2] trace: ....................(KK) MogaController :: Inside nativeOnKeyEvent 103

android[2] trace: MoGaConTrOlLeR :: ....................(KK) Key Event Key R1 1111 .....................

android[2] trace: MoGaConTrOlLeR :: ....................(KK) Key Event Key Down .....................

android[2] trace: MoGaConTrOlLeR :: ....................(KK) Listener Key Press .....................

android[2] trace: MoGaConTrOlLeR :: ....................(KK) AndroidKeyCode :: MogaKeyCode (Start of func) .....................

android[2] trace: MoGaConTrOlLeR :: ....................(KK) AndroidKeyCode :: MogaKeyCode Key Press R1 .....................

android[2] trace: MoGaConTrOlLeR :: ....................(KK) AndroidKeyCode :: MogaKeyCode Key Press R1(Nitro) Racing True.....................

android[2] trace: MoGaConTrOlLeR :: (KK) MogaController :: Inside nativeOnKeyEvent ....................

G6-MOGA key frame=14401 code=103 state=down
android[2] trace: MoGaConTrOlLeR :: ....................(KK) BaseDrivingControlScheme :: OnEvent .....................

android[2] trace: MoGaConTrOlLeR :: ....................(KK) BaseDrivingControlScheme :: onKeyPress Nitro.....................

G4-JNI GetEnv version=0x00010002
G4-JNI GetEnv version=0x00010002
G4-JNI GetEnv version=0x00010002
G4-JNI GetEnv version=0x00010002
G4-JNI GetEnv version=0x00010002
G4-JNI GetEnv version=0x00010002
G4-JNI GetEnv version=0x00010002
G4-JNI GetEnv version=0x00010002
G4-JNI GetEnv version=0x00010002
G4-JNI GetEnv version=0x00010002
G4-JNI GetEnv version=0x00010002
G4-JNI GetEnv version=0x00010002
G4-JNI GetEnv version=0x00010002
G4-JNI GetEnv version=0x00010002
G4-JNI GetEnv version=0x00010002
G4-JNI GetEnv version=0x00010002
G4-JNI GetEnv version=0x00010002
G4-JNI GetEnv version=0x00010002
G4-JNI GetEnv version=0x00010002
G4-JNI GetEnv version=0x00010002
G4-JNI GetEnv version=0x00010002
G4-JNI GetEnv version=0x00010002
G4-JNI GetEnv version=0x00010002
G4-JNI GetEnv version=0x00010002
G4-JNI GetEnv version=0x00010002
G4-JNI GetEnv version=0x00010002
G4-JNI GetEnv version=0x00010002
G4-JNI GetEnv version=0x00010002
G4-JNI GetEnv version=0x00010002
G4-JNI GetEnv version=0x00010002
G4-JNI GetEnv version=0x00010002
G4-JNI GetEnv version=0x00010002
G4-JNI GetEnv version=0x00010002
G4-JNI GetEnv version=0x00010002
G4-JNI GetEnv version=0x00010002
G4-JNI GetEnv version=0x00010002
G4-JNI GetEnv version=0x00010002
G4-JNI GetEnv version=0x00010002
G4-JNI GetEnv version=0x00010002
G4-JNI GetEnv version=0x00010002
G4-JNI GetEnv version=0x00010002
G4-JNI GetEnv version=0x00010002
G4-JNI GetEnv version=0x00010002
G4-JNI GetEnv version=0x00010002
G4-JNI GetEnv version=0x00010002
G4-JNI GetEnv version=0x00010002
G4-JNI GetEnv version=0x00010002
G4-JNI GetEnv version=0x00010002
G4-JNI GetEnv version=0x00010002
G4-JNI GetEnv version=0x00010002
G4-JNI GetEnv version=0x00010002
G4-JNI GetEnv version=0x00010002
G4-JNI GetEnv version=0x00010002
G4-JNI GetEnv version=0x00010002
G4-JNI GetEnv version=0x00010002
G4-JNI GetEnv version=0x00010002
G4-JNI GetEnv version=0x00010002
G4-JNI GetEnv version=0x00010002
G4-JNI GetEnv version=0x00010002
G4-JNI GetEnv version=0x00010002
G4-JNI GetEnv version=0x00010002
G4-JNI GetEnv version=0x00010002
G4-JNI GetEnv version=0x00010002
G4-JNI GetEnv version=0x00010002
G4-JNI GetEnv version=0x00010002
G4-JNI GetEnv version=0x00010002
G4-JNI GetEnv version=0x00010002
G4-JNI GetEnv version=0x00010002
G4-JNI GetEnv version=0x00010002
G4-JNI GetEnv version=0x00010002
G4-JNI GetEnv version=0x00010002
G4-JNI GetEnv version=0x00010002
G4-JNI GetEnv version=0x00010002
G4-JNI GetEnv version=0x00010002
G4-JNI GetEnv version=0x00010002
G4-JNI GetEnv version=0x00010002
G6-RAW buttons=0x00000420
android[2] trace: ....................(KK) MogaController :: Inside NativeOnMotionEvent

android[2] trace: (KK) MogaController :: Inside NativeOnMotionEvent ....................

G6-MOGA motion frame=14477 axes=-32767,0,0,0,0,0
G6-MOGA dpad-as-stick frame=14477 code=21 state=down
G4-JNI GetEnv version=0x00010002
G4-JNI GetEnv version=0x00010002
G4-JNI GetEnv version=0x00010002
G4-JNI GetEnv version=0x00010002
G4-JNI GetEnv version=0x00010002
G6-RAW buttons=0x00000020
android[2] trace: ....................(KK) MogaController :: Inside NativeOnMotionEvent

android[2] trace: (KK) MogaController :: Inside NativeOnMotionEvent ....................

G6-MOGA dpad-as-stick frame=14482 code=21 state=up
G4-JNI GetEnv version=0x00010002
G4-JNI GetEnv version=0x00010002
G4-JNI GetEnv version=0x00010002
G4-JNI GetEnv version=0x00010002
G4-JNI GetEnv version=0x00010002
G4-JNI GetEnv version=0x00010002
G4-JNI GetEnv version=0x00010002
G6-RAW buttons=0x00000420
android[2] trace: ....................(KK) MogaController :: Inside NativeOnMotionEvent

android[2] trace: (KK) MogaController :: Inside NativeOnMotionEvent ....................

G6-MOGA dpad-as-stick frame=14489 code=21 state=down
G4-JNI GetEnv version=0x00010002
G4-JNI GetEnv version=0x00010002
G4-JNI GetEnv version=0x00010002
G4-JNI GetEnv version=0x00010002
G4-JNI GetEnv version=0x00010002
G4-JNI GetEnv version=0x00010002
G4-JNI GetEnv version=0x00010002
G6-RAW buttons=0x00000020
android[2] trace: ....................(KK) MogaController :: Inside NativeOnMotionEvent

android[2] trace: (KK) MogaController :: Inside NativeOnMotionEvent ....................

G6-MOGA motion frame=14496 axes=0,0,0,0,0,0
G6-MOGA dpad-as-stick frame=14496 code=21 state=up
G4-JNI GetEnv version=0x00010002
G4-JNI GetEnv version=0x00010002
G4-JNI GetEnv version=0x00010002
G4-JNI GetEnv version=0x00010002
G4-JNI GetEnv version=0x00010002
G4-JNI GetEnv version=0x00010002
G4-JNI GetEnv version=0x00010002
G4-JNI GetEnv version=0x00010002
G4-JNI GetEnv version=0x00010002
G4-JNI GetEnv version=0x00010002
G4-JNI GetEnv version=0x00010002
G4-JNI GetEnv version=0x00010002
G4-JNI GetEnv version=0x00010002
G4-JNI GetEnv version=0x00010002
G4-JNI GetEnv version=0x00010002
G4-JNI GetEnv version=0x00010002
G4-JNI GetEnv version=0x00010002
G4-JNI GetEnv version=0x00010002
G4-JNI GetEnv version=0x00010002
G4-JNI GetEnv version=0x00010002
G4-JNI GetEnv version=0x00010002
G6-RAW buttons=0x00000420
android[2] trace: ....................(KK) MogaController :: Inside NativeOnMotionEvent

android[2] trace: (KK) MogaController :: Inside NativeOnMotionEvent ....................

G6-MOGA motion frame=14517 axes=-32767,0,0,0,0,0
G6-MOGA dpad-as-stick frame=14517 code=21 state=down
G4-JNI GetEnv version=0x00010002
G4-JNI GetEnv version=0x00010002
G4-JNI GetEnv version=0x00010002
G4-JNI GetEnv version=0x00010002
G4-JNI GetEnv version=0x00010002
G4-JNI GetEnv version=0x00010002
G4-JNI GetEnv version=0x00010002
G4-JNI GetEnv version=0x00010002
G4-JNI GetEnv version=0x00010002
G4-JNI GetEnv version=0x00010002
G4-JNI GetEnv version=0x00010002
G4-JNI GetEnv version=0x00010002
G6-RAW buttons=0x00000020
android[2] trace: ....................(KK) MogaController :: Inside NativeOnMotionEvent

android[2] trace: (KK) MogaController :: Inside NativeOnMotionEvent ....................

G6-MOGA dpad-as-stick frame=14529 code=21 state=up
G4-JNI GetEnv version=0x00010002
G4-JNI GetEnv version=0x00010002
G4-JNI GetEnv version=0x00010002
G4-JNI GetEnv version=0x00010002
G4-JNI GetEnv version=0x00010002
G4-JNI GetEnv version=0x00010002
G4-JNI GetEnv version=0x00010002
G6-RAW buttons=0x00000420
android[2] trace: ....................(KK) MogaController :: Inside NativeOnMotionEvent

android[2] trace: (KK) MogaController :: Inside NativeOnMotionEvent ....................

G6-MOGA motion frame=14536 axes=-32767,0,0,0,0,0
G6-MOGA dpad-as-stick frame=14536 code=21 state=down
G4-JNI GetEnv version=0x00010002
G4-JNI GetEnv version=0x00010002
G4-JNI GetEnv version=0x00010002
G4-JNI GetEnv version=0x00010002
G4-JNI GetEnv version=0x00010002
G4-JNI GetEnv version=0x00010002
G4-JNI GetEnv version=0x00010002
G4-JNI GetEnv version=0x00010002
G4-JNI GetEnv version=0x00010002
G4-JNI GetEnv version=0x00010002
G4-JNI GetEnv version=0x00010002
G4-JNI GetEnv version=0x00010002
G4-JNI GetEnv version=0x00010002
G4-JNI GetEnv version=0x00010002
G4-JNI GetEnv version=0x00010002
G4-JNI GetEnv version=0x00010002
G4-JNI GetEnv version=0x00010002
G6-RAW buttons=0x00000020
android[2] trace: ....................(KK) MogaController :: Inside NativeOnMotionEvent

android[2] trace: (KK) MogaController :: Inside NativeOnMotionEvent ....................

G6-MOGA motion frame=14553 axes=0,0,0,0,0,0
G6-MOGA dpad-as-stick frame=14553 code=21 state=up
G4-JNI GetEnv version=0x00010002
G4-JNI GetEnv version=0x00010002
G4-JNI GetEnv version=0x00010002
G4-JNI GetEnv version=0x00010002
G4-JNI GetEnv version=0x00010002
G4-JNI GetEnv version=0x00010002
G4-JNI GetEnv version=0x00010002
G4-JNI GetEnv version=0x00010002
G6-RAW buttons=0x00000420
android[2] trace: ....................(KK) MogaController :: Inside NativeOnMotionEvent

android[2] trace: (KK) MogaController :: Inside NativeOnMotionEvent ....................

G6-MOGA dpad-as-stick frame=14561 code=21 state=down
G4-JNI GetEnv version=0x00010002
G4-JNI GetEnv version=0x00010002
G4-JNI GetEnv version=0x00010002
G4-JNI GetEnv version=0x00010002
G4-JNI GetEnv version=0x00010002
G4-JNI GetEnv version=0x00010002
G4-JNI GetEnv version=0x00010002
G4-JNI GetEnv version=0x00010002
G6-RAW buttons=0x00000020
android[2] trace: ....................(KK) MogaController :: Inside NativeOnMotionEvent

android[2] trace: (KK) MogaController :: Inside NativeOnMotionEvent ....................

G6-MOGA motion frame=14569 axes=0,0,0,0,0,0
G6-MOGA dpad-as-stick frame=14569 code=21 state=up
G4-JNI GetEnv version=0x00010002
G4-JNI GetEnv version=0x00010002
G4-JNI GetEnv version=0x00010002
G4-JNI GetEnv version=0x00010002
G4-JNI GetEnv version=0x00010002
G6-RAW buttons=0x00000420
android[2] trace: ....................(KK) MogaController :: Inside NativeOnMotionEvent

android[2] trace: (KK) MogaController :: Inside NativeOnMotionEvent ....................

G6-MOGA dpad-as-stick frame=14574 code=21 state=down
G4-JNI GetEnv version=0x00010002
G4-JNI GetEnv version=0x00010002
G4-JNI GetEnv version=0x00010002
G4-JNI GetEnv version=0x00010002
G4-JNI GetEnv version=0x00010002
G4-JNI GetEnv version=0x00010002
G4-JNI GetEnv version=0x00010002
G4-JNI GetEnv version=0x00010002
G4-JNI GetEnv version=0x00010002
G4-JNI GetEnv version=0x00010002
G4-JNI GetEnv version=0x00010002
G4-JNI GetEnv version=0x00010002
G4-JNI GetEnv version=0x00010002
G4-JNI GetEnv version=0x00010002
G6-RAW buttons=0x00000020
android[2] trace: ....................(KK) MogaController :: Inside NativeOnMotionEvent

android[2] trace: (KK) MogaController :: Inside NativeOnMotionEvent ....................

G6-MOGA motion frame=14588 axes=0,0,0,0,0,0
G6-MOGA dpad-as-stick frame=14588 code=21 state=up
G4-JNI GetEnv version=0x00010002
G4-JNI GetEnv version=0x00010002
G4-JNI GetEnv version=0x00010002
G4-JNI GetEnv version=0x00010002
G6-RAW buttons=0x00000420
android[2] trace: ....................(KK) MogaController :: Inside NativeOnMotionEvent

android[2] trace: (KK) MogaController :: Inside NativeOnMotionEvent ....................

G6-MOGA dpad-as-stick frame=14592 code=21 state=down
G4-JNI GetEnv version=0x00010002
G4-JNI GetEnv version=0x00010002
G4-JNI GetEnv version=0x00010002
G4-JNI GetEnv version=0x00010002
G4-JNI GetEnv version=0x00010002
G4-JNI GetEnv version=0x00010002
G4-JNI GetEnv version=0x00010002
G4-JNI GetEnv version=0x00010002
G4-JNI GetEnv version=0x00010002
G4-JNI GetEnv version=0x00010002
G4-JNI GetEnv version=0x00010002
G6-RAW buttons=0x00000020
android[2] trace: ....................(KK) MogaController :: Inside NativeOnMotionEvent

android[2] trace: (KK) MogaController :: Inside NativeOnMotionEvent ....................

G6-MOGA motion frame=14603 axes=0,0,0,0,0,0
G6-MOGA dpad-as-stick frame=14603 code=21 state=up
G4-JNI GetEnv version=0x00010002
G4-JNI GetEnv version=0x00010002
G4-JNI GetEnv version=0x00010002
G4-JNI GetEnv version=0x00010002
G4-JNI GetEnv version=0x00010002
G4-JNI GetEnv version=0x00010002
G4-JNI GetEnv version=0x00010002
G4-JNI GetEnv version=0x00010002
G4-JNI GetEnv version=0x00010002
G4-JNI GetEnv version=0x00010002
G6-RAW buttons=0x00000420
android[2] trace: ....................(KK) MogaController :: Inside NativeOnMotionEvent

android[2] trace: (KK) MogaController :: Inside NativeOnMotionEvent ....................

G6-MOGA dpad-as-stick frame=14613 code=21 state=down
G4-JNI GetEnv version=0x00010002
G4-JNI GetEnv version=0x00010002
G4-JNI GetEnv version=0x00010002
G4-JNI GetEnv version=0x00010002
G4-JNI GetEnv version=0x00010002
G4-JNI GetEnv version=0x00010002
G4-JNI GetEnv version=0x00010002
G4-JNI GetEnv version=0x00010002
G4-JNI GetEnv version=0x00010002
G4-JNI GetEnv version=0x00010002
G4-JNI GetEnv version=0x00010002
G4-JNI GetEnv version=0x00010002
G4-JNI GetEnv version=0x00010002
G4-JNI GetEnv version=0x00010002
G4-JNI GetEnv version=0x00010002
G4-JNI GetEnv version=0x00010002
G4-JNI GetEnv version=0x00010002
G4-JNI GetEnv version=0x00010002
G4-JNI GetEnv version=0x00010002
G4-JNI GetEnv version=0x00010002
G4-JNI GetEnv version=0x00010002
G4-JNI GetEnv version=0x00010002
G4-JNI GetEnv version=0x00010002
G4-JNI GetEnv version=0x00010002
G4-JNI GetEnv version=0x00010002
G4-JNI GetEnv version=0x00010002
G4-JNI GetEnv version=0x00010002
G4-JNI GetEnv version=0x00010002
G4-JNI GetEnv version=0x00010002
G4-JNI GetEnv version=0x00010002
G4-JNI GetEnv version=0x00010002
G6-RAW buttons=0x00000020
android[2] trace: ....................(KK) MogaController :: Inside NativeOnMotionEvent

android[2] trace: (KK) MogaController :: Inside NativeOnMotionEvent ....................

G6-MOGA motion frame=14644 axes=0,0,0,0,0,0
G6-MOGA dpad-as-stick frame=14644 code=21 state=up
G4-JNI GetEnv version=0x00010002
G4-JNI GetEnv version=0x00010002
G4-JNI GetEnv version=0x00010002
G4-JNI GetEnv version=0x00010002
G4-JNI GetEnv version=0x00010002
G4-JNI GetEnv version=0x00010002
G4-JNI GetEnv version=0x00010002
G4-JNI GetEnv version=0x00010002
G4-JNI GetEnv version=0x00010002
G4-JNI GetEnv version=0x00010002
G4-JNI GetEnv version=0x00010002
G4-JNI GetEnv version=0x00010002
G4-JNI GetEnv version=0x00010002
G4-JNI GetEnv version=0x00010002
G4-JNI GetEnv version=0x00010002
G6-RAW buttons=0x00000420
android[2] trace: ....................(KK) MogaController :: Inside NativeOnMotionEvent

android[2] trace: (KK) MogaController :: Inside NativeOnMotionEvent ....................

G6-MOGA motion frame=14659 axes=-32767,0,0,0,0,0
G6-MOGA dpad-as-stick frame=14659 code=21 state=down
G4-JNI GetEnv version=0x00010002
G4-JNI GetEnv version=0x00010002
G4-JNI GetEnv version=0x00010002
G4-JNI GetEnv version=0x00010002
G4-JNI GetEnv version=0x00010002
G4-JNI GetEnv version=0x00010002
G4-JNI GetEnv version=0x00010002
G4-JNI GetEnv version=0x00010002
G4-JNI GetEnv version=0x00010002
G6-RAW buttons=0x00000020
android[2] trace: ....................(KK) MogaController :: Inside NativeOnMotionEvent

android[2] trace: (KK) MogaController :: Inside NativeOnMotionEvent ....................

G6-MOGA dpad-as-stick frame=14668 code=21 state=up
G4-JNI GetEnv version=0x00010002
G4-JNI GetEnv version=0x00010002
G4-JNI GetEnv version=0x00010002
G4-JNI GetEnv version=0x00010002
G4-JNI GetEnv version=0x00010002
G4-JNI GetEnv version=0x00010002
G4-JNI GetEnv version=0x00010002
G6-RAW buttons=0x00000420
android[2] trace: ....................(KK) MogaController :: Inside NativeOnMotionEvent

android[2] trace: (KK) MogaController :: Inside NativeOnMotionEvent ....................

G6-MOGA motion frame=14675 axes=-32767,0,0,0,0,0
G6-MOGA dpad-as-stick frame=14675 code=21 state=down
G4-JNI GetEnv version=0x00010002
G4-JNI GetEnv version=0x00010002
G4-JNI GetEnv version=0x00010002
G4-JNI GetEnv version=0x00010002
G4-JNI GetEnv version=0x00010002
G6-RAW buttons=0x00000400
android[2] trace: MoGaConTrOlLeR :: ....................(KK) MogaController :: Inside nativeOnKeyEvent 

android[2] trace: ....................(KK) MogaController :: Inside nativeOnKeyEvent 103

android[2] trace: MoGaConTrOlLeR :: ....................(KK) Key Event Key R1 1111 .....................

android[2] trace: MoGaConTrOlLeR :: ....................(KK) Key Event Key up .....................

android[2] trace: MoGaConTrOlLeR :: ....................(KK) Listener Key Release .....................

android[2] trace: MoGaConTrOlLeR :: ....................(KK) AndroidKeyCode :: MogaKeyCode (Start of func) .....................

android[2] trace: MoGaConTrOlLeR :: ....................(KK) AndroidKeyCode :: MogaKeyCode Key Press R1 .....................

android[2] trace: MoGaConTrOlLeR :: ....................(KK) AndroidKeyCode :: MogaKeyCode Key Press R1(Nitro) Racing True.....................

android[2] trace: MoGaConTrOlLeR :: (KK) MogaController :: Inside nativeOnKeyEvent ....................

G6-MOGA key frame=14680 code=103 state=up
android[2] trace: MoGaConTrOlLeR :: ....................(KK) BaseDrivingControlScheme :: OnEvent .....................

android[2] trace: MoGaConTrOlLeR :: ....................(KK) BaseDrivingControlScheme :: OnKeyRelease Nothing :( .....................

G4-JNI GetEnv version=0x00010002
G4-JNI GetEnv version=0x00010002
G4-JNI GetEnv version=0x00010002
G6-RAW buttons=0x00000000
android[2] trace: ....................(KK) MogaController :: Inside NativeOnMotionEvent

android[2] trace: (KK) MogaController :: Inside NativeOnMotionEvent ....................

G6-MOGA dpad-as-stick frame=14683 code=21 state=up
G4-JNI GetEnv version=0x00010002
G4-JNI GetEnv version=0x00010002
G4-JNI GetEnv version=0x00010002
G4-JNI GetEnv version=0x00010002
G4-JNI GetEnv version=0x00010002
G4-JNI GetEnv version=0x00010002
G4-JNI GetEnv version=0x00010002
G4-JNI GetEnv version=0x00010002
G4-JNI GetEnv version=0x00010002
G4-JNI GetEnv version=0x00010002
G4-JNI GetEnv version=0x00010002
G4-JNI GetEnv version=0x00010002
G4-JNI GetEnv version=0x00010002
G4-JNI GetEnv version=0x00010002
G4-JNI GetEnv version=0x00010002
G4-JNI GetEnv version=0x00010002
G4-JNI GetEnv version=0x00010002
G7-FRAME enter=14700
G4-JNI GetEnv version=0x00010002
G5-GL STATE frame=14700 framebuffer=0 status=0x8cd5 errors=0
G7-FRAME leave=14700
G4-JNI GetEnv version=0x00010002
G6-RAW buttons=0x00000400
android[2] trace: ....................(KK) MogaController :: Inside NativeOnMotionEvent

android[2] trace: (KK) MogaController :: Inside NativeOnMotionEvent ....................

G6-MOGA motion frame=14702 axes=-32767,0,0,0,0,0
G6-MOGA dpad-as-stick frame=14702 code=21 state=down
G4-JNI GetEnv version=0x00010002
G4-JNI GetEnv version=0x00010002
G4-JNI GetEnv version=0x00010002
G6-RAW buttons=0x00000000
android[2] trace: ....................(KK) MogaController :: Inside NativeOnMotionEvent

android[2] trace: (KK) MogaController :: Inside NativeOnMotionEvent ....................

G6-MOGA dpad-as-stick frame=14705 code=21 state=up
G4-JNI GetEnv version=0x00010002
G4-JNI GetEnv version=0x00010002
G4-JNI GetEnv version=0x00010002
G4-JNI GetEnv version=0x00010002
G4-JNI GetEnv version=0x00010002
G4-JNI GetEnv version=0x00010002
G4-JNI GetEnv version=0x00010002
G4-JNI GetEnv version=0x00010002
G4-JNI GetEnv version=0x00010002
G4-JNI GetEnv version=0x00010002
G4-JNI GetEnv version=0x00010002
G4-JNI GetEnv version=0x00010002
G4-JNI GetEnv version=0x00010002
G4-JNI GetEnv version=0x00010002
G4-JNI GetEnv version=0x00010002
G4-JNI GetEnv version=0x00010002
G4-JNI GetEnv version=0x00010002
G4-JNI GetEnv version=0x00010002
G4-JNI GetEnv version=0x00010002
G4-JNI GetEnv version=0x00010002
G4-JNI GetEnv version=0x00010002
G4-JNI GetEnv version=0x00010002
G4-JNI GetEnv version=0x00010002
G4-JNI GetEnv version=0x00010002
G4-JNI GetEnv version=0x00010002
G4-JNI GetEnv version=0x00010002
G4-JNI GetEnv version=0x00010002
G4-JNI GetEnv version=0x00010002
G4-JNI GetEnv version=0x00010002
G6-RAW buttons=0x00000400
android[2] trace: ....................(KK) MogaController :: Inside NativeOnMotionEvent

android[2] trace: (KK) MogaController :: Inside NativeOnMotionEvent ....................

G6-MOGA motion frame=14734 axes=-32767,0,0,0,0,0
G6-MOGA dpad-as-stick frame=14734 code=21 state=down
G4-JNI GetEnv version=0x00010002
G4-JNI GetEnv version=0x00010002
G4-JNI GetEnv version=0x00010002
G4-JNI GetEnv version=0x00010002
G4-JNI GetEnv version=0x00010002
G4-JNI GetEnv version=0x00010002
G6-RAW buttons=0x00000000
android[2] trace: ....................(KK) MogaController :: Inside NativeOnMotionEvent

android[2] trace: (KK) MogaController :: Inside NativeOnMotionEvent ....................

G6-MOGA dpad-as-stick frame=14740 code=21 state=up
G4-JNI GetEnv version=0x00010002
G4-JNI GetEnv version=0x00010002
G4-JNI GetEnv version=0x00010002
G4-JNI GetEnv version=0x00010002
G4-JNI GetEnv version=0x00010002
G4-JNI GetEnv version=0x00010002
G4-JNI GetEnv version=0x00010002
G4-JNI GetEnv version=0x00010002
G4-JNI GetEnv version=0x00010002
G4-JNI GetEnv version=0x00010002
G4-JNI GetEnv version=0x00010002
G4-JNI GetEnv version=0x00010002
G4-JNI GetEnv version=0x00010002
G6-RAW buttons=0x00000400
android[2] trace: ....................(KK) MogaController :: Inside NativeOnMotionEvent

android[2] trace: (KK) MogaController :: Inside NativeOnMotionEvent ....................

G6-MOGA motion frame=14753 axes=-32767,0,0,0,0,0
G6-MOGA dpad-as-stick frame=14753 code=21 state=down
G4-JNI GetEnv version=0x00010002
G4-JNI GetEnv version=0x00010002
G4-JNI GetEnv version=0x00010002
G4-JNI GetEnv version=0x00010002
G4-JNI GetEnv version=0x00010002
G6-RAW buttons=0x00000000
android[2] trace: ....................(KK) MogaController :: Inside NativeOnMotionEvent

android[2] trace: (KK) MogaController :: Inside NativeOnMotionEvent ....................

G6-MOGA dpad-as-stick frame=14758 code=21 state=up
G4-JNI GetEnv version=0x00010002
G4-JNI GetEnv version=0x00010002
G4-JNI GetEnv version=0x00010002
G4-JNI GetEnv version=0x00010002
G4-JNI GetEnv version=0x00010002
G4-JNI GetEnv version=0x00010002
G4-JNI GetEnv version=0x00010002
G4-JNI GetEnv version=0x00010002
G4-JNI GetEnv version=0x00010002
G4-JNI GetEnv version=0x00010002
G4-JNI GetEnv version=0x00010002
G4-JNI GetEnv version=0x00010002
G4-JNI GetEnv version=0x00010002
G4-JNI GetEnv version=0x00010002
G4-JNI GetEnv version=0x00010002
G4-JNI GetEnv version=0x00010002
G4-JNI GetEnv version=0x00010002
G4-JNI GetEnv version=0x00010002
G4-JNI GetEnv version=0x00010002
G4-JNI GetEnv version=0x00010002
G4-JNI GetEnv version=0x00010002
G4-JNI GetEnv version=0x00010002
G4-JNI GetEnv version=0x00010002
G6-RAW buttons=0x00000800
android[2] trace: ....................(KK) MogaController :: Inside NativeOnMotionEvent

android[2] trace: (KK) MogaController :: Inside NativeOnMotionEvent ....................

G6-MOGA motion frame=14781 axes=32767,0,0,0,0,0
G6-MOGA dpad-as-stick frame=14781 code=22 state=down
G4-JNI GetEnv version=0x00010002
G4-JNI GetEnv version=0x00010002
G4-JNI GetEnv version=0x00010002
G4-JNI GetEnv version=0x00010002
G4-JNI GetEnv version=0x00010002
G4-JNI GetEnv version=0x00010002
G4-JNI GetEnv version=0x00010002
G6-RAW buttons=0x00000000
android[2] trace: ....................(KK) MogaController :: Inside NativeOnMotionEvent

android[2] trace: (KK) MogaController :: Inside NativeOnMotionEvent ....................

G6-MOGA dpad-as-stick frame=14788 code=22 state=up
G4-JNI GetEnv version=0x00010002
G4-JNI GetEnv version=0x00010002
G4-JNI GetEnv version=0x00010002
G4-JNI GetEnv version=0x00010002
G4-JNI GetEnv version=0x00010002
G4-JNI GetEnv version=0x00010002
G4-JNI GetEnv version=0x00010002
G4-JNI GetEnv version=0x00010002
G6-RAW buttons=0x00000020
android[2] trace: MoGaConTrOlLeR :: ....................(KK) MogaController :: Inside nativeOnKeyEvent 

android[2] trace: ....................(KK) MogaController :: Inside nativeOnKeyEvent 103

android[2] trace: MoGaConTrOlLeR :: ....................(KK) Key Event Key R1 1111 .....................

android[2] trace: MoGaConTrOlLeR :: ....................(KK) Key Event Key Down .....................

android[2] trace: MoGaConTrOlLeR :: ....................(KK) Listener Key Press .....................

android[2] trace: MoGaConTrOlLeR :: ....................(KK) AndroidKeyCode :: MogaKeyCode (Start of func) .....................

android[2] trace: MoGaConTrOlLeR :: ....................(KK) AndroidKeyCode :: MogaKeyCode Key Press R1 .....................

android[2] trace: MoGaConTrOlLeR :: ....................(KK) AndroidKeyCode :: MogaKeyCode Key Press R1(Nitro) Racing True.....................

android[2] trace: MoGaConTrOlLeR :: (KK) MogaController :: Inside nativeOnKeyEvent ....................

G6-MOGA key frame=14796 code=103 state=down
android[2] trace: MoGaConTrOlLeR :: ....................(KK) BaseDrivingControlScheme :: OnEvent .....................

android[2] trace: MoGaConTrOlLeR :: ....................(KK) BaseDrivingControlScheme :: onKeyPress Nitro.....................

G4-JNI GetEnv version=0x00010002
G4-JNI GetEnv version=0x00010002
G4-JNI GetEnv version=0x00010002
G4-JNI GetEnv version=0x00010002
G4-JNI GetEnv version=0x00010002
G4-JNI GetEnv version=0x00010002
G4-JNI GetEnv version=0x00010002
G4-JNI GetEnv version=0x00010002
G4-JNI GetEnv version=0x00010002
G4-JNI GetEnv version=0x00010002
G4-JNI GetEnv version=0x00010002
G4-JNI GetEnv version=0x00010002
G4-JNI GetEnv version=0x00010002
G4-JNI GetEnv version=0x00010002
G4-JNI GetEnv version=0x00010002
G4-JNI GetEnv version=0x00010002
G4-JNI GetEnv version=0x00010002
G4-JNI GetEnv version=0x00010002
G4-JNI GetEnv version=0x00010002
G4-JNI GetEnv version=0x00010002
G4-JNI GetEnv version=0x00010002
G4-JNI GetEnv version=0x00010002
G4-JNI GetEnv version=0x00010002
G4-JNI GetEnv version=0x00010002
G4-JNI GetEnv version=0x00010002
G4-JNI GetEnv version=0x00010002
G4-JNI GetEnv version=0x00010002
G4-JNI GetEnv version=0x00010002
G4-JNI GetEnv version=0x00010002
G4-JNI GetEnv version=0x00010002
G4-JNI GetEnv version=0x00010002
G4-JNI GetEnv version=0x00010002
G4-JNI GetEnv version=0x00010002
G4-JNI GetEnv version=0x00010002
G4-JNI GetEnv version=0x00010002
G4-JNI GetEnv version=0x00010002
G4-JNI GetEnv version=0x00010002
G4-JNI GetEnv version=0x00010002
G4-JNI GetEnv version=0x00010002
G4-JNI GetEnv version=0x00010002
G4-JNI GetEnv version=0x00010002
G4-JNI GetEnv version=0x00010002
G4-JNI GetEnv version=0x00010002
G4-JNI GetEnv version=0x00010002
G4-JNI GetEnv version=0x00010002
G4-JNI GetEnv version=0x00010002
G4-JNI GetEnv version=0x00010002
G4-JNI GetEnv version=0x00010002
G4-JNI GetEnv version=0x00010002
G4-JNI GetEnv version=0x00010002
G4-JNI GetEnv version=0x00010002
G4-JNI GetEnv version=0x00010002
G4-JNI GetEnv version=0x00010002
G4-JNI GetEnv version=0x00010002
G4-JNI GetEnv version=0x00010002
G4-JNI GetEnv version=0x00010002
G4-JNI GetEnv version=0x00010002
G4-JNI GetEnv version=0x00010002
G4-JNI GetEnv version=0x00010002
G4-JNI GetEnv version=0x00010002
G4-JNI GetEnv version=0x00010002
G4-JNI GetEnv version=0x00010002
G4-JNI GetEnv version=0x00010002
G4-JNI GetEnv version=0x00010002
G4-JNI GetEnv version=0x00010002
G4-JNI GetEnv version=0x00010002
G4-JNI GetEnv version=0x00010002
G4-JNI GetEnv version=0x00010002
G4-JNI GetEnv version=0x00010002
G4-JNI GetEnv version=0x00010002
G4-JNI GetEnv version=0x00010002
G4-JNI GetEnv version=0x00010002
G4-JNI GetEnv version=0x00010002
G4-JNI GetEnv version=0x00010002
G4-JNI GetEnv version=0x00010002
G4-JNI GetEnv version=0x00010002
G4-JNI GetEnv version=0x00010002
G4-JNI GetEnv version=0x00010002
G4-JNI GetEnv version=0x00010002
G4-JNI GetEnv version=0x00010002
G4-JNI GetEnv version=0x00010002
G4-JNI GetEnv version=0x00010002
G4-JNI GetEnv version=0x00010002
G4-JNI GetEnv version=0x00010002
G4-JNI GetEnv version=0x00010002
G4-JNI GetEnv version=0x00010002
G4-JNI GetEnv version=0x00010002
G4-JNI GetEnv version=0x00010002
G4-JNI GetEnv version=0x00010002
G4-JNI GetEnv version=0x00010002
G4-JNI GetEnv version=0x00010002
G4-JNI GetEnv version=0x00010002
G4-JNI GetEnv version=0x00010002
G4-JNI GetEnv version=0x00010002
G4-JNI GetEnv version=0x00010002
G4-JNI GetEnv version=0x00010002
G4-JNI GetEnv version=0x00010002
G4-JNI GetEnv version=0x00010002
G4-JNI GetEnv version=0x00010002
G4-JNI GetEnv version=0x00010002
G4-JNI GetEnv version=0x00010002
G4-JNI GetEnv version=0x00010002
G4-JNI GetEnv version=0x00010002
G4-JNI GetEnv version=0x00010002
G4-JNI GetEnv version=0x00010002
G4-JNI GetEnv version=0x00010002
G4-JNI GetEnv version=0x00010002
G4-JNI GetEnv version=0x00010002
G4-JNI GetEnv version=0x00010002
G4-JNI GetEnv version=0x00010002
G4-JNI GetEnv version=0x00010002
G4-JNI GetEnv version=0x00010002
G4-JNI GetEnv version=0x00010002
G4-JNI GetEnv version=0x00010002
G4-JNI GetEnv version=0x00010002
G4-JNI GetEnv version=0x00010002
G4-JNI GetEnv version=0x00010002
G4-JNI GetEnv version=0x00010002
G4-JNI GetEnv version=0x00010002
G4-JNI GetEnv version=0x00010002
G4-JNI GetEnv version=0x00010002
G4-JNI GetEnv version=0x00010002
G6-RAW buttons=0x00000000
android[2] trace: MoGaConTrOlLeR :: ....................(KK) MogaController :: Inside nativeOnKeyEvent 

android[2] trace: ....................(KK) MogaController :: Inside nativeOnKeyEvent 103

android[2] trace: MoGaConTrOlLeR :: ....................(KK) Key Event Key R1 1111 .....................

android[2] trace: MoGaConTrOlLeR :: ....................(KK) Key Event Key up .....................

android[2] trace: MoGaConTrOlLeR :: ....................(KK) Listener Key Release .....................

android[2] trace: MoGaConTrOlLeR :: ....................(KK) AndroidKeyCode :: MogaKeyCode (Start of func) .....................

android[2] trace: MoGaConTrOlLeR :: ....................(KK) AndroidKeyCode :: MogaKeyCode Key Press R1 .....................

android[2] trace: MoGaConTrOlLeR :: ....................(KK) AndroidKeyCode :: MogaKeyCode Key Press R1(Nitro) Racing True.....................

android[2] trace: MoGaConTrOlLeR :: (KK) MogaController :: Inside nativeOnKeyEvent ....................

G6-MOGA key frame=14918 code=103 state=up
android[2] trace: MoGaConTrOlLeR :: ....................(KK) BaseDrivingControlScheme :: OnEvent .....................

android[2] trace: MoGaConTrOlLeR :: ....................(KK) BaseDrivingControlScheme :: OnKeyRelease Nothing :( .....................

G4-JNI GetEnv version=0x00010002
G4-JNI GetEnv version=0x00010002
G4-JNI GetEnv version=0x00010002
G4-JNI GetEnv version=0x00010002
G4-JNI GetEnv version=0x00010002
G4-JNI GetEnv version=0x00010002
G4-JNI GetEnv version=0x00010002
G4-JNI GetEnv version=0x00010002
G4-JNI GetEnv version=0x00010002
G4-JNI GetEnv version=0x00010002
G4-JNI GetEnv version=0x00010002
G4-JNI GetEnv version=0x00010002
G4-JNI GetEnv version=0x00010002
G4-JNI GetEnv version=0x00010002
G4-JNI GetEnv version=0x00010002
G4-JNI GetEnv version=0x00010002
G4-JNI GetEnv version=0x00010002
G4-JNI GetEnv version=0x00010002
G4-JNI GetEnv version=0x00010002
G4-JNI GetEnv version=0x00010002
G4-JNI GetEnv version=0x00010002
G4-JNI GetEnv version=0x00010002
G4-JNI GetEnv version=0x00010002
G4-JNI GetEnv version=0x00010002
G4-JNI GetEnv version=0x00010002
G4-JNI GetEnv version=0x00010002
G4-JNI GetEnv version=0x00010002
G4-JNI GetEnv version=0x00010002
G4-JNI GetEnv version=0x00010002
G4-JNI GetEnv version=0x00010002
G4-JNI GetEnv version=0x00010002
G4-JNI GetEnv version=0x00010002
G4-JNI GetEnv version=0x00010002
G4-JNI GetEnv version=0x00010002
G4-JNI GetEnv version=0x00010002
G4-JNI GetEnv version=0x00010002
G4-JNI GetEnv version=0x00010002
G4-JNI GetEnv version=0x00010002
G4-JNI GetEnv version=0x00010002
G4-JNI GetEnv version=0x00010002
G4-JNI GetEnv version=0x00010002
G4-JNI GetEnv version=0x00010002
G4-JNI GetEnv version=0x00010002
G6-RAW buttons=0x00000400
android[2] trace: ....................(KK) MogaController :: Inside NativeOnMotionEvent

android[2] trace: (KK) MogaController :: Inside NativeOnMotionEvent ....................

G6-MOGA motion frame=14961 axes=-32767,0,0,0,0,0
G6-MOGA dpad-as-stick frame=14961 code=21 state=down
G4-JNI GetEnv version=0x00010002
G4-JNI GetEnv version=0x00010002
G4-JNI GetEnv version=0x00010002
G4-JNI GetEnv version=0x00010002
G4-JNI GetEnv version=0x00010002
G4-JNI GetEnv version=0x00010002
G6-RAW buttons=0x00000000
android[2] trace: ....................(KK) MogaController :: Inside NativeOnMotionEvent

android[2] trace: (KK) MogaController :: Inside NativeOnMotionEvent ....................

G6-MOGA dpad-as-stick frame=14967 code=21 state=up
G4-JNI GetEnv version=0x00010002
G4-JNI GetEnv version=0x00010002
G4-JNI GetEnv version=0x00010002
G4-JNI GetEnv version=0x00010002
G4-JNI GetEnv version=0x00010002
G4-JNI GetEnv version=0x00010002
G4-JNI GetEnv version=0x00010002
G4-JNI GetEnv version=0x00010002
G4-JNI GetEnv version=0x00010002
G4-JNI GetEnv version=0x00010002
G4-JNI GetEnv version=0x00010002
G4-JNI GetEnv version=0x00010002
G4-JNI GetEnv version=0x00010002
G4-JNI GetEnv version=0x00010002
G4-JNI GetEnv version=0x00010002
G4-JNI GetEnv version=0x00010002
G6-RAW buttons=0x00000400
android[2] trace: ....................(KK) MogaController :: Inside NativeOnMotionEvent

android[2] trace: (KK) MogaController :: Inside NativeOnMotionEvent ....................

G6-MOGA motion frame=14983 axes=-32767,0,0,0,0,0
G6-MOGA dpad-as-stick frame=14983 code=21 state=down
G4-JNI GetEnv version=0x00010002
G4-JNI GetEnv version=0x00010002
G4-JNI GetEnv version=0x00010002
G4-JNI GetEnv version=0x00010002
G4-JNI GetEnv version=0x00010002
G4-JNI GetEnv version=0x00010002
G4-JNI GetEnv version=0x00010002
G4-JNI GetEnv version=0x00010002
G4-JNI GetEnv version=0x00010002
G4-JNI GetEnv version=0x00010002
G6-RAW buttons=0x00000000
android[2] trace: ....................(KK) MogaController :: Inside NativeOnMotionEvent

android[2] trace: (KK) MogaController :: Inside NativeOnMotionEvent ....................

G6-MOGA dpad-as-stick frame=14993 code=21 state=up
G4-JNI GetEnv version=0x00010002
G4-JNI GetEnv version=0x00010002
G4-JNI GetEnv version=0x00010002
G4-JNI GetEnv version=0x00010002
G4-JNI GetEnv version=0x00010002
G4-JNI GetEnv version=0x00010002
G4-JNI GetEnv version=0x00010002
G7-FRAME enter=15000
G4-JNI GetEnv version=0x00010002
G5-GL STATE frame=15000 framebuffer=0 status=0x8cd5 errors=0
G7-FRAME leave=15000
G4-JNI GetEnv version=0x00010002
G4-JNI GetEnv version=0x00010002
G4-JNI GetEnv version=0x00010002
G4-JNI GetEnv version=0x00010002
G6-RAW buttons=0x00000400
android[2] trace: ....................(KK) MogaController :: Inside NativeOnMotionEvent

android[2] trace: (KK) MogaController :: Inside NativeOnMotionEvent ....................

G6-MOGA motion frame=15005 axes=-32767,0,0,0,0,0
G6-MOGA dpad-as-stick frame=15005 code=21 state=down
G4-JNI GetEnv version=0x00010002
G4-JNI GetEnv version=0x00010002
G4-JNI GetEnv version=0x00010002
G4-JNI GetEnv version=0x00010002
G4-JNI GetEnv version=0x00010002
G4-JNI GetEnv version=0x00010002
G4-JNI GetEnv version=0x00010002
G4-JNI GetEnv version=0x00010002
G6-RAW buttons=0x00000000
android[2] trace: ....................(KK) MogaController :: Inside NativeOnMotionEvent

android[2] trace: (KK) MogaController :: Inside NativeOnMotionEvent ....................

G6-MOGA dpad-as-stick frame=15013 code=21 state=up
G4-JNI GetEnv version=0x00010002
G4-JNI GetEnv version=0x00010002
G4-JNI GetEnv version=0x00010002
G4-JNI GetEnv version=0x00010002
G4-JNI GetEnv version=0x00010002
G4-JNI GetEnv version=0x00010002
G6-RAW buttons=0x00000400
android[2] trace: ....................(KK) MogaController :: Inside NativeOnMotionEvent

android[2] trace: (KK) MogaController :: Inside NativeOnMotionEvent ....................

G6-MOGA dpad-as-stick frame=15019 code=21 state=down
G4-JNI GetEnv version=0x00010002
G4-JNI GetEnv version=0x00010002
G4-JNI GetEnv version=0x00010002
G4-JNI GetEnv version=0x00010002
G4-JNI GetEnv version=0x00010002
G6-RAW buttons=0x00000000
android[2] trace: ....................(KK) MogaController :: Inside NativeOnMotionEvent

android[2] trace: (KK) MogaController :: Inside NativeOnMotionEvent ....................

G6-MOGA motion frame=15024 axes=0,0,0,0,0,0
G6-MOGA dpad-as-stick frame=15024 code=21 state=up
G4-JNI GetEnv version=0x00010002
G4-JNI GetEnv version=0x00010002
G4-JNI GetEnv version=0x00010002
G4-JNI GetEnv version=0x00010002
G4-JNI GetEnv version=0x00010002
G4-JNI GetEnv version=0x00010002
G4-JNI GetEnv version=0x00010002
G6-RAW buttons=0x00000400
android[2] trace: ....................(KK) MogaController :: Inside NativeOnMotionEvent

android[2] trace: (KK) MogaController :: Inside NativeOnMotionEvent ....................

G6-MOGA dpad-as-stick frame=15031 code=21 state=down
G4-JNI GetEnv version=0x00010002
G4-JNI GetEnv version=0x00010002
G4-JNI GetEnv version=0x00010002
G6-RAW buttons=0x00000000
android[2] trace: ....................(KK) MogaController :: Inside NativeOnMotionEvent

android[2] trace: (KK) MogaController :: Inside NativeOnMotionEvent ....................

G6-MOGA dpad-as-stick frame=15034 code=21 state=up
G4-JNI GetEnv version=0x00010002
G4-JNI GetEnv version=0x00010002
G4-JNI GetEnv version=0x00010002
G4-JNI GetEnv version=0x00010002
G4-JNI GetEnv version=0x00010002
G4-JNI GetEnv version=0x00010002
G4-JNI GetEnv version=0x00010002
G4-JNI GetEnv version=0x00010002
G6-RAW buttons=0x00000400
android[2] trace: ....................(KK) MogaController :: Inside NativeOnMotionEvent

android[2] trace: (KK) MogaController :: Inside NativeOnMotionEvent ....................

G6-MOGA motion frame=15042 axes=-32767,0,0,0,0,0
G6-MOGA dpad-as-stick frame=15042 code=21 state=down
G4-JNI GetEnv version=0x00010002
G4-JNI GetEnv version=0x00010002
G4-JNI GetEnv version=0x00010002
G4-JNI GetEnv version=0x00010002
G4-JNI GetEnv version=0x00010002
G6-RAW buttons=0x00000000
android[2] trace: ....................(KK) MogaController :: Inside NativeOnMotionEvent

android[2] trace: (KK) MogaController :: Inside NativeOnMotionEvent ....................

G6-MOGA dpad-as-stick frame=15047 code=21 state=up
G4-JNI GetEnv version=0x00010002
G4-JNI GetEnv version=0x00010002
G4-JNI GetEnv version=0x00010002
G4-JNI GetEnv version=0x00010002
G4-JNI GetEnv version=0x00010002
G4-JNI GetEnv version=0x00010002
G6-RAW buttons=0x00000400
android[2] trace: ....................(KK) MogaController :: Inside NativeOnMotionEvent

android[2] trace: (KK) MogaController :: Inside NativeOnMotionEvent ....................

G6-MOGA dpad-as-stick frame=15053 code=21 state=down
G4-JNI GetEnv version=0x00010002
G4-JNI GetEnv version=0x00010002
G4-JNI GetEnv version=0x00010002
G4-JNI GetEnv version=0x00010002
G4-JNI GetEnv version=0x00010002
G4-JNI GetEnv version=0x00010002
G4-JNI GetEnv version=0x00010002
G4-JNI GetEnv version=0x00010002
G4-JNI GetEnv version=0x00010002
G4-JNI GetEnv version=0x00010002
G4-JNI GetEnv version=0x00010002
G4-JNI GetEnv version=0x00010002
G4-JNI GetEnv version=0x00010002
G4-JNI GetEnv version=0x00010002
G4-JNI GetEnv version=0x00010002
G4-JNI GetEnv version=0x00010002
G4-JNI GetEnv version=0x00010002
G4-JNI GetEnv version=0x00010002
G4-JNI GetEnv version=0x00010002
G6-RAW buttons=0x00000000
android[2] trace: ....................(KK) MogaController :: Inside NativeOnMotionEvent

android[2] trace: (KK) MogaController :: Inside NativeOnMotionEvent ....................

G6-MOGA motion frame=15072 axes=0,0,0,0,0,0
G6-MOGA dpad-as-stick frame=15072 code=21 state=up
G4-JNI GetEnv version=0x00010002
G4-JNI GetEnv version=0x00010002
G4-JNI GetEnv version=0x00010002
G4-JNI GetEnv version=0x00010002
G4-JNI GetEnv version=0x00010002
G4-JNI GetEnv version=0x00010002
G4-JNI GetEnv version=0x00010002
G4-JNI GetEnv version=0x00010002
G6-RAW buttons=0x00000400
android[2] trace: ....................(KK) MogaController :: Inside NativeOnMotionEvent

android[2] trace: (KK) MogaController :: Inside NativeOnMotionEvent ....................

G6-MOGA dpad-as-stick frame=15080 code=21 state=down
G4-JNI GetEnv version=0x00010002
G4-JNI GetEnv version=0x00010002
G4-JNI GetEnv version=0x00010002
G4-JNI GetEnv version=0x00010002
G4-JNI GetEnv version=0x00010002
G4-JNI GetEnv version=0x00010002
G4-JNI GetEnv version=0x00010002
G6-RAW buttons=0x00000000
android[2] trace: ....................(KK) MogaController :: Inside NativeOnMotionEvent

android[2] trace: (KK) MogaController :: Inside NativeOnMotionEvent ....................

G6-MOGA motion frame=15087 axes=0,0,0,0,0,0
G6-MOGA dpad-as-stick frame=15087 code=21 state=up
G4-JNI GetEnv version=0x00010002
G4-JNI GetEnv version=0x00010002
G4-JNI GetEnv version=0x00010002
G4-JNI GetEnv version=0x00010002
G4-JNI GetEnv version=0x00010002
G4-JNI GetEnv version=0x00010002
G6-RAW buttons=0x00000400
android[2] trace: ....................(KK) MogaController :: Inside NativeOnMotionEvent

android[2] trace: (KK) MogaController :: Inside NativeOnMotionEvent ....................

G6-MOGA dpad-as-stick frame=15093 code=21 state=down
G4-JNI GetEnv version=0x00010002
G4-JNI GetEnv version=0x00010002
G4-JNI GetEnv version=0x00010002
G4-JNI GetEnv version=0x00010002
G4-JNI GetEnv version=0x00010002
G4-JNI GetEnv version=0x00010002
G4-JNI GetEnv version=0x00010002
G4-JNI GetEnv version=0x00010002
G4-JNI GetEnv version=0x00010002
G6-RAW buttons=0x00000000
android[2] trace: ....................(KK) MogaController :: Inside NativeOnMotionEvent

android[2] trace: (KK) MogaController :: Inside NativeOnMotionEvent ....................

G6-MOGA motion frame=15102 axes=0,0,0,0,0,0
G6-MOGA dpad-as-stick frame=15102 code=21 state=up
G4-JNI GetEnv version=0x00010002
G4-JNI GetEnv version=0x00010002
G4-JNI GetEnv version=0x00010002
G4-JNI GetEnv version=0x00010002
G4-JNI GetEnv version=0x00010002
G6-RAW buttons=0x00000400
android[2] trace: ....................(KK) MogaController :: Inside NativeOnMotionEvent

android[2] trace: (KK) MogaController :: Inside NativeOnMotionEvent ....................

G6-MOGA dpad-as-stick frame=15107 code=21 state=down
G4-JNI GetEnv version=0x00010002
G4-JNI GetEnv version=0x00010002
G4-JNI GetEnv version=0x00010002
G4-JNI GetEnv version=0x00010002
G4-JNI GetEnv version=0x00010002
G4-JNI GetEnv version=0x00010002
G4-JNI GetEnv version=0x00010002
G4-JNI GetEnv version=0x00010002
G4-JNI GetEnv version=0x00010002
G4-JNI GetEnv version=0x00010002
G4-JNI GetEnv version=0x00010002
G4-JNI GetEnv version=0x00010002
G4-JNI GetEnv version=0x00010002
G4-JNI GetEnv version=0x00010002
G4-JNI GetEnv version=0x00010002
G4-JNI GetEnv version=0x00010002
G4-JNI GetEnv version=0x00010002
G4-JNI GetEnv version=0x00010002
G4-JNI GetEnv version=0x00010002
G4-JNI GetEnv version=0x00010002
G4-JNI GetEnv version=0x00010002
G6-RAW buttons=0x00000000
android[2] trace: ....................(KK) MogaController :: Inside NativeOnMotionEvent

android[2] trace: (KK) MogaController :: Inside NativeOnMotionEvent ....................

G6-MOGA motion frame=15128 axes=0,0,0,0,0,0
G6-MOGA dpad-as-stick frame=15128 code=21 state=up
G4-JNI GetEnv version=0x00010002
G4-JNI GetEnv version=0x00010002
G4-JNI GetEnv version=0x00010002
G4-JNI GetEnv version=0x00010002
G4-JNI GetEnv version=0x00010002
G4-JNI GetEnv version=0x00010002
G4-JNI GetEnv version=0x00010002
G4-JNI GetEnv version=0x00010002
G4-JNI GetEnv version=0x00010002
G4-JNI GetEnv version=0x00010002
G4-JNI GetEnv version=0x00010002
G4-JNI GetEnv version=0x00010002
G4-JNI GetEnv version=0x00010002
G4-JNI GetEnv version=0x00010002
G6-RAW buttons=0x00000400
android[2] trace: ....................(KK) MogaController :: Inside NativeOnMotionEvent

android[2] trace: (KK) MogaController :: Inside NativeOnMotionEvent ....................

G6-MOGA dpad-as-stick frame=15142 code=21 state=down
G4-JNI GetEnv version=0x00010002
G4-JNI GetEnv version=0x00010002
G4-JNI GetEnv version=0x00010002
G4-JNI GetEnv version=0x00010002
G4-JNI GetEnv version=0x00010002
G4-JNI GetEnv version=0x00010002
G4-JNI GetEnv version=0x00010002
G6-RAW buttons=0x00000000
android[2] trace: ....................(KK) MogaController :: Inside NativeOnMotionEvent

android[2] trace: (KK) MogaController :: Inside NativeOnMotionEvent ....................

G6-MOGA motion frame=15149 axes=0,0,0,0,0,0
G6-MOGA dpad-as-stick frame=15149 code=21 state=up
G4-JNI GetEnv version=0x00010002
G4-JNI GetEnv version=0x00010002
G4-JNI GetEnv version=0x00010002
G4-JNI GetEnv version=0x00010002
G4-JNI GetEnv version=0x00010002
G4-JNI GetEnv version=0x00010002
G6-RAW buttons=0x00000020
android[2] trace: MoGaConTrOlLeR :: ....................(KK) MogaController :: Inside nativeOnKeyEvent 

android[2] trace: ....................(KK) MogaController :: Inside nativeOnKeyEvent 103

android[2] trace: MoGaConTrOlLeR :: ....................(KK) Key Event Key R1 1111 .....................

android[2] trace: MoGaConTrOlLeR :: ....................(KK) Key Event Key Down .....................

android[2] trace: MoGaConTrOlLeR :: ....................(KK) Listener Key Press .....................

android[2] trace: MoGaConTrOlLeR :: ....................(KK) AndroidKeyCode :: MogaKeyCode (Start of func) .....................

android[2] trace: MoGaConTrOlLeR :: ....................(KK) AndroidKeyCode :: MogaKeyCode Key Press R1 .....................

android[2] trace: MoGaConTrOlLeR :: ....................(KK) AndroidKeyCode :: MogaKeyCode Key Press R1(Nitro) Racing True.....................

android[2] trace: MoGaConTrOlLeR :: (KK) MogaController :: Inside nativeOnKeyEvent ....................

G6-MOGA key frame=15155 code=103 state=down
android[2] trace: MoGaConTrOlLeR :: ....................(KK) BaseDrivingControlScheme :: OnEvent .....................

android[2] trace: MoGaConTrOlLeR :: ....................(KK) BaseDrivingControlScheme :: onKeyPress Nitro.....................

G4-JNI GetEnv version=0x00010002
G4-JNI GetEnv version=0x00010002
G4-JNI GetEnv version=0x00010002
G4-JNI GetEnv version=0x00010002
G4-JNI GetEnv version=0x00010002
G4-JNI GetEnv version=0x00010002
G4-JNI GetEnv version=0x00010002
G6-RAW buttons=0x00000420
android[2] trace: ....................(KK) MogaController :: Inside NativeOnMotionEvent

android[2] trace: (KK) MogaController :: Inside NativeOnMotionEvent ....................

G6-MOGA dpad-as-stick frame=15162 code=21 state=down
G4-JNI GetEnv version=0x00010002
G4-JNI GetEnv version=0x00010002
G4-JNI GetEnv version=0x00010002
G4-JNI GetEnv version=0x00010002
G4-JNI GetEnv version=0x00010002
G6-RAW buttons=0x00000020
android[2] trace: ....................(KK) MogaController :: Inside NativeOnMotionEvent

android[2] trace: (KK) MogaController :: Inside NativeOnMotionEvent ....................

G6-MOGA motion frame=15167 axes=0,0,0,0,0,0
G6-MOGA dpad-as-stick frame=15167 code=21 state=up
G4-JNI GetEnv version=0x00010002
G4-JNI GetEnv version=0x00010002
G4-JNI GetEnv version=0x00010002
G4-JNI GetEnv version=0x00010002
G4-JNI GetEnv version=0x00010002
G6-RAW buttons=0x00000420
android[2] trace: ....................(KK) MogaController :: Inside NativeOnMotionEvent

android[2] trace: (KK) MogaController :: Inside NativeOnMotionEvent ....................

G6-MOGA dpad-as-stick frame=15172 code=21 state=down
G4-JNI GetEnv version=0x00010002
G4-JNI GetEnv version=0x00010002
G4-JNI GetEnv version=0x00010002
G4-JNI GetEnv version=0x00010002
G4-JNI GetEnv version=0x00010002
G4-JNI GetEnv version=0x00010002
G4-JNI GetEnv version=0x00010002
G4-JNI GetEnv version=0x00010002
G4-JNI GetEnv version=0x00010002
G4-JNI GetEnv version=0x00010002
G4-JNI GetEnv version=0x00010002
G4-JNI GetEnv version=0x00010002
G4-JNI GetEnv version=0x00010002
G4-JNI GetEnv version=0x00010002
G6-RAW buttons=0x00000020
android[2] trace: ....................(KK) MogaController :: Inside NativeOnMotionEvent

android[2] trace: (KK) MogaController :: Inside NativeOnMotionEvent ....................

G6-MOGA motion frame=15186 axes=0,0,0,0,0,0
G6-MOGA dpad-as-stick frame=15186 code=21 state=up
G4-JNI GetEnv version=0x00010002
G4-JNI GetEnv version=0x00010002
G4-JNI GetEnv version=0x00010002
G4-JNI GetEnv version=0x00010002
G4-JNI GetEnv version=0x00010002
G4-JNI GetEnv version=0x00010002
G4-JNI GetEnv version=0x00010002
G4-JNI GetEnv version=0x00010002
G4-JNI GetEnv version=0x00010002
G4-JNI GetEnv version=0x00010002
G4-JNI GetEnv version=0x00010002
G4-JNI GetEnv version=0x00010002
G4-JNI GetEnv version=0x00010002
G4-JNI GetEnv version=0x00010002
G4-JNI GetEnv version=0x00010002
G4-JNI GetEnv version=0x00010002
G4-JNI GetEnv version=0x00010002
G4-JNI GetEnv version=0x00010002
G4-JNI GetEnv version=0x00010002
G4-JNI GetEnv version=0x00010002
G4-JNI GetEnv version=0x00010002
G4-JNI GetEnv version=0x00010002
G4-JNI GetEnv version=0x00010002
G4-JNI GetEnv version=0x00010002
G4-JNI GetEnv version=0x00010002
G4-JNI GetEnv version=0x00010002
G4-JNI GetEnv version=0x00010002
G4-JNI GetEnv version=0x00010002
G4-JNI GetEnv version=0x00010002
G4-JNI GetEnv version=0x00010002
G4-JNI GetEnv version=0x00010002
G4-JNI GetEnv version=0x00010002
G4-JNI GetEnv version=0x00010002
G4-JNI GetEnv version=0x00010002
G4-JNI GetEnv version=0x00010002
G4-JNI GetEnv version=0x00010002
G4-JNI GetEnv version=0x00010002
G4-JNI GetEnv version=0x00010002
G4-JNI GetEnv version=0x00010002
G4-JNI GetEnv version=0x00010002
G4-JNI GetEnv version=0x00010002
G4-JNI GetEnv version=0x00010002
G4-JNI GetEnv version=0x00010002
G4-JNI GetEnv version=0x00010002
G4-JNI GetEnv version=0x00010002
G4-JNI GetEnv version=0x00010002
G4-JNI GetEnv version=0x00010002
G4-JNI GetEnv version=0x00010002
G4-JNI GetEnv version=0x00010002
G4-JNI GetEnv version=0x00010002
G4-JNI GetEnv version=0x00010002
G4-JNI GetEnv version=0x00010002
G4-JNI GetEnv version=0x00010002
G4-JNI GetEnv version=0x00010002
G4-JNI GetEnv version=0x00010002
G4-JNI GetEnv version=0x00010002
G4-JNI GetEnv version=0x00010002
G4-JNI GetEnv version=0x00010002
G4-JNI GetEnv version=0x00010002
G4-JNI GetEnv version=0x00010002
G4-JNI GetEnv version=0x00010002
G4-JNI GetEnv version=0x00010002
G4-JNI GetEnv version=0x00010002
G4-JNI GetEnv version=0x00010002
G4-JNI GetEnv version=0x00010002
G4-JNI GetEnv version=0x00010002
G4-JNI GetEnv version=0x00010002
G4-JNI GetEnv version=0x00010002
G4-JNI GetEnv version=0x00010002
G4-JNI GetEnv version=0x00010002
G4-JNI GetEnv version=0x00010002
G4-JNI GetEnv version=0x00010002
DEBUG: sendTrackingMessage!
G4-JNI GetEnv version=0x00010006
DEBUG: sendTrackingMessage!
G4-JNI GetEnv version=0x00010006
DEBUG: sendTrackingMessage!
G4-JNI GetEnv version=0x00010006
android[2] trace: [AUTOLOG] RaceReport: Denied.  Not online

DEBUG: sendTrackingMessage!
G4-JNI GetEnv version=0x00010006
DEBUG: sendTrackingMessage!
G4-JNI GetEnv version=0x00010006
DEBUG: sendTrackingMessage!
G4-JNI GetEnv version=0x00010006
android[4] info: -- Most Wanted List Updated --

android[4] info: 1. MSTWNTD(40000 PTS)

android[4] info: 2. FANGD(38000 PTS)

android[4] info: 3. GDZLLR(36000 PTS)

android[4] info: 4. HONEY(34000 PTS)

android[4] info: 5. KRIEG(32000 PTS)

android[4] info: 6. GU1LTY(30000 PTS)

android[4] info: 7. SPIDER(28000 PTS)

android[4] info: 8. GTMC(26000 PTS)

android[4] info: 9. SNWBLND(24000 PTS)

android[4] info: 10. JAPAN4(22000 PTS)

android[4] info: 11. You(12500 PTS)

android[4] info: -- Most Wanted List Updated --

android[4] info: 1. MSTWNTD(45000 PTS)

android[4] info: 2. FANGD(42750 PTS)

android[4] info: 3. GDZLLR(40500 PTS)

android[4] info: 4. HONEY(38250 PTS)

android[4] info: 5. KRIEG(36000 PTS)

android[4] info: 6. GU1LTY(33750 PTS)

android[4] info: 7. SPIDER(31500 PTS)

android[4] info: 8. GTMC(29249 PTS)

android[4] info: 9. SNWBLND(27000 PTS)

android[4] info: 10. JAPAN4(24750 PTS)

android[4] info: 11. You(12500 PTS)

DEBUG: sendTrackingMessage!
G4-JNI GetEnv version=0x00010006
android[6] serialization/error: Cannot remove non-existent field PendingUpgrades

android[2] trace: MoGaConTrOlLeR :: ....................(KK) BaseDrivingControlScheme :: OnEvent .....................

G4-JNI GetEnv version=0x00010002
android[5] layouts/warning: LayoutEntity not in cache, reloading: results_finish

android[5] layouts/warning: LayoutEntity not in cache, reloading: lower_white_bar

android[2] trace: LayoutScreen::LayoutScreen OptionsSettingsScreen != 0

android[6] layouts/error: Unable to locate layout entity: pre_penalty_time_text

android[6] layouts/error: Unable to locate layout entity: pre_penalty_time

android[6] layouts/error: Unable to locate layout entity: time_text

android[6] layouts/error: Unable to locate layout entity: penalty_time_text

android[6] layouts/error: Unable to locate layout entity: penalty_time

android[6] layouts/error: Unable to locate layout entity: average_speed

android[6] layouts/error: Unable to locate layout entity: total_speedtrap

android[6] layouts/error: Unable to locate layout entity: notime

android[5] layouts/warning: SetAnimation: Animation _out not found in node /[NoID]/[NoID]

android[5] layouts/warning: SetAnimation: Animation _out not found in node /[NoID]/[NoID]/_common

android[5] layouts/warning: SetAnimation: Animation _out not found in node /[NoID]/[NoID]

G4-JNI GetEnv version=0x00010002
android[2] trace: MusicManager::SetPlaylist(): playlist=PostRace fade=true

android[2] trace: MusicManager::PlayNextTrack() try, fade=true, soundManager.IsInitialized()=true, soundManager.IsUserMusicPlaying()=true

android[2] trace: MusicManager::PlayNextTrack(): break, fade=true, soundManager.IsInitialized()=true, soundManager.IsUserMusicPlaying()=true

G4-JNI GetEnv version=0x00010002
android[6] Sound/SoundManager/error: FMOD result of SoundManager::createSound: An error occured that wasn't supposed to.  Contact support. 

android[5] Sound/SoundManager/warn: SoundManager::createSound - 'ui/ui/event_menu_in': failure.

android[2] trace: UI play sound: ui/ui/event_menu_in

android[2] trace: ShowMogaHighlight start

android[2] trace: ShowMogaHighlight 1

android[2] trace: ShowMogaHighlight end

G6-RAW buttons=0x00000000
android[2] trace: MoGaConTrOlLeR :: ....................(KK) MogaController :: Inside nativeOnKeyEvent 

android[2] trace: ....................(KK) MogaController :: Inside nativeOnKeyEvent 103

android[2] trace: MoGaConTrOlLeR :: ....................(KK) Key Event Key R1 1111 .....................

android[2] trace: MoGaConTrOlLeR :: ....................(KK) Key Event Key up .....................

android[2] trace: MoGaConTrOlLeR :: ....................(KK) Listener Key Release .....................

android[2] trace: MoGaConTrOlLeR :: ....................(KK) AndroidKeyCode :: MogaKeyCode (Start of func) .....................

android[2] trace: MoGaConTrOlLeR :: ....................(KK) AndroidKeyCode :: MogaKeyCode Key Press R1 .....................

android[2] trace: MoGaConTrOlLeR :: (KK) MogaController :: Inside nativeOnKeyEvent ....................

G6-MOGA key frame=15261 code=103 state=up
G4-JNI GetEnv version=0x00010002
G4-JNI GetEnv version=0x00010002
G4-JNI GetEnv version=0x00010002
G4-JNI GetEnv version=0x00010002
G4-JNI GetEnv version=0x00010002
G4-JNI GetEnv version=0x00010002
G4-JNI GetEnv version=0x00010002
G4-JNI GetEnv version=0x00010002
G4-JNI GetEnv version=0x00010002
G4-JNI GetEnv version=0x00010002
G4-JNI GetEnv version=0x00010002
G4-JNI GetEnv version=0x00010002
G4-JNI GetEnv version=0x00010002
G4-JNI GetEnv version=0x00010002
G4-JNI GetEnv version=0x00010002
G4-JNI GetEnv version=0x00010002
G4-JNI GetEnv version=0x00010002
G4-JNI GetEnv version=0x00010002
G4-JNI GetEnv version=0x00010002
G4-JNI GetEnv version=0x00010002
G4-JNI GetEnv version=0x00010002
G4-JNI GetEnv version=0x00010002
G4-JNI GetEnv version=0x00010002
G4-JNI GetEnv version=0x00010002
G4-JNI GetEnv version=0x00010002
G4-JNI GetEnv version=0x00010002
G4-JNI GetEnv version=0x00010002
G4-JNI GetEnv version=0x00010002
G4-JNI GetEnv version=0x00010002
G4-JNI GetEnv version=0x00010002
G4-JNI GetEnv version=0x00010002
G4-JNI GetEnv version=0x00010002
G4-JNI GetEnv version=0x00010002
G4-JNI GetEnv version=0x00010002
G4-JNI GetEnv version=0x00010002
G4-JNI GetEnv version=0x00010002
G4-JNI GetEnv version=0x00010002
G4-JNI GetEnv version=0x00010002
G4-JNI GetEnv version=0x00010002
G4-JNI GetEnv version=0x00010002
G4-JNI GetEnv version=0x00010002
G4-JNI GetEnv version=0x00010002
G4-JNI GetEnv version=0x00010002
G7-FRAME enter=15300
G4-JNI GetEnv version=0x00010002
G5-GL STATE frame=15300 framebuffer=0 status=0x8cd5 errors=0
G7-FRAME leave=15300
G4-JNI GetEnv version=0x00010002
G4-JNI GetEnv version=0x00010002
G4-JNI GetEnv version=0x00010002
G4-JNI GetEnv version=0x00010002
G4-JNI GetEnv version=0x00010002
G4-JNI GetEnv version=0x00010002
G4-JNI GetEnv version=0x00010002
G4-JNI GetEnv version=0x00010002
G4-JNI GetEnv version=0x00010002
G4-JNI GetEnv version=0x00010002
G4-JNI GetEnv version=0x00010002
G4-JNI GetEnv version=0x00010002
G4-JNI GetEnv version=0x00010002
G4-JNI GetEnv version=0x00010002
G4-JNI GetEnv version=0x00010002
G4-JNI GetEnv version=0x00010002
G4-JNI GetEnv version=0x00010002
G4-JNI GetEnv version=0x00010002
G4-JNI GetEnv version=0x00010002
G4-JNI GetEnv version=0x00010002
G4-JNI GetEnv version=0x00010002
G4-JNI GetEnv version=0x00010002
G4-JNI GetEnv version=0x00010002
G4-JNI GetEnv version=0x00010002
G4-JNI GetEnv version=0x00010002
G4-JNI GetEnv version=0x00010002
G4-JNI GetEnv version=0x00010002
G4-JNI GetEnv version=0x00010002
G4-JNI GetEnv version=0x00010002
G4-JNI GetEnv version=0x00010002
G4-JNI GetEnv version=0x00010002
G4-JNI GetEnv version=0x00010002
G4-JNI GetEnv version=0x00010002
G4-JNI GetEnv version=0x00010002
G4-JNI GetEnv version=0x00010002
G4-JNI GetEnv version=0x00010002
G4-JNI GetEnv version=0x00010002
G4-JNI GetEnv version=0x00010002
G4-JNI GetEnv version=0x00010002
G4-JNI GetEnv version=0x00010002
G4-JNI GetEnv version=0x00010002
G4-JNI GetEnv version=0x00010002
G4-JNI GetEnv version=0x00010002
G4-JNI GetEnv version=0x00010002
G4-JNI GetEnv version=0x00010002
G4-JNI GetEnv version=0x00010002
G4-JNI GetEnv version=0x00010002
G4-JNI GetEnv version=0x00010002
G4-JNI GetEnv version=0x00010002
G4-JNI GetEnv version=0x00010002
G4-JNI GetEnv version=0x00010002
G4-JNI GetEnv version=0x00010002
G4-JNI GetEnv version=0x00010002
G4-JNI GetEnv version=0x00010002
G4-JNI GetEnv version=0x00010002
G4-JNI GetEnv version=0x00010002
android[6] Sound/SoundManager/error: FMOD result of SoundManager::createSound: An error occured that wasn't supposed to.  Contact support. 

android[5] Sound/SoundManager/warn: SoundManager::createSound - 'ui/ui/event_menu_out': failure.

android[2] trace: UI play sound: ui/ui/event_menu_out

G6-RAW buttons=0x00000002
android[2] trace: MoGaConTrOlLeR :: ....................(KK) MogaController :: Inside nativeOnKeyEvent 

android[2] trace: ....................(KK) MogaController :: Inside nativeOnKeyEvent 96

android[2] trace: MoGaConTrOlLeR :: ....................(KK) Key Event Key A AAAA .....................

android[2] trace: MoGaConTrOlLeR :: ....................(KK) Key Event Key Down .....................

android[2] trace: MoGaConTrOlLeR :: ....................(KK) Listener Key Press .....................

android[2] trace: MoGaConTrOlLeR :: ....................(KK) AndroidKeyCode :: MogaKeyCode (Start of func) .....................

android[2] trace: MoGaConTrOlLeR :: ....................(KK) AndroidKeyCode :: MogaKeyCode Key Press A .....................

android[2] trace: MoGaConTrOlLeR :: (KK) MogaController :: Inside nativeOnKeyEvent ....................

G6-MOGA key frame=15580 code=96 state=down
G6-RAW buttons=0x00000000
android[2] trace: MoGaConTrOlLeR :: ....................(KK) MogaController :: Inside nativeOnKeyEvent 

android[2] trace: ....................(KK) MogaController :: Inside nativeOnKeyEvent 96

android[2] trace: MoGaConTrOlLeR :: ....................(KK) Key Event Key A AAAA .....................

android[2] trace: MoGaConTrOlLeR :: ....................(KK) Key Event Key up .....................

android[2] trace: MoGaConTrOlLeR :: ....................(KK) Listener Key Release .....................

android[2] trace: MoGaConTrOlLeR :: ....................(KK) AndroidKeyCode :: MogaKeyCode (Start of func) .....................

android[2] trace: MoGaConTrOlLeR :: ....................(KK) AndroidKeyCode :: MogaKeyCode Key Press A .....................

android[2] trace: MoGaConTrOlLeR :: (KK) MogaController :: Inside nativeOnKeyEvent ....................

G6-MOGA key frame=15590 code=96 state=up
android[5] layouts/warning: LayoutEntity not in cache, reloading: results_mostwanted_speedwall

android[5] layouts/warning: LayoutEntity not in cache, reloading: placed_window

android[5] layouts/warning: LayoutEntity not in cache, reloading: medal

android[5] layouts/warning: LayoutEntity not in cache, reloading: headingandvalue_cash

android[5] layouts/warning: LayoutEntity not in cache, reloading: awards_window

android[5] layouts/warning: LayoutEntity not in cache, reloading: awards_item

android[5] layouts/warning: LayoutEntity not in cache, reloading: achievement_icon

android[5] layouts/warning: LayoutEntity not in cache, reloading: headingandvalue_sp

android[5] layouts/warning: LayoutEntity not in cache, reloading: sp_counter

android[5] layouts/warning: LayoutEntity not in cache, reloading: autolog_window

android[5] layouts/warning: LayoutEntity not in cache, reloading: awards_item

android[5] layouts/warning: LayoutEntity not in cache, reloading: achievement_icon

android[5] layouts/warning: LayoutEntity not in cache, reloading: headingandvalue_sp

android[5] layouts/warning: LayoutEntity not in cache, reloading: sp_counter

android[5] layouts/warning: LayoutEntity not in cache, reloading: eventname_winfail

android[5] layouts/warning: LayoutEntity not in cache, reloading: mostwanted_notlist

android[5] layouts/warning: LayoutEntity not in cache, reloading: mostwanted_notlistitem

android[5] layouts/warning: LayoutEntity not in cache, reloading: results_speedwall

android[5] layouts/warning: LayoutEntity not in cache, reloading: results_speedwall_list

android[5] layouts/warning: LayoutEntity not in cache, reloading: results_speedwall_entry

android[5] layouts/warning: LayoutEntity not in cache, reloading: results_speedwall_personalbest

android[5] layouts/warning: LayoutEntity not in cache, reloading: new_map_base

android[5] layouts/warning: LayoutEntity not in cache, reloading: scrollbar

android[5] layouts/warning: LayoutEntity not in cache, reloading: scrollbar_thumb

android[5] layouts/warning: LayoutEntity not in cache, reloading: profile_store

android[5] layouts/warning: LayoutEntity not in cache, reloading: cash_store

android[5] layouts/warning: LayoutEntity not in cache, reloading: btn_car_action_large

android[5] layouts/warning: LayoutEntity not in cache, reloading: lower_white_bar

android[6] layouts/error: Unable to locate layout entity: _metric

android[6] layouts/error: Unable to locate layout entity: _icon

android[6] layouts/error: Unable to locate layout entity: _metric

android[6] layouts/error: Unable to locate layout entity: _icon

android[5] layouts/warning: SetAnimation: Animation _idle not found in node /[NoID]

android[5] layouts/warning: SetAnimation: Animation _idle not found in node /[NoID]

android[5] layouts/warning: SetAnimation: Animation _idle not found in node /[NoID]

android[5] layouts/warning: SetAnimation: Animation _idle not found in node /[NoID]

android[5] layouts/warning: SetAnimation: Animation _idle not found in node /[NoID]

android[5] layouts/warning: SetAnimation: Animation _idle not found in node /[NoID]

android[6] layouts/error: Unable to locate layout entity: _message

android[6] layouts/error: Unable to locate layout entity: _name_header

android[5] layouts/warning: SetAnimation: Animation result_message not found in node /_speedwall

android[6] layouts/error: Unable to locate layout entity: _icon

android[2] trace: LayoutScreen::LayoutScreen OptionsSettingsScreen != 0

android[2] trace: RaceResult::Success: WELCOME_HEADING

android[2] trace: MusicManager::SetPlaylist(): playlist=PostRace fade=true

android[6] Sound/SoundManager/error: FMOD result of SoundManager::createSound: An error occured that wasn't supposed to.  Contact support. 

android[5] Sound/SoundManager/warn: SoundManager::createSound - 'ui/ui/event_menu_in': failure.

android[2] trace: UI play sound: ui/ui/event_menu_in

android[2] trace: ShowMogaHighlight start

android[2] trace: ShowMogaHighlight 1

android[2] trace: ShowMogaHighlight end

G4-JNI GetEnv version=0x00010002
G4-JNI GetEnv version=0x00010002
G4-JNI GetEnv version=0x00010002
G4-JNI GetEnv version=0x00010002
G4-JNI GetEnv version=0x00010002
G4-JNI GetEnv version=0x00010002
G4-JNI GetEnv version=0x00010002
G4-JNI GetEnv version=0x00010002
G4-JNI GetEnv version=0x00010002
G4-JNI GetEnv version=0x00010002
G7-FRAME enter=15600
G5-GL STATE frame=15600 framebuffer=0 status=0x8cd5 errors=0
G7-FRAME leave=15600
android[6] Sound/SoundManager/error: FMOD result of SoundManager::createSound: An error occured that wasn't supposed to.  Contact support. 

android[5] Sound/SoundManager/warn: SoundManager::createSound - 'ui/ui/swipe_info': failure.

android[2] trace: UI play sound: ui/ui/swipe_info

android[5] layouts/warning: SetAnimation: Animation _idle not found in node /[NoID]

android[6] Sound/SoundManager/error: FMOD result of SoundManager::createSound: An error occured that wasn't supposed to.  Contact support. 

android[5] Sound/SoundManager/warn: SoundManager::createSound - 'ui/ui/event_accolade': failure.

android[2] trace: UI play sound: ui/ui/event_accolade

G6-RAW buttons=0x00000002
android[2] trace: MoGaConTrOlLeR :: ....................(KK) MogaController :: Inside nativeOnKeyEvent 

android[2] trace: ....................(KK) MogaController :: Inside nativeOnKeyEvent 96

android[2] trace: MoGaConTrOlLeR :: ....................(KK) Key Event Key A AAAA .....................

android[2] trace: MoGaConTrOlLeR :: ....................(KK) Key Event Key Down .....................

android[2] trace: MoGaConTrOlLeR :: ....................(KK) Listener Key Press .....................

android[2] trace: MoGaConTrOlLeR :: ....................(KK) AndroidKeyCode :: MogaKeyCode (Start of func) .....................

android[2] trace: MoGaConTrOlLeR :: ....................(KK) AndroidKeyCode :: MogaKeyCode Key Press A .....................

android[2] trace: MoGaConTrOlLeR :: (KK) MogaController :: Inside nativeOnKeyEvent ....................

G6-MOGA key frame=15759 code=96 state=down
G6-RAW buttons=0x00000000
android[2] trace: MoGaConTrOlLeR :: ....................(KK) MogaController :: Inside nativeOnKeyEvent 

android[2] trace: ....................(KK) MogaController :: Inside nativeOnKeyEvent 96

android[2] trace: MoGaConTrOlLeR :: ....................(KK) Key Event Key A AAAA .....................

android[2] trace: MoGaConTrOlLeR :: ....................(KK) Key Event Key up .....................

android[2] trace: MoGaConTrOlLeR :: ....................(KK) Listener Key Release .....................

android[2] trace: MoGaConTrOlLeR :: ....................(KK) AndroidKeyCode :: MogaKeyCode (Start of func) .....................

android[2] trace: MoGaConTrOlLeR :: ....................(KK) AndroidKeyCode :: MogaKeyCode Key Press A .....................

android[2] trace: MoGaConTrOlLeR :: (KK) MogaController :: Inside nativeOnKeyEvent ....................

G6-MOGA key frame=15771 code=96 state=up
android[5] layouts/warning: LayoutEntity not in cache, reloading: generic_okay_popup

android[5] layouts/warning: LayoutEntity not in cache, reloading: btn_options_large_idle

android[5] layouts/warning: LayoutEntity not in cache, reloading: frame

android[5] layouts/warning: LayoutEntity not in cache, reloading: btn_options_small5

android[5] layouts/warning: LayoutEntity not in cache, reloading: btn_options_large_active

android[5] layouts/warning: LayoutEntity not in cache, reloading: btn_options_large_idle

android[2] trace: LayoutScreen::LayoutScreen OptionsSettingsScreen != 0

android[6] Sound/SoundManager/error: FMOD result of SoundManager::createSound: An error occured that wasn't supposed to.  Contact support. 

android[5] Sound/SoundManager/warn: SoundManager::createSound - 'ui/ui/event_popup': failure.

android[2] trace: UI play sound: ui/ui/event_popup

android[2] trace: ShowMogaHighlight start

android[2] trace: ShowMogaHighlight 1

android[2] trace: ShowMogaHighlight end

G6-RAW buttons=0x00000002
android[2] trace: MoGaConTrOlLeR :: ....................(KK) MogaController :: Inside nativeOnKeyEvent 

android[2] trace: ....................(KK) MogaController :: Inside nativeOnKeyEvent 96

android[2] trace: MoGaConTrOlLeR :: ....................(KK) Key Event Key A AAAA .....................

android[2] trace: MoGaConTrOlLeR :: ....................(KK) Key Event Key Down .....................

android[2] trace: MoGaConTrOlLeR :: ....................(KK) Listener Key Press .....................

android[2] trace: MoGaConTrOlLeR :: ....................(KK) AndroidKeyCode :: MogaKeyCode (Start of func) .....................

android[2] trace: MoGaConTrOlLeR :: ....................(KK) AndroidKeyCode :: MogaKeyCode Key Press A .....................

android[2] trace: MoGaConTrOlLeR :: (KK) MogaController :: Inside nativeOnKeyEvent ....................

G6-MOGA key frame=15882 code=96 state=down
android[6] Sound/SoundManager/error: FMOD result of SoundManager::createSound: An error occured that wasn't supposed to.  Contact support. 

android[5] Sound/SoundManager/warn: SoundManager::createSound - 'ui/ui/btn_generic_accept': failure.

android[2] trace: UI play sound: ui/ui/btn_generic_accept

android[2] trace: MusicManager::SetPlaylist(): playlist=PostRace fade=true

G6-RAW buttons=0x00000000
android[2] trace: MoGaConTrOlLeR :: ....................(KK) MogaController :: Inside nativeOnKeyEvent 

android[2] trace: ....................(KK) MogaController :: Inside nativeOnKeyEvent 96

android[2] trace: MoGaConTrOlLeR :: ....................(KK) Key Event Key A AAAA .....................

android[2] trace: MoGaConTrOlLeR :: ....................(KK) Key Event Key up .....................

android[2] trace: MoGaConTrOlLeR :: ....................(KK) Listener Key Release .....................

android[2] trace: MoGaConTrOlLeR :: ....................(KK) AndroidKeyCode :: MogaKeyCode (Start of func) .....................

android[2] trace: MoGaConTrOlLeR :: ....................(KK) AndroidKeyCode :: MogaKeyCode Key Press A .....................

android[2] trace: MoGaConTrOlLeR :: (KK) MogaController :: Inside nativeOnKeyEvent ....................

G6-MOGA key frame=15888 code=96 state=up
android[5] layouts/warning: SetAnimation: Animation _idle not found in node /[NoID]

G7-FRAME enter=15900
G5-GL STATE frame=15900 framebuffer=0 status=0x8cd5 errors=0
G7-FRAME leave=15900
G4-JNI GetEnv version=0x00010002
G4-JNI GetEnv version=0x00010002
G4-JNI GetEnv version=0x00010002
G4-JNI GetEnv version=0x00010002
android[6] Sound/SoundManager/error: FMOD result of SoundManager::createSound: An error occured that wasn't supposed to.  Contact support. 

android[5] Sound/SoundManager/warn: SoundManager::createSound - 'ui/ui/event_award': failure.

android[2] trace: UI play sound: ui/ui/event_award

G6-RAW buttons=0x00000002
android[2] trace: MoGaConTrOlLeR :: ....................(KK) MogaController :: Inside nativeOnKeyEvent 

android[2] trace: ....................(KK) MogaController :: Inside nativeOnKeyEvent 96

android[2] trace: MoGaConTrOlLeR :: ....................(KK) Key Event Key A AAAA .....................

android[2] trace: MoGaConTrOlLeR :: ....................(KK) Key Event Key Down .....................

android[2] trace: MoGaConTrOlLeR :: ....................(KK) Listener Key Press .....................

android[2] trace: MoGaConTrOlLeR :: ....................(KK) AndroidKeyCode :: MogaKeyCode (Start of func) .....................

android[2] trace: MoGaConTrOlLeR :: ....................(KK) AndroidKeyCode :: MogaKeyCode Key Press A .....................

android[2] trace: MoGaConTrOlLeR :: (KK) MogaController :: Inside nativeOnKeyEvent ....................

G6-MOGA key frame=15962 code=96 state=down
G6-RAW buttons=0x00000000
android[2] trace: MoGaConTrOlLeR :: ....................(KK) MogaController :: Inside nativeOnKeyEvent 

android[2] trace: ....................(KK) MogaController :: Inside nativeOnKeyEvent 96

android[2] trace: MoGaConTrOlLeR :: ....................(KK) Key Event Key A AAAA .....................

android[2] trace: MoGaConTrOlLeR :: ....................(KK) Key Event Key up .....................

android[2] trace: MoGaConTrOlLeR :: ....................(KK) Listener Key Release .....................

android[2] trace: MoGaConTrOlLeR :: ....................(KK) AndroidKeyCode :: MogaKeyCode (Start of func) .....................

android[2] trace: MoGaConTrOlLeR :: ....................(KK) AndroidKeyCode :: MogaKeyCode Key Press A .....................

android[2] trace: MoGaConTrOlLeR :: (KK) MogaController :: Inside nativeOnKeyEvent ....................

G6-MOGA key frame=15976 code=96 state=up
android[6] Sound/SoundManager/error: FMOD result of SoundManager::createSound: An error occured that wasn't supposed to.  Contact support. 

android[5] Sound/SoundManager/warn: SoundManager::createSound - 'ui/ui/swipe_info': failure.

android[2] trace: UI play sound: ui/ui/swipe_info

G6-RAW buttons=0x00000002
android[2] trace: MoGaConTrOlLeR :: ....................(KK) MogaController :: Inside nativeOnKeyEvent 

android[2] trace: ....................(KK) MogaController :: Inside nativeOnKeyEvent 96

android[2] trace: MoGaConTrOlLeR :: ....................(KK) Key Event Key A AAAA .....................

android[2] trace: MoGaConTrOlLeR :: ....................(KK) Key Event Key Down .....................

android[2] trace: MoGaConTrOlLeR :: ....................(KK) Listener Key Press .....................

android[2] trace: MoGaConTrOlLeR :: ....................(KK) AndroidKeyCode :: MogaKeyCode (Start of func) .....................

android[2] trace: MoGaConTrOlLeR :: ....................(KK) AndroidKeyCode :: MogaKeyCode Key Press A .....................

android[2] trace: MoGaConTrOlLeR :: (KK) MogaController :: Inside nativeOnKeyEvent ....................

G6-MOGA key frame=16050 code=96 state=down
android[6] Sound/SoundManager/error: FMOD result of SoundManager::createSound: An error occured that wasn't supposed to.  Contact support. 

android[5] Sound/SoundManager/warn: SoundManager::createSound - 'ui/ui/btn_accept': failure.

android[2] trace: UI play sound: ui/ui/btn_accept

G6-RAW buttons=0x00000000
android[2] trace: MoGaConTrOlLeR :: ....................(KK) MogaController :: Inside nativeOnKeyEvent 

android[2] trace: ....................(KK) MogaController :: Inside nativeOnKeyEvent 96

android[2] trace: MoGaConTrOlLeR :: ....................(KK) Key Event Key A AAAA .....................

android[2] trace: MoGaConTrOlLeR :: ....................(KK) Key Event Key up .....................

android[2] trace: MoGaConTrOlLeR :: ....................(KK) Listener Key Release .....................

android[2] trace: MoGaConTrOlLeR :: ....................(KK) AndroidKeyCode :: MogaKeyCode (Start of func) .....................

android[2] trace: MoGaConTrOlLeR :: ....................(KK) AndroidKeyCode :: MogaKeyCode Key Press A .....................

android[2] trace: MoGaConTrOlLeR :: (KK) MogaController :: Inside nativeOnKeyEvent ....................

G6-MOGA key frame=16052 code=96 state=up
android[6] Sound/SoundManager/error: FMOD result of SoundManager::createSound: An error occured that wasn't supposed to.  Contact support. 

android[5] Sound/SoundManager/warn: SoundManager::createSound - 'ui/ui/swipe_info': failure.

android[2] trace: UI play sound: ui/ui/swipe_info

android[6] layouts/error: Unable to locate layout entity: _metric

android[6] layouts/error: Unable to locate layout entity: _icon

android[6] layouts/error: Unable to locate layout entity: _metric

android[6] layouts/error: Unable to locate layout entity: _icon

android[5] layouts/warning: SetAnimation: Animation _idle not found in node /[NoID]

android[5] layouts/warning: SetAnimation: Animation _idle not found in node /[NoID]

android[5] layouts/warning: SetAnimation: Animation _idle not found in node /[NoID]

android[5] layouts/warning: SetAnimation: Animation _idle not found in node /[NoID]

android[5] layouts/warning: SetAnimation: Animation _idle not found in node /[NoID]

android[5] layouts/warning: SetAnimation: Animation _idle not found in node /[NoID]

android[6] layouts/error: Unable to locate layout entity: _message

android[6] layouts/error: Unable to locate layout entity: _name_header

android[5] layouts/warning: SetAnimation: Animation result_message not found in node /_speedwall

android[6] layouts/error: Unable to locate layout entity: _icon

android[2] trace: LayoutScreen::LayoutScreen OptionsSettingsScreen != 0

android[2] trace: RaceResult::Success: WELCOME_HEADING

android[4] info: -- Most Wanted List Updated --

android[4] info: 1. MSTWNTD(45000 PTS)

android[4] info: 2. FANGD(42750 PTS)

android[4] info: 3. GDZLLR(40500 PTS)

android[4] info: 4. HONEY(38250 PTS)

android[4] info: 5. KRIEG(36000 PTS)

android[4] info: 6. GU1LTY(33750 PTS)

android[4] info: 7. SPIDER(31500 PTS)

android[4] info: 8. GTMC(29249 PTS)

android[4] info: 9. SNWBLND(27000 PTS)

android[4] info: 10. JAPAN4(24750 PTS)

android[4] info: 11. You(12500 PTS)

android[2] trace: MusicManager::SetPlaylist(): playlist=PostRace fade=true

android[6] Sound/SoundManager/error: FMOD result of SoundManager::createSound: An error occured that wasn't supposed to.  Contact support. 

android[5] Sound/SoundManager/warn: SoundManager::createSound - 'ui/ui/event_award': failure.

android[2] trace: UI play sound: ui/ui/event_award

android[2] trace: ShowMogaHighlight start

android[2] trace: ShowMogaHighlight 1

android[2] trace: ShowMogaHighlight end

G4-JNI GetEnv version=0x00010002
G4-JNI GetEnv version=0x00010002
G4-JNI GetEnv version=0x00010002
G4-JNI GetEnv version=0x00010002
android[5] layouts/warning: SetAnimation: Animation _idle not found in node /[NoID]

G6-RAW buttons=0x00000002
android[2] trace: MoGaConTrOlLeR :: ....................(KK) MogaController :: Inside nativeOnKeyEvent 

android[2] trace: ....................(KK) MogaController :: Inside nativeOnKeyEvent 96

android[2] trace: MoGaConTrOlLeR :: ....................(KK) Key Event Key A AAAA .....................

android[2] trace: MoGaConTrOlLeR :: ....................(KK) Key Event Key Down .....................

android[2] trace: MoGaConTrOlLeR :: ....................(KK) Listener Key Press .....................

android[2] trace: MoGaConTrOlLeR :: ....................(KK) AndroidKeyCode :: MogaKeyCode (Start of func) .....................

android[2] trace: MoGaConTrOlLeR :: ....................(KK) AndroidKeyCode :: MogaKeyCode Key Press A .....................

android[2] trace: MoGaConTrOlLeR :: (KK) MogaController :: Inside nativeOnKeyEvent ....................

G6-MOGA key frame=16166 code=96 state=down
android[6] serialization/error: Cannot remove non-existent field PendingUpgrades

android[6] Sound/SoundManager/error: FMOD result of SoundManager::createSound: An error occured that wasn't supposed to.  Contact support. 

android[5] Sound/SoundManager/warn: SoundManager::createSound - 'ui/ui/btn_accept': failure.

android[2] trace: UI play sound: ui/ui/btn_accept

G6-RAW buttons=0x00000000
android[2] trace: MoGaConTrOlLeR :: ....................(KK) MogaController :: Inside nativeOnKeyEvent 

android[2] trace: ....................(KK) MogaController :: Inside nativeOnKeyEvent 96

android[2] trace: MoGaConTrOlLeR :: ....................(KK) Key Event Key A AAAA .....................

android[2] trace: MoGaConTrOlLeR :: ....................(KK) Key Event Key up .....................

android[2] trace: MoGaConTrOlLeR :: ....................(KK) Listener Key Release .....................

android[2] trace: MoGaConTrOlLeR :: ....................(KK) AndroidKeyCode :: MogaKeyCode (Start of func) .....................

android[2] trace: MoGaConTrOlLeR :: ....................(KK) AndroidKeyCode :: MogaKeyCode Key Press A .....................

android[2] trace: MoGaConTrOlLeR :: (KK) MogaController :: Inside nativeOnKeyEvent ....................

G6-MOGA key frame=16168 code=96 state=up
android[6] Sound/SoundManager/error: FMOD result of SoundManager::createSound: An error occured that wasn't supposed to.  Contact support. 

android[5] Sound/SoundManager/warn: SoundManager::createSound - 'ui/ui/swipe_info': failure.

android[2] trace: UI play sound: ui/ui/swipe_info

android[5] layouts/warning: LayoutEntity not in cache, reloading: generic_okay_popup

android[5] layouts/warning: LayoutEntity not in cache, reloading: btn_options_large_idle

android[5] layouts/warning: LayoutEntity not in cache, reloading: frame

android[5] layouts/warning: LayoutEntity not in cache, reloading: btn_options_small5

android[5] layouts/warning: LayoutEntity not in cache, reloading: btn_options_large_active

android[5] layouts/warning: LayoutEntity not in cache, reloading: btn_options_large_idle

android[2] trace: LayoutScreen::LayoutScreen OptionsSettingsScreen != 0

android[6] Sound/SoundManager/error: FMOD result of SoundManager::createSound: An error occured that wasn't supposed to.  Contact support. 

android[5] Sound/SoundManager/warn: SoundManager::createSound - 'ui/ui/event_popup': failure.

android[2] trace: UI play sound: ui/ui/event_popup

android[2] trace: ShowMogaHighlight start

android[2] trace: ShowMogaHighlight 1

android[2] trace: ShowMogaHighlight end

G4-JNI GetEnv version=0x00010002
G4-JNI GetEnv version=0x00010002
G4-JNI GetEnv version=0x00010002
G4-JNI GetEnv version=0x00010002
G4-JNI GetEnv version=0x00010002
G4-JNI GetEnv version=0x00010002
G4-JNI GetEnv version=0x00010002
G4-JNI GetEnv version=0x00010002
G4-JNI GetEnv version=0x00010002
G4-JNI GetEnv version=0x00010002
G4-JNI GetEnv version=0x00010002
G4-JNI GetEnv version=0x00010002
G4-JNI GetEnv version=0x00010002
G4-JNI GetEnv version=0x00010002
G4-JNI GetEnv version=0x00010002
G4-JNI GetEnv version=0x00010002
G4-JNI GetEnv version=0x00010002
G4-JNI GetEnv version=0x00010002
G4-JNI GetEnv version=0x00010002
G7-FRAME enter=16200
G5-GL STATE frame=16200 framebuffer=0 status=0x8cd5 errors=0
G7-FRAME leave=16200
G6-RAW buttons=0x00000002
android[2] trace: MoGaConTrOlLeR :: ....................(KK) MogaController :: Inside nativeOnKeyEvent 

android[2] trace: ....................(KK) MogaController :: Inside nativeOnKeyEvent 96

android[2] trace: MoGaConTrOlLeR :: ....................(KK) Key Event Key A AAAA .....................

android[2] trace: MoGaConTrOlLeR :: ....................(KK) Key Event Key Down .....................

android[2] trace: MoGaConTrOlLeR :: ....................(KK) Listener Key Press .....................

android[2] trace: MoGaConTrOlLeR :: ....................(KK) AndroidKeyCode :: MogaKeyCode (Start of func) .....................

android[2] trace: MoGaConTrOlLeR :: ....................(KK) AndroidKeyCode :: MogaKeyCode Key Press A .....................

android[2] trace: MoGaConTrOlLeR :: (KK) MogaController :: Inside nativeOnKeyEvent ....................

G6-MOGA key frame=16327 code=96 state=down
android[6] Sound/SoundManager/error: FMOD result of SoundManager::createSound: An error occured that wasn't supposed to.  Contact support. 

android[5] Sound/SoundManager/warn: SoundManager::createSound - 'ui/ui/btn_generic_accept': failure.

android[2] trace: UI play sound: ui/ui/btn_generic_accept

G6-RAW buttons=0x00000000
android[2] trace: MoGaConTrOlLeR :: ....................(KK) MogaController :: Inside nativeOnKeyEvent 

android[2] trace: ....................(KK) MogaController :: Inside nativeOnKeyEvent 96

android[2] trace: MoGaConTrOlLeR :: ....................(KK) Key Event Key A AAAA .....................

android[2] trace: MoGaConTrOlLeR :: ....................(KK) Key Event Key up .....................

android[2] trace: MoGaConTrOlLeR :: ....................(KK) Listener Key Release .....................

android[2] trace: MoGaConTrOlLeR :: ....................(KK) AndroidKeyCode :: MogaKeyCode (Start of func) .....................

android[2] trace: MoGaConTrOlLeR :: ....................(KK) AndroidKeyCode :: MogaKeyCode Key Press A .....................

android[2] trace: MoGaConTrOlLeR :: (KK) MogaController :: Inside nativeOnKeyEvent ....................

G6-MOGA key frame=16329 code=96 state=up
android[5] layouts/warning: LayoutEntity not in cache, reloading: loading

android[5] layouts/warning: LayoutEntity not in cache, reloading: rollout_vingette

android[5] layouts/warning: LayoutEntity not in cache, reloading: masked_line_most_wanted_goals

android[5] layouts/warning: LayoutEntity not in cache, reloading: spinner

android[5] layouts/warning: LayoutEntity not in cache, reloading: medal_targets_event_details

android[5] layouts/warning: LayoutEntity not in cache, reloading: lower_white_bar

android[5] layouts/warning: TexturePack image not found for layout Sprite: bars_dividers/result_gradient_backing.tif

android[5] layouts/warning: TexturePack image not found for layout Sprite: bars_dividers/result_gradient_backing_fill.tif

android[5] layouts/warning: TexturePack image not found for layout Sprite: backgrounds/loading_iphone.tif

android[2] trace: LayoutScreen::LayoutScreen OptionsSettingsScreen != 0

android[5] warn: Lock: Is being locked. Lock count: 1

android[2] trace: MusicManager::SetPlaylist(): playlist=Loading fade=true

android[2] trace: MusicManager::PlayNextTrack() try, fade=true, soundManager.IsInitialized()=true, soundManager.IsUserMusicPlaying()=true

android[2] trace: MusicManager::PlayNextTrack(): break, fade=true, soundManager.IsInitialized()=true, soundManager.IsUserMusicPlaying()=true

android[4] ResourceManager: Add texture: /published/texturepacks_ui/loading_race.sba_0

android[5] layouts/warning: SetAnimation: Animation NULL not found in node /[NoID]

android[2] trace: ShowMogaHighlight start

android[2] trace: ShowMogaHighlight 1

android[2] trace: ShowMogaHighlight end

android[4] ResourceManager: Remove texture: /published/texturepacks_ui/in_game.sba_0

G4-JNI GetEnv version=0x00010002
android[2] trace: NFSSoundSubSystem::UnloadCopChatterSounds() - memory released = 0 MB

android[2] trace: RaceLayer removed

android[4] ResourceManager: Remove texture: /published/texturepacks_flares/coronas.sba_0

android[4] ResourceManager: Remove asset: /published/textures/environments/chicago/texture_hemispheremap2_vinyl.sba

android[4] ResourceManager: Remove asset: /published/textures/cars/traffic_ford_crown_victoria_taxi/texture_traffic_ford_crown_victoria_taxi_reflection_gl
android[4] ResourceManager: oss.sba

android[4] ResourceManager: Remove asset: /published/textures/cars/traffic_ford_crown_victoria_taxi/texture_traffic_ford_crown_victoria_taxi_diffuse.sba

android[4] ResourceManager: Add texture: /published/texturepacks_flares/coronas.sba_0

android[4] ResourceManager: Remove asset: /published/textures/cars/traffic_cadillac_cts_v_2003/texture_traffic_cadillac_cts_v_2003_diffuse_reflection_glos
android[4] ResourceManager: s.sba

android[4] ResourceManager: Remove asset: /published/textures/cars/traffic_cadillac_cts_v_2003/texture_traffic_cadillac_cts_v_2003_diffuse_00.sba

android[5] warn: Non-power-of-two texture.  Wrapping set to clamp

android[4] ResourceManager: Remove asset: /published/textures/cars/traffic_audi_a3_2009/texture_traffic_audi_a3_2009_reflection_gloss.sba

android[4] ResourceManager: Remove asset: /published/textures/cars/traffic_audi_a3_2009/texture_traffic_audi_a3_2009_diffuse.sba

android[4] ResourceManager: Remove asset: /published/textures/cars/traffic_dodge_ram1500_2010/texture_traffic_dodge_ram1500_2010_diffuse_reflection_gloss.
android[4] ResourceManager: sba

android[4] ResourceManager: Remove asset: /published/textures/cars/traffic_dodge_ram1500_2010/texture_traffic_dodge_ram1500_2010_diffuse_00.sba

G-CRASH signal=11 address=0x00000008 pc=0xf5a81eb4 lr=0xf5884fe8 sp=0xffaa2168
exit_code=139
/opt/system/Tools/PortMaster/funcs.txt: line 136:  2604 Killed                  $ESUDO pkill -9 -f gptokeyb
/opt/system/Tools/PortMaster/funcs.txt: line 136:  2611 Killed                  $ESUDO pkill -9 -f gptokeyb2
